<?xml version="1.0"?>
<facsim>
  <gadgetsTeacherImpala muddedFamingImplex="65" tylerApproofMorphia="uterine" malleesDebtedJointer="dolls" ironice="relicsTrogs">
    <unaus hazara="77309894" puthery="basinsMunityRituals">
      <gibs>stance</gibs>
      <sercom>
        <patholBisextBourns>frocksUnrare</patholBisextBourns>
      </sercom>
      <seamingLour>
        <peltImpf>buzzed218</peltImpf>
      </seamingLour>
      <blindsEpigeicJejune extolsBedamnsIrony="chlorylBasenet">
        <gumboPimaric>nayaritSunlit29</gumboPimaric>
      </blindsEpigeicJejune>
      <pinnulaJambeauSain>
        <sikatchNubianPolewig>ganosesEnskied</sikatchNubianPolewig>
      </pinnulaJambeauSain>
    </unaus>
    <episodeAdelges bima="9873" gleedsDicecupKarroos="sunni" stad="altoSaunt">
      <semeseArroyo>carnoseTwirled</semeseArroyo>
      <tanoaFattiesWiggery>
        <ringeyeDeplaceWosith>774</ringeyeDeplaceWosith>
      </tanoaFattiesWiggery>
      <certoseInvt wehnerPiggins="crankyRhizome">
        <hisn>unblockSlumpMamluk</hisn>
      </certoseInvt>
      <odlingTheir>
        <bobtailDiamineJudaism>cyclarTetract2</bobtailDiamineJudaism>
      </odlingTheir>
    </episodeAdelges>
    <breachy denude="gospodaReawokeLeucins">
      <unhigh>drayageAgudistGulps</unhigh>
      <skys guemalDelateMisfond="obelize62">
        <fogusAlabama>outflew</fogusAlabama>
      </skys>
      <hans pilea="bertGraianRedient">
        <cubagesWoody>overfedGladfulJarool</cubagesWoody>
      </hans>
      <formerTasse tubageDolven="bote" whynessNullah="cretify">
        <hetericAcumble>lucrineBattyDumbs</hetericAcumble>
      </formerTasse>
      <rutuliQuonsetIocs mukadePhora="thickyUnglueEnables">
        <eagersGrifterToiling>solanin</eagersGrifterToiling>
      </rutuliQuonsetIocs>
    </breachy>
    <gashly athymicRosellaUpbeats="71442958" epilobePimbina="65" hic="ciseMoquiSquill2331">
      <nocakeAmvis>indew</nocakeAmvis>
      <mangueFortran froughyAmnesic="giterneSadhika" vitaeAirthed="115">
        <discousOverwetUndraws>kumissRoomierTolite778</discousOverwetUndraws>
      </mangueFortran>
      <adsmithKerbsJism>
        <bahtsHoedDeviser>retches</bahtsHoedDeviser>
      </adsmithKerbsJism>
      <freeman>
        <ozonideTrock>78</ozonideTrock>
      </freeman>
      <gdinfo parrotyEsne="540">
        <tumbledSidleSacra>hinny</tumbledSidleSacra>
      </gdinfo>
      <aldeholStownetTyphus>
        <tanling>gilesTilture</tanling>
      </aldeholStownetTyphus>
      <hiphaltSkepfulDogwood jobo="pigwashObes">
        <gudeSextry>gamer</gudeSextry>
      </hiphaltSkepfulDogwood>
      <loners boggedPileoli="8005" prewrapBides="queechyCreams">
        <mercianBaisakh>clawedSweepsInduce</mercianBaisakh>
      </loners>
    </gashly>
    <rotse>
      <syeForked>marantaReenjoy</syeForked>
      <rapeyeHalberdRarify manropeNeum="toreroMethylOverfew" kylikec="ruffs">
        <coudee>7160</coudee>
      </rapeyeHalberdRarify>
      <ranulas>
        <tiremanBotulin>286</tiremanBotulin>
      </ranulas>
    </rotse>
    <mimus>
      <myc>406517566</myc>
    </mimus>
    <epacrisMutuumVisas>
      <mitoses>server38</mitoses>
    </epacrisMutuumVisas>
    <deprint>
      <readeptLactol>talcs</readeptLactol>
    </deprint>
    <arabizeEntiresChave sagittaMocker="molkaBilderLurked" witterHoddenAefald="agnusWefWoohoo" redone="artemas593">
      <chappedGraupelSkanda>vineae</chappedGraupelSkanda>
    </arabizeEntiresChave>
    <fuelledPoutyLeeched>
      <maidly>bhavanCarnetRefect</maidly>
      <accourtUncrazy coutherMace="signoreExcern" whipper="biology141">
        <losangGerah>redoutsTrowthsChevet</losangGerah>
      </accourtUncrazy>
      <dulceSubgens>
        <catcallPluggedBeflap>comonte</catcallPluggedBeflap>
      </dulceSubgens>
      <iraniFathomSkidway>
        <seller>animalAwnsGlooms</seller>
      </iraniFathomSkidway>
      <gnarled mazurkaRoyetHavers="2071" kickedLuceres="hambleBemoanLeches">
        <idesKashube>hontish</idesKashube>
      </gnarled>
      <gleydeDoozyPacs>
        <euonymy>stingerBostonsInwrit</euonymy>
      </gleydeDoozyPacs>
      <arnoldPoybirdDamone>
        <duncery>meldropWhewlWelts5</duncery>
      </arnoldPoybirdDamone>
    </fuelledPoutyLeeched>
    <teethyWraith>
      <doubterLacesThreat>5</doubterLacesThreat>
    </teethyWraith>
  </gadgetsTeacherImpala>
  <parfumUnai pettierRamnesSibling="tangerEjooDraymen">
    <partakeTollmenBoobies routs="sipping9304">
      <megohmSofarRely>gaufreBeaume</megohmSofarRely>
    </partakeTollmenBoobies>
  </parfumUnai>
  <emblemPompier mimetic="laharIodal" />
  <modi wheen="251149930" zinganiAgujon="45172118" />
  <ashcanBluelegViewing ektenesSturteTights="odeonFallen" untelic="funicleEssex" />
</facsim>