<?xml version="1.0"?>
<flatwayOtello>
  <triobolGult demivol="deglutFalunDosses" protype="baiterSenileScharf" />
  <lemansBhagat ukasesTripodyCrare="decalogDongDour9802" />
  <itemedTiki solar="gypsumSwalingStraw8679" meazleGimmor="olycookBroadlyCiboney" reslate="miridRegleCytitis9" gunniesCompar="398" />
  <krises />
  <zaptiehFagotedGlade misuserNoons="croupsJareed" macco="darklesClottyFatling" gurkJocuma="bondmen" />
  <resoled unwiseCaffeinSoprani="lexicSorbolAnelace" melasmaChumpa="conant" zebuAlgic="hawkers">
    <deprome>
      <choreasHapteneCojoin>roansMawks6096</choreasHapteneCojoin>
      <volutin>
        <magic>619032277</magic>
      </volutin>
      <pilikiaDreck orangeFamulliGeegaw="bidpaiBarmenEtherin">
        <bozalKelsonsCheveys>kodakedQueghGumlike</bozalKelsonsCheveys>
      </pilikiaDreck>
      <isogamyJerkilyMikey furzedGuapena="hattic">
        <cameoedEnsand>adiate</cameoedEnsand>
      </isogamyJerkilyMikey>
      <nimietyTotersWega vavasor="moierAmreeta">
        <justs>mewerWitchesBoucle</justs>
      </nimietyTotersWega>
    </deprome>
    <lascarsCotonam>
      <vitasti>goutRhyming</vitasti>
    </lascarsCotonam>
    <jerridsOgress>
      <petitesAshamed>poseyAntlid5</petitesAshamed>
      <wanklyJiltTheek>
        <rockedCitric>heedersBrahman</rockedCitric>
      </wanklyJiltTheek>
      <iridine lovee="35" shannyPennageMites="centryZingano">
        <swalloDepe>cantripLunulaGriot538</swalloDepe>
      </iridine>
      <riskersAirable>
        <seasonsThrough>266186570</seasonsThrough>
      </riskersAirable>
      <ominousHugelia>
        <sufferTritoloWaygate>isatis</sufferTritoloWaygate>
      </ominousHugelia>
      <cyp vassarKotower="bistrosQuanticRampick" decoyer="ticalRightedDomical">
        <loquatsLoofaSpeary>freezedPoon</loquatsLoofaSpeary>
      </cyp>
    </jerridsOgress>
    <aguroth>
      <skyline>acetinsOutlain</skyline>
      <bantu tokelauCubInsides="crowerLamsChiloma" shelverSickingBionic="2">
        <jincan>arilled878</jincan>
      </bantu>
      <finicalPhilip>
        <thronoi>asteep</thronoi>
      </finicalPhilip>
      <alleleSlag merch="73233287" flinger="prosifyHuller">
        <izzy>7</izzy>
      </alleleSlag>
      <macusiSaughsCartful>
        <dightDestoolOnding>17346244</dightDestoolOnding>
      </macusiSaughsCartful>
      <cofane rifleryMyotonyNosean="crile" debsRevise="trembleForeleg39">
        <bylawBustoChainer>joskin</bylawBustoChainer>
      </cofane>
    </aguroth>
    <lupulinPiceRoles>
      <grievesUnsexedTarata>demainCyclosePetti</grievesUnsexedTarata>
      <princePoromaIjma miscueTilakaInnerve="plumsQuasher">
        <xenopusPensilDefamer>verminyPubbleTabu</xenopusPensilDefamer>
      </princePoromaIjma>
      <sailedEaseStaph doteBocciaAlarms="upwallGrangesBajochi">
        <oka>myosesEntrecFootlog</oka>
      </sailedEaseStaph>
      <shoeing canfuls="dreadly1076" sopherFelinesDelaw="beamer">
        <vayu>otyak</vayu>
      </shoeing>
      <studder vitals="hemmingDuumvir">
        <demurs>77115423</demurs>
      </studder>
      <lettern>
        <faultsRuiner>incutWringed3</faultsRuiner>
      </lettern>
      <riffi bornyl="holiAcephalGodet" lapsana="fels">
        <rediae>95741826</rediae>
      </riffi>
    </lupulinPiceRoles>
    <unlikeDustilyMissung>
      <galAplite>lansa</galAplite>
      <flocsEtymic>
        <stell>oakboyPewfulTheo</stell>
      </flocsEtymic>
      <edithThready rinaldoDrails="grammesEuropeBiaxial">
        <venireMileEuryte>didies</venireMileEuryte>
      </edithThready>
    </unlikeDustilyMissung>
    <acidize washragCucule="hoedown">
      <multiAlameda>475897</multiAlameda>
    </acidize>
    <quatuor>
      <ako>halfwitTaborsAgos</ako>
    </quatuor>
    <canis>
      <whesten>114878253</whesten>
    </canis>
    <jaalinUnionedUndust>
      <inbredPanicleElboic>matraSnozzleCoticed484</inbredPanicleElboic>
      <heckleNickel fairChair="leucoidMistersFlaglet8">
        <hayersClear>ganganTactiveHebamic</hayersClear>
      </heckleNickel>
      <mgt uricSubnote="lanesEthide" lester="14565">
        <akhund>olearyHealingAzotine</akhund>
      </mgt>
      <smoothsGolfedKenyte>
        <sorex>28</sorex>
      </smoothsGolfedKenyte>
      <totingDyewood>
        <hagweedDamiaShouted>cutbackWaybungReclame49</hagweedDamiaShouted>
      </totingDyewood>
      <rollmanStichSported mongCrottleSaltily="4" minimalAnepiaDimeter="drowte">
        <sapoAbyssesClog>558886</sapoAbyssesClog>
      </rollmanStichSported>
      <pupDowerTosy lieve="8514">
        <rebsAcknow>50</rebsAcknow>
      </pupDowerTosy>
    </jaalinUnionedUndust>
    <botonee>
      <samielNaggyCymbid>emboite</samielNaggyCymbid>
      <saucedTalking shou="ammonea" sexlikeKansas="halenia">
        <theelinZygonLunging>mikaniaDavits</theelinZygonLunging>
      </saucedTalking>
    </botonee>
    <pomatumFettlerCobalts>
      <tajikMimesisOrthis>tesvinoSherDuplet</tajikMimesisOrthis>
      <tammock linden="shiesRinaldo" shipsPeevishEuphone="mutablyPilfre">
        <goadsDogship>graversSures</goadsDogship>
      </tammock>
      <entrustBarbar hyphaeSynodicOomphs="sonnetsQuantal45">
        <abbotsPairt>6714</abbotsPairt>
      </entrustBarbar>
      <huldee>
        <netchaBakal>privitySubduct</netchaBakal>
      </huldee>
      <jebel ethinylJoshuaLina="salacot">
        <flattopGibsons>liepotAquavitCiboule</flattopGibsons>
      </jebel>
      <sericon stipend="captain" gallous="asleepAtonesTwinged">
        <jokulFeridgi>89037</jokulFeridgi>
      </sericon>
    </pomatumFettlerCobalts>
  </resoled>
  <ridgedTartestAdiate bordel="spiredLiegely">
    <cammed>
      <fertile>4542</fertile>
    </cammed>
    <chiv yoldia="epizoaReckla6204" titrantRetral="moorpanFilacerSyrma" zygoma="croaker">
      <qurshPoemDurbars>2905397</qurshPoemDurbars>
    </chiv>
  </ridgedTartestAdiate>
</flatwayOtello>