<?xml version="1.0"?>
<dragonMaggot>
  <darkledWhirred />
  <dimersWispish dumbs="knappeSandanGorman" babesSlippy="4848677" yuncan="bigasBahnung" idylCapon="moskerNazim">
    <chedersLindsey kudrunSolanos="vougeot">
      <rebid>yuckle</rebid>
    </chedersLindsey>
    <xebec candourFlubdub="sotterCanion" exhumedBoyship="81308" cardinTineoidByepath="9326594">
      <epigon>tritaphIghly</epigon>
      <mestinoSizable rhusesPratalVingolf="hachis1">
        <abadiaSancyUlnae>ubi</abadiaSancyUlnae>
      </mestinoSizable>
      <refoundDacitic>
        <amice>87</amice>
      </refoundDacitic>
      <chapelAtloidSetbolt crinoid="pyrazin" dakoits="hackneyBarf">
        <taver>brankieEmanant</taver>
      </chapelAtloidSetbolt>
      <lisles pechedPuffToolers="aclysAgnoeteWilled">
        <feuds>matReechy54</feuds>
      </lisles>
      <nichtSeginus masuGaittDereism="neronicCables" safflor="khotKvah170">
        <oilletAvowedBuffer>offenseShrewly</oilletAvowedBuffer>
      </nichtSeginus>
      <etchantBeleft unrough="juverna9" droukitKadeinRegius="noologyCubelet92">
        <harmedFashedNahane>refindsNephew</harmedFashedNahane>
      </etchantBeleft>
      <queechySopheneJasy>
        <ecotonePunkies>filled</ecotonePunkies>
      </queechySopheneJasy>
      <clonesVeruta olioChiruLaurel="charles" demigodCapcase="doggeryKariti">
        <ashotAmenMogador>rangerAntherClanned</ashotAmenMogador>
      </clonesVeruta>
      <juncoes goonyFokkerGleaner="nazeAdyton" lustier="clerumMorelle1">
        <uniatTanger>65</uniatTanger>
      </juncoes>
    </xebec>
    <yed>
      <lev>flambYond</lev>
      <wemmy dustbox="reladeUnsadWhup2144">
        <impisProteidBuat>ckwRobinFaking</impisProteidBuat>
      </wemmy>
      <ordeneBaltisSpecus outaddsAlcmeneCoating="astrierNaysay274" octoseRive="moyen5969">
        <petateCompert>querreLepromaAlit</petateCompert>
      </ordeneBaltisSpecus>
    </yed>
    <serrageTongCapuli>
      <yadeChirre>539393</yadeChirre>
    </serrageTongCapuli>
    <steniaRoosed>
      <beneath>cairn72</beneath>
    </steniaRoosed>
    <cautionTofuDons remarchHookier="radious" woful="slightAmasThoued">
      <embolum>mayhemsDepelAdipous</embolum>
      <ochavaLoring kabukis="urinalSkiech">
        <growze>biffy</growze>
      </ochavaLoring>
      <crudy muddyVansire="replumSkreegh">
        <exion>towagesGhaziesBobcat53</exion>
      </crudy>
      <dismit>
        <becloutKermessSubgoal>kelderPotmanTaisch</becloutKermessSubgoal>
      </dismit>
      <filosusCulls fenster="buteinTercel">
        <rackedAnonymUnhot>pingersLingua</rackedAnonymUnhot>
      </filosusCulls>
      <abduceVoidlyCunning blushet="bestarLionetVascon">
        <gabonBolding>padtreeTougher</gabonBolding>
      </abduceVoidlyCunning>
      <agrinDucaton>
        <fairingTrieneTzontle>addledMor</fairingTrieneTzontle>
      </agrinDucaton>
      <noetianGloatsZulus mocoProteaMaggot="aidman" antdom="manace">
        <odibleGrowls>spinkRiddersTwitchy3</odibleGrowls>
      </noetianGloatsZulus>
      <rebegetPochade>
        <begrimsBicronsAspredo>inogliaChaconaChinsed</begrimsBicronsAspredo>
      </rebegetPochade>
    </cautionTofuDons>
    <coxiest>
      <lamia>forecarJudge</lamia>
    </coxiest>
    <hemiola>
      <cocher>fidging</cocher>
      <omenYester mastics="papawsLaveroc4">
        <mankGrabBateaux>brownlyLegoa</mankGrabBateaux>
      </omenYester>
      <neigherSuriqueArawak compOrbityTanga="mallear">
        <sane>earlapVoluperKosos</sane>
      </neigherSuriqueArawak>
      <whizzesNutseedStope>
        <goggaUpstareJuang>grummer</goggaUpstareJuang>
      </whizzesNutseedStope>
      <pedataToxicum>
        <quintanInfluePrearms>pondoPinfall</quintanInfluePrearms>
      </pedataToxicum>
      <pownie>
        <orochon>sapiao</orochon>
      </pownie>
      <emptyGurk iriticFundalDecem="towlinePingueGunjah">
        <midtermHiramMidmorn>822</midtermHiramMidmorn>
      </emptyGurk>
      <amuletsDandierPretium taffiaWorld="trippet" gowkedTapist="vellumBurton">
        <stewbumFascial>torchedMooterUnethic</stewbumFascial>
      </amuletsDandierPretium>
    </hemiola>
    <toolersStrobesJillion boilsWonnersTuyer="upwhirlSuedingUseable2">
      <emergeBridals>bedaubQuips</emergeBridals>
    </toolersStrobesJillion>
    <min>
      <inness>penest</inness>
      <cursing>
        <clipseLungee>429805556</clipseLungee>
      </cursing>
    </min>
    <terreenPopeyes>
      <fadgingRoqueKlosse>motacil</fadgingRoqueKlosse>
      <becryMaclibUnwitch>
        <chancheLeetlePyrenin>kinkilyZymosis</chancheLeetlePyrenin>
      </becryMaclibUnwitch>
      <piffPeridiaChalky botchedGodsonNovus="26" tartanaUnthink="26996">
        <jackingLimners>kleenexAbrege</jackingLimners>
      </piffPeridiaChalky>
      <hoarserGirrit chloroScutter="cockupJangleArmorer2" ivywoodPythiad="hogChettikTsuris">
        <settleDebut>prattle</settleDebut>
      </hoarserGirrit>
      <maoriYttric buzzierMeladaTreaded="theca" dognapsIran="64499">
        <pumpetToughraTzitzis>153690</pumpetToughraTzitzis>
      </maoriYttric>
    </terreenPopeyes>
    <akuZaffars>
      <sarusExcern>crierCrabsHaymow72</sarusExcern>
      <freshly unimpedVisierDigne="similes" suedingDeport="rendLases">
        <pleated>equatedIst3</pleated>
      </freshly>
      <goes>
        <outrant>listed736</outrant>
      </goes>
      <baithSolutioBhar losingsUrubuActuary="kuveraBaredProst" isonym="codlinHogling">
        <bummer>hapticFrutify</bummer>
      </baithSolutioBhar>
      <pithEmissi>
        <bedlamAnthos>risiblePoisersOrphean523</bedlamAnthos>
      </pithEmissi>
      <tartaryDecalin waughy="swaggie">
        <barundi>pirangaFuralChubbed</barundi>
      </tartaryDecalin>
      <khojahTebet ioniEnsure="agraphaSeedbox">
        <cesiumsGulandSomeone>lideApoidea</cesiumsGulandSomeone>
      </khojahTebet>
      <infosGambet>
        <gavotOverbuy>rickey65</gavotOverbuy>
      </infosGambet>
      <berceauThouBani>
        <unthankPurityFitch>saba</unthankPurityFitch>
      </berceauThouBani>
    </akuZaffars>
    <swither cushatBroke="kissarLavish">
      <cohosts>prateElemi</cohosts>
      <tritaph>
        <swadAtomics>barbs471</swadAtomics>
      </tritaph>
      <fuchsiaMeeksMamoty antherMannish="billiesGrippeStrict">
        <oinksDamply>bewithDyesterPlenary</oinksDamply>
      </fuchsiaMeeksMamoty>
    </swither>
  </dimersWispish>
  <saumShroffKetmie bagass="10048" dioptryCrummie="rodlet" candid="arew">
    <miauwDeductHardpan>
      <amtmen>swatsRunch93</amtmen>
    </miauwDeductHardpan>
    <adrueDennedPomade>
      <ugt>parking</ugt>
      <cheesed messageThreap="decartUnbrave" trepid="27">
        <curtailWelshryTrionyx>boxYeasted</curtailWelshryTrionyx>
      </cheesed>
      <oftest bryonin="wonkPhyticHegumen">
        <vipCypseliPurses>umest</vipCypseliPurses>
      </oftest>
    </adrueDennedPomade>
  </saumShroffKetmie>
  <hauntyOnline farBloomsDcollet="1847328" buttingTunuInfixes="jemmies" />
  <asarta manorNeepourWapacut="4463000" tale="tregerg" spleetPadasha="37985870" />
  <sunweed>
    <footwayBradsotVerdict>
      <shopfulSwattedAstheny>cochalLoyaltyImpress1855</shopfulSwattedAstheny>
    </footwayBradsotVerdict>
    <rpsDuettedRomping waitingRivaFarde="8421231" woozierAlgalia="threshPannusLoomer">
      <vicky>mapleBarongBuskins</vicky>
      <epigramSalvors>
        <dinmontEpistleZionist>gayway31</dinmontEpistleZionist>
      </epigramSalvors>
      <sexpot fordedTendo="epochsRotches">
        <ziphianSmokishDsr>nyssaSinuousFlitch</ziphianSmokishDsr>
      </sexpot>
      <hamletRangle>
        <encoder>clerkHeedfulWrapped</encoder>
      </hamletRangle>
      <jewingHaplite finfootDomino="viajacaWkly" pricklyProtextMapo="benn">
        <chakdarDecianLlew>calvesAphisAwnings</chakdarDecianLlew>
      </jewingHaplite>
      <dak>
        <midline>clouted</midline>
      </dak>
      <zaxTevissGophers azafranMores="fpsScoleyTaal">
        <sulkerGermans>1</sulkerGermans>
      </zaxTevissGophers>
      <skeily>
        <roubouhSoogee>majoratNaioCadouk</roubouhSoogee>
      </skeily>
      <charpoyAmpoule>
        <hugelyWops>euvrou</hugelyWops>
      </charpoyAmpoule>
      <mazama romeiteBlightyUncross="casitasBelier">
        <refrig>jambool</refrig>
      </mazama>
    </rpsDuettedRomping>
    <omentumIntueMilvus keening="bembexMuddle">
      <reestSoppedSlutchy>botong5</reestSoppedSlutchy>
      <lobulesAethonHypes scuffsEpopees="3">
        <ingushDahoonHooley>adroopHitchyIterate7</ingushDahoonHooley>
      </lobulesAethonHypes>
      <sley forkersMioses="vanadicPiliSpiry" othakeKillasCerium="ormolu">
        <engraceBurringKazi>moiestIncaveExclave663</engraceBurringKazi>
      </sley>
      <trs>
        <dromedInfosBezels>pesades659</dromedInfosBezels>
      </trs>
    </omentumIntueMilvus>
    <twigged>
      <dubhe>trior</dubhe>
      <charleyGeoffRueful haffitsRhyniaOnions="simpai3" sornLatigosOutrow="fineryAlfredSlashed">
        <ironingBitesRollo>begged</ironingBitesRollo>
      </charleyGeoffRueful>
      <pare moralesColdsTeaser="livenerMyg2283" hump="jibesHowso">
        <cronishCablish>broguerLerpWugg</cronishCablish>
      </pare>
      <forcutGawney>
        <clammed>fretumPatsy6</clammed>
      </forcutGawney>
      <tagwerk redearsPropylArrage="142">
        <swottedTwoesIcones>5</swottedTwoesIcones>
      </tagwerk>
      <throngSiegurd skelBescabSperma="misgyeGunnarDollia" akees="burredOlived">
        <yowBonerCopeck>4214</yowBonerCopeck>
      </throngSiegurd>
      <hiney>
        <tswanaArrimbyUnfluid>resorb</tswanaArrimbyUnfluid>
      </hiney>
      <tresisCadua timaliaShitsStaker="bijasalClimaDang">
        <toitoiCormsShikken>stunterRondels</toitoiCormsShikken>
      </tresisCadua>
      <learierDandlesHerry charelyRibald="81">
        <remeetAgapeicCoze>offenceStroys</remeetAgapeicCoze>
      </learierDandlesHerry>
    </twigged>
    <monaseRosehipFoyaite defetClaught="39135608" madia="5272" aviansGradins="joannesAclinicAppose">
      <culticAmasta>soared</culticAmasta>
      <gatling deraterOralist="sleck">
        <reranHelps>unmined</reranHelps>
      </gatling>
      <gaggedHeater vimfulRudds="waddlerCanes" hexaddJulidNoex="immisSkirret">
        <bawkeRamblaPining>jawfishFilletPeeoy</bawkeRamblaPining>
      </gaggedHeater>
      <mincesUnstagyYakkers gerbilReiner="backbarFisheye">
        <sorite>upspire2</sorite>
      </mincesUnstagyYakkers>
      <aizoon>
        <noxallyRhyming>jiboyaPlaguesZouaves</noxallyRhyming>
      </aizoon>
    </monaseRosehipFoyaite>
    <mamboedEcuJaseys>
      <ebonize>9</ebonize>
      <classerUndomed bonsaiRerailKidhood="78862263">
        <goopRettingCouve>pesah</goopRettingCouve>
      </classerUndomed>
      <ricketyLarks>
        <kopjes>99299674</kopjes>
      </ricketyLarks>
      <dabbedCavityTiring>
        <dzeronAzure>wilcoBookit</dzeronAzure>
      </dabbedCavityTiring>
      <baieraCudweed>
        <boridBlond>13212119</boridBlond>
      </baieraCudweed>
      <reprove dunsterEdestin="infraHuffsNies" coxedDeepen="upsey5">
        <wasterRascal>rathe</wasterRascal>
      </reprove>
      <thermae nareshBoxful="181962" armureBeloukeEstrone="556097364">
        <spudsEeler>loneBodkenStooded</spudsEeler>
      </thermae>
    </mamboedEcuJaseys>
    <wouldntPhagesOkro>
      <wapitis>86633962</wapitis>
    </wouldntPhagesOkro>
  </sunweed>
  <babkaKosimo concedeReable="legator" submaidMamboTraclia="50" />
</dragonMaggot>