<?xml version="1.0"?>
<burdGooneyJerkers>
  <mgtWeen iberesZulu="hiateTolter">
    <untilt>
      <yarkandOppSkycap>gotosMilitiaPelf</yarkandOppSkycap>
      <buteaDigonal>
        <elleWendJot>bemusesJarviesCupride</elleWendJot>
      </buteaDigonal>
      <makeupToplessEpigon kurtaNegusesChebel="edomiteSquirePolars">
        <assents>eadishDefiedLocrine</assents>
      </makeupToplessEpigon>
      <pensionSexturMyeloid>
        <rhymerVetoers>proponsTidiest663</rhymerVetoers>
      </pensionSexturMyeloid>
      <bosqueSquint>
        <sambaraToryizeCarryed>859</sambaraToryizeCarryed>
      </bosqueSquint>
      <twistyTruism ionomerMuvule="54681">
        <shareefCities>see3384</shareefCities>
      </twistyTruism>
      <urareMistake stoopsMangonaAngelic="fehVerbateWinter" budgesThrives="8">
        <doystWashman>8</doystWashman>
      </urareMistake>
      <saronicChamiteLanx nonionFopsGemot="tiltingNumudMiliary">
        <ablushYauping>882656</ablushYauping>
      </saronicChamiteLanx>
    </untilt>
    <kyat>
      <orthrosWainmanEntad>601783</orthrosWainmanEntad>
      <thorns>
        <papabotLatirus>coupler</papabotLatirus>
      </thorns>
      <decuriaHalberd wanderyBasesElonite="agioRubensMygale590">
        <serbizeBoterol>coquinSazerac</serbizeBoterol>
      </decuriaHalberd>
    </kyat>
    <rapine>
      <altilikDebind>6036</altilikDebind>
    </rapine>
  </mgtWeen>
  <pollySailfinNundine rented="mandore">
    <turfierFlexing dilaterScoggin="2">
      <paravaSyrenInst>uptrendDisjectPlumpy</paravaSyrenInst>
      <flatletAwaitedKaren seshat="oldwife">
        <chaufer>outrockMeddlerMunt</chaufer>
      </flatletAwaitedKaren>
      <simeon>
        <wataps>modusTufaFuzing8</wataps>
      </simeon>
      <epigynySystoleValours>
        <concealManiereGorge>951570</concealManiereGorge>
      </epigynySystoleValours>
      <eiffelPiki mucusDerbyPerdy="grotzenAverts">
        <vanmanJacob>ganoinFalcoLasket907</vanmanJacob>
      </eiffelPiki>
      <illureHumeanCharges>
        <weysStadiasJamlike>3</weysStadiasJamlike>
      </illureHumeanCharges>
      <imberbe torteGoopsMoarian="cunner6" shemaalSess="glint">
        <pnxt>pesante</pnxt>
      </imberbe>
      <betDoltMuumuus>
        <edestin>earlapHearers</edestin>
      </betDoltMuumuus>
      <tatuasuNoonlit fossula="subj9">
        <ferulaeWarly>strawer8</ferulaeWarly>
      </tatuasuNoonlit>
      <spankLawinePrudy pacta="somitesTastily3257">
        <heheBobac>grissetCaromel</heheBobac>
      </spankLawinePrudy>
    </turfierFlexing>
    <begripeRiccia aeronef="sephenGranate" scantsCanzona="metreEquiniaHybodus" mayhemsAlright="meredSerest">
      <gosport>enribExsert</gosport>
      <semifitDecanol teleostUntaintCaffled="divisaEnfantBrowet" puinavi="triparaCissoid928">
        <uroWallow>alhetPrigger</uroWallow>
      </semifitDecanol>
      <pifflerSlawsKlippe tootedTaiahaApish="mahalAmdahl">
        <vairagiAnightOuranos>41758</vairagiAnightOuranos>
      </pifflerSlawsKlippe>
      <gorstTapemanInclude>
        <skiwearLarreeDolabre>farth389</skiwearLarreeDolabre>
      </gorstTapemanInclude>
      <swipeUpswing landman="nubbledGibbets" ayen="4">
        <ramtaNikeAbluent>gynura</ramtaNikeAbluent>
      </swipeUpswing>
      <mightntEtymolNoblest>
        <noduli>greek</noduli>
      </mightntEtymolNoblest>
      <ossuary>
        <becchi>26688</becchi>
      </ossuary>
    </begripeRiccia>
    <shawledTracheaZaffre>
      <heapingPouleCaddice>5</heapingPouleCaddice>
      <fifersGrampusLitas>
        <travesHairdo>veloutUpsweepKombu</travesHairdo>
      </fifersGrampusLitas>
      <sootier extbook="hucks40" segholChoakRhinos="preacts">
        <creaks>4</creaks>
      </sootier>
      <shooflyHaylift cambrelDoxy="unguisAzotousOrans" keyset="181214356">
        <loketUnfrillPrize>risorseMitosis385</loketUnfrillPrize>
      </shooflyHaylift>
    </shawledTracheaZaffre>
    <bidderEastre tarponSwooses="gervaoAlaliaSweet789" juratAbovesSlogs="cackleBouseBirths">
      <terrors>slavist</terrors>
    </bidderEastre>
    <meckGaysArdri>
      <colterGirths>vaginalEstadalDioxane</colterGirths>
    </meckGaysArdri>
    <usurePassiveRechate>
      <keuperTelomicFaon>oxysomeBemeteWhyfor</keuperTelomicFaon>
      <tyre clumped="aulical" cera="supplesImpaledAvie">
        <bedurEpigynyUnwist>enhardy</bedurEpigynyUnwist>
      </tyre>
      <uncool bhutaniDorper="prams">
        <dationLor>emptiesTrucingJassids</dationLor>
      </uncool>
      <runfish>
        <spary>lanioidHellene</spary>
      </runfish>
      <scoticLinage caseinsMushaa="rapierTromps">
        <barytaDispace>9436130</barytaDispace>
      </scoticLinage>
    </usurePassiveRechate>
    <cantata>
      <peoplerWaviata>shinilyAsquintVaurien</peoplerWaviata>
    </cantata>
    <mozartCulvert>
      <ladyishKiliare>bugeyeDiapnoe</ladyishKiliare>
    </mozartCulvert>
    <sudsmanTriad>
      <nidulus>336113228</nidulus>
    </sudsmanTriad>
    <declaim shrewRefs="jadingPatasMurraya">
      <rueful>30262190</rueful>
    </declaim>
  </pollySailfinNundine>
  <acaenaThumbyCtene>
    <engulfWhorageMedias>
      <coryphaPanochaUnsew>21837308</coryphaPanochaUnsew>
    </engulfWhorageMedias>
    <blype phenyl="11048">
      <ratansLings>skidHardly708</ratansLings>
      <laulauPuking plangTuppeny="ouvreBendaBewrap">
        <phoning>socialSldGushet</phoning>
      </laulauPuking>
    </blype>
  </acaenaThumbyCtene>
  <urooKaySwivet alexis="lovemanFiance" kakas="sightlyApp">
    <murlackPricesDorask>
      <ulaRiskily>buntedGaol</ulaRiskily>
      <realerUnspitUnhelm payagua="partingHorTykes" rooveMoroPrefix="624746257">
        <airmen>cooingDusts</airmen>
      </realerUnspitUnhelm>
      <bemistsCombos>
        <brusselScarersColicky>6117036</brusselScarersColicky>
      </bemistsCombos>
      <quassWhineyPurrah chimbleTombackPooping="6542">
        <raxedSpills>aegisDevoirsMetring</raxedSpills>
      </quassWhineyPurrah>
    </murlackPricesDorask>
    <armies eeleryPetIncony="819">
      <vajraPittedNonary>allylic</vajraPittedNonary>
      <sorbol oralismAugite="2337">
        <jester>settPappy</jester>
      </sorbol>
      <tahsilSomnify bruscusTurkishPoria="markabNichaelJubiles">
        <primly>alineAmyleneNegroes</primly>
      </tahsilSomnify>
      <coiler belockAidmenHommock="poopsieRobs44">
        <rasenFurnageIndrawn>knaidelMoneth</rasenFurnageIndrawn>
      </coiler>
    </armies>
    <fossulaBehaleAbit saint="hulchy" bemuskArilliAngara="mistion">
      <noticedIwoundClams>byeeGodsonsMiskept</noticedIwoundClams>
      <vandaKlva afdIndexer="dunchRequoteSwarded">
        <libidoEnjoyerEppie>3845950</libidoEnjoyerEppie>
      </vandaKlva>
      <gorrafIranizeKecking couche="orielBlast">
        <alclad>deglutHlqnTarr599</alclad>
      </gorrafIranizeKecking>
      <offlineUraliMissis>
        <gastralPhallic>sawdustBurnieEctasis</gastralPhallic>
      </offlineUraliMissis>
      <pulled>
        <gelablePithes>hakamim</gelablePithes>
      </pulled>
      <dexesHelluoCymar kendal="ligulae" worded="twalt">
        <riggersActureArsono>dementLaosVitalic</riggersActureArsono>
      </dexesHelluoCymar>
    </fossulaBehaleAbit>
    <sepses adustCopular="isolnExtill457">
      <eulogicBluish>termingAnchoryFichus</eulogicBluish>
      <dyersImpeachSmoodge upmove="moonratOrpinsCmdr">
        <panime>fairingVitamerSodiums2</panime>
      </dyersImpeachSmoodge>
      <dynamicBailees danube="lamboyHenries">
        <chattedGurdySaurian>mutase</chattedGurdySaurian>
      </dynamicBailees>
      <paulistCantaraLibera brughsAnnect="talusesCheke" tablitaCoutel="salines">
        <mashieGreaved>sowcars</mashieGreaved>
      </paulistCantaraLibera>
      <claveReninOutfame tiplessMeant="846">
        <urodeleClubLackwit>muckedPaybackCowgirl</urodeleClubLackwit>
      </claveReninOutfame>
    </sepses>
    <filmdom>
      <gomutiPinusAnaboly>dheriStabber</gomutiPinusAnaboly>
    </filmdom>
    <twalBarryMercury>
      <bobooti>bedcapBeatasSpiled70</bobooti>
      <faweNositeReverdi>
        <taipan>runedAlhennaNebulae</taipan>
      </faweNositeReverdi>
      <telaeDutiesFleecy>
        <creosol>outsangResows</creosol>
      </telaeDutiesFleecy>
      <afghaniPlumula pimRewarmManning="types">
        <agnusesDizainPretry>femoraParodiGlumose4</agnusesDizainPretry>
      </afghaniPlumula>
    </twalBarryMercury>
    <overcry>
      <irisingDeti>49819</irisingDeti>
      <goosy durzadaBallads="waacTrowth10" cozieCorses="unvextAcorn">
        <mislest>flrieUnlProre</mislest>
      </goosy>
      <mssHungar handgunNitonsEnfume="1191" nowadayErucic="omnianaIndex">
        <sardelEjusdGrein>yodelsParodusBucks</sardelEjusdGrein>
      </mssHungar>
      <danker hafterFarfelTsantsa="banandeGladlyHangers" hankRebate="sensuBiassed">
        <sparks>7068354</sparks>
      </danker>
    </overcry>
    <spawny>
      <funkedAkoasm>wolframLocomanTammar</funkedAkoasm>
      <mourner ewhow="885037318" oxeote="faut">
        <snyes>tomjohnTolans</snyes>
      </mourner>
      <hopeCanamo flatwayMewReclear="skeeryLeftiesGolem" yephede="fonlyPatinasVerenda">
        <womansHedging>zentnerGasps2</womansHedging>
      </hopeCanamo>
      <darst calceusFreed="stromal" aracana="tupped">
        <namable>matraRemelt</namable>
      </darst>
      <seaters flutesFriar="9167" chapterDunnestXiphius="yukProbitBenamee2076">
        <waveysRiddler>xystsRarebitEggment</waveysRiddler>
      </seaters>
      <gauffreDagoesPlebe servian="marineTress">
        <howled>elulChowse</howled>
      </gauffreDagoesPlebe>
      <heroicsRegalioMoither>
        <cie>shushedSomberIacchic996</cie>
      </heroicsRegalioMoither>
      <tuckApusFortin>
        <tercia>phial</tercia>
      </tuckApusFortin>
      <filate brike="ahemAphriteNittier">
        <padnags>debaserConal</padnags>
      </filate>
    </spawny>
    <retruseOrbitsLumbago>
      <tucktooGnathicColdish>baldestGoniumDrainer8</tucktooGnathicColdish>
      <diamUlmic yanderPorrima="panesToupee">
        <hugerDamnedMilker>warpage376</hugerDamnedMilker>
      </diamUlmic>
      <siperUnlays>
        <saguranDjukaRubying>swaverTaberedPoromas</saguranDjukaRubying>
      </siperUnlays>
      <croatanAttourRipply advisee="atryTrimmer">
        <monoski>soum</monoski>
      </croatanAttourRipply>
      <egosParadaAlkenna atmans="patriaCrocardAliform" dicier="syrup">
        <tonna>45</tonna>
      </egosParadaAlkenna>
      <ferretyAccourtPrague>
        <cornedXiphuraElides>8</cornedXiphuraElides>
      </ferretyAccourtPrague>
    </retruseOrbitsLumbago>
    <vikingCherely>
      <doblNexumShankar>clicksSlasher</doblNexumShankar>
    </vikingCherely>
    <yttricMasdeu allhealSterile="dogears1" yallockPlightSkater="arabianAtrial" mimulusSirups="xerus">
      <disputePrimer>587513</disputePrimer>
    </yttricMasdeu>
  </urooKaySwivet>
  <debowel panging="dugdugDiapasmMahar" />
  <colombo hyblaHodden="knoutsVotaryProjets">
    <dumpokeTheelolShaw>
      <leungSasanMnestic>3</leungSasanMnestic>
    </dumpokeTheelolShaw>
    <desmansTebethJuked wretch="tuggers" ingomarListedPotass="recency" kalimbaMoilers="cringleSalix">
      <ditas>omnium</ditas>
      <louiqaSalseGoiter plotlibMerosUnwayed="anarcho">
        <veinerySubzoneMelon>inheres1</veinerySubzoneMelon>
      </louiqaSalseGoiter>
      <peeningSkreel meinyMealilyAroar="ziganka" isogamCumidinKvas="6">
        <arukeConjon>635</arukeConjon>
      </peeningSkreel>
      <civical wheen="496">
        <egressTapit>sunlamp</egressTapit>
      </civical>
    </desmansTebethJuked>
    <hochAgathinPashka>
      <leprineByrl>hylism</leprineByrl>
      <purdonTawse>
        <tongmenEntrer>rotchesAbbieTooting</tongmenEntrer>
      </purdonTawse>
      <alevinAhsanWendic numac="65" hogo="sumoist">
        <tailfanKnubbySateen>luxate</tailfanKnubbySateen>
      </alevinAhsanWendic>
      <bemba>
        <agroanManbria>4825068</agroanManbria>
      </bemba>
      <egoists newarFluavil="1905">
        <entoil>875</entoil>
      </egoists>
      <tenners>
        <prankle>keyageArrant</prankle>
      </tenners>
      <wistful>
        <pesewaTysteUnalike>obligedEncoachOwenian3</pesewaTysteUnalike>
      </wistful>
      <diamideCloamFirebug sympusDeform="20961846">
        <tuladisJubus>pinataMacle</tuladisJubus>
      </diamideCloamFirebug>
      <canulasGoajiro>
        <alerce>sinaiteMinervaAstian</alerce>
      </canulasGoajiro>
    </hochAgathinPashka>
    <scholia agnatBrosse="172178" limbRameousFeak="imsonic" papilioUnshapeSumak="caudaeWoldOno">
      <flaxes>odderPariahsPrunted</flaxes>
      <zikurat rifflesPereiraSkit="tapetaSteveRiels" campilyNemeanCanroy="racemed7445">
        <layingErucin>wisdoms</layingErucin>
      </zikurat>
      <outreBrieryJaguey>
        <dotoBuffosInfree>5957</dotoBuffosInfree>
      </outreBrieryJaguey>
      <lepersLoadageLoukoum panama="wretchPlanersPolar24" swathsTurbans="palmic">
        <runkleCoddler>11</runkleCoddler>
      </lepersLoadageLoukoum>
      <grebeLouche>
        <oxhide>airilyGarbill</oxhide>
      </grebeLouche>
      <recladElapsesBefire>
        <agouta>joomOutrateShowup</agouta>
      </recladElapsesBefire>
      <herbalsElsa bedrollLoaming="remarkSalamisHexing">
        <sparedLastjob>dispairFleamySensile</sparedLastjob>
      </herbalsElsa>
      <rioted unluckyPrecavaGunzian="dumka">
        <hydrid>5030719</hydrid>
      </rioted>
      <bebopSurnaiWryer sundarChoragi="fendersEvelong" minicab="94">
        <toodle>ezod</toodle>
      </bebopSurnaiWryer>
      <nagaraIrrupt lam="ceburTeteNeem">
        <foils>kadmiEbbman</foils>
      </nagaraIrrupt>
    </scholia>
    <tarasc>
      <nibong>idaliaNiveousReheard</nibong>
      <pabloOtalgy>
        <hoaryKumshawSibbed>63581891</hoaryKumshawSibbed>
      </pabloOtalgy>
      <craccusCrinchRubrify cric="lemuridCloutSouthly">
        <rowting>duxMegapodGerkin</rowting>
      </craccusCrinchRubrify>
      <recagedCederParses>
        <amorismIngateTrf>jolliedBland</amorismIngateTrf>
      </recagedCederParses>
      <dirtilySicularTrails scopulaGlamour="grockle">
        <tortsKyabukaPir>matapi</tortsKyabukaPir>
      </dirtilySicularTrails>
    </tarasc>
  </colombo>
</burdGooneyJerkers>