<?xml version="1.0"?>
<washerTrues>
  <unruled>
    <lofterPoggeTode>
      <gangsa>89621617</gangsa>
    </lofterPoggeTode>
    <citalVitrainUnknave pandaniAtwixt="seedbedArboredRacion" minivetHawkery="haggingSquints" headsaw="floccusFustin">
      <twillerNeterNee>despondAgnosis5</twillerNeterNee>
      <bisabol salpsBuffontSaliant="enosYellers" hereticIndrapeFaking="lucule">
        <valYipe>peglessGlobose</valYipe>
      </bisabol>
    </citalVitrainUnknave>
    <matinDoloursKintra gurrAxe="conkedFlaccidRechal" utopiasSulfone="194221775" rudeDigestCapsule="4872721">
      <itmo>isogrivHurrerTopeng</itmo>
    </matinDoloursKintra>
  </unruled>
  <brenda haoriCirrateBattues="saice99" />
  <tint pumicesEaster="7" unhook="filar" tidiesInduna="wizzenJudices734" />
  <emeusHortiteHippus lemur="13" ule="amotusAteletsTelos" stelaiWorseSughing="adagios" vrochtBoserEvocate="halterKidnapsImmov" />
</washerTrues>