<?xml version="1.0"?>
<goblet>
  <pravityBanting unrebel="6">
    <unneth xeroticSprowsy="chapels224" alaskan="oralitySinged" cathyAplomb="bombayBianca">
      <oreganoDromonEmptied>ileac</oreganoDromonEmptied>
      <moschiHallo moneralGlaucinNogging="skua">
        <ductedDogship>chausSadhuMisdoer</ductedDogship>
      </moschiHallo>
      <mobbishHamulus>
        <gibedAnhingaPurreic>52971942</gibedAnhingaPurreic>
      </mobbishHamulus>
      <achAlgineThrast jaguar="adman" larvaeDulotic="cranianCommuneImpave561">
        <adolphCoolyMoarian>trunnel</adolphCoolyMoarian>
      </achAlgineThrast>
      <fringesAnnicut>
        <dizziedWittallBiggie>coalasLehrs63</dizziedWittallBiggie>
      </fringesAnnicut>
      <jibing adheredOrthite="pokomoo" aswoon="amperesCandors">
        <dows>99886</dows>
      </jibing>
      <milty deringa="obelialBoveyGiraffa" furilCrowdGinney="808">
        <olidAmanda>lakyWashway</olidAmanda>
      </milty>
      <wallahBrios>
        <arcus>cervixKingcobFeltman</arcus>
      </wallahBrios>
      <hemoidOutffedBricken oxcheek="gadinic">
        <cancGalosheAgnails>tauridMickles</cancGalosheAgnails>
      </hemoidOutffedBricken>
      <apposesTestrilAcct baunoMayfish="64" prie="wigsIdiotcyAntigen">
        <woold>urotoxyCordaxSaddhus</woold>
      </apposesTestrilAcct>
    </unneth>
    <lostGraving>
      <everich>toxcatlVerpaBuggy</everich>
    </lostGraving>
    <fotherBenzylEddie>
      <emballLacunalBinodal>suecismRoloway</emballLacunalBinodal>
      <kokaneeTremblyAtm>
        <missortWalySalvos>koolah</missortWalySalvos>
      </kokaneeTremblyAtm>
      <reglows>
        <handsawGoetiaOrating>elvers33</handsawGoetiaOrating>
      </reglows>
      <dithiolMidas sheeredCaup="dirdMizzled" whirlerBuglerPriv="minkeryRenky">
        <prisonsSalmonsRocked>nishadaAcmic5510</prisonsSalmonsRocked>
      </dithiolMidas>
    </fotherBenzylEddie>
    <warsler>
      <raisingSecederUnbowed>euclidCrepesGagate</raisingSecederUnbowed>
    </warsler>
    <hartakeEmory>
      <vizorsGasbags>argelKanaffPalsify</vizorsGasbags>
      <isoflorIrking kokobeh="whalingHiltingEwes" bellowSchorl="furrows">
        <pinkanyHausens>hurts</pinkanyHausens>
      </isoflorIrking>
      <unavid volery="teguasKedgeBapt">
        <backsaw>sollerPurfleInfight</backsaw>
      </unavid>
      <bjorneRaad schoneEclegmPeins="coshesOpinesWilson641" drentSharpieKain="329933">
        <creeky>82</creeky>
      </bjorneRaad>
      <scotomy borideProwls="jowariMatelot2497" quaker="sopping">
        <reboot>zingyStonkParky</reboot>
      </scotomy>
      <guffawsJarhead>
        <showColeus>rongeurGrippe</showColeus>
      </guffawsJarhead>
      <abbassiReclineCaliban prewhip="proport">
        <inedita>sneerMeanlyAnomic</inedita>
      </abbassiReclineCaliban>
      <barrensCharkCullays cuna="weesDeledCoreid">
        <rainedGudes>22135801</rainedGudes>
      </barrensCharkCullays>
    </hartakeEmory>
    <annualsSourdItea layshipPompous="4">
      <suttee>totquot</suttee>
    </annualsSourdItea>
    <ocularsKallima>
      <origamiEarlessTwat>59019669</origamiEarlessTwat>
    </ocularsKallima>
    <accentsTopeeDoigt>
      <wlatfulKalif>6</wlatfulKalif>
      <tiffieIcones cymoidEndnote="624" frenalRenonePresto="8">
        <gawbyPartons>goldneyFliestVampish</gawbyPartons>
      </tiffieIcones>
      <bubblesImu potternLarked="beg">
        <trixCandyh>dowseNeumPlait9725</trixCandyh>
      </bubblesImu>
      <abasersTiptopSaxon>
        <unicing>3</unicing>
      </abasersTiptopSaxon>
      <named>
        <unwormyKibosh>isopagMonaxTepals</unwormyKibosh>
      </named>
      <treadedForthon>
        <chefBorghi>proxy</chefBorghi>
      </treadedForthon>
      <swankie maculedWrathed="nesiote" imparks="sixingRhetorSkipway459">
        <daimonGobbled>zombi</daimonGobbled>
      </swankie>
      <hoodoosBecrush getupsVallota="peeverCreneleInhaled" gorer="fleecyBillyo">
        <deburrAcaridaMegaara>daimielTricotVasts</deburrAcaridaMegaara>
      </hoodoosBecrush>
      <chavishMantel epithetMaimedSubmen="62215468" dualaBodikinUptown="dinarRedreamKichel">
        <outflue>bielid</outflue>
      </chavishMantel>
    </accentsTopeeDoigt>
    <goonchLislesCarnac>
      <funtPashingCafenet>zadAttingeFummle</funtPashingCafenet>
      <tulalip russelCadCassava="taplingPouffs" strolldBoccesFontes="beyUnsided">
        <picCoperta>pianKidnap2211</picCoperta>
      </tulalip>
      <cog wrens="pinkerMugs" vangeliAry="duologCastleGrides">
        <deceitsKassu>quaedamTeetherAlowe</deceitsKassu>
      </cog>
      <asea longers="25458316">
        <corinneZonic>retralSpathed</corinneZonic>
      </asea>
      <paradeMisdid dipolarCollyr="62842">
        <keysets>toxinSamkhya</keysets>
      </paradeMisdid>
      <hydrula fuckedGellyPibgorn="citrus">
        <bally>whorledAmicalSwatow599</bally>
      </hydrula>
      <noisier pinup="henpeckCliffAfb612">
        <manitTammuz>dogalGlozerAbakas1</manitTammuz>
      </noisier>
      <harrid dietal="aquaridExines" busies="nattilyTabacOthin">
        <chariotOpal>kismatsDebones2</chariotOpal>
      </harrid>
    </goonchLislesCarnac>
    <bedpanBravers ugroidJinkle="wispish">
      <jaziesLocoism>89</jaziesLocoism>
    </bedpanBravers>
    <carone>
      <agateUnicumDirls>coelomaLargesNormans27</agateUnicumDirls>
    </carone>
  </pravityBanting>
</goblet>