<?xml version="1.0"?>
<pratedCalifPetunse>
  <sultanIdoseRapture turgidWhereupHobbled="4894556" lotriteUranium="pathCoequalGora" gubatNestyCharger="58872278" />
  <isatic gonifBathingWratack="azha" />
  <pradeepResoil isurus="panelaBete" lophura="geonomaHeadlePapayan" roving="brawledClerksByplace" />
  <fylker>
    <oafdomSeaghan plushCucullaResort="stretchPetro" yeeuchHoven="asmalteMyallCore">
      <thruoutForums>csardasSelly</thruoutForums>
      <enact dungon="971574887">
        <guam>pis</guam>
      </enact>
      <socked dazzlerAlteza="461085581">
        <anvilsChingEctally>throuch</anvilsChingEctally>
      </socked>
      <scowToronja>
        <ergotsRew>garveyZaires</ergotsRew>
      </scowToronja>
    </oafdomSeaghan>
    <madnessMurine chagulBrigand="haarsJantRaband" wace="374529064">
      <phenoseBach>crocard</phenoseBach>
    </madnessMurine>
    <knoxOpingMekbuda>
      <agraceFoddaSunny>poisesShimper</agraceFoddaSunny>
    </knoxOpingMekbuda>
    <nickyCambioGlueing>
      <icecapShoddenNobler>maroonCulch</icecapShoddenNobler>
    </nickyCambioGlueing>
    <eclairsRased>
      <manent>74938169</manent>
      <dogMussack siberic="alnuinUnfolds">
        <banderDamaraHaggis>milieuxTarrierLemel</banderDamaraHaggis>
      </dogMussack>
      <glene fresnelComethGrate="hoarse">
        <gemsRankers>bovistaFinspot</gemsRankers>
      </glene>
      <fennishGruntRanaria>
        <cottus>duncishRefaitHable</cottus>
      </fennishGruntRanaria>
    </eclairsRased>
    <ruckingNozi donneePluggedAeronat="824" bigaeGenghis="hammalReclaspCots">
      <sexhood>22294441</sexhood>
    </ruckingNozi>
    <smuistyPeppers>
      <spilomaRidgierKachin>8073</spilomaRidgierKachin>
      <cakavciMisallyAble gruelsSooter="822706">
        <holk>muslinStalace</holk>
      </cakavciMisallyAble>
      <orange maja="ehrmanSamletsWhortle" battler="acrogen">
        <zaremaMattock>sulkingActuary</zaremaMattock>
      </orange>
      <buggeryUlulate>
        <weeksSluingGazel>habited</weeksSluingGazel>
      </buggeryUlulate>
      <anorexyJougsRearray untastyRimal="guggles" wavingNucalOnstage="fellicThatn">
        <songman>steatinAltusAchira</songman>
      </anorexyJougsRearray>
      <unboatKoshare>
        <subclanFrower>tinilyCornet</subclanFrower>
      </unboatKoshare>
      <scatomaSnithePsend sabered="cabiriLapsful">
        <throneLags>bawble</throneLags>
      </scatomaSnithePsend>
      <dopesAlchimy wiriestLessorsNavarch="pallion">
        <leptite>19164</leptite>
      </dopesAlchimy>
      <abubble yarrow="boldin">
        <jembleAdded>mucidStauk</jembleAdded>
      </abubble>
    </smuistyPeppers>
    <touristEnticedBeechy>
      <bedebtKraftFriskle>unsewStiddyNatured</bedebtKraftFriskle>
    </touristEnticedBeechy>
    <stetEmotiveExpects brunionGrimSuiting="516882" pomeloQuinoidCoadore="4" beclog="theriacAsserts">
      <spinoseGibbons>73429123</spinoseGibbons>
      <whatnot nomasHumansForbs="addr">
        <mangeyFolded>ovibosNatuaryFicoes</mangeyFolded>
      </whatnot>
      <respadePennonsStrip tikiAislesOases="boh">
        <colloqPrebind>vedangaSyrtDimmish759</colloqPrebind>
      </respadePennonsStrip>
    </stetEmotiveExpects>
    <defacer>
      <kanchilPamela>grun</kanchilPamela>
    </defacer>
    <slypesSiderin>
      <stummelMegmho>hamitalSannupsTestril</stummelMegmho>
      <venins eighthPraham="35636">
        <maraFascism>bushfulTenches</maraFascism>
      </venins>
      <manifer pressesOyerLauhala="40308962" goasilaOilcans="ungnawMustedArvel">
        <dornick>hurdiesCartier</dornick>
      </manifer>
    </slypesSiderin>
    <abetHarmost vibices="46702">
      <advanceChimars>99</advanceChimars>
    </abetHarmost>
    <copertaIllyTofts tiki="satemBrabbleMorth" resawUnopen="phenoseNorelinYaffing">
      <bantayEpitela>tronage</bantayEpitela>
    </copertaIllyTofts>
    <bebloodNaegait>
      <unlutedLayoutsScraze>loralClouted</unlutedLayoutsScraze>
      <repawn rechose="699026322">
        <estonia>beneHoofrotAnnex</estonia>
      </repawn>
      <azulmicHumptyYacca riblike="rehayteBeatiSycee" promotePatta="55">
        <bindersAvisos>taj</bindersAvisos>
      </azulmicHumptyYacca>
      <persea soaperyBulbulsMetopic="pipefulSynurae">
        <trotletMoscowMac>oxalylAdepts</trotletMoscowMac>
      </persea>
      <slunkVerutaTars faderBagasse="35498210">
        <estrepeRegentsCereal>screenoSievyDowment</estrepeRegentsCereal>
      </slunkVerutaTars>
    </bebloodNaegait>
  </fylker>
  <untaxMatrixNeglig soget="237634" gadsbud="claik" restioDiddles="kinesis">
    <braidsHenen>
      <anthoidDrowteRappee>outwait</anthoidDrowteRappee>
    </braidsHenen>
    <erotemeVeniteCurse>
      <visoredPostsBal>92</visoredPostsBal>
      <adipoid folioseDrassid="kickoutOnmarchHatless">
        <novo>abuzzTievine</novo>
      </adipoid>
      <punty kummelPearledOcuby="rerobeBeldamPenis" torte="woodsyAbanetGrovy">
        <nubble>restAnthdia</nubble>
      </punty>
      <adoniad>
        <houtouMisenusRuffles>875</houtouMisenusRuffles>
      </adoniad>
      <diggersTrouse>
        <sculker>aughIcon</sculker>
      </diggersTrouse>
      <salaAbysm>
        <pyrexicLammerMymarid>gileStywardStimied</pyrexicLammerMymarid>
      </salaAbysm>
    </erotemeVeniteCurse>
    <immiRalliedGolgi>
      <magJeererAlembic>smeltedSonarBathkol</magJeererAlembic>
    </immiRalliedGolgi>
    <goodby>
      <ferraraBulbar>mzunguRamjetsPropio</ferraraBulbar>
    </goodby>
    <pangaLongeCapers tamers="grapta" jimmerBellaDitties="carajas">
      <satinySneaker>basAvertin</satinySneaker>
    </pangaLongeCapers>
    <telopea>
      <malpais>marxist</malpais>
    </telopea>
  </untaxMatrixNeglig>
  <nasieiTiaraed>
    <plate>
      <gratedCreamsJabble>254791385</gratedCreamsJabble>
    </plate>
    <khowarHogniAmbassy>
      <unshyly>corbanAnimesSeagull54</unshyly>
      <imperiiDidal>
        <pieingGasts>waypost</pieingGasts>
      </imperiiDidal>
      <stacey soprani="7949748" virlsHambone="prestos">
        <gnow>reblowKeying</gnow>
      </stacey>
      <loucheGriphEnlodge arageRerisesOrgal="indited30">
        <gloamUteroTzetze>2557</gloamUteroTzetze>
      </loucheGriphEnlodge>
      <fpmSillery>
        <skoptsyHazanim>1341605</skoptsyHazanim>
      </fpmSillery>
      <peachenOmnificRenewal teedTateHurgila="carotte822" cuspidCalami="arnebGuildsPiped">
        <digamyEcphory>ahirInfidel</digamyEcphory>
      </peachenOmnificRenewal>
      <midspanEnclaspCytozoa amtrakPedlar="ritelyKnocker6">
        <kashanChantor>mensing53</kashanChantor>
      </midspanEnclaspCytozoa>
      <hingingKafkaFerret>
        <trevor>fulyieChapon</trevor>
      </hingingKafkaFerret>
    </khowarHogniAmbassy>
    <protext>
      <piskunSquawkyPerdix>cyeses</piskunSquawkyPerdix>
    </protext>
    <pastisVeninesTilling rodwoodEnshell="9" wardmenLipomas="10" teeth="wallyFridges">
      <cicalaHoc>tittieCaapebaPockily</cicalaHoc>
    </pastisVeninesTilling>
    <eyren>
      <orvetBagoboGlucina>xeniaEidolic</orvetBagoboGlucina>
      <ashamed bridie="tragicDegreedClanks">
        <infairVastest>9824401</infairVastest>
      </ashamed>
      <beliedSunbowSulidae>
        <platt>putcherTroke</platt>
      </beliedSunbowSulidae>
      <prizers befogs="spireaKaskaMinuets2">
        <endlessImperiaPusill>shadingCashed</endlessImperiaPusill>
      </prizers>
      <readerStoleBinman readdsFtnerr="174605064" grots="7691">
        <upspeak>dromedYerd</upspeak>
      </readerStoleBinman>
    </eyren>
    <mangour>
      <tahali>71429</tahali>
      <retestKipeBombay uraniidLinden="frayed" circum="crom">
        <withierDallop>clerics</withierDallop>
      </retestKipeBombay>
      <barretPlimmed>
        <puneseJauksImbrier>5</puneseJauksImbrier>
      </barretPlimmed>
      <grouperBurinSilty>
        <fouterUlema>boeotia</fouterUlema>
      </grouperBurinSilty>
      <applies triactComings="formelCayuganYes">
        <churchyLovely>braises2595</churchyLovely>
      </applies>
    </mangour>
    <nitryl>
      <aroliumTalpoidMattins>jalapsFondish</aroliumTalpoidMattins>
      <mump kenyaAssmanOwler="limbatAngorVolapuk" askingVersion="860">
        <unloadBurbly>cojoinRanatraBobo4702</unloadBurbly>
      </mump>
      <daydawn oktaGrillesAstrion="loveful">
        <usherNoxious>urged3415</usherNoxious>
      </daydawn>
      <tiglic>
        <lamming>edictum90</lamming>
      </tiglic>
      <planesDisked>
        <pravityHsiStaving>whiningCruive</pravityHsiStaving>
      </planesDisked>
      <genealCoggerInique>
        <jambosTunis>levels</jambosTunis>
      </genealCoggerInique>
      <nimkish furmint="jokeyGratLog" behear="hein">
        <hersedCitee>cedaredRerun</hersedCitee>
      </nimkish>
      <hexereiEmerald botella="skeeingKompeni515" shabbos="coatiEnoughShewel">
        <synchsPufflet>uveas</synchsPufflet>
      </hexereiEmerald>
    </nitryl>
    <vises>
      <cardersOzonousEoith>mambosCapless</cardersOzonousEoith>
      <thitkaSlimer>
        <dipcoat>ganged</dipcoat>
      </thitkaSlimer>
      <upsmiteBlimyReplays>
        <wullieChorai>defactoBardlet</wullieChorai>
      </upsmiteBlimyReplays>
      <fangsBartsiaFoists wooshedHound="pennineChicoteRippit7102">
        <spiraleXeric>yuppie7360</spiraleXeric>
      </fangsBartsiaFoists>
    </vises>
    <fezes>
      <agawamWigsExerce>destinyRicinus</agawamWigsExerce>
    </fezes>
    <hackersFlatdomUnswing alvus="vacuole">
      <inkwoodSnoopedEnmew>pinnule</inkwoodSnoopedEnmew>
      <hard pomelosProsaic="etymaBerede">
        <certainOpen>regnalEnarmeWitchet</certainOpen>
      </hard>
      <encoded dichordMahajan="gestenSixer">
        <eli>upwallNelson</eli>
      </encoded>
      <hugeliaUnwaryAnhimae acerbBatzenHister="eruptedCanduc64" seining="bencite9">
        <hockdayMered>9706474</hockdayMered>
      </hugeliaUnwaryAnhimae>
    </hackersFlatdomUnswing>
    <esrogimMeldedByplay>
      <phut>fuelerSasins</phut>
    </esrogimMeldedByplay>
    <pavoniaSaponul lauterDonalEcbasis="entries4" hookupu="tinglesHoddins8496">
      <reveler>cuyaHantles</reveler>
      <metier toxiferTopplesDiptych="227201197">
        <submitsPita>muskegs</submitsPita>
      </metier>
      <paganlyRykesGoeduck>
        <delly>loinedChurada</delly>
      </paganlyRykesGoeduck>
      <swisserCamooch inkle="tholosThrockPetit3" gestateKabyleTji="52984135">
        <trowingAmandus>yoginiKutcha4569</trowingAmandus>
      </swisserCamooch>
      <uneathsQeri sycoma="sicaniUnvoiceMakos">
        <scarpDourlyPaliest>wrive</scarpDourlyPaliest>
      </uneathsQeri>
      <skilled paramoMoggyMersion="leafBedpadMonuron">
        <rikshasNudgingSubst>9309656</rikshasNudgingSubst>
      </skilled>
      <fogbowsSniffleCloaks shopboyMarshalWaivers="gambogeSial313">
        <oneiricIleitisFugles>strafed4652</oneiricIleitisFugles>
      </fogbowsSniffleCloaks>
    </pavoniaSaponul>
  </nasieiTiaraed>
  <saining shakeupCannie="glutei705" gambetHighway="saumClaims" moroncyMinuendCecum="illocalCordalTooters" anahaoDepressArtier="estampEmeutes" />
</pratedCalifPetunse>