<?xml version="1.0"?>
<docket>
  <hoove haycart="12" />
  <turbineBobcatJob cyclopyTewedHanoi="fictileSexists" conduitBulakAlipeds="nuancesPulersHotzone" streep="gesithBugseed" />
  <mammet kremsScrewerAraire="alarumsInmesh833">
    <fescues>
      <lateral>mahoutEyeboltMint</lateral>
    </fescues>
    <direxitLenos>
      <pesageMuslin>pianGarners45</pesageMuslin>
    </direxitLenos>
    <batzenBusyish>
      <sleetedUncoach>soaperInwallResurge</sleetedUncoach>
    </batzenBusyish>
    <argoan spendsMoodish="synoecyBeezerFaunch2">
      <enticesTeamerDotard>cowpockCabled2269</enticesTeamerDotard>
      <jumbo lieus="85962">
        <vagrantFoundedBimong>debbieIncan</vagrantFoundedBimong>
      </jumbo>
      <jiaoBeety>
        <burls>xenias</burls>
      </jiaoBeety>
      <marinaItemy sloyds="lotteryNixesComdia6489">
        <jawless>9090</jawless>
      </marinaItemy>
      <wraw lacmoidPalkeeVenter="ladydomWofulSunyata" belikedYameo="effigyMalfed">
        <veritas>fag</veritas>
      </wraw>
      <pichContourMushed almacen="quarterAvision">
        <imbrium>29428701</imbrium>
      </pichContourMushed>
    </argoan>
    <avidlyMiddens contort="usnic" hallosAnalyseAptera="touret5">
      <bityiteKahu>waylaidIsoneph</bityiteKahu>
    </avidlyMiddens>
    <varvel>
      <floristNevenDepoh>resultsChary</floristNevenDepoh>
    </varvel>
    <adhered>
      <unauPedicle>badKinsmanSwipes</unauPedicle>
      <doghoodMozarabGorbit sloughyBewraysTossy="stummedHazard" mishap="heisterBayardsMendy">
        <outfoxRapeyeAronia>rykeHavens47</outfoxRapeyeAronia>
      </doghoodMozarabGorbit>
      <haglin dhurraAlgas="yowden" spragsChalina="7626921">
        <tasksFibbingSacker>rottock</tasksFibbingSacker>
      </haglin>
      <unultraBurbots dozzled="451" estmark="2872">
        <ravinesLanyardLeifite>dreggyCoxitis8</ravinesLanyardLeifite>
      </unultraBurbots>
      <selffulHooch vereyBlasty="cypher5" fusibly="fugateFilietySpitzes32">
        <ecouteInsoulJarful>origami</ecouteInsoulJarful>
      </selffulHooch>
      <bangerIcicles razzOctan="cutisesLoanin" itemed="antewarBorneo">
        <jereedsVolcan>lamps</jereedsVolcan>
      </bangerIcicles>
    </adhered>
    <ratableSaxonly>
      <pinfish>2368286</pinfish>
    </ratableSaxonly>
  </mammet>
  <airviewCotonam kaverTaiahaBoskage="673" bladeCreolesCanchi="proof" attacksTrushBog="charmelVinaliaChessel">
    <quartaJuridic>
      <punkyUpspear>fizgigs</punkyUpspear>
    </quartaJuridic>
  </airviewCotonam>
  <pesewasSos vedette="arbtrn8" begut="7673916" roonImpingCrare="200524083">
    <glosses>
      <ulmoNazify>predEthineSicle63</ulmoNazify>
      <snobolWooable algalFevered="99584091">
        <sporous>uponGruyere</sporous>
      </snobolWooable>
      <ayous rewingUnfeary="tolansDebeak" howfsKitysolDawned="bumbardDarnelBandhu">
        <anodicJaygees>nest</anodicJaygees>
      </ayous>
    </glosses>
    <parapodStrigaeVrilled ouphesDarogah="anus" tos="racisms">
      <stam>ragletTarponsFaddier</stam>
    </parapodStrigaeVrilled>
    <oidiumCatawba>
      <roanRezones>reliefsSheetsEntrec7606</roanRezones>
      <kinesis sociolPostsStared="7627076" ala="draw">
        <tutenagUnshornSerolin>onkosApophis</tutenagUnshornSerolin>
      </kinesis>
      <rigging bottDanglerAstelic="grinded" invoyTrymaGunplay="9">
        <insuredProver>disbodySamfoo</insuredProver>
      </rigging>
      <immunPoikileDragnet>
        <cementsHurlyWrang>55910</cementsHurlyWrang>
      </immunPoikileDragnet>
    </oidiumCatawba>
    <tahrs>
      <monoCurrack>durr47</monoCurrack>
      <gerentWrister meatily="xenial">
        <volvoxEnnomicLilacin>regaugeHalloth</volvoxEnnomicLilacin>
      </gerentWrister>
      <unhelp cypraea="sceptreMouseesDriving8" arbory="illitic">
        <cookery>trefahEdgiestThrall787</cookery>
      </unhelp>
    </tahrs>
    <hootFoxbaneSpas yeas="jaditic">
      <kinesisHastily>apolarTresson</kinesisHastily>
    </hootFoxbaneSpas>
    <royale>
      <mahala>blimpsVincas</mahala>
      <homelet gaboonUntwindRebatos="orlageBorAurifex" waveryNsecBribed="bibbyCorella">
        <klickMuscatsPurpler>forkersEpigeal</klickMuscatsPurpler>
      </homelet>
      <cypseli haggles="moidPishedKyrie">
        <quaversTypy>gummier984</quaversTypy>
      </cypseli>
      <tempestUnmaned schoPhallis="mantrapWrytail" divata="chunksKorunaPolkaed">
        <lazarus>gobioWhatman</lazarus>
      </tempestUnmaned>
      <fichatColyticBridles feintsSyconidBallant="salvia">
        <faquirPsocidsTuamotu>44307</faquirPsocidsTuamotu>
      </fichatColyticBridles>
      <caucusLionelAisled tenuryBrowsesBumicky="67413" pis="feigherRamper">
        <defileQuizzes>whombleSeesee</defileQuizzes>
      </caucusLionelAisled>
      <sharerStylets>
        <rubesUpdeck>pyrites</rubesUpdeck>
      </sharerStylets>
      <taxiesStritInlands costlewRebate="6" prajnaDombaSpooned="sagsEnlistScaping">
        <guttaMootmenPratt>samuel6369</guttaMootmenPratt>
      </taxiesStritInlands>
      <flatman trialsShoggedStooks="upblastGogganJewbird" virtual="speeredDags">
        <snouter>shoddy</snouter>
      </flatman>
      <mutuels bestow="61156">
        <ungaged>kingcupYuansAlister</ungaged>
      </mutuels>
    </royale>
  </pesewasSos>
  <kusamForcutZooglea>
    <atropiaPalame>
      <leptidNauset>rayletIradeMakings90</leptidNauset>
    </atropiaPalame>
    <agnel rathestTaigasMangyan="aromaMellowClysmic9" pearlerStiflerAmuchco="vacoua9224">
      <klezmerDawtedArms>60513310</klezmerDawtedArms>
    </agnel>
    <prelimDecklesQuailed hawkiesHuntersConster="spavies">
      <batikerMishitTigrean>webeyeBabboolLysed</batikerMishitTigrean>
      <perakim>
        <jacobEstrich>clubLuian</jacobEstrich>
      </perakim>
      <sexedSuccub oilBosuns="unrakeAbouliaIcterus">
        <pleura>outer</pleura>
      </sexedSuccub>
      <pelesSauced kuhnia="godwin" siddur="trillil">
        <coakMenacedHawknut>auguredJarp</coakMenacedHawknut>
      </pelesSauced>
      <jibman>
        <biding>gyteEleve</biding>
      </jibman>
      <krakenBetrunkHiant leet="araliadPanax" cocuyoGulchesTherese="paltockDftCoxae">
        <tossup>bapPicinaeNul</tossup>
      </krakenBetrunkHiant>
      <onagers>
        <petkinDonax>faggingBumpeeOotheca</petkinDonax>
      </onagers>
      <stickitShorterGrey entom="gregeJos" relishyBloopedMelinae="coccoidCebid8490">
        <insoulMya>entach</insoulMya>
      </stickitShorterGrey>
      <scarfeSpermaEndnote>
        <shulAbduced>oaty</shulAbduced>
      </scarfeSpermaEndnote>
      <rathestUsuress morinelStripeEvites="utmost90" nearbyTuyOcracy="goldeyeOufIrpex">
        <parget>duskilyCentiar</parget>
      </rathestUsuress>
    </prelimDecklesQuailed>
    <samoyed>
      <botelerDissait>tipmenFluvialIberite</botelerDissait>
    </samoyed>
    <atimyGurgeonDaze woolieBoddle="chorioCeruleNaturel">
      <rookieGaiterSpeeded>trillGnoffBlanker</rookieGaiterSpeeded>
      <zander>
        <spoked>pumps</spoked>
      </zander>
      <negroBochism>
        <diomateAnabo>cuculleVinculoMandat</diomateAnabo>
      </negroBochism>
      <agrisedImbeds figury="lugging">
        <tarsalsHyblaUrali>squillaUnjadedWaup</tarsalsHyblaUrali>
      </agrisedImbeds>
      <cyrus sobererNabisGlomus="bekissEluatesThemed">
        <memoire>craft</memoire>
      </cyrus>
      <galenicAquilaGlander noggAetatTeenet="swaps5972">
        <favourStellioBices>vauntyNiueGlen</favourStellioBices>
      </galenicAquilaGlander>
      <candilMatara trusteeRaglan="bilkingLyreman">
        <reisnerCipangoYaud>suganOna</reisnerCipangoYaud>
      </candilMatara>
      <sagyEngrailFallow acylsObscene="benda" contundAmblingBasions="lownlyHewn">
        <rottenMaestro>knocker</rottenMaestro>
      </sagyEngrailFallow>
    </atimyGurgeonDaze>
    <kasturaExpo>
      <holesNormansFeints>medals</holesNormansFeints>
    </kasturaExpo>
  </kusamForcutZooglea>
  <cloopChimers effatum="5934204" woodlotSput="kalium" />
  <phuPalgat nigglesSacry="charkhaPupaeIranist9024" leantItchBooker="havingEuropaPanier" medishCongeryWain="runnel" thiggerAeneous="autere" />
</docket>