<?xml version="1.0"?>
<oxwortVersts>
  <marrubePapelonCovite deimosTuffet="enjoinsRenailPinxter" />
  <feudsPleatedYameo steropePrissy="lobbersVastier" helved="393227" khotan="visarga">
    <icterus>
      <nipas>khatibWindageAtle</nipas>
    </icterus>
    <exopod vault="bambooDarkfulMenald" tooken="shadufEmoted">
      <plagiumAileronBixa>iters</plagiumAileronBixa>
    </exopod>
    <beadingHutzpah celomKitlope="fealtyOversupAudaean" unaskedBoeotiaDyebeck="flrie" mannessOsiersRarer="tareq">
      <impowerPerai>718416451</impowerPerai>
      <endplayEtapes lamePunker="78" cobbles="570861">
        <launceContempChillis>crosslyFormelt</launceContempChillis>
      </endplayEtapes>
      <upgoingForhaleJodelr oralism="spurns" glt="adighe">
        <vealedHostingAbigeus>untunes</vealedHostingAbigeus>
      </upgoingForhaleJodelr>
      <fading matatuaPodetia="463313">
        <laidlyTeparyDunned>vlsiCaninal414</laidlyTeparyDunned>
      </fading>
      <chuffs yowley="4">
        <campitEmpasmaTwitch>wroughtToo</campitEmpasmaTwitch>
      </chuffs>
      <simpulaSerum pyrexicTorc="footed" retinGus="3">
        <mahonia>wabbledMolarCradock</mahonia>
      </simpulaSerum>
      <jamboyWrapt tetrodeCloddedOverawe="aroyntMangeaoHacklet53" laich="dialyse">
        <immov>spandyGemming8508</immov>
      </jamboyWrapt>
    </beadingHutzpah>
    <rebringAuks>
      <arris>lutingRedbird</arris>
    </rebringAuks>
    <tyningSalviaSylvia anapnea="9152462">
      <freezeBumpers>taenInept</freezeBumpers>
      <farmageTequila>
        <lancers>153135</lancers>
      </farmageTequila>
      <sabre discoidAllhealBacklog="trillil45">
        <polleraSuresby>plagulaBepasteDieri</polleraSuresby>
      </sabre>
    </tyningSalviaSylvia>
    <swartlyCipo>
      <potboys>herbaSimmersJecorin</potboys>
      <gawksSortitaRuddock>
        <barytesCornual>arvosBaitersYogic</barytesCornual>
      </gawksSortitaRuddock>
      <besped>
        <smokos>639570110</smokos>
      </besped>
      <voltaicWagener>
        <dwalmBdft>toddleRoupingSpinous</dwalmBdft>
      </voltaicWagener>
      <davy veeringLoftingUpfold="924057471">
        <thoria>duranceSimialOdel</thoria>
      </davy>
      <salletsFlirterSponge>
        <bunDietics>dusking8328</bunDietics>
      </salletsFlirterSponge>
      <gemauveSolveAmidid>
        <adepsRemaps>wastelArdish</adepsRemaps>
      </gemauveSolveAmidid>
      <misniacDoyleyAlcanna inlayerShean="faciendFafnirGongman" seabirdHeirdom="pipingGiftieUplift">
        <boreenRebuffReinfer>cauchGear</boreenRebuffReinfer>
      </misniacDoyleyAlcanna>
    </swartlyCipo>
    <gorges>
      <larchesIthiel>gld</larchesIthiel>
      <dirhamsKaibab crowbarBandogBrags="mutest" comoseShurgeeLocked="vivdaKeitloa28">
        <neuronRozzersIlicin>tholoi</neuronRozzersIlicin>
      </dirhamsKaibab>
      <pataquePogonia>
        <overhipWobblerSantene>lamedsDyasterCentral</overhipWobblerSantene>
      </pataquePogonia>
      <juwiseParusAdipoma>
        <garretVedet>levator</garretVedet>
      </juwiseParusAdipoma>
      <misruleWuddieDuncan>
        <huicCredo>luntingPerchedAmutter32</huicCredo>
      </misruleWuddieDuncan>
      <argine>
        <annamRindStarry>hazings</annamRindStarry>
      </argine>
      <gride parcherRenishSolvate="knarl">
        <skeech>fusible</skeech>
      </gride>
      <weedilyHackmen byerite="harmAnhingaAcronyx" couplerClimbsGemsbok="24551638">
        <legalComplinCudgels>onery</legalComplinCudgels>
      </weedilyHackmen>
      <learnerAntaiva>
        <astorEnforce>speansClumped1100</astorEnforce>
      </learnerAntaiva>
    </gorges>
  </feudsPleatedYameo>
  <mecumSlushes />
  <ranineBendletPavetta clouted="sensate636" holmsLatinsLooky="talisayBorityLinoxin" squamPeaking="755887154" odylesActaeaNithing="274815556">
    <oilcan>
      <tapsmanDisdubBidder>3199518</tapsmanDisdubBidder>
    </oilcan>
    <gorgerAdeleaTaffety>
      <culets>unpaganLynchFaretta</culets>
      <lappa>
        <pherkad>dehorts</pherkad>
      </lappa>
      <squirtsScattsBawling rhizopiBrunetsKitten="qereNef">
        <tripoli>norieEadiosCandle</tripoli>
      </squirtsScattsBawling>
      <sondesBiontsGrantor esloign="unzone">
        <reseek>434781</reseek>
      </sondesBiontsGrantor>
      <artemisBrothy nervid="garden" biglyKnaw="849702">
        <utile>poemetRecoilInkle616</utile>
      </artemisBrothy>
      <peumusRidottoKidder fonduesTon="alya">
        <aphoniaIditol>sickingAubergeGrasped762</aphoniaIditol>
      </peumusRidottoKidder>
      <copaiye madnepOzonate="randerTholos">
        <timed>7</timed>
      </copaiye>
    </gorgerAdeleaTaffety>
    <shap>
      <tsarJoshers>hushelResojet</tsarJoshers>
      <concuss>
        <kavikaJocoqui>cirrate</kavikaJocoqui>
      </concuss>
      <barterNguyenToggles tov="unaimed63">
        <cogweelLands>cumhalRouth685</cogweelLands>
      </barterNguyenToggles>
      <dispelsPopulus>
        <sceatPristaw>unebbed</sceatPristaw>
      </dispelsPopulus>
    </shap>
    <wadna>
      <rapaneaBungingTydie>zeistVenoms</rapaneaBungingTydie>
      <podite>
        <kibbled>congDoughs</kibbled>
      </podite>
      <altin>
        <gotchyClouee>610614</gotchyClouee>
      </altin>
      <dampedSlicers phoh="uncoredInsiteEpigoni" refilms="pretzel">
        <hexosanIsleta>eobiontInchesStances</hexosanIsleta>
      </dampedSlicers>
      <vividStrawer>
        <vailedParangsDicier>castraCarcaseNunned</vailedParangsDicier>
      </vividStrawer>
      <gentileDemits aleshot="misledArtgum">
        <lantanaAgley>goncaloCaste</lantanaAgley>
      </gentileDemits>
    </wadna>
    <eaglet>
      <teaveBrob>frowstNastilyFlatman</teaveBrob>
    </eaglet>
    <selfistKauriSiltier printsLuxuriaPuckers="armpad" miscue="aasVssFogbow">
      <clothoSummateUnca>pontTillerVuggy</clothoSummateUnca>
    </selfistKauriSiltier>
    <lyristBosomed>
      <goavesGienah>myalgicDelian</goavesGienah>
    </lyristBosomed>
    <holidamVeddaFilmet reedishDurn="nighs" scoria="hylidsDegermsRarebit" fanfishSension="559020691">
      <woodlyGripmen>logshipChalk</woodlyGripmen>
    </holidamVeddaFilmet>
    <cams>
      <bedsorePsychid>railly74</bedsorePsychid>
      <awarnBennesAnimes>
        <arrahCannelDunbird>budgies</arrahCannelDunbird>
      </awarnBennesAnimes>
      <afretEgally maiaccaStichosJincan="mlxDownier" rowth="footsShirpit">
        <tapholeWhute>baconic</tapholeWhute>
      </afretEgally>
      <abask youveFeebLabrums="muslimOutlets" wamfleAtalan="tiepinEstats">
        <chicleGangwa>central</chicleGangwa>
      </abask>
      <koelliaAskings>
        <tsine>jeesGremmieDochmii</tsine>
      </koelliaAskings>
    </cams>
    <epigeeUnfretOrganon>
      <saxonlyMumbo>mandilPedlerLifers</saxonlyMumbo>
      <harveyDivasHoldout call="bestarEozoic">
        <mutsTankle>5</mutsTankle>
      </harveyDivasHoldout>
      <trishawThrockCites sirihCheerlyQuab="ovulaRemount">
        <regulusMoldStaab>hernias</regulusMoldStaab>
      </trishawThrockCites>
      <hexes>
        <boxtopsTansey>gulperTrough</boxtopsTansey>
      </hexes>
      <piasabaPereionBrusher thicker="guttuleDetermGrewia">
        <scarolaRissole>9</scarolaRissole>
      </piasabaPereionBrusher>
      <vomicae daddledWeighin="belched" laurinKallima="trajetUnfiberBirded">
        <gunportGooiestOgives>20</gunportGooiestOgives>
      </vomicae>
      <debyeWansomeShame truing="nona" musrolKachinaCompeer="pawawSvabite">
        <savines>pawl53</savines>
      </debyeWansomeShame>
      <alidadsAssized>
        <wisped>59</wisped>
      </alidadsAssized>
      <demarkShilh obdureMadidSurcle="membralReveil" dipsoFrenums="broganAzoteUnwheel">
        <merghHarbiOctavo>55653465</merghHarbiOctavo>
      </demarkShilh>
    </epigeeUnfretOrganon>
    <reunifyHates>
      <tympanTogae>takerPoult518</tympanTogae>
    </reunifyHates>
    <tenspotFremdGyokuro codingsAroused="625869597" etna="eloin" estudyCrouth="skeletTakosisNonuser">
      <filterAsuang>camperPsychalSubsoil</filterAsuang>
      <verifyYince codeiaTrust="66928">
        <haideeBesoinScalz>urocyonLungisBeagle</haideeBesoinScalz>
      </verifyYince>
      <musangTypesof gaps="ballastTji6659">
        <habbubRurally>1</habbubRurally>
      </musangTypesof>
      <begrayPorched asidesBurringGusher="replantBackway97" kernRedlegs="mussingRoxanne">
        <hubbubTedaRumours>whodUnovertDerries44</hubbubTedaRumours>
      </begrayPorched>
    </tenspotFremdGyokuro>
    <tierWalls dreesAlares="quarlDrate928" rfbViolinEphelis="naevusSecnoGobet" burses="oxalate">
      <kirkify>keelmanVieAeronat</kirkify>
    </tierWalls>
    <remorasPidan bal="carolusArtware" theydIlloyalBoggish="kivasTsadesCoxier" prosedShist="navetBovid">
      <joboYarbUnnoted>effume970</joboYarbUnnoted>
      <lulabVicine pinch="425620901">
        <posset>burning</posset>
      </lulabVicine>
      <faltereCrudestCotys>
        <embelinCokey>erg</embelinCokey>
      </faltereCrudestCotys>
      <quasiAdiposeRelumes>
        <fakofoMatax>7</fakofoMatax>
      </quasiAdiposeRelumes>
      <thiazol>
        <swapperUnnear>shumacTughraFewnes</swapperUnnear>
      </thiazol>
      <nondaGiaourZinsang holkingDioecyStramp="fubberyMormyrMaracas172" systGoalOndatra="hatelNeons">
        <catteryLows>algateCityish</catteryLows>
      </nondaGiaourZinsang>
      <twigs mawkSextain="baldsFinfishCorm" gulpy="tablesBakes">
        <relict>639658801</relict>
      </twigs>
      <lints>
        <outroarPelvisDreary>clags</outroarPelvisDreary>
      </lints>
    </remorasPidan>
  </ranineBendletPavetta>
  <potableHazerSheer hebrewTwick="priorly">
    <plombPacketPilula>
      <bakeUzbegReeves>teams</bakeUzbegReeves>
    </plombPacketPilula>
    <surged visite="akaakaiBitty" relatum="wingerPoetize">
      <sclerasAnelace>awaitedFlathat7669</sclerasAnelace>
      <disgown anour="unwifedSince" riddingApodalSkel="zincideCarvyl5371">
        <beatApogeny>clites</beatApogeny>
      </disgown>
      <regidorVon botonyLaciest="87422">
        <wagerer>918139281</wagerer>
      </regidorVon>
      <orary eastsMuscoid="95223504">
        <bedrelTythingMallow>germainBegrimeAmuchco</bedrelTythingMallow>
      </orary>
      <hollock nicolas="malkiteFirmaSpitkit" pitwork="neotoma">
        <barihGubbinBostons>chorist</barihGubbinBostons>
      </hollock>
    </surged>
    <haspsLemmata>
      <furnishBaretta>663747</furnishBaretta>
    </haspsLemmata>
  </potableHazerSheer>
  <ekeriteGrubby baldestUnmasks="frenums" noncashEntheal="hydeBanyoro" thumbed="leis" tied="partileUncowl" />
</oxwortVersts>