<?xml version="1.0"?>
<abd>
  <cipango miaou="2197" eutonyDimsHamlah="garvock2985" purerAntumPopeler="suomiByrriLepomis">
    <lairingUnvalueWealful rusaDimoric="tabVisaya" glorWoad="khatin" cicoreeBonasusBesagne="cucullaRaffle">
      <greyed>attern</greyed>
      <oogamyTashCondite tafiaGabbler="goalsCoachy" bini="trois">
        <reutterYawlCanchas>sniggleEncheer</reutterYawlCanchas>
      </oogamyTashCondite>
      <areallyLitotes>
        <santoFatimaOctode>crottal</santoFatimaOctode>
      </areallyLitotes>
      <roupilyVipers festinoQidVerzini="cambialScopus">
        <gregosModulaLivyer>trysail</gregosModulaLivyer>
      </roupilyVipers>
    </lairingUnvalueWealful>
    <trotty duits="jayvees" bewakeEntrikeOctave="golgi" lumperMiocene="shovels">
      <censualGuenons>snarlsSlugsOnlook</censualGuenons>
    </trotty>
    <numisToggeryHuzzas>
      <bickersJamnut>70</bickersJamnut>
    </numisToggeryHuzzas>
    <regrows haricoSigmas="443898" blarnyAnburyRots="257666882">
      <doinaCloskey>candy</doinaCloskey>
      <albin swabian="4">
        <klezmer>shintaiDurasTharm168</klezmer>
      </albin>
      <cumbers>
        <yuksAcestesAdjute>tripper</yuksAcestesAdjute>
      </cumbers>
      <vestletSinite ratalPimpleAwadhi="805">
        <afar>41873515</afar>
      </vestletSinite>
    </regrows>
    <foggilyMnestic>
      <rebozoAedeagi>bisks740</rebozoAedeagi>
    </foggilyMnestic>
    <mimosis loop="raiderMethodBeget" enwovenUreTipcats="collect">
      <foolingTailed>baxtone</foolingTailed>
      <saltersFinkedBeveled>
        <jowserMalik>yeelinsGleekIndols</jowserMalik>
      </saltersFinkedBeveled>
      <demo bantoid="askoi">
        <warpedPutchuk>druseanWappAdnexal</warpedPutchuk>
      </demo>
      <amidins brevCoaly="phillipFore">
        <statuaGoglet>sunnite</statuaGoglet>
      </amidins>
      <peracidWavingGaroted chufferWeeperPriming="lanelyPrier" soth="aniseed">
        <accruedOutleapPunks>rtw</accruedOutleapPunks>
      </peracidWavingGaroted>
      <platanoPratsAsgd alohasUramino="boloneyTateNog" birdersMann="livethNardusSoxhlet762">
        <gannets>frownedFetial2</gannets>
      </platanoPratsAsgd>
      <pains encrustCader="4" miaoAvilion="mycosinMine655">
        <adoptedMiseatBillows>uranian</adoptedMiseatBillows>
      </pains>
      <offlap didleDiurnAfeard="6019022">
        <gurgleCagefulRunnion>hissyCeltisSolid</gurgleCagefulRunnion>
      </offlap>
      <aedes yethFoetalBreaded="echelleArhatsCanchas6995" starikStockedSmokos="6">
        <shaftedDaseinHyakume>duranta</shaftedDaseinHyakume>
      </aedes>
      <banlieuRingent filmerPetals="samian" outhireSitters="curitesPianet">
        <salableMooing>448</salableMooing>
      </banlieuRingent>
    </mimosis>
    <elamp>
      <kalanLowbellToppy>baalsFullers</kalanLowbellToppy>
    </elamp>
    <atholdOscar>
      <jammedPourris>ibad</jammedPourris>
    </atholdOscar>
    <museum>
      <raul>aceshipCurs8</raul>
    </museum>
    <yogisPeyotls maffiasTummer="myrtolMgd">
      <preferCohortFoggish>putchen</preferCohortFoggish>
      <sycosis cheekyLiwanCoscet="67">
        <sonnetBurgageToxemic>aguaraMurresTheines</sonnetBurgageToxemic>
      </sycosis>
      <saoAcumensSuttees>
        <sadismsBututAgree>4849676</sadismsBututAgree>
      </saoAcumensSuttees>
      <coderBuyingJerboas>
        <orchisReheard>auralDirgeItems</orchisReheard>
      </coderBuyingJerboas>
    </yogisPeyotls>
    <melangeNecktiePraying>
      <kriton>gabbingDegas</kriton>
    </melangeNecktiePraying>
    <parliNeg ghosts="trowman">
      <soapsFillsSakiyeh>zamenisIntireIrrate</soapsFillsSakiyeh>
    </parliNeg>
    <rallierPolynoeAccount>
      <erugosLushingShaktis>pikemanWasatch</erugosLushingShaktis>
      <shamCranniaSamek>
        <negritoRebrand>scoleyEla</negritoRebrand>
      </shamCranniaSamek>
      <indnKareau cruetTephra="7468739" feastenPahlaviPlanted="gallerCotorosFarris">
        <situp>zorro89</situp>
      </indnKareau>
    </rallierPolynoeAccount>
    <rainyAbbrev>
      <jamboHooch>fornaxUnawful</jamboHooch>
    </rainyAbbrev>
  </cipango>
  <gibe kragTopsmenSpath="aptnessCtfEff393" nedServalsFoamers="perobaRecur" quop="777" galileiRecantTempura="bidingDecaniSpalax">
    <equips dawtie="daidle" nasitisSterve="zebecs">
      <aphaciaKurschForcers>rheebokScrotalGeoff</aphaciaKurschForcers>
      <pestled bhandarDingles="5264223" arryPonders="boggedMolochs">
        <whitmanCandledLaft>farceDeportsHakeems</whitmanCandledLaft>
      </pestled>
      <premedDulcinEpigoni barrens="59671831">
        <gilten>nerdsHuntPolice</gilten>
      </premedDulcinEpigoni>
      <devices highZelant="gaskingBibbons">
        <iva>majaguaPeoples</iva>
      </devices>
      <orderly subcaseRelucts="scardsGez">
        <boyunaShredsJussion>uplightMyxopod</boyunaShredsJussion>
      </orderly>
      <fustier>
        <plassHalvansEnkraal>yinSnoopsOylet</plassHalvansEnkraal>
      </fustier>
      <formsCloamen ventradSectBatcher="biotaUnnaptReader">
        <furlingKissar>venieOutre</furlingKissar>
      </formsCloamen>
    </equips>
    <neterTref seggioUncapsDebauch="vagancyAfootEpidote">
      <oceaniaUshererExcudit>942</oceaniaUshererExcudit>
      <dameCrunodeCozzes>
        <fibster>revenueSkysBezzi</fibster>
      </dameCrunodeCozzes>
      <palmoMasoolaPavanne veronaTissued="vernageKopeck" gummaPaeoninCandent="pingler">
        <ramsonAny>bipodsBecheck</ramsonAny>
      </palmoMasoolaPavanne>
      <amberyTathHenwile opiated="554">
        <boomyObscureAltus>cuddly8217</boomyObscureAltus>
      </amberyTathHenwile>
      <atomismMuscledGibbals grilledRoofer="unegalNaskhi" quillDense="anthony">
        <snobberWhereas>98330001</snobberWhereas>
      </atomismMuscledGibbals>
      <marathaSiusi quit="recork5761" paracmeUnnighSkeets="gladdenGaybine">
        <pairtQuerido>dustsJefeBedsock</pairtQuerido>
      </marathaSiusi>
      <bromicPipals execsHaycartAulete="meeksFlouse">
        <chasmedUvverSues>sikhism</chasmedUvverSues>
      </bromicPipals>
      <unseams curupey="6">
        <kaftanZincingHaika>ottawaHockeysLoading</kaftanZincingHaika>
      </unseams>
      <mulletsBowman oneself="forthyTreeArtware">
        <clatch>wizards</clatch>
      </mulletsBowman>
    </neterTref>
    <acidoid>
      <vugg>fantodGympieLigans</vugg>
    </acidoid>
    <calefTransfd carajas="5295081" skeeing="unstar">
      <garnTopcapSterno>3926469</garnTopcapSterno>
    </calefTransfd>
    <canyonsEnlimn cledgeBegrown="outrive" ungraveWattestSees="perfumyPaizing" fleingVerbal="shinnyCigaret">
      <jurataPerjuryBogy>ablowDourest</jurataPerjuryBogy>
      <tarmacsAnabiaDoting boreiadDobbySemih="tawnSternalMarie" enquereRetouchPhrasy="ace14">
        <homonidFelixApelike>anticalShoepacBarbute</homonidFelixApelike>
      </tarmacsAnabiaDoting>
      <immenseIsatinsVolcano norimonOakesia="calthaHoppetMal" memphis="adiatedOgeedVendean600">
        <carinas>tormentTolledBoth</carinas>
      </immenseIsatinsVolcano>
      <larveUnungun>
        <scoriaeBurkaRacists>gullah</scoriaeBurkaRacists>
      </larveUnungun>
      <dolmasDesmanSuitly centralRadiumDevote="naukrarPalpalMarron" semenceKinguPrimity="culgee">
        <rances>chippedListelsSitula85</rances>
      </dolmasDesmanSuitly>
      <kolsunIononesSloat>
        <pinyEimer>wortleBryce</pinyEimer>
      </kolsunIononesSloat>
      <heelers jasmoneLithy="layfolkEmberDiamide" parures="goorals78">
        <cratingSteels>steropeExhume</cratingSteels>
      </heelers>
      <pennedHitched paleateDoxyZygotes="appro" hilloasBenegro="telegPikiEthyne">
        <piquantGanton>8</piquantGanton>
      </pennedHitched>
      <doneyFishmanCresol volensCharvet="dolmans" dago="machreeGripingOffed">
        <sugihFriezed>outstep</sugihFriezed>
      </doneyFishmanCresol>
      <visneyCygnineGorblin wainmanBennisShogi="brinjalSanpoil">
        <solingCercle>dihelySurlily</solingCercle>
      </visneyCygnineGorblin>
    </canyonsEnlimn>
    <peonizeUpcatch connect="836892" wittedCovetsWenchel="bailing9" faucalsNerineHangle="38017920">
      <freedomTilburyKhadis>6</freedomTilburyKhadis>
      <seleneThuliaCeramic>
        <alumnus>94741119</alumnus>
      </seleneThuliaCeramic>
      <adornedPayenyAlife>
        <presidyAnlaute>4</presidyAnlaute>
      </adornedPayenyAlife>
      <empusaClaircePelmata worn="bassPirootHawkers8" axonal="112244259">
        <skimmiaFixity>67920375</skimmiaFixity>
      </empusaClaircePelmata>
      <drylyChinny altureAkerite="legalsPilule" whyever="sidest">
        <segathy>95725</segathy>
      </drylyChinny>
      <babyMiggleMulder flansJumblerMize="919546" relictiSuddle="839">
        <cubitoSubpool>crunode</cubitoSubpool>
      </babyMiggleMulder>
      <patella calamusGriftsCuppen="laymenDemotUnfele5796" pelfsDuperyProlong="pullusSteelenTombing">
        <doless>harlockEnroot25</doless>
      </patella>
      <harbor darinCasts="epoxideExhumesFixure">
        <shaulsImpairIdylism>fondsIcing</shaulsImpairIdylism>
      </harbor>
      <nunclesConsume>
        <squalls>cysticUperize20</squalls>
      </nunclesConsume>
      <paalOptablePps beluteRotala="205">
        <toga>87700012</toga>
      </paalOptablePps>
    </peonizeUpcatch>
    <athyriaPhytylGanzie>
      <copyman>7</copyman>
    </athyriaPhytylGanzie>
    <percaPiedra>
      <oxyacidWetchedArabic>3486</oxyacidWetchedArabic>
    </percaPiedra>
    <buddedVexerPelure bandogBepile="moodily" hisser="ashet">
      <jemidar>lamiae</jemidar>
      <snooksSiverReking ladino="crommel1" yachtedGametalTryster="useableTithingBeeve">
        <elapineMockadoAswithe>piquedReheard4</elapineMockadoAswithe>
      </snooksSiverReking>
      <doubShafty cadded="monesiaWingsRooftop">
        <gyrinusLoshTireman>927842483</gyrinusLoshTireman>
      </doubShafty>
      <coventWhyness hawsesCambist="volutesGied" reargue="islay624">
        <skuasLaseKhar>6107</skuasLaseKhar>
      </coventWhyness>
    </buddedVexerPelure>
    <relaxes chaffedUndowny="21040964">
      <vermilyHobbedFalser>reelingWaddie19</vermilyHobbedFalser>
    </relaxes>
  </gibe>
  <elytralHaenUprive cacamWaddersBubukle="cwtSellaPiacle" unfiberReshes="enomotyBlunkStylise" gnarlsEntail="furnit1">
    <whitneyCutey>
      <cacodylRewaxes>opianicFailureHokes53</cacodylRewaxes>
    </whitneyCutey>
    <ramage>
      <roaded>glyn8</roaded>
      <nibbledBoottopZincy>
        <gruntedPrivacySandbag>whemmle</gruntedPrivacySandbag>
      </nibbledBoottopZincy>
      <chimersBushboyWabbly gulsachDaftestSeymour="blacksOutwing7">
        <menatMiniShould>paramos</menatMiniShould>
      </chimersBushboyWabbly>
      <betrapStefan kaluntiMonase="5134633" mucosaeLinoxyn="flockAngela">
        <dhobiNeuradComply>883817229</dhobiNeuradComply>
      </betrapStefan>
      <ollamhBakepanSnackle zanze="miswishHouses">
        <crapper>831</crapper>
      </ollamhBakepanSnackle>
      <nankeenPug euclidStared="262665364" darioleLacunaePottaro="2">
        <rivenGollerOinked>gelatinKopecksKuttar</rivenGollerOinked>
      </nankeenPug>
      <enfeverAirmen tiffinHellcat="670214288" looped="daggersAlimonyBlock">
        <quam>45</quam>
      </enfeverAirmen>
      <atheismVitroTlingit haybote="bidderBelliedCeinte" shrinedBedusk="chirperHexitol">
        <atripOidium>goralsArchive</atripOidium>
      </atheismVitroTlingit>
      <seagirtYawlerTwicer invileAnoiaFuriant="boroughFluty">
        <sissooAuget>zinckedAided</sissooAuget>
      </seagirtYawlerTwicer>
    </ramage>
    <cableSubportSooper>
      <aylessBugara>johann</aylessBugara>
      <miswireHearths hesper="maddestOffwardBobo" goodie="rotulaBaluba">
        <persisHeartsCapouch>10</persisHeartsCapouch>
      </miswireHearths>
      <ottomanDerog porcHeady="coquetAgnatic">
        <cranklyBlintz>2928464</cranklyBlintz>
      </ottomanDerog>
      <arnut tinsel="76">
        <cobbing>absvoltHamaldPureayn</cobbing>
      </arnut>
      <tiao tarocsCabomba="minumMedietyCutins" adoRummyAknow="vice">
        <gabbai>abede</gabbai>
      </tiao>
      <hulchy samplesWheensBambos="hafniumSoothlyRaster">
        <tarveFemininOutly>suhuaro</tarveFemininOutly>
      </hulchy>
      <marilynStemmas ammo="ashedGdinfoSuckeny">
        <xerosesFaddismCraunch>leakersSprier</xerosesFaddismCraunch>
      </marilynStemmas>
      <gnosticAlumnusOughted awheft="cohobaSlackerTieboy">
        <lanierRicht>oranteTentage</lanierRicht>
      </gnosticAlumnusOughted>
      <panagia>
        <poleisWincer>5</poleisWincer>
      </panagia>
    </cableSubportSooper>
    <sacrumSaviorEnfaced raggil="camaileHdbk3863" meminnaBagneMinicam="uferCoyingAbide">
      <tarieSheeted>stoupHurtsRose</tarieSheeted>
    </sacrumSaviorEnfaced>
    <debiteSalviaMartext>
      <avaShoed>reboilRevertAlbergo700</avaShoed>
    </debiteSalviaMartext>
    <cornageSuetAttends bergSilicic="ferv" holloesPuggier="6020299" peroneNeckingSerow="81">
      <cavortsJousts>664</cavortsJousts>
      <imparkForhooyHillos lectDeboner="drainedClaves" outseekVelariaBleep="ukesScranky">
        <purge>thornsTokelau</purge>
      </imparkForhooyHillos>
      <treppe quahaugSeponeRoguery="arenose" afd="rebosaPossets">
        <flouredCollage>shall</flouredCollage>
      </treppe>
      <twain>
        <illegalRyukyuPomonic>gurianAnginal52</illegalRyukyuPomonic>
      </twain>
      <bouffe hangarBracedTackies="soordTintie" occiputMattaro="amusersCommies">
        <violonSchwa>201</violonSchwa>
      </bouffe>
      <actinalBaul choukaAlruna="38989">
        <straike>carport</straike>
      </actinalBaul>
      <slaking>
        <chaotic>abn</chaotic>
      </slaking>
      <unwitsPetkins subnets="parsic594">
        <scranny>waftyAga</scranny>
      </unwitsPetkins>
      <holloasHendySerac flathatNevome="gilly" mutchesGlene="lankerShip">
        <amirsKief>assents</amirsKief>
      </holloasHendySerac>
      <cabackTwixtPyurias>
        <cembalo>brasil</cembalo>
      </cabackTwixtPyurias>
    </cornageSuetAttends>
    <toral pinot="26">
      <didnaMossieWishmay>trompsSantaliRooses31</didnaMossieWishmay>
      <cunan unsoot="untuned" wagonCrenelsComfit="iridizeDodoma">
        <flectCuit>lickerDakotanCoaxy70</flectCuit>
      </cunan>
      <trillAmomumEgotism uvular="8240">
        <thingy>sassesTyrosKefiric</thingy>
      </trillAmomumEgotism>
      <mirlyPutealMedica cressFumiest="avidinsRowthsVeals" balli="geckoid">
        <splatch>prams</splatch>
      </mirlyPutealMedica>
      <frecklePattle>
        <fiveIndazin>frettedCogenerGavials40</fiveIndazin>
      </frecklePattle>
    </toral>
    <cordedTinsyColoss gangdom="466880504" burgh="currsTagtailBrett" mandyasTabardsWoidre="2">
      <noddleKickDregs>748820</noddleKickDregs>
    </cordedTinsyColoss>
    <kowtows>
      <seriesTitmiceOdorize>toorock</seriesTitmiceOdorize>
    </kowtows>
    <shapesBroolMuches beedgedBemolt="chambulAmurca">
      <lustsErugos>dionisePolyveOutrave</lustsErugos>
    </shapesBroolMuches>
    <rubHamaulDerat linableArrestsDiscoid="yelkPrases" ctge="fantomWindockVeduis">
      <buddingBotulinPrearm>6835</buddingBotulinPrearm>
      <euterpeEnrankSchmalz amaraTroupeAlexin="jettruTofore">
        <aerifyMoismPapoosh>409</aerifyMoismPapoosh>
      </euterpeEnrankSchmalz>
    </rubHamaulDerat>
    <merlinPrecoceSika agroofLakhsAiring="roilierChmn" quitter="rammel" hunchetEtheric="83071719">
      <euripusUracilsPlomb>futuralIllupiLowell</euripusUracilsPlomb>
    </merlinPrecoceSika>
    <vetoing oxalisSowbackVoling="anvilNuclear">
      <summulaWrinklyPoplins>eobiontDuftiteCapryl</summulaWrinklyPoplins>
    </vetoing>
  </elytralHaenUprive>
  <banefulDucatoCerine marginsAyubiteIncord="imagenScallomSnorts" />
  <guanosBusmen sykesMiguelUnample="redroot" monsoni="wrossleOpposalEnwinds" tiller="relearnAlacranHumps" />
  <palatuaPresesBlowers rouperAdmixesHasting="thulium" rodwood="sordoGumbosPappies" fubbyAltersResiny="dravite">
    <quendaAuxotox>
      <lianeStarker>9</lianeStarker>
      <anthropCadelle buyidesFlaxesPippins="swa153">
        <galere>67172854</galere>
      </anthropCadelle>
      <stoitBolas dayless="angleCartage">
        <lenMetoac>brasset</lenMetoac>
      </stoitBolas>
    </quendaAuxotox>
    <araiseErminedReroot>
      <sabbyTrialWaring>retinas</sabbyTrialWaring>
      <regradeTiceLaden thillyAnthemy="rerankPurreic" darkestSliceOchre="80408">
        <jerkish>anabata43</jerkish>
      </regradeTiceLaden>
    </araiseErminedReroot>
    <encupPioneer>
      <muskishDoglegs>outkillPotteen</muskishDoglegs>
    </encupPioneer>
    <closes>
      <knezSonnets>5</knezSonnets>
      <enquiry>
        <trapishBungle>coan</trapishBungle>
      </enquiry>
      <toistHemadGrainy hamzahGobos="indnErrhineCodas">
        <toxifyReeperHassing>gapesChalahs3047</toxifyReeperHassing>
      </toistHemadGrainy>
      <kogasinVocBoggart>
        <kalesMangold>9488389</kalesMangold>
      </kogasinVocBoggart>
    </closes>
    <cresoxyBoguing cuestaTilapia="granula" opacous="pyknicsFidget">
      <funfestLoran>alewhapNiyandaIta</funfestLoran>
    </cresoxyBoguing>
    <bookishCoelomaChafed nunce="artists">
      <crash>niggery</crash>
      <coteenPregust fondly="2">
        <vrbaite>paggle47</vrbaite>
      </coteenPregust>
      <amine>
        <tivoliGargle>marrock</tivoliGargle>
      </amine>
      <waulingChittedLooed baalim="almnersWanierNeronic3" discamp="gavelCoe">
        <wambaisVawsUnharsh>erectlyBuenas</wambaisVawsUnharsh>
      </waulingChittedLooed>
      <cestodaWappatoHeron>
        <edo>pyxes7810</edo>
      </cestodaWappatoHeron>
      <torontoRebeget>
        <sthenia>folliesTutania</sthenia>
      </torontoRebeget>
      <cratonCothishFilmed streamyMulctsNaomi="38" dentateBaloo="43">
        <spuingAchenHeavers>epizoic</spuingAchenHeavers>
      </cratonCothishFilmed>
      <gnathalRenninsEngloom auscult="historyMarblyBruta">
        <grumpKachchaDef>1097045</grumpKachchaDef>
      </gnathalRenninsEngloom>
      <rafterBreachy>
        <slaveAlpid>cardoon</slaveAlpid>
      </rafterBreachy>
    </bookishCoelomaChafed>
    <ileusesAxillas>
      <caudexCorollUnnaked>18382</caudexCorollUnnaked>
    </ileusesAxillas>
    <biblistOorieEsquire>
      <tetraElegit>87516024</tetraElegit>
      <icicle net="feagueMahone" mazardsIntaker="kulak1">
        <helibus>shoutHalibutAcrawl</helibus>
      </icicle>
      <fullishNadderAgnatha>
        <zingersUnnaptNog>piannetKelliaLutayo</zingersUnnaptNog>
      </fullishNadderAgnatha>
      <sergipeStiflerZipper swirlyVins="umbertyDingeNavvies8004" spoutGallineIwbells="presses">
        <redheadContune>lekBejel</redheadContune>
      </sergipeStiflerZipper>
      <pavings>
        <dirigeOphiticJehovic>moraGlial35</dirigeOphiticJehovic>
      </pavings>
      <blumesFitroot divvies="nacrine" crapped="moorhenLeese">
        <besnuffNacelle>1859</besnuffNacelle>
      </blumesFitroot>
      <moghanCompert saystOutflueLowe="boner" bendeesWronglyKedge="surcleBobbies">
        <sifter>unmoistMobbers</sifter>
      </moghanCompert>
      <accuseQuellsEgoizer>
        <ginneryZolle>theelin</ginneryZolle>
      </accuseQuellsEgoizer>
      <woodlyBurbolt rooti="talweg">
        <pectenRabotEmpaper>igniterRumble</pectenRabotEmpaper>
      </woodlyBurbolt>
      <holiJessHydroa>
        <undenHerl>unnessSelsyn1659</undenHerl>
      </holiJessHydroa>
    </biblistOorieEsquire>
    <totanusSighted>
      <obtundsDoozy>sievingAdits</obtundsDoozy>
      <rigorsEudemonMauger>
        <commandWorthsMuguet>denom268</commandWorthsMuguet>
      </rigorsEudemonMauger>
      <weavesTeleutoCorrie rainoutBarnmen="1706">
        <norfolkHyeAscetta>dedoSurreyDowment</norfolkHyeAscetta>
      </weavesTeleutoCorrie>
      <weakensJokist othmanUncopeBucker="pardine12" gowdy="369">
        <knoppy>corsakGuffawsSpools</knoppy>
      </weakensJokist>
      <anguis fositeElemGreking="8910095" thicke="1375">
        <shoppeGothScripee>cultureNonbusy</shoppeGothScripee>
      </anguis>
      <yattersCheddar diambicBloomTwines="cutoseBecherSeventh" almudesAngled="5">
        <sucuriuJernieRectos>flopperLavehr</sucuriuJernieRectos>
      </yattersCheddar>
      <psoitisJockosTowner jitneysNitricAdeptly="spyismMama" vesicae="whilkutCrusetsEthynyl">
        <meccanVernantNexus>phonicsDatchasTernary184</meccanVernantNexus>
      </psoitisJockosTowner>
      <platoda class="stichidNeela">
        <quartaDromos>634083316</quartaDromos>
      </platoda>
      <morpheaAlkalic truth="adopt">
        <marlTorteauShakudo>98</marlTorteauShakudo>
      </morpheaAlkalic>
      <outkneeTheo cundyTowser="incudesMunj" nowsChest="smashupAlaska">
        <shochet>519572</shochet>
      </outkneeTheo>
    </totanusSighted>
    <moppers mallus="tympanaGauntly" unownedSlimYukata="hadarimAbdaliUnguent" bumbassCanaan="shapFactureWhets">
      <origami>petemen</origami>
      <avidousDeathyTwifoil sexpotComiteZits="13">
        <sashayShikkenRenigs>16759</sashayShikkenRenigs>
      </avidousDeathyTwifoil>
      <gugletsAlnage foetureAbcissaUnhave="playAngorasKafirs">
        <eloahSophene>musicaBobberyFoeless</eloahSophene>
      </gugletsAlnage>
    </moppers>
    <toto lurefulDanglin="201">
      <altify>416591</altify>
    </toto>
    <abandumAdipsy>
      <kachin>chunder</kachin>
      <galeae>
        <towageScog>sfm</towageScog>
      </galeae>
      <moltersSarsensReaved truvatOmelets="betutorOwk12">
        <punese>acacia</punese>
      </moltersSarsensReaved>
      <hibbinFister>
        <kurubaPics>naganasEmpearl</kurubaPics>
      </hibbinFister>
      <legatedDiedCopaiva riden="celosiaSummatDialin">
        <reekers>cabretPackly</reekers>
      </legatedDiedCopaiva>
      <italyForhooTurp tutballBipacks="cannatSnouterTumps">
        <cumularMurrs>larchenLooieEmoloa86</cumularMurrs>
      </italyForhooTurp>
      <chilinaNutriceCrackle geneseeGalchaDeanery="864160063">
        <wanklyWolterCalumba>adonai</wanklyWolterCalumba>
      </chilinaNutriceCrackle>
      <hagbutsToolsiGowdie>
        <veniresTopworkServite>baredZymite</veniresTopworkServite>
      </hagbutsToolsiGowdie>
    </abandumAdipsy>
  </palatuaPresesBlowers>
  <hothead crotin="bearderAbdBouton267" />
</abd>