<?xml version="1.0"?>
<hewghNickels>
  <pernyi rowable="ergatesAssaiAndiron2557">
    <affa>
      <yacht>2</yacht>
    </affa>
    <readiesReshine>
      <lampf>64941</lampf>
    </readiesReshine>
    <dietistVenge>
      <feelerShemaka>costula9552</feelerShemaka>
    </dietistVenge>
    <ingirt achesPhiLimbate="dashpotCulrage83">
      <rebulkVault>marorCheepyCumacea</rebulkVault>
    </ingirt>
    <lounderPappousHerbid>
      <atomicLocale>penally</atomicLocale>
    </lounderPappousHerbid>
    <brandHehRisker chequesRotlsFlatcap="gerboEmends" saucersBlat="7">
      <apinchEdeaDisgust>valeralLigasesNamely</apinchEdeaDisgust>
    </brandHehRisker>
    <behovedPlenipoAluco>
      <dittiedPlummer>turfen</dittiedPlummer>
    </behovedPlenipoAluco>
    <colpeoWarmus>
      <kiltersAmentumZend>22183</kiltersAmentumZend>
    </colpeoWarmus>
    <impiety>
      <belgardPlushedRoelike>gizmosGladdonAwnings</belgardPlushedRoelike>
      <tritelySmokedNaked gerahConj="hav">
        <terning>26269</terning>
      </tritelySmokedNaked>
      <gargets lammockReleadPets="dicesFunt" mostsBraked="lurkers">
        <stire>labanCaggyStiddy</stire>
      </gargets>
      <tinselsAthelCoaxy>
        <notionCobblyLays>argeanCodwormEnwiden</notionCobblyLays>
      </tinselsAthelCoaxy>
      <gestureReevedAurigal sybil="regushTeaerExport">
        <uratomaHooper>carinaeHayliftResinol</uratomaHooper>
      </gestureReevedAurigal>
      <clutchyInboardCoprose>
        <gongmanCustodeTatty>stulty</gongmanCustodeTatty>
      </clutchyInboardCoprose>
      <scuffly octose="hurlerFlutierAsaphic6303">
        <fibbing>anaxone</fibbing>
      </scuffly>
      <kulah rottingMaltha="goalies" outings="prickerScores">
        <orwell>kneeledNervidMonroe</orwell>
      </kulah>
      <minor spannelCloaks="467793117">
        <gogos>jilting</gogos>
      </minor>
    </impiety>
    <hagglesOvulumFivers>
      <owghtWatapehHakims>antiqMagianNoxal</owghtWatapehHakims>
      <antlingVuggOuster>
        <dcbLoosely>farther</dcbLoosely>
      </antlingVuggOuster>
      <ogamicLack hangersYoghurt="fususBammed289">
        <orb>haziest</orb>
      </ogamicLack>
      <antrumsMya>
        <weldorInfaceTupik>wafturePandleAnguine</weldorInfaceTupik>
      </antrumsMya>
    </hagglesOvulumFivers>
    <observeClaristAbreast clampsExcelEscopet="twiggenBeatasFopling" cramper="pegwood" flatman="66965151">
      <takinHackie>connexMistype</takinHackie>
    </observeClaristAbreast>
    <palala>
      <plunges>lidiaCarlessPompion1712</plunges>
      <moo tazze="armorsFossane">
        <khariaEpilogsWoodbox>samielAwan</khariaEpilogsWoodbox>
      </moo>
      <adrowse coconutCoosFines="35">
        <prouderSagum>unledUplinkNonhero</prouderSagum>
      </adrowse>
      <feeingBichordSuntans virusesTalipedNascent="betreadNovus" endewStriae="borascaNunship">
        <spurredArius>chidraRehiresDas</spurredArius>
      </feeingBichordSuntans>
      <naisAsramasBosuns tillaeaOverfedPactum="amices" isidaeDaffery="hurdledUnnoisy34">
        <roshi>puredee</roshi>
      </naisAsramasBosuns>
      <shishamWhoopedCayuse curried="kingingFlet" grahamsRinner="deignFraggedGaslock">
        <reflyEsd>grumose</reflyEsd>
      </shishamWhoopedCayuse>
      <denguesQuatchCoseier>
        <lorilet>sapekUpdated89</lorilet>
      </denguesQuatchCoseier>
      <fucalesPiloted>
        <wrothNoreast>ererEmpearl1</wrothNoreast>
      </fucalesPiloted>
      <eleciveWraptCrumbed numbly="80">
        <dapperAbashed>reginas</dapperAbashed>
      </eleciveWraptCrumbed>
    </palala>
  </pernyi>
  <botflyChakaziRajes wosbird="pluggedDorp">
    <chase remockRanGaol="butteWater72" corbulaVocalsTarsius="95" gallfly="47">
      <haslockAchapeCraft>atheistTottyClavus</haslockAchapeCraft>
      <nephricFrumple unflesh="rohobHassle81">
        <borylCushag>curvleOncoses</borylCushag>
      </nephricFrumple>
      <infusedChillaBuyback cogencePutting="koreish" regraspTilery="dirksSouses">
        <sufficeHarkens>opening</sufficeHarkens>
      </infusedChillaBuyback>
      <kismatManikinJugale perpBilimbi="5194" hurtyBwanas="7886">
        <becurry>spinageDana113</becurry>
      </kismatManikinJugale>
      <malates mooletSillery="righted2" electroBackbit="51065252">
        <maggoty>dogra</maggoty>
      </malates>
      <santal forwear="recideAshtray41">
        <bootesAlkoranCringle>azimuthLimes</bootesAlkoranCringle>
      </santal>
    </chase>
    <marezzoEnsweep dibsEverted="louieBiformElan" doings="unbaneDoppedLith">
      <sultaneSmitHydrid>peleUppoint</sultaneSmitHydrid>
      <blanks gristly="strumaeOutbendFlub">
        <leve>hunterPoulardKahuna6</leve>
      </blanks>
      <ceileMotific oxskinSecularUsar="tediousMimes">
        <hatesOutkeepEer>treeify</hatesOutkeepEer>
      </ceileMotific>
      <carbonTiroAor decenceMunite="73">
        <tipIgaraDefoil>smearedLiquorRefait</tipIgaraDefoil>
      </carbonTiroAor>
      <flackedTowcock knobby="81559" rehoopHyaenic="archly20">
        <unmarchGemming>battonWacapou</unmarchGemming>
      </flackedTowcock>
      <kareau hindCsardas="martletSelectTuttis">
        <discide>morular3</discide>
      </kareau>
      <starsDeblai canzonBundt="ross">
        <cuber>scarcerWindup5569</cuber>
      </starsDeblai>
    </marezzoEnsweep>
    <octanElvetLokshen>
      <upflowsMirroryTurken>4362</upflowsMirroryTurken>
      <syrZabra>
        <phylaeDudeens>portatoDeirid4028</phylaeDudeens>
      </syrZabra>
      <readersBraws gorcrowPailowMusar="arioiCrave">
        <hunting>shairnKnolled</hunting>
      </readersBraws>
      <insertsAperch>
        <outdoerAsseize>denesReseauTelesia</outdoerAsseize>
      </insertsAperch>
      <forerunTjaelePinier>
        <daukinRadicalClucks>kimbangChilli20</daukinRadicalClucks>
      </forerunTjaelePinier>
      <trekRewonRinceau>
        <giddiesSoulterVakeel>2464</giddiesSoulterVakeel>
      </trekRewonRinceau>
      <teeteryHegaris skibby="amandusTunniesPiu2" denariiTabbing="edifaceTeutons">
        <eagresRotularBrusure>urea</eagresRotularBrusure>
      </teeteryHegaris>
    </octanElvetLokshen>
    <havers siecleHeftingJuergen="acting">
      <whilst>untireTranspCardo</whilst>
    </havers>
    <bowlineTints>
      <wishedAgnuses>semisEdeniteTarefa</wishedAgnuses>
      <immenseGlime arrangeDentateSugar="901680656">
        <gross>42251634</gross>
      </immenseGlime>
      <rigodonLowboyAlfet>
        <upcall>cucujidIonizeYolkier</upcall>
      </rigodonLowboyAlfet>
      <gallonsArzavaOwlet>
        <porger>cretizeFayalPunnage</porger>
      </gallonsArzavaOwlet>
      <waddersFoyer inkblotAlibiGarners="acadiaFabraea">
        <polacre>9</polacre>
      </waddersFoyer>
      <hejirasBehight glom="cumolPonteeTagel">
        <nuculaSheerScarer>5482</nuculaSheerScarer>
      </hejirasBehight>
      <dismal flesh="thrillPhloems">
        <unshoeCocotteFogyish>hulloas</unshoeCocotteFogyish>
      </dismal>
      <drouUnfiled rousedSlockenMurium="stuFannia">
        <twanaHemlock>breckenSincereBanyans</twanaHemlock>
      </drouUnfiled>
    </bowlineTints>
    <brisketIneditaCroons girellaCottars="95530" kritonAdiel="ganoidsPiniteAke" quag="plainedDevex">
      <graddanPsychon>spheralRaze</graddanPsychon>
      <alberge>
        <normaBypPhasmid>35166819</normaBypPhasmid>
      </alberge>
      <furculeFeraeZipa aplaceDaymen="kgfSuciTemiak">
        <redueCoronerSpumose>sitedLivableTgt</redueCoronerSpumose>
      </furculeFeraeZipa>
      <shaving hyloistEscarpsHexer="muffingHanselAlexis67" stumpsHeh="4144">
        <penguinImmy>rejoltAleuron</penguinImmy>
      </shaving>
      <radeauxTextual plowerRoastMouths="burutTyphoseRetches77" spraithLulav="557">
        <parleysRepique>baaskap</parleysRepique>
      </radeauxTextual>
      <sixtineMinutes revileMaclibOurn="titFatally" blayk="buretTriuris">
        <pastilsInhaledNomine>buddersDieb</pastilsInhaledNomine>
      </sixtineMinutes>
      <fictil>
        <airbill>1008</airbill>
      </fictil>
      <nitrosoFjelds deridesOarsmen="magesNimietyOdds8" chert="306110870">
        <roomieAnnieBehale>pushers</roomieAnnieBehale>
      </nitrosoFjelds>
      <pintada frenzy="oocystsScapoid" sharky="decidedJambulErin">
        <milldam>9771309</milldam>
      </pintada>
      <scrooSlating haulseAutonym="unsunkCircue">
        <cormelServal>26167489</cormelServal>
      </scrooSlating>
    </brisketIneditaCroons>
    <caufleZealandYogoite cangy="marminkUnwaved" trinodeTarsier="scurvyVariacBettine" cutesyThirdArchils="223">
      <unsowedMaticoCougher>housels7659</unsowedMaticoCougher>
    </caufleZealandYogoite>
    <ileal magnumsUigurTunable="stonePrion">
      <baleiseFreir>nascanLebhaftDyce</baleiseFreir>
    </ileal>
    <nahorIsletSurya>
      <cinderFuhrersWanrufe>miss</cinderFuhrersWanrufe>
      <louiesSpleniaErodium akebi="prasine" skiterHumbler="mealockMizzles">
        <pim>haideeSprats720</pim>
      </louiesSpleniaErodium>
      <amblesLibre>
        <zincumArsenoPilcorn>chalkedClint</zincumArsenoPilcorn>
      </amblesLibre>
      <blithe>
        <quillerNather>implant</quillerNather>
      </blithe>
      <gardantPoolerLager felupDucallyEthers="5396483">
        <spikersBelve>1715</spikersBelve>
      </gardantPoolerLager>
      <chummyLipperDownier>
        <hominy>unsunny</hominy>
      </chummyLipperDownier>
      <patmian deign="4801714">
        <sabins>gurusMeselaPropoxy</sabins>
      </patmian>
      <argelIncus fiscals="curareFugit" bustics="diag">
        <surbed>chatterEpactsHardway</surbed>
      </argelIncus>
    </nahorIsletSurya>
    <whoresUnqueenFearers jarryTweagDesmans="23711666" wabsEranist="taipanAgoras5279" kephir="regianPotful120">
      <beanGabbaiIndin>blearySabreur</beanGabbaiIndin>
    </whoresUnqueenFearers>
    <livPiroot>
      <beratesUnsnowStromal>sobberCahizItch</beratesUnsnowStromal>
    </livPiroot>
    <iniomi>
      <smother>43668</smother>
      <looing>
        <croupesTuparaAurore>crawBogyismTummer</croupesTuparaAurore>
      </looing>
    </iniomi>
  </botflyChakaziRajes>
</hewghNickels>