<?xml version="1.0"?>
<betrayMekiltaIoni>
  <triggerFascineJunking kojang="whangArrgtSetiger" alignerEpisomeTridra="froggedGereCavally" enduroArayne="72">
    <tandleSubsCumara wirilyBadgirSellers="5103169">
      <round>outrace1662</round>
    </tandleSubsCumara>
    <infreeInworksAjiva>
      <taoism>robustVicaryCariama</taoism>
      <rasonJalapa rainilyTewel="45454804" caynardSwash="recocksHatband">
        <soyaFrument>nectronAwedly</soyaFrument>
      </rasonJalapa>
      <ensnarl allodia="assembl2">
        <chunterVenule>shuntedRafflerBrouze</chunterVenule>
      </ensnarl>
      <fanti iwaiwa="1" rooinekDwaible="feePalmed">
        <kennoPimanWealds>72373651</kennoPimanWealds>
      </fanti>
      <eadishAtwainOutwoe cicutaGrubby="undererSexily">
        <curerVentose>semic</curerVentose>
      </eadishAtwainOutwoe>
      <befallsLyraid atreticBaylikeTropeic="wenchesCroniesBelched692">
        <pingueHosierKinnor>ozonicLoroPrance</pingueHosierKinnor>
      </befallsLyraid>
      <lysine vestige="1352676">
        <oolitesBabblesCulver>goldestRibs</oolitesBabblesCulver>
      </lysine>
      <pubianSlete>
        <angieLcdUproute>kathodeJingalsPestis</angieLcdUproute>
      </pubianSlete>
      <strayerThewedTube>
        <prauMixe>moviesSchismLeafboy</prauMixe>
      </strayerThewedTube>
      <apologHussarMinunet>
        <preheat>575</preheat>
      </apologHussarMinunet>
    </infreeInworksAjiva>
    <shackly>
      <gyrosynCredoObeism>clamorsJauntsRotaman</gyrosynCredoObeism>
    </shackly>
    <ferine>
      <hawkeyDeltaUngulae>peining</hawkeyDeltaUngulae>
      <shragNautili exarateElchee="plummet" contesVermix="fistle76">
        <chicker>924</chicker>
      </shragNautili>
      <emeraldRingtaw>
        <shikkenTuttiPeorian>arn3</shikkenTuttiPeorian>
      </emeraldRingtaw>
    </ferine>
    <atamansNiddle cosmine="goosedCajoleTerned" zurliteCogenceDaftly="yanan">
      <noisingIcbm>swamyBrumbee</noisingIcbm>
    </atamansNiddle>
    <ciphonyBodwordVicara>
      <tows>waflib</tows>
      <carrys>
        <overhip>impalsy</overhip>
      </carrys>
      <shakuGoobers vendagePerishSmiled="tresisMewer" proggedDuettoGhettos="chookyFinallyStub">
        <prenzieCapilliEclair>eggcupsAudit</prenzieCapilliEclair>
      </shakuGoobers>
      <trangamAnasMymar onagersStabs="inlessRadioBurele">
        <codderPlinks>carayanFanega956</codderPlinks>
      </trangamAnasMymar>
      <puddle>
        <dumpleRajpoot>adapted</dumpleRajpoot>
      </puddle>
      <uretersOdacoid>
        <whiter>combKennedy7</whiter>
      </uretersOdacoid>
      <karvarPicardSpik>
        <sloop>lopesEaglet3806</sloop>
      </karvarPicardSpik>
      <catonicMisstopSubdure odonticCypres="matapiFram">
        <rinsedChiniks>wastesSalpidDesman</rinsedChiniks>
      </catonicMisstopSubdure>
      <tunneryAquinas planks="triduo" dinkies="impostWhelve">
        <myopeToping>65853</myopeToping>
      </tunneryAquinas>
      <dripsRho>
        <rightedLine>agarArduousHeygh</rightedLine>
      </dripsRho>
    </ciphonyBodwordVicara>
    <honeysMahdismCiao layout="jumpsFeastsSarrow" allahFledge="484" unbaked="lipomasSonhood">
      <bolo>misbodeGate</bolo>
      <conoyFdub>
        <sabrinaLays>hames</sabrinaLays>
      </conoyFdub>
    </honeysMahdismCiao>
    <ouijaEcurieDarky>
      <conchs>skidKickoutPudu</conchs>
      <erica ensureEnfarceRandia="biotopeWees">
        <fluxure>jinchaoThorp</fluxure>
      </erica>
      <unaptly arewBiofog="cputime" athanor="oopak">
        <rajaOxamicWiden>wrestleRumbas</rajaOxamicWiden>
      </unaptly>
      <cloop>
        <bigamTrifoly>versaEomeconCahoots1</bigamTrifoly>
      </cloop>
      <goodbysLosangImpubic payaguaTensorManak="trtKabuki">
        <drenghAcademeSown>lyopoma</drenghAcademeSown>
      </goodbysLosangImpubic>
      <karma>
        <fulgourSwipple>272</fulgourSwipple>
      </karma>
      <beknitBuphagaPonos>
        <hoagyAegipan>samkhyaEnsure</hoagyAegipan>
      </beknitBuphagaPonos>
      <mightly>
        <gallah>4</gallah>
      </mightly>
      <vicineGodivaTanghan>
        <hagdin>willet169</hagdin>
      </vicineGodivaTanghan>
      <alichelCediNaf dabbyBoombox="fopshipZinkTubed">
        <barsac>patronsCabaanNovas</barsac>
      </alichelCediNaf>
    </ouijaEcurieDarky>
    <lamming pronaosEndura="clinic">
      <infare>zoccoloPau</infare>
      <knurly ebbsAnagramBugara="betutorMaristHawkie" gorses="piddockWouldstPochote">
        <braizeEmbays>arsons</braizeEmbays>
      </knurly>
      <venineStaired>
        <circusy>817</circusy>
      </venineStaired>
    </lamming>
    <fardedGerminaInfall hymnistHuashiFurmity="cambalo" dashNiterYao="swackUnsawedForcet" ahuaca="credere">
      <braccaeDist>20171</braccaeDist>
    </fardedGerminaInfall>
  </triggerFascineJunking>
  <ferbamOccultQere />
  <plussesTsarist bathkol="irrisorJunctorBlinds" beanieHubbBact="cornedPapyr" icefall="futtah" poled="8" />
  <harpinRootGujerat rarefy="sattvic" frizadoPanade="tollEjidosAbilao" intuito="dennet" tabersIngleWaggle="varletsRhapis3935" />
  <petardsMyaliaEdgily chumpCaplin="debug">
    <witlingWaftage>
      <passCapelin>ozonise</passCapelin>
      <immiesRimierTofus prepdQaid="doojaCoccid" bedrailTrigs="skiftDitasRisqu">
        <tods>elmwoodOverdidWarpers</tods>
      </immiesRimierTofus>
      <voices etching="341">
        <besaile>42</besaile>
      </voices>
      <tarsome crith="smiley">
        <expFeints>herbDomajigPorted</expFeints>
      </tarsome>
      <nizamQurti dandlesFugues="conchPoppied">
        <chalkosWrinklyHelver>saxishZamiaSaluda</chalkosWrinklyHelver>
      </nizamQurti>
    </witlingWaftage>
    <arboresConimaPourris>
      <heiled>genetteMedeUdic</heiled>
      <maillot reblockMoxieExomion="eire">
        <slipupJurant>wournilSkinkle</slipupJurant>
      </maillot>
      <modRuly degree="7031098">
        <mittleBudtime>526220</mittleBudtime>
      </modRuly>
      <bangleSpinny sexfoilZooperyBadaga="eemisMange">
        <oidiaAymoroCarone>929</oidiaAymoroCarone>
      </bangleSpinny>
      <fades quicker="uplandsHekteus" upgazeAiblins="rucky4968">
        <sibnessSweetsGrammy>dadasUnioval</sibnessSweetsGrammy>
      </fades>
      <whine mailing="puruhaLegged3">
        <queazenCurlikeDisked>5657</queazenCurlikeDisked>
      </whine>
      <bunnKelson>
        <inhumerBrightsBarsom>472095181</inhumerBrightsBarsom>
      </bunnKelson>
    </arboresConimaPourris>
    <kyoodleProteicOthello>
      <kevinJubhahs>quinoyl</kevinJubhahs>
      <cavingsKailStiped signoffFloitPoliad="lycidae4823">
        <swagesAbrim>glaukeBrushed</swagesAbrim>
      </cavingsKailStiped>
      <gromilIsnTanguin nippier="aditalDumose" pitchMaedUndee="fastly43">
        <bursts>tapsmanGuacosQuaighs</bursts>
      </gromilIsnTanguin>
    </kyoodleProteicOthello>
    <succisa>
      <canthiEntailWarrok>cuppasSurfyWhids</canthiEntailWarrok>
      <numeroOars>
        <petune>aurene</petune>
      </numeroOars>
      <onaWrang rhagonJuza="unprestTercio" buteneWilds="orchardPackly">
        <grapeOhing>feasantBlake</grapeOhing>
      </onaWrang>
      <warnersPunks levaRerolls="sovietsExclave4243" trigo="wabberDosed">
        <eponymyPucciniRiff>parsesOutwashYielded79</eponymyPucciniRiff>
      </warnersPunks>
    </succisa>
    <diasterHokan>
      <diolsClagsHiked>97847991</diolsClagsHiked>
      <chukkas velouteGainsetUnit="sudsed">
        <tignon>essoign</tignon>
      </chukkas>
      <chicoryAtopies dollop="nimbedToston">
        <fouterAcc>99955486</fouterAcc>
      </chicoryAtopies>
      <hairofJacketsNetball boatersPrepuceIndium="glances" pinkeysStartyLoquats="dooringSojournDialled">
        <arshin>radioedCaum83</arshin>
      </hairofJacketsNetball>
      <cussersTweedleApism>
        <difda>83303</difda>
      </cussersTweedleApism>
      <dismain brickelIcticSoverty="pingue4" ousia="524760763">
        <preeditUsent>thakur</preeditUsent>
      </dismain>
      <assoria>
        <yukiCostean>killochConny</yukiCostean>
      </assoria>
      <reefsPilotsMis>
        <tarataGrippes>toff</tarataGrippes>
      </reefsPilotsMis>
      <sargoTeguria copia="lof" getah="lunula">
        <dyeline>219</dyeline>
      </sargoTeguria>
      <arrentGoolde>
        <eonsMaoists>inigo7008</eonsMaoists>
      </arrentGoolde>
    </diasterHokan>
    <tembeGirbaNeeger>
      <luddyOgreLacings>baroqueDebtful4</luddyOgreLacings>
    </tembeGirbaNeeger>
    <orewoodHorizonLittery>
      <flingsSollyaSuasory>castockKirverToshly48</flingsSollyaSuasory>
      <enserfsCliptDochter verekHgtTiturel="couthly2167" witneysGrabby="9">
        <sonoricRater>87</sonoricRater>
      </enserfsCliptDochter>
      <rovingsKartvel yarner="rubrail">
        <fingallDrafter>brummerPonticGrilles21</fingallDrafter>
      </rovingsKartvel>
      <unaddPaizing>
        <secableSpuddleGiggles>80097</secableSpuddleGiggles>
      </unaddPaizing>
      <musciMamona beardomLaidly="bolusesAmbachIsatid" cracoweDecoSwathes="83932858">
        <averinSorboseYeses>412719</averinSorboseYeses>
      </musciMamona>
      <ursine>
        <idalia>244880</idalia>
      </ursine>
      <manas>
        <pergolaDabbles>capperAxiferaSwails589</pergolaDabbles>
      </manas>
      <polis mandeGrainerOsmunds="begohm" chimblyDingedTrav="cineAdducts">
        <jew>studiumUngoutyBoreal2</jew>
      </polis>
      <pinoliaApieceObolet>
        <bengolaSilure>ride</bengolaSilure>
      </pinoliaApieceObolet>
      <argoticSyssel>
        <vehme>spivvyTunably3</vehme>
      </argoticSyssel>
    </orewoodHorizonLittery>
    <sails>
      <limingAnnex>pukerDesexDixain</limingAnnex>
      <chidraKitterTumli knubblyCapo="trashCheapos" darlingCallas="pintanoChargeBaeria">
        <bausondUnweptIrishy>upfieldMapleWardian13</bausondUnweptIrishy>
      </chidraKitterTumli>
      <sorghoWeaversHum hiramTetroleWusp="belleAlluviaMincer67">
        <digestsGolderThusly>likenedRepavedPilikia</digestsGolderThusly>
      </sorghoWeaversHum>
      <credalMelba rimersWargus="chirredEvzonesAwane855">
        <amt>sturdyYaffilAstasia</amt>
      </credalMelba>
    </sails>
    <cervixPrep ootwithRebopsAdrench="574827853">
      <maughtCarped>nostoc</maughtCarped>
    </cervixPrep>
  </petardsMyaliaEdgily>
</betrayMekiltaIoni>