<?xml version="1.0"?>
<virionRapinicHap>
  <bulkage harmon="tiercedPeiping3" oceanus="obisPavlovHame" holkLitany="wormerSixteen" />
  <cumulus binfulOutbeam="treeify" spread="besaSwizzleCowherd" rankly="urningGairBeaner" rebopGunkyEthinyl="aurangMargery" />
  <scaphe terranCozilyPopshop="512417545" chewinkDeloul="10709174" salsaLongjawKiaughs="rikshaDaywardChulpa6676" kinemasLiquifyAmuze="27212">
    <gerontArgutaPlovery>
      <renkDorianLased>antaresOutreSheened</renkDorianLased>
    </gerontArgutaPlovery>
    <demon>
      <gashful>32084972</gashful>
    </demon>
    <bugbane lammer="heelersCoriinChoregi" farishGeogeny="ratableAdreadLynne3004">
      <zebrinaJoeys>outwingNiggot9406</zebrinaJoeys>
      <nellieBrowsesAlba>
        <ablate>skinker</ablate>
      </nellieBrowsesAlba>
      <kurmiScupperThrip reemWimbles="skillyOthmanDwayne" cagitSeptetButanes="963117">
        <goosesMuftiTewhit>battuLeesVestige348</goosesMuftiTewhit>
      </kurmiScupperThrip>
      <sattvicToughen>
        <rippitWildern>hadromVapourVealing</rippitWildern>
      </sattvicToughen>
      <ascribeAnahau>
        <bainBiasingPealer>nowy8</bainBiasingPealer>
      </ascribeAnahau>
      <setwork balden="piddockRecloseMuga">
        <xmasesMitoses>595</xmasesMitoses>
      </setwork>
      <emulsorLammy>
        <alcalde>300207778</alcalde>
      </emulsorLammy>
    </bugbane>
    <bumperGuru triarii="mumble1" jayveesDuros="32">
      <rubasseEveners>seedmanBeagleBaileys</rubasseEveners>
      <vividly>
        <ternizeWangled>remandsInlike</ternizeWangled>
      </vividly>
    </bumperGuru>
    <verek>
      <largoRebrew>738</largoRebrew>
    </verek>
    <unglossJoinedInsect gamontTealsCooks="1" rescousWaggleTantra="736" halaKohlsDyked="tarocsLadanum">
      <gunong>9384</gunong>
    </unglossJoinedInsect>
    <senseMagilp>
      <hunhSkyeSwipy>2257</hunhSkyeSwipy>
    </senseMagilp>
    <emraudHartly coelom="lenora1561" cabRelandImpall="trilbyStapesMacabi8" myosinsRapilliTrial="61">
      <tzolkin>miters76</tzolkin>
      <basketPrude stroySonLobbed="frizedEchoers4" pigpenSadeGayish="13456427">
        <dutiful>ropingDrowsesHeading1</dutiful>
      </basketPrude>
      <tenguUpcryDingee>
        <aplentyWehee>minter506</aplentyWehee>
      </tenguUpcryDingee>
      <pownieMorphoCosech ostrich="pash">
        <soluteHyeUntruth>aloesEnchairEpikia</soluteHyeUntruth>
      </pownieMorphoCosech>
      <errors bucklumEofEquips="jure" incide="38">
        <shtetlStringyHydrion>soller5660</shtetlStringyHydrion>
      </errors>
      <heptace>
        <urenaLetitiaTurks>pragmatLapilliGimbri</urenaLetitiaTurks>
      </heptace>
    </emraudHartly>
  </scaphe>
  <carawaySworeMispaid greffeNadderStunter="scrutoGlazed" cubhood="rowdilyFlint" />
  <vergingXylinid>
    <beodeAlaskas>
      <waddiesDromon>417484</waddiesDromon>
    </beodeAlaskas>
    <caraipaNance faunula="johannQuasar">
      <parangSlish>thawierOctapla</parangSlish>
      <aurorasPandaniEchinus pilingRestate="archeDutiedSylvins">
        <dietted>kappaAcarus</dietted>
      </aurorasPandaniEchinus>
      <jejunum ninetedArmlet="katha" karnStricksLys="regardsStenosSpiks6716">
        <britanyCubages>amucks</britanyCubages>
      </jejunum>
      <fritt dingingRefan="xyla" ovisacWarl="degerms">
        <gossipy>yince142</gossipy>
      </fritt>
      <newtonsTruestTenty sikh="joypopSurah">
        <soar>roomedUphung</soar>
      </newtonsTruestTenty>
      <gooldeAdar fondacoBettineRustred="5443">
        <laminar>kremlinFaceted</laminar>
      </gooldeAdar>
      <taposaAstride redfin="nervish">
        <affa>disleafCorvineDoolies</affa>
      </taposaAstride>
      <weetedLispedShinkin copihue="gibusShluh">
        <woundNegerFactual>remindSaxhorn</woundNegerFactual>
      </weetedLispedShinkin>
    </caraipaNance>
    <infimumSpinachCresyl>
      <tonkawaOdyssey>panmanSuidaeSluicy</tonkawaOdyssey>
    </infimumSpinachCresyl>
    <tipless>
      <embrave>stemmaUnisonGadaria</embrave>
    </tipless>
    <yobi>
      <minbarSericon>lunt</minbarSericon>
      <humaneUnropeDaymare dactylSlimesMogs="puck" poopsieVacoua="widdlesTenuateUnstep799">
        <wateredTaiping>naaArdoursRibbing</wateredTaiping>
      </humaneUnropeDaymare>
      <bhajanYuppie sajousBedrip="janice" teporUpwarp="conformCrappyDetrude">
        <weepersNixedSoprano>spoils</weepersNixedSoprano>
      </bhajanYuppie>
      <aurited hasselEuterpeCorance="bleachFlopsEmitter" midairsFringes="979687">
        <teapotsKilnmanCatur>5105</teapotsKilnmanCatur>
      </aurited>
      <parlia stackerPanelDiatom="bushesPigpens8141">
        <piciThinks>narwhalKhedahWriest2601</piciThinks>
      </parlia>
      <brannyPolsHisting boolian="toyland" seduceFavuses="semDefiberMyoses">
        <cliffsCabful>hyponym</cliffsCabful>
      </brannyPolsHisting>
      <wagglesSlaMaggot gumshoeSarukWoven="aweing" coactsArdeaePaisans="warkingDigitIslot">
        <flankAhmedRilly>winoesMazierDownily</flankAhmedRilly>
      </wagglesSlaMaggot>
      <nunlike>
        <gaonPaganicSices>virus567</gaonPaganicSices>
      </nunlike>
      <cujamCircle>
        <awls>moochAlarumsCacumen</awls>
      </cujamCircle>
      <dishpanVentingIters>
        <aegisEmbowStrain>aradoBlvd</aegisEmbowStrain>
      </dishpanVentingIters>
    </yobi>
    <slackJollopZambra slab="quahogsPule" sachemVougeWint="outsighHaulage6102">
      <parodeCreek>tildeRaceme</parodeCreek>
    </slackJollopZambra>
    <renableCatches indice="almuceAbraseAuroral">
      <lovat>quinticCorser</lovat>
    </renableCatches>
    <morral>
      <issuersNonsane>rubabooRoomierGramper</issuersNonsane>
    </morral>
    <resinolDamperKronen>
      <erethicGileno>grailer</erethicGileno>
      <celeBordureImpawns>
        <alupagHeedilyCognac>deicateCanzos</alupagHeedilyCognac>
      </celeBordureImpawns>
      <calinut semilorScabs="kanapAsaprol">
        <smoutStoach>quem</smoutStoach>
      </calinut>
      <fiscSighterTrabant ortalidInly="66311" gowdieMatherJamshid="inwove">
        <cururos>1572908</cururos>
      </fiscSighterTrabant>
      <gemmier>
        <gipsIwoundWabunga>sweens</gipsIwoundWabunga>
      </gemmier>
      <gratinsBints>
        <pappox>dioxide357</pappox>
      </gratinsBints>
      <goosedEmbacle algidGiltenUproom="javaBounced" spiteDogface="hackyInmostPressed">
        <siletzTiersTriton>evectorCharukKoa</siletzTiersTriton>
      </goosedEmbacle>
      <coralsRolpensHawses locheRouchesNinths="710">
        <cothePottlesCougar>97</cothePottlesCougar>
      </coralsRolpensHawses>
      <dispostSpragsSatan>
        <scrideTendersMartian>limuliUpbring</scrideTendersMartian>
      </dispostSpragsSatan>
      <draftyYatiCreeshy rammedLatrias="2063" plasmCruddyWiener="koyan">
        <hoagieSloidQuomodo>gonimicAgnatha</hoagieSloidQuomodo>
      </draftyYatiCreeshy>
    </resinolDamperKronen>
  </vergingXylinid>
</virionRapinicHap>