<?xml version="1.0"?>
<swidden>
  <morena kruSmous="91032002" jowled="aurochsRiservaVawntie" blemishAllezSagless="weaken" ononis="haplontMistide">
    <athymySliteSpilly>
      <satang>restore</satang>
    </athymySliteSpilly>
    <namdaAuresca>
      <bdls>387</bdls>
      <defamySpinose swipedDerham="711552021" styrian="maltineDervTautly">
        <apina>paine</apina>
      </defamySpinose>
      <physicNonene muffled="42434399">
        <frauderStam>cabreeSundewWraker</frauderStam>
      </physicNonene>
      <sprentJojobasDuply draught="munityXiii">
        <sevresUnrash>coprPrimarAspalax</sevresUnrash>
      </sprentJojobasDuply>
      <unsleekSitupsPteris axledSidemanOctavos="52">
        <willes>uninnPiecedAcetiam</willes>
      </unsleekSitupsPteris>
      <unhitchSpurned etymonSixteenUntired="attn" thusRelaceDemise="makingsConcent">
        <limoseArchfoeGalatea>vastate</limoseArchfoeGalatea>
      </unhitchSpurned>
      <motherHymningAries beglicRynds="halakaBanselaInfant3" galen="lobsterCeti">
        <sludgeUparnaShares>60142</sludgeUparnaShares>
      </motherHymningAries>
      <anisateRoonMethody trinityCroaker="tossilyIstoke">
        <boogumVerityDecking>7</boogumVerityDecking>
      </anisateRoonMethody>
      <versineTowardsJohanna laughsKryptolBikh="mangledMyelins">
        <weli>toaderHelledDubbing5</weli>
      </versineTowardsJohanna>
      <sheughs>
        <duomosMahoniaGeison>djehad</duomosMahoniaGeison>
      </sheughs>
    </namdaAuresca>
    <pilling>
      <alraunGluckShakil>734560</alraunGluckShakil>
    </pilling>
    <whipped dilliEva="maormorForumHarang" inceptsManuel="undo">
      <veneroCotwalLoun>wayaoSelfist</veneroCotwalLoun>
      <conquerRoughiePranced>
        <vinnyPlansVenose>dauberSierra179</vinnyPlansVenose>
      </conquerRoughiePranced>
      <hagmane splintsTeddies="19">
        <boxroom>idylerMuruxi</boxroom>
      </hagmane>
      <pleats>
        <unsashDurzeeYonis>runby</unsashDurzeeYonis>
      </pleats>
    </whipped>
    <teemPhotoma vickGropedUnsole="9" genetteSyed="peonsHives" phecdaReekingRotge="6">
      <meleesZorilleKiladja>obtrect</meleesZorilleKiladja>
    </teemPhotoma>
    <kimboBebrave>
      <sojaEfph>502</sojaEfph>
      <tits spacial="48">
        <rookerRefulge>nursingCyclusSneck</rookerRefulge>
      </tits>
    </kimboBebrave>
    <sanhita>
      <hohnUnalist>134</hohnUnalist>
    </sanhita>
    <unscarbPulishTaste>
      <naggish>salKinicCadillo</naggish>
    </unscarbPulishTaste>
  </morena>
</swidden>