<?xml version="1.0"?>
<crottleFall>
  <skuaSabina vertus="sankBunging21" drurySynods="mending" inwoundTigreVelvet="wingierBatussi29" ironyGabeCoerces="dorlot" />
  <fuzz>
    <cymbelCloamerShrap seidNaaman="caselSippet97" aeon="polygonHefts" chinkleForfalt="pharian">
      <gagglePizz>areadTripleDunlins</gagglePizz>
    </cymbelCloamerShrap>
    <twiddlyGlaliBudding>
      <striaSparilySlushes>73947177</striaSparilySlushes>
      <hirableResun uncokedFoobar="timberyKydAntick" trowsChytridFossule="chuckerServiteAlmous">
        <dbms>cloqueSluggedBergamo</dbms>
      </hirableResun>
      <haggeisCattie>
        <axial>bambooLumensAbreed</axial>
      </haggeisCattie>
      <hurlersSerais achech="smurr">
        <tungosInsunk>grapery</tungosInsunk>
      </hurlersSerais>
      <lumbusAcratiaVelure kick="toadishPipernoNosism" scyeTophes="teds9">
        <rebook>outlopeDismesFruz</rebook>
      </lumbusAcratiaVelure>
      <pluteus unhouse="outputs">
        <lemaneaReminds>557615007</lemaneaReminds>
      </pluteus>
      <camauroSteviaAmpyces roisterChitinTeuch="makeLizardsZoogeny">
        <yodelStagierThysel>bedkeyKeenest</yodelStagierThysel>
      </camauroSteviaAmpyces>
    </twiddlyGlaliBudding>
    <bailorsTestersCondue>
      <moods>cyeticAreolesEmeras</moods>
    </bailorsTestersCondue>
  </fuzz>
  <capfuls arch="jetware" hanoFaciata="gyral" frizzenGomuti="222" picturyOffals="asculaPielet" />
</crottleFall>