<?xml version="1.0"?>
<tubule>
  <vigorsGlidesIxia estafetSumpter="stepperMenials54" />
  <pharaohSubdebBillbug bespice="tediumsIntsv">
    <lastexSiganidQuaichs>
      <veraTappaulRebuilt>vinasse</veraTappaulRebuilt>
    </lastexSiganidQuaichs>
    <moireed travail="mullarTamoneaAllness" skilpotNappiesHornier="7237045" omber="upwellTurfs">
      <murrain>hackbutOtaries</murrain>
    </moireed>
    <spoom urceole="befoamPgnttrpKephir" frenchy="naib1069" sorbedCatlingVessel="rameshStark">
      <chaoses>tangram643</chaoses>
    </spoom>
    <tagetolAbulic pyrazinVerdite="clauses">
      <clouee>gazabosFlaker</clouee>
    </tagetolAbulic>
    <famose>
      <unshort>jaunUleticMismark</unshort>
      <bessyLicualaAzulejo>
        <bhoosaUnlid>reshaveFlorae9</bhoosaUnlid>
      </bessyLicualaAzulejo>
    </famose>
    <bumfMorongSeisure chicle="625974" foughtChemism="preyingJettingChalmer">
      <lurers>churel</lurers>
      <efphRebills shtcheeInkleEye="geneat" synfuelMaddock="xylomaNevesMotive">
        <doeskin>nickarHamzah</doeskin>
      </efphRebills>
      <vitrite mesitesMorays="rollerRookishReinter" thapsiaOutlets="mopheadCysteinFacily">
        <brusk>expel</brusk>
      </vitrite>
      <spumoid>
        <agallopGullsKrafts>1</agallopGullsKrafts>
      </spumoid>
      <perdyAmmu squarkCremesTunnery="sycosisVassarAbramis" cravat="splIdiocyDobbed">
        <prorsalSecants>chobdarCymbelQuarks</prorsalSecants>
      </perdyAmmu>
      <edea>
        <pitmansDzoMelton>9</pitmansDzoMelton>
      </edea>
      <sabinoFigure befitsGabblerCirculi="iddhiPrebbleGlutael" oncesSigneur="andoke">
        <pinole>fingallTophi</pinole>
      </sabinoFigure>
      <hummelGibbalsProses maunchSumachsChappow="badmenSoutherRetinue">
        <ringtawLarmier>87462</ringtawLarmier>
      </hummelGibbalsProses>
      <hemiolaFack miasmas="sexismsNeritic31" cowpeasTuath="fannon">
        <aeaean>crower</aeaean>
      </hemiolaFack>
    </bumfMorongSeisure>
    <rhizineRussify prewhipPetling="cicala" invokedPaludal="subjackTinman">
      <copalCebathaUnlord>squad</copalCebathaUnlord>
      <saggySerer writeeUseeWurlies="rabiesChegoeMeshed" tulareLoonies="smarm">
        <disavowStarves>959153</disavowStarves>
      </saggySerer>
      <grudgeProplexPinkeye recheerOrlandoPrudity="4">
        <rhine>besneerRinkitePards8</rhine>
      </grudgeProplexPinkeye>
      <bergamoJargoon ugh="minoize1763">
        <calicos>bespateHented6</calicos>
      </bergamoJargoon>
      <soliste gervaisUnsealsTavell="hurdles">
        <jinnyAlcine>lasqueRebated</jinnyAlcine>
      </soliste>
    </rhizineRussify>
    <sepianKon dewworm="36259123">
      <picturePal>tlo</picturePal>
      <opacousGubbinTunned findjanBeak="usaunce653" sucresCaburnArcade="seenu">
        <onymy>arcuate</onymy>
      </opacousGubbinTunned>
      <glaireThionic cormelTalma="97">
        <ramean>gien</ramean>
      </glaireThionic>
      <upbuoyFrondedMickies tawhaiArado="trusten">
        <denat>elektraPitfallPulicid89</denat>
      </upbuoyFrondedMickies>
      <slagsPts>
        <phenic>sagely5298</phenic>
      </slagsPts>
      <wanly>
        <soilier>hoverer907</soilier>
      </wanly>
    </sepianKon>
    <mallowsHellboxBanilad>
      <sexistPinxBathmic>fatidicAnthrol</sexistPinxBathmic>
    </mallowsHellboxBanilad>
    <rackingWhutter>
      <feetBoroughPriapic>suivez</feetBoroughPriapic>
    </rackingWhutter>
    <divotTzaam quints="outrazeTonicsClavier" wonton="57642" rammackRoky="bordragWisest">
      <suintCuffsCarried>6217749</suintCuffsCarried>
      <idrylAeger>
        <entotic>7</entotic>
      </idrylAeger>
      <lanugo hellim="adsorb" ductureFlaxyPavanes="fattingMages">
        <zieger>arums</zieger>
      </lanugo>
      <weensyWhisketHassing thraveMornayBolimba="966095">
        <rubrail>82</rubrail>
      </weensyWhisketHassing>
      <ganglyPaarGlial wantons="paseoAngas" clayeyAnyways="chengal">
        <scabies>funest</scabies>
      </ganglyPaarGlial>
      <burro pinches="boxiestReitBennis">
        <gaylyWeirdDarcy>376981058</gaylyWeirdDarcy>
      </burro>
      <stempel obecheTrokes="9728001" unfleadAplysiaDismast="carvedPrimas">
        <montaneMangerMixups>saveryPlowmen</montaneMangerMixups>
      </stempel>
      <diety ceringPosited="717941" morphewSepicNut="vowlessLeveretPirnie">
        <missaPertainTomkin>801407321</missaPertainTomkin>
      </diety>
    </divotTzaam>
  </pharaohSubdebBillbug>
  <pennies cortinsNaily="chumble959" />
  <astraea pelletWrestsValerie="indiv" hosedPanaryStabled="strent">
    <hottleFimblesEupione>
      <loyallyKyung>aurineCareyStrewth</loyallyKyung>
    </hottleFimblesEupione>
    <bistrosUnhive>
      <kayaker>75207</kayaker>
      <fluid>
        <totalExoticSlaking>caltha5507</totalExoticSlaking>
      </fluid>
      <twiteCraggedAvail>
        <rekeysNebule>smelterSocking</rekeysNebule>
      </twiteCraggedAvail>
      <paegelEdemas>
        <reciterKilleenBadges>sorvaVaringShipped</reciterKilleenBadges>
      </paegelEdemas>
      <murdersSacculeFissury eelbobMiskenKeglers="182" wafflyRhabdomSaris="dessa">
        <etesianGessoGapping>ibycterIslot</etesianGessoGapping>
      </murdersSacculeFissury>
    </bistrosUnhive>
    <plancheFrape>
      <tropoyl>rush</tropoyl>
    </plancheFrape>
    <unshowyEyne byspellLeaversNooning="admrxCymling" norwestByrlawGlint="quoddedWhangee">
      <simarre>vein</simarre>
      <affairGlaconHeadrig spoofRushlit="35077">
        <alaiSpringPork>olomao</alaiSpringPork>
      </affairGlaconHeadrig>
      <guavasLizard ocneriaStope="2">
        <thatchy>zuludomTuggery89</thatchy>
      </guavasLizard>
    </unshowyEyne>
    <gasket>
      <taffeta>resmellTabutOolongs</taffeta>
      <bemusesLupid bidding="arcanaRevealCherie" igaraWotlink="spyholeSuccumbEyeline">
        <pusscat>ipseand</pusscat>
      </bemusesLupid>
      <dowryProvoke trewel="enrage">
        <croche>chetrum</croche>
      </dowryProvoke>
      <unnasal>
        <maleo>serails</maleo>
      </unnasal>
      <unpaved vermuthBonged="hurler94" reseek="pondyGlanis737">
        <gymnicJogs>lancers</gymnicJogs>
      </unpaved>
      <nydiaCuminol bynamePyrobiTroat="barded" serviceScadDowdier="ruthsPedionTalukas">
        <sheilaThewedCoziest>grabbyGazookBickern8185</sheilaThewedCoziest>
      </nydiaCuminol>
      <anthemsCakedMugwort>
        <toasts>80</toasts>
      </anthemsCakedMugwort>
    </gasket>
    <smeltsKokumin>
      <kentleEndowedRelique>souush</kentleEndowedRelique>
    </smeltsKokumin>
    <haoles>
      <manos>744</manos>
    </haoles>
  </astraea>
  <dottersHirpledAlant magaCestidaEtuis="bulimyNox" surfmenTannase="jokeyBakwiriBaba2836" tarmanGynicsLaxator="izchakSchmelz" />
  <maddensBensel woolensAngulaNigrous="2" smartedPreedit="premio" />
  <goutilyTalariaMordore />
  <speakerInkshedSawing dessil="numbestEmetiaLugworm" haditEnnuiCooee="knurryLibber">
    <untelic bokos="kellegkTendons" nurhagGrumphy="finestRabato">
      <glamors>conform</glamors>
    </untelic>
    <bandit>
      <saddlesCupel>hooker</saddlesCupel>
    </bandit>
    <plumagePuttierSmidgin ted="98575309" boughtPreeze="ehrmanVoder" deathBeekTulsa="abacateDebitum">
      <samshusDucdame>drogh</samshusDucdame>
      <jocumaUnipara deflateGibleh="mouthe8942">
        <khalsaAlamodeDrinky>tuzaMarryerMajora</khalsaAlamodeDrinky>
      </jocumaUnipara>
      <drowned volumenWakeful="backupRinkaOutturn30">
        <populus>8338</populus>
      </drowned>
      <atollsAwols lowanFlocciRondos="razeeBiffinsMinious">
        <inbowBiauralFeebler>semimatThuoc</inbowBiauralFeebler>
      </atollsAwols>
      <ricketAlmainBallade>
        <bidsDrouked>furlongCavity</bidsDrouked>
      </ricketAlmainBallade>
    </plumagePuttierSmidgin>
    <asaphiaAlibiesEnatant>
      <arbalosChauntsShyest>yunBikolGuaican</arbalosChauntsShyest>
      <scranky besugar="35" dotletCruisesCronet="avertsUnearthApiales">
        <prorsalHuisherVetoes>wertKurtas8851</prorsalHuisherVetoes>
      </scranky>
      <missendTallest lyseRerises="bussesGangue1794">
        <veldmanSwarryApical>ruminaFlyting</veldmanSwarryApical>
      </missendTallest>
      <dimwitDenimXxiii>
        <poundalSamen>2023</poundalSamen>
      </dimwitDenimXxiii>
    </asaphiaAlibiesEnatant>
    <gunjahPrasesOnsweep>
      <copyBalawa>621</copyBalawa>
      <enactedElicitWotteth>
        <bruckle>unmelt</bruckle>
      </enactedElicitWotteth>
      <gondite>
        <neverHappingPadouk>jicaraEver</neverHappingPadouk>
      </gondite>
      <bewestCannas aeneanBipodsHoming="glomusBaffiesMidways">
        <athel>timbres</athel>
      </bewestCannas>
      <friskinSklentUndies laudersUngloomLalland="zorille9" calgaryAssemblLeaver="haircapAirhead7">
        <defiersFibulas>194147192</defiersFibulas>
      </friskinSklentUndies>
      <haiverCaulisCockly>
        <cestuiMaumet>sarindaCimaiseGoitcho2</cestuiMaumet>
      </haiverCaulisCockly>
      <soiree cadlockPloceusChefs="tannylLingtow" nod="sheolic">
        <soarTwoferPredata>phohMatheOmbres1</soarTwoferPredata>
      </soiree>
      <junketOogoniaBabelet>
        <idothea>photogs580</idothea>
      </junketOogoniaBabelet>
      <montureWarded>
        <wrawBovista>hypoid67</wrawBovista>
      </montureWarded>
    </gunjahPrasesOnsweep>
  </speakerInkshedSawing>
  <sailye coaxUnderlyMeuni="shrivenTopmaul" defame="diobols" bordersPhytome="placet" />
</tubule>