<?xml version="1.0"?>
<preactsTaliped>
  <hoodies cuissenNeffyNed="dallisTrigynDhole" tarsalsBechalk="trigamyShown" aloeMisken="crimLumenWearily" />
  <yesterRheumCabio whinnel="lamnoid" hungaryAmoberFuder="jageer664">
    <dissavsGriftsAbsents bemused="ageneAlgosisLamano32">
      <odallerTunlandAcred>babblyGibletsMappen</odallerTunlandAcred>
      <engraveRemixed quaighRibandPuruha="callunaImpaledPsyche">
        <vijaoHeidiActinon>missish</vijaoHeidiActinon>
      </engraveRemixed>
      <loxingTumor jussory="bubalCledUnbrave" bernicePlaypen="ploysDoab">
        <zones>nylghau</zones>
      </loxingTumor>
      <enrail hurry="brownlyCurried" calesasDidymisRefroid="jawanVolgaAlap">
        <timaliaDebunk>haboub249</timaliaDebunk>
      </enrail>
      <aidingEnglobe beerageFellata="rakish443">
        <havDybbuksDeeps>patined36</havDybbuksDeeps>
      </aidingEnglobe>
      <oughShakosHeize moxiePaludicChontal="rollbarKymric" sidthMacusiNickie="mesailRomanlyFerfel3907">
        <actiumHoodman>spewCoded</actiumHoodman>
      </oughShakosHeize>
    </dissavsGriftsAbsents>
    <stalestTagPeleliu>
      <prenderPiratry>buddhiUrocystTibiae4</prenderPiratry>
      <wheezeCoiling radiovIsnt="567226" burao="upgapeTaxy8">
        <granadaJillionQuivery>thuanNervate</granadaJillionQuivery>
      </wheezeCoiling>
      <daubryCrudCotwal thyminRescalePalmo="piddock">
        <acicula>elevBalai</acicula>
      </daubryCrudCotwal>
      <geticWykeCrudle patesiLootingAirer="sarwanPesky" greceMarwari="shojo">
        <insulae>thus</insulae>
      </geticWykeCrudle>
      <ironice>
        <adytumChoga>meanest1492</adytumChoga>
      </ironice>
    </stalestTagPeleliu>
    <recolorFouteChutney>
      <afzeliaSparsim>lumSavitri</afzeliaSparsim>
      <sierraSoorky enfin="gourmetDioptryEartab">
        <rifartLangursBulge>pepsine</rifartLangursBulge>
      </sierraSoorky>
      <befallBoutons testae="babylon" aflushGuarriMapped="otosisBilla">
        <sloppedWoozilySudan>smokierDarkeysAnniv97</sloppedWoozilySudan>
      </befallBoutons>
      <foglessRawsMonster rostralBumboatMistery="dirdTensors">
        <fnese>tawniesKale</fnese>
      </foglessRawsMonster>
      <peruser>
        <ooliteHaptenSci>attaboyErth</ooliteHaptenSci>
      </peruser>
      <chilliAdultlySubvein ladkin="kaliumsOmissus" upwardRegalio="thawnBanzaiQueest">
        <apeak>poddleShab7055</apeak>
      </chilliAdultlySubvein>
      <hazingsEnliveDoeling ranidsLacerHominal="charelyLilith" healsMums="manisWhumps">
        <strateTreks>catharBourse6</strateTreks>
      </hazingsEnliveDoeling>
      <tossupTurfdom fianceeAcerblySambuca="cowpeasBrunelSamen" pinene="laurylDrubsPlumcot">
        <atavismAnergiaColour>danian</atavismAnergiaColour>
      </tossupTurfdom>
      <clamberOtiose>
        <kecklesKetosis>siegedFoetiTownlet6</kecklesKetosis>
      </clamberOtiose>
      <shoalerChrotta huskerWaxes="waiwai">
        <tigrish>merinosPlumbumDelimer</tigrish>
      </shoalerChrotta>
    </recolorFouteChutney>
    <algesia hills="stewpotMismosh">
      <eftestEngreenDelim>889732487</eftestEngreenDelim>
      <babisSpheral nilgauScillas="berakesKalpaksBrasil">
        <hottaKebarFervor>peelers</hottaKebarFervor>
      </babisSpheral>
      <secs toner="47">
        <rehashUranin>verver</rehashUranin>
      </secs>
    </algesia>
    <quirted>
      <apathiaRas>swaggerNomadeStorm</apathiaRas>
    </quirted>
    <woolderRhenishDeclaim>
      <forleit>uglis</forleit>
      <cagoule>
        <carkedBassly>8697</carkedBassly>
      </cagoule>
      <oresFessely>
        <foiter>mamboBrigue</foiter>
      </oresFessely>
      <unheadyLunules lagsMemorda="meritSpiliteMalgr">
        <aphodiGroused>nyanzaCimierKonak</aphodiGroused>
      </unheadyLunules>
      <cecum>
        <lockianCouchReheal>mobiles</lockianCouchReheal>
      </cecum>
    </woolderRhenishDeclaim>
    <typhaMangoesSensify yeniseiIchGegger="breckVeals" vires="954746450">
      <ozaena>nozzlerYieldenNonfood</ozaena>
    </typhaMangoesSensify>
    <nonformBasaree thonderPorkiesElohim="puttiesAssizedWalkers" bonoKhesari="typonymRedoomHucho">
      <sumphyRoupetFula>ruedHlqnEnvoi2316</sumphyRoupetFula>
      <thumps resoleAmia="1">
        <idlesLower>brestAbraseDereign</idlesLower>
      </thumps>
      <winbrow>
        <loglet>93622258</loglet>
      </winbrow>
      <twosome>
        <barbetsStraw>hachureHippus</barbetsStraw>
      </twosome>
      <wastageMoxasRafty ddt="wotting9195" unheal="rodCoryzas">
        <tartarsHeroin>997700485</tartarsHeroin>
      </wastageMoxasRafty>
      <prenameDemurerPrevail upcover="raisonsOctaplaFagales">
        <algaliaJokes>akamnik7</algaliaJokes>
      </prenameDemurerPrevail>
    </nonformBasaree>
    <outleap>
      <seedage>31293</seedage>
    </outleap>
    <cackedDribsLacquey sexifidWartsOrchic="topersEnzyme">
      <ocularyOvuleGoliard>tainte</ocularyOvuleGoliard>
    </cackedDribsLacquey>
    <slaviMoormen>
      <niblic>oestrumWheat</niblic>
      <sizierRoamer>
        <dyking>noreKinds</dyking>
      </sizierRoamer>
      <winrace>
        <uveous>2</uveous>
      </winrace>
      <dink>
        <habenaDecibarBibb>ogrismTritonsSinged</habenaDecibarBibb>
      </dink>
      <anergiaCozing versor="11" hah="darer4576">
        <facularSiseExility>trowane</facularSiseExility>
      </anergiaCozing>
    </slaviMoormen>
    <kurgansSog>
      <wipingLabrusChapote>appearCoerce</wipingLabrusChapote>
    </kurgansSog>
  </yesterRheumCabio>
  <kaifRewater hukeMiningDuskily="bugwortOvules" />
  <loamed velourDaghesh="groszyAcoupe" decorum="pitsideFandPlushly" sokemenUnstrap="screechGrilled" equinal="weekwamSycoses">
    <yowed>
      <shakoUnbainMuilla>puxyKaraismEquus</shakoUnbainMuilla>
    </yowed>
    <endotys mixupUnempt="astrion" goosing="pegmen">
      <acarina>sarpoMushier</acarina>
      <amburyInbent>
        <paroecyLimuli>44457</paroecyLimuli>
      </amburyInbent>
      <sosh cereus="overflyBanksFlutist2235">
        <tash>4416</tash>
      </sosh>
      <kurvey>
        <tinselElfin>algatesTangie</tinselElfin>
      </kurvey>
      <solatedGuahibo maniacs="9468911" stockRegrateKohens="aigletPadauk">
        <aquaferKallima>26300</aquaferKallima>
      </solatedGuahibo>
      <shimper>
        <lambentRafflerMantels>marcatoGloeal</lambentRafflerMantels>
      </shimper>
      <opsonicWhapukaXint frazerLofters="obloquy">
        <atalanConcitePineta>badju</atalanConcitePineta>
      </opsonicWhapukaXint>
      <brasil>
        <dodmanUnspin>mucopusJunketTopple</dodmanUnspin>
      </brasil>
      <pigherd>
        <issuantPlacebo>decamps</issuantPlacebo>
      </pigherd>
      <chang aliformStrand="21557">
        <cyclop>emmove681</cyclop>
      </chang>
    </endotys>
    <ooziestSmudderAroeira>
      <mahmoudJacky>foramsShargar</mahmoudJacky>
      <whsle squirms="potheryCastanoZieger" bullaWiringGurnet="5322">
        <outcomeLogrisBadged>buckeyeFlauntsMajos</outcomeLogrisBadged>
      </whsle>
      <pogonipGruffedApyrous tanwood="unhaunt" troveTimaliaPogonip="castenUnicing">
        <canelleFootsy>spore</canelleFootsy>
      </pogonipGruffedApyrous>
      <aldideLambing tidelyValyl="33" khamti="lutoseBharThighed">
        <hagiaWede>wendsGalley</hagiaWede>
      </aldideLambing>
      <lagoons>
        <avowedSickler>821</avowedSickler>
      </lagoons>
    </ooziestSmudderAroeira>
  </loamed>
  <carolan misyLatigosYardarm="conny" jibbingRiatasHangtag="487" jinkleRenvoy="853436916" toolman="creolesGlowsHayne" />
  <pekingScends>
    <brewst>
      <cavernTeaser>azumbre</cavernTeaser>
    </brewst>
    <raggiesBetearHoys>
      <smellerDelenda>angia</smellerDelenda>
      <graphs unveilHoersPersic="otitisPlumSole">
        <boidaeWarnelSlangy>payola</boidaeWarnelSlangy>
      </graphs>
      <nisAmalHutch sunRefordMajeure="erlicheSocmanUdaller2477">
        <petasusBonacis>subsort</petasusBonacis>
      </nisAmalHutch>
      <subfusc>
        <anticalUngruff>zydecoUpaya</anticalUngruff>
      </subfusc>
      <haunceDrysKoolau wesselOpiums="heelcapBrachesVintner" raked="siffleExostra">
        <cstMattiSenlac>5037707</cstMattiSenlac>
      </haunceDrysKoolau>
      <allure>
        <mutatedMopusOtolith>hapaxesReleveCorked</mutatedMopusOtolith>
      </allure>
      <workingTantricAcinose>
        <sepsesCoreid>pegboxGlirineHatband9</sepsesCoreid>
      </workingTantricAcinose>
    </raggiesBetearHoys>
    <veldtBereMangler cogonalLebhaftBliest="thyineMillken3">
      <threshMesilla>71633</threshMesilla>
      <betag>
        <unhomeAxoneme>estocs</unhomeAxoneme>
      </betag>
      <shogsAcholic hat="coequal">
        <ragtagPonies>5</ragtagPonies>
      </shogsAcholic>
      <muklukFusillyHarden refixedBurrel="jatakaRovesMottles">
        <sandboyRillYustaga>dabbMenaced</sandboyRillYustaga>
      </muklukFusillyHarden>
    </veldtBereMangler>
    <whetterGlintedPlunger nousBrumous="nectonBeataVocab" nipples="64">
      <spigotStap>tychismTelexedFlailed</spigotStap>
    </whetterGlintedPlunger>
    <adon>
      <orchisSoak>gadiMarkeryHelves</orchisSoak>
      <cursal myrrhisVenulesAroph="kerneGiliakCapite" burnutSilentsSaver="30429">
        <markersOofiestPulvino>seeress</markersOofiestPulvino>
      </cursal>
      <bankmenKalendSpur>
        <acetousUbiquit>viriliaCenserKeyless</acetousUbiquit>
      </bankmenKalendSpur>
      <pedanteDukeLiever>
        <aulderImputerFiber>byesLouvred</aulderImputerFiber>
      </pedanteDukeLiever>
      <cottaAltrose stad="torulas371">
        <phytylReclaspPeucyl>4456948</phytylReclaspPeucyl>
      </cottaAltrose>
      <geheyMuhlies>
        <pipsMistful>commendNeem</pipsMistful>
      </geheyMuhlies>
      <hamite>
        <voideeFrogmenAbsolve>3464</voideeFrogmenAbsolve>
      </hamite>
      <pretorsRecapPicks granamLiefPhialed="hokerlyCasparDiamber">
        <pbx>tootsyBesugar</pbx>
      </pretorsRecapPicks>
      <wigless>
        <cipangoPlainedShad>cayugasPinings</cipangoPlainedShad>
      </wigless>
    </adon>
    <icesReweds>
      <isospinLeaferyUnwary>ouranos</isospinLeaferyUnwary>
    </icesReweds>
    <whidahsEscrowVegetal surviewOwenite="sextoRegrede">
      <freesia>ruffinMelviePerotic</freesia>
      <rive>
        <stemsKarewa>bedimPrahus4</stemsKarewa>
      </rive>
      <lambedTethery nubbledPaized="bozine5195">
        <vareDuci>odorizeOstosisBurelly</vareDuci>
      </lambedTethery>
      <lodgers>
        <mutagen>tummingBleaksCaudal</mutagen>
      </lodgers>
    </whidahsEscrowVegetal>
    <embower>
      <kivas>hockdayMarasSovran</kivas>
      <pecora markkasHilloedDei="10712" nytrilMurrs="37354512">
        <arca>588</arca>
      </pecora>
      <uretalHindi unchidWhervesPoorga="ebcdicFala">
        <guinean>9247</guinean>
      </uretalHindi>
      <hastifIgnoredFernier>
        <mammin>pokiestRoe</mammin>
      </hastifIgnoredFernier>
      <throuchBriardsCuboids arches="46052">
        <dunkle>boodlesHelices</dunkle>
      </throuchBriardsCuboids>
      <tussledIffy cainsBonify="gadePlatty10">
        <sporalAcrodus>battCarabao</sporalAcrodus>
      </tussledIffy>
    </embower>
    <pludInfold>
      <horsierDowagerSynop>vialled</horsierDowagerSynop>
    </pludInfold>
    <loggias>
      <winds>agao1</winds>
    </loggias>
    <dimitPahouin>
      <ethnol>caslonUnborne</ethnol>
    </dimitPahouin>
    <isander hooves="unburyNullahs">
      <formolAcmes>50183</formolAcmes>
    </isander>
    <camposPoem broomed="cyclas4938" waleKinless="rebiaCedrus">
      <anklongAnother>smokes</anklongAnother>
    </camposPoem>
    <mungerHectare pissYardmen="9">
      <rotherGuasa>bowkailPavisor6</rotherGuasa>
    </mungerHectare>
  </pekingScends>
  <enarmBalkingShivoos ganef="939" turfdom="winemayCypseliIntuse70">
    <richCyanin jewelFidding="asimenShiksesOrson" helmetGrallic="pryseProwl" aspicVervineEntwist="gunline">
      <islamic>caitif</islamic>
    </richCyanin>
    <jawan wifelyClothoTimor="pisanTeatimeFordull" ghanaBelowPorogam="pondman">
      <coombesSkiable>rummerOuncesSchepen360</coombesSkiable>
    </jawan>
    <tinnierOafs>
      <fellersQuintalTuik>amain</fellersQuintalTuik>
    </tinnierOafs>
    <brisker>
      <factureCahniteLeviter>crotchyBemercyHiver</factureCahniteLeviter>
      <bourock acetousCurvets="9">
        <adducedEddyingTriaxal>cheeseKowhaiToeless</adducedEddyingTriaxal>
      </bourock>
      <emceedUndraws analityFarm="tun" aflowCortaGabby="kookTassZebrule">
        <paxUnrestsPotong>acoolDauting72</paxUnrestsPotong>
      </emceedUndraws>
      <senarii lunging="numSiziest" editsYaquiWabron="fenterVulcanoJaconet">
        <turbans>lamaite</turbans>
      </senarii>
      <vaulter>
        <algieba>76244165</algieba>
      </vaulter>
    </brisker>
  </enarmBalkingShivoos>
</preactsTaliped>