<?xml version="1.0"?>
<rhombiSilkedRamaism>
  <boraneDeterm handcar="758" placula="sockingJermSackman5541" coteau="pascalBrassOllock46" />
  <chopperHoju>
    <grandma smeeksStoutlyLamboy="2754339" dhikrs="busticsPrincod81">
      <boordlyPiratic>skysailHopeite</boordlyPiratic>
      <choreiEdiles pardedUpcanalLyttas="setting">
        <joleBravelyMeuse>ranula</joleBravelyMeuse>
      </choreiEdiles>
      <sorelsMaltaseSchema rille="outshotBreachyImplode">
        <lapsana>7300415</lapsana>
      </sorelsMaltaseSchema>
      <calletMosteVeiners>
        <batardeMoasHawer>roneRapists</batardeMoasHawer>
      </calletMosteVeiners>
    </grandma>
    <fixupKelepRiff escriptAmarine="350494825" divinedForegoPipilo="wanhorn" anergyRedearPectens="spike443">
      <limmata>setulaBharataCaelum2192</limmata>
      <despect>
        <clumseSubcool>37975</clumseSubcool>
      </despect>
      <perriesPabbleTirage scovelDullStatal="retsAlpenTeemed" sain="justlyAequianStanley5201">
        <siphon>464</siphon>
      </perriesPabbleTirage>
    </fixupKelepRiff>
    <undub eltimeAguaji="652569">
      <imperfInamour>hoaxing</imperfInamour>
      <gearset atopSoulterDernful="alamo4561" logworkAnconad="563080199">
        <aweRaisPinte>238677</aweRaisPinte>
      </gearset>
      <aswail>
        <helicalForleit>outtireCnidian4990</helicalForleit>
      </aswail>
      <lateensManboteMaximus penoche="jabbedCherie" smitterReceive="ubiquitRassledConfab">
        <abbate>frenzyKroneCounite</abbate>
      </lateensManboteMaximus>
      <scute>
        <backs>monger</backs>
      </scute>
      <dorse azimuthAgrafeBidens="algazel3">
        <bhindiPumped>deodandIcotype</bhindiPumped>
      </dorse>
      <chaccon campedKullaniPirner="scamell" upmostInsue="lumbarsWhimble">
        <positorIngrain>dornockTipless</positorIngrain>
      </chaccon>
      <fitReadd sitcomsMunnion="takahesJemmySpratty2881">
        <shinglyCouture>2246131</shinglyCouture>
      </fitReadd>
      <petwoodInventsLichts reheelsTrapperPagods="67" swartlyMaimul="barreraInogen4772">
        <incorp>afrayBeakers</incorp>
      </petwoodInventsLichts>
    </undub>
    <enwwoveTriodon>
      <quininSeptier>hushelCrewing263</quininSeptier>
      <porculaKeyword cromThrene="pelias">
        <qatLanding>crawdadNymphon3928</qatLanding>
      </porculaKeyword>
      <bunion>
        <defleasStob>arabia5</defleasStob>
      </bunion>
      <mammeaShrikes>
        <widened>tikor</widened>
      </mammeaShrikes>
    </enwwoveTriodon>
    <whitierCadweed gratia="630002769" peloidFridgeShaikhi="allelesTaniaAnalav">
      <orchidBorrowsLeftest>hypnaleBranchyGuetre</orchidBorrowsLeftest>
    </whitierCadweed>
    <ructionTenures>
      <enditedWicky>vaticanVeninDollia</enditedWicky>
    </ructionTenures>
    <mesial>
      <dinmont>confectSmiledBiverb</dinmont>
    </mesial>
    <testudoGingers aracaMictionFrippet="taqua" azhaShechemBattik="ceresCohabitToysome" buoyed="cuscuta94">
      <guzzle>leasIcepick</guzzle>
      <politei>
        <bangkokEyraGandul>cogmenPrecastAliased</bangkokEyraGandul>
      </politei>
    </testudoGingers>
    <unbarsSurahi>
      <ketubah>ulcerPargeWanner279</ketubah>
    </unbarsSurahi>
    <minyaeGeckoBaybush belugaJinneeToumnah="idiotryAvidyaBazar" sledgerOculliBocardo="32" amenuse="247720">
      <wheatenGanev>skoot</wheatenGanev>
    </minyaeGeckoBaybush>
    <sparrer>
      <pasters>nihal</pasters>
    </sparrer>
  </chopperHoju>
  <upleadCremesFlubdub />
  <oatWittedPitside scathedKebyarPagedom="9753389" bumped="7236318" />
  <locallyMopan severyPursierRecumb="verbumPhyscia" jamdaniHoeing="pulikExodistPaludic" aspredo="olluck" flurrSukuGetups="originGeggeryPawdite" />
  <cajoledPakeha hazardCebatha="reshinePokefulBethumb" lengthy="partoToplike" natalia="chumVail" axseed="galleonHwtHeiau" />
  <valency dipnoi="commaMelicaClubby" dustingDivvies="duskyCobbra62" sackful="drawoutShill" bowneAradBushes="ferling" />
  <playockGeologyHumid mankinTummals="tunnor287" />
</rhombiSilkedRamaism>