<?xml version="1.0"?>
<dawtingHebeticAbfarad>
  <ameboid forecar="3478965" leedsPulques="revised9855" orfgild="quasher" emblazeHerderWobbler="pelotaBulse">
    <sarape brained="biggedOleate" chalcisSproilChemung="623" bicrons="hypuralArikara1">
      <fratchBluetitDeodar>idyler</fratchBluetitDeodar>
    </sarape>
    <dariMammeyRamoon>
      <breaghe>dewoolMickeyHorses</breaghe>
      <prytany>
        <metisseMerozoaUtchy>groteRiptideBoozily6</metisseMerozoaUtchy>
      </prytany>
      <madrihSumming widdled="edda65" adatTuffs="knuttyCorsair">
        <fipennyPortent>anhimae</fipennyPortent>
      </madrihSumming>
      <linch ullageSkyreEftsoon="riskyElanusAlogia" alliumsHeiniesBattled="jaggary">
        <relicts>berthGemote</relicts>
      </linch>
      <sulpha curupey="miniverInwrapt">
        <juticGrippy>spacerAzazel</juticGrippy>
      </sulpha>
      <replume allgoodCecitisBeerier="brewingHotmelt">
        <tentedAgitato>mudrasDarksumGault94</tentedAgitato>
      </replume>
      <derangeCarstenHaziest judderOdiumTruckle="66800790" cyrusKilnman="quinuaImager">
        <stowceWagesSagless>shanked</stowceWagesSagless>
      </derangeCarstenHaziest>
      <pierreTintersWaney duroRenalJinglet="bunging" curterBerskinKraits="7358">
        <intenseTagaurMitch>abnet</intenseTagaurMitch>
      </pierreTintersWaney>
      <khondNewnessSunnite sagier="undueRoup" tarsierUreideOutwin="auloiEtonianRectum">
        <clitia>turningRandier</clitia>
      </khondNewnessSunnite>
      <kansasSfz>
        <remitsDogfishLevator>pretextMyrrh</remitsDogfishLevator>
      </kansasSfz>
    </dariMammeyRamoon>
    <based cedesDesmicIntoner="khmerAnomia6426">
      <loiasis>587</loiasis>
    </based>
    <disman>
      <swagsRussellHanap>bitecheNervier</swagsRussellHanap>
    </disman>
  </ameboid>
  <uppointSericon namare="atropia" unstuckStygian="fermata9" vassalsShogSploshy="94749379" />
  <haddinFidelis ionone="67501" choco="93821850" sibredePapulanYowie="bren" wirilyCostar="urinousMizzensMinnows" />
  <dizz riemCould="vespaEimeria">
    <ouvrageSerins>
      <topfulLedget>listenInduismHadj9</topfulLedget>
    </ouvrageSerins>
    <estradeTitmen>
      <planed>84</planed>
    </estradeTitmen>
    <sideboxExtolls>
      <pannierInner>93342112</pannierInner>
      <ploy slightsNonsuchVisaed="heaumeNicols8">
        <sarkingCupidon>960897965</sarkingCupidon>
      </ploy>
      <prepgTuwi meliorPrivataCaker="naveta856">
        <rapelyCaliber>redodidSeisers</rapelyCaliber>
      </prepgTuwi>
    </sideboxExtolls>
    <peltateTrevet>
      <witched>edemicPolistaDama</witched>
      <arcoBaloo puggingSurique="forgot">
        <citternGabbingOpens>cytitisTournai</citternGabbingOpens>
      </arcoBaloo>
      <inyokeLeagueBemba adulter="portlyFoxfeetCleft">
        <gadids>hippingOhioan</gadids>
      </inyokeLeagueBemba>
      <arrowedSerineCapitle>
        <sumpageStapled>14059</sumpageStapled>
      </arrowedSerineCapitle>
      <vernageUllaScards unsnarlPyallaPrank="2168" dolefulPeckageRecurve="adhered">
        <bravelyTalkerUngrip>pap</bravelyTalkerUngrip>
      </vernageUllaScards>
      <ballotaGariba>
        <mdnt>5819701</mdnt>
      </ballotaGariba>
      <blokFinderGibuses goutifyAimlessForfare="seeks" ziplessDwines="bragget">
        <cajuputShivahKimbang>sprue5272</cajuputShivahKimbang>
      </blokFinderGibuses>
    </peltateTrevet>
    <salpianCatnips>
      <fastedColasCuppier>baizeNareshSorage</fastedColasCuppier>
      <birken>
        <troat>soushy</troat>
      </birken>
      <unfazedLeafletZoilism clinah="rattusPrimpedWight8" potdarCecilsFifth="inspakeGrappas">
        <trammieCsk>62548295</trammieCsk>
      </unfazedLeafletZoilism>
      <rebuoyKerns>
        <vaginaeLambish>sarking20</vaginaeLambish>
      </rebuoyKerns>
      <inclipsStichPhoebes>
        <cohob>82</cohob>
      </inclipsStichPhoebes>
      <mistingBhootsDrab>
        <nailbinRabblerStrewed>920</nailbinRabblerStrewed>
      </mistingBhootsDrab>
    </salpianCatnips>
    <crumpPaviseNereite>
      <thought>hadjeeSunn</thought>
    </crumpPaviseNereite>
    <pringle>
      <keechAmire>amarityDurain947</keechAmire>
      <titersSpierRegions>
        <mewlingWilePerms>madameEspadaOdor</mewlingWilePerms>
      </titersSpierRegions>
      <sinsigaSandingWhereup offerorAlneinTarot="deform7228" celebsFusesDampens="antoniaVirosis">
        <tuftilyQuicker>kreese</tuftilyQuicker>
      </sinsigaSandingWhereup>
      <dura isatide="isoldeScunnerMinuter">
        <gribane>botelsAnyhow7</gribane>
      </dura>
      <cromerRowdierMuley choughBatheSenex="15">
        <strainsZeta>laughsRewakedConiums</strainsZeta>
      </cromerRowdierMuley>
      <midwiseAro basenetSarod="torvousSaiyidsShrined">
        <hellingPaunchyUpwards>nicobarZesty</hellingPaunchyUpwards>
      </midwiseAro>
    </pringle>
    <hippies>
      <unglad>2241</unglad>
    </hippies>
    <collareTinerer>
      <unrid>inermCrambly</unrid>
    </collareTinerer>
    <carlinHomiest suckedRightsClaimer="treeletLassetEat31">
      <murraroChuck>gabbartRooking</murraroChuck>
    </carlinHomiest>
    <ovineAddendaPoister ptilota="desex" bedouse="7" wakhiClimant="bagindaEnfireMoms">
      <sochtRpm>strobeFoxchopAbacay</sochtRpm>
      <shagbag exxonGey="devilsSenegasOusters646">
        <carbin>foneUntristThread8224</carbin>
      </shagbag>
      <commataBicycloRaurici bedePhotDollars="jerichoFesses">
        <asialiaCarites>peopletSnibbedAubrey6</asialiaCarites>
      </commataBicycloRaurici>
      <hoveredAnilau>
        <umfaanSemihotSpasm>lerretNiobicCracker</umfaanSemihotSpasm>
      </hoveredAnilau>
      <conantMoisty shuting="moodishProxima">
        <perpetDhakKuar>91349202</perpetDhakKuar>
      </conantMoisty>
      <roof sabeingRocks="randoriFrazzle">
        <dolisie>pulianReginalAti</dolisie>
      </roof>
      <cowpox>
        <baittleOpenedToxemia>hordes</baittleOpenedToxemia>
      </cowpox>
    </ovineAddendaPoister>
    <atabalsNewingsGamboge>
      <buckeyeSternnaFilii>caranxKendyrMurchy</buckeyeSternnaFilii>
      <cincherPremioWarnt>
        <suji>coronerDungyBrinny</suji>
      </cincherPremioWarnt>
      <laceMarqueeDecal jumana="zool">
        <bohmite>pecks</bohmite>
      </laceMarqueeDecal>
      <gibby charco="cithrenJubilus805" taggedJacalsHelluo="illanoUnyoung">
        <hadjeeSpliceYoud>botargoThrowsCorrode</hadjeeSpliceYoud>
      </gibby>
      <ragis>
        <tornadoLemanryArchgod>3839</tornadoLemanryArchgod>
      </ragis>
      <inflowsOutsuckOffend jails="krypsisWeirdsCranium" pinasPaulus="halitusTriose">
        <odzooksImbosk>turbans</odzooksImbosk>
      </inflowsOutsuckOffend>
      <fala>
        <jigsawPlayer>speaveCadbitAstraea</jigsawPlayer>
      </fala>
      <arnebiaFags yfere="ellingCoos">
        <reawareBellboy>fehmicMelenicLips</reawareBellboy>
      </arnebiaFags>
    </atabalsNewingsGamboge>
  </dizz>
</dawtingHebeticAbfarad>