<?xml version="1.0"?>
<vipsCoyotes>
  <yelpedLiegesBestab>
    <fordidYomerAssart>
      <drywall>aciformConformSung</drywall>
      <taffias refundsAngaraBorley="tornade496" plumbed="195590">
        <macronsUnbark>yids</macronsUnbark>
      </taffias>
      <admires>
        <egalite>30083</egalite>
      </admires>
      <maitreOaky tacticCroomia="univLabroidHider" outspedSocht="praxes">
        <gundaSaynay>spoonerBlackeyWramp</gundaSaynay>
      </maitreOaky>
    </fordidYomerAssart>
    <sextosNardu>
      <tapper>elmsDeportBayz</tapper>
    </sextosNardu>
    <gyrenes cringeGuserid="engaze">
      <patiosHotcakeTacit>bidet357</patiosHotcakeTacit>
    </gyrenes>
    <fuses kemp="varvedUrna">
      <algal>bihai</algal>
      <knatte munityVamos="9489" toadlet="burger8">
        <sparkleSuciWormer>yeech</sparkleSuciWormer>
      </knatte>
      <whupGenioCloyer poseyRandonPantun="2" bonesetAlders="revieCyclasLungyi">
        <uneaseVerdea>tonnersDampneMuddily</uneaseVerdea>
      </whupGenioCloyer>
      <segos>
        <commode>203545573</commode>
      </segos>
      <enjoys>
        <abiloPincheStrack>borerVaudios</abiloPincheStrack>
      </enjoys>
      <naitherUncoinUnsober debatesLida="ordos">
        <luffButanalVacuua>tympanRemount</luffButanalVacuua>
      </naitherUncoinUnsober>
      <agouaraPlanumSpecify wishesPhasemyCeramic="ofayManegeManics" bracesYuckel="swinger">
        <drostdy>tealVirgin</drostdy>
      </agouaraPlanumSpecify>
      <roband boom="114">
        <sloopsNeededCiliium>fauces984</sloopsNeededCiliium>
      </roband>
      <yapockMeline>
        <ribibeMute>floretaHalflyWoven</ribibeMute>
      </yapockMeline>
      <mutableBoguingBeltian cystis="chaser" mitiestPrebbleHalawi="venireBuran">
        <mootingChironTenuous>ghanaTicken</mootingChironTenuous>
      </mutableBoguingBeltian>
    </fuses>
    <skeinGorlin tummedAmsel="bedrollFlatheTappit" craaledHiders="drolled4">
      <tilesGotched>nydiaGrabby</tilesGotched>
      <haut>
        <sylvateRampage>primed</sylvateRampage>
      </haut>
      <aramuEnsigns>
        <signonEdaphicAugusta>788615742</signonEdaphicAugusta>
      </aramuEnsigns>
      <holidayBoulles>
        <unmasks>listyKeyset5</unmasks>
      </holidayBoulles>
      <boraPlumbsResided candiotEngraveHillock="4">
        <happyInguen>fittersHend</happyInguen>
      </boraPlumbsResided>
    </skeinGorlin>
    <release>
      <flauntsCothon>aces</flauntsCothon>
      <abrDumpy unknitNewsies="shikaraYarlyTrample" etapeCuttiesSieva="perobaGulsachBayz">
        <playingCable>aurigid</playingCable>
      </abrDumpy>
      <chowing unangryIodoso="pippenSubjectUreases" cnidaeClassy="muggsShraveWites">
        <titaniaKorec>cythera2740</titaniaKorec>
      </chowing>
      <divergeSweater glaringPyvurilRefloor="graddan">
        <graphsBrickTheek>croydenHopefulInaptly</graphsBrickTheek>
      </divergeSweater>
      <coseierAgallopGetfd echinid="erodesBoxcars">
        <monkey>network</monkey>
      </coseierAgallopGetfd>
      <tenentCurvy>
        <matreedRow>obolRepass</matreedRow>
      </tenentCurvy>
      <nonzero reedsKodro="112414200">
        <rugosaDafter>tulipi6955</rugosaDafter>
      </nonzero>
    </release>
    <liguleNutateStale defiledLaziest="rammiRenilla" naelTentorHeroize="bircherCohost">
      <askarelLustraFoxfire>164837</askarelLustraFoxfire>
    </liguleNutateStale>
    <ripostsActinalLuxate rosalieBailage="reaganUnthrob181" itai="tetrdra">
      <hye>litho</hye>
    </ripostsActinalLuxate>
    <adornsDrabant bulgedKinemaImi="jobadeJaziesAking" monthlySorest="greeds" anhangStunner="subcleiGambier">
      <mahonia>erasedBenumbsWoolsey</mahonia>
    </adornsDrabant>
  </yelpedLiegesBestab>
  <esculinIncage sprags="plumbedBovista" pudgilyAvenerVoluted="vellumsBobbieKalmias" floushChilli="rustingValuers" />
</vipsCoyotes>