<?xml version="1.0"?>
<fuzing>
  <hasselsBewryTamias />
  <bouserCraftlyEtrenne sedangUmpirer="ahuatle" riley="batsmanRosinsWetched3" pizzleFerrenDispark="550">
    <meowsWudu>
      <gothicIgorotDetects>3</gothicIgorotDetects>
      <picotsCorrido kalangEnclogCuber="bergallRecurs">
        <aneurin>poilHearths</aneurin>
      </picotsCorrido>
      <vinicOvernewPlease isawa="rutchSpurtle">
        <idrosisWoodeny>auronal</idrosisWoodeny>
      </vinicOvernewPlease>
    </meowsWudu>
    <karpasPintleImpish onceNurtureLushai="hora" lariRadicalBarotse="dissaveLige" glyoximLib="yday53">
      <quiesceGlad>hear</quiesceGlad>
      <armlessCunditeHallion>
        <absisYulan>51</absisYulan>
      </armlessCunditeHallion>
      <glided gaupingUpshut="looking">
        <wareful>42382182</wareful>
      </glided>
      <isotopeBoredPurview savorCoucal="lovageThugDeflux" aguilt="errancy5853">
        <banyoro>otary</banyoro>
      </isotopeBoredPurview>
      <lemnianSpathesSkyed panderEndorse="yarry" fakingImpasse="alenuExisted">
        <bonedogSophy>hallahsHariana</bonedogSophy>
      </lemnianSpathesSkyed>
      <incus snubSinopiaMacusi="naiadesPangBigfoot">
        <scintlePraying>streyneNovice</scintlePraying>
      </incus>
      <sneeBeworkAnagogy triune="2" sents="aquariaIndabasScrab">
        <wealthy>86808</wealthy>
      </sneeBeworkAnagogy>
      <leonDagCrammed>
        <eelskin>663</eelskin>
      </leonDagCrammed>
    </karpasPintleImpish>
    <mulkParejaFopling>
      <karns>flounce</karns>
      <impleadWhummle colloq="augrimJungleAlphyl" curarisDisced="6">
        <virgoCanons>mystics</virgoCanons>
      </impleadWhummle>
      <gilgulWannaTaivert kelpie="laroidBurtonUrnlike">
        <handbowAcrity>acoinNymphetSitfast</handbowAcrity>
      </gilgulWannaTaivert>
      <ogeedFrayne crepon="blankedLeghorn">
        <comalesMottes>982</comalesMottes>
      </ogeedFrayne>
    </mulkParejaFopling>
    <stratusBahadur>
      <gemlikePlaitedCsch>fauvePotheadRendu</gemlikePlaitedCsch>
      <aniccaDealingDerrid arganteDambrod="fritzFlavic4" mysidAlining="61513">
        <pkgMonkdom>1931</pkgMonkdom>
      </aniccaDealingDerrid>
      <duntedArrayanTriene bedcapBuckpot="carfaxBerime90">
        <shelterAcerdolShillet>eclogicTahiti</shelterAcerdolShillet>
      </duntedArrayanTriene>
      <boucleCowbind kronen="chezBoundsDemise5776" besuitLond="slingsTaxites">
        <cottage>965015</cottage>
      </boucleCowbind>
      <trumpLyon koibalEffluxFinlet="oxyphilTrutine9" jouking="liftsNeetup54">
        <toxical>101692075</toxical>
      </trumpLyon>
      <sassing>
        <qianaGieawayIntent>oraLevityChivari3</qianaGieawayIntent>
      </sassing>
      <tacet slaw="371" ductureGenres="2">
        <kestrelNadaUrian>loughs</kestrelNadaUrian>
      </tacet>
    </stratusBahadur>
    <gnatterRubrail costard="chmCoemptsBeignet" axolotl="rajahsTeal88">
      <bandage>7244</bandage>
      <mrs straint="laneyEnglify35">
        <bins>erotema</bins>
      </mrs>
      <jottyValutas stagger="lotta">
        <duplyStra>agrWans</duplyStra>
      </jottyValutas>
    </gnatterRubrail>
    <erotemaGameneHymnic hummersWashoanPhacoid="nonoilyAsweat" lushlySaphena="ephetic" zing="seawant">
      <caudexCautivo>gare3</caudexCautivo>
      <hemina wendishBilcockTold="oralityBeastieDampest">
        <leesHushesChromos>listera</leesHushesChromos>
      </hemina>
    </erotemaGameneHymnic>
    <yavaSheenedPinery pardonsEspritsElbuck="rhizoma">
      <styrol>54192958</styrol>
      <aggregeStarverAgree snathePimpery="premedsUnswearCorozos">
        <emblemaAshramaTrapish>detergeJussalSiftage</emblemaAshramaTrapish>
      </aggregeStarverAgree>
      <rubbler>
        <purushaAegagriQuemado>5</purushaAegagriQuemado>
      </rubbler>
      <felts gryphDacronCorixa="towson" cultismSkiedSwarmy="plumbum">
        <able>sailyeTerritsMilpas</able>
      </felts>
      <rubiousCaimito bianchiEpicele="castethVulvae450" lustedParable="splents">
        <didactsJargleChoses>boist</didactsJargleChoses>
      </rubiousCaimito>
      <calypsoBelle>
        <rhemist>441702253</rhemist>
      </calypsoBelle>
      <torulinCoeliacEndozoa>
        <crumply>vidkidFratchy</crumply>
      </torulinCoeliacEndozoa>
      <soxhletGoyana shivoosBesit="387" tolly="crane219">
        <beewortUpleapsChoya>stigmes</beewortUpleapsChoya>
      </soxhletGoyana>
      <zenickToru acronic="duarchySultanaEvg80" burghal="peavyHalfway">
        <achene>59981681</achene>
      </zenickToru>
    </yavaSheenedPinery>
    <glauberStevelFax canli="nyxisCerthiaBrew" polyene="exponeInvidia" skibobsRenkBehang="stablyComputeVeneris">
      <foliaItemy>305301</foliaItemy>
    </glauberStevelFax>
    <gloyPuthery ethion="yumanRadaFurdle" brownlyHorizonSanpoil="rankettBreaksTera7794">
      <restfulUmbonesDough>zonateMaranaoExes</restfulUmbonesDough>
    </gloyPuthery>
  </bouserCraftlyEtrenne>
  <latriaBroadly singh="alexianFumier" cosiestAmylomeDioxime="ghosterMovent" sullow="mimbarFratchyLibeler">
    <cuphead steererAndsDonning="18" loxicAnabo="rackfulYedAmurca9545" cocoonsSpandy="miteTumular">
      <helvedShivvyEthmose>nunkyBoonsPlurel</helvedShivvyEthmose>
    </cuphead>
    <burgleAbitibiAnemia>
      <kleigFashes>develinArmersGargler28</kleigFashes>
      <bounty aquageOdlingAwaked="marosReplod949" rapidlyCausers="carYeaomanSamhain">
        <zygomaAnglistEll>aumakuaFlobby</zygomaAnglistEll>
      </bounty>
    </burgleAbitibiAnemia>
    <allisNemoDeerfly>
      <palmarFloreat>gaffesReginasPriests</palmarFloreat>
    </allisNemoDeerfly>
    <gerBarber>
      <foysen>1292</foysen>
      <piotrUsherSnells faithedGlaukeArmlock="31" suzy="2498">
        <usuressDebug>inspake</usuressDebug>
      </piotrUsherSnells>
      <meldsKinesParte crewsApician="67930224">
        <uratomaChino>jumblyBuffbar</uratomaChino>
      </meldsKinesParte>
      <pilch academySeriosoRanquel="kappeBegar" unbowelVowelyBucksaw="dholes">
        <congrioWooshMijl>deesesDabsterCymene376</congrioWooshMijl>
      </pilch>
      <armoricShrinkReeper parecyEaterElastic="gravataDuodeneVermis">
        <whorageAniBenumb>licker</whorageAniBenumb>
      </armoricShrinkReeper>
      <corvet meowingWaspierRallus="80">
        <retiledAnnottoLeafen>67079</retiledAnnottoLeafen>
      </corvet>
    </gerBarber>
    <cichar wagedom="224">
      <eskimoUngridDotal>hangle</eskimoUngridDotal>
      <wantingGarsil>
        <konsealWindel>tetelExeuntLogily</konsealWindel>
      </wantingGarsil>
      <syrupTwattleMachree shakosMonde="buretteFraidUnhide" sopheme="hache">
        <waffMammatiInshell>argoanWakhi</waffMammatiInshell>
      </syrupTwattleMachree>
      <grinTabber affaireElixir="talaing">
        <naziismSpackArmours>hairierAdvowry</naziismSpackArmours>
      </grinTabber>
      <glazer>
        <sharanUremiasUnbit>toxemicShaulSplint</sharanUremiasUnbit>
      </glazer>
      <bichir wychLineups="beshoutTophAlemite" nucleinBanyai="5625121">
        <dislade>78792</dislade>
      </bichir>
      <joggleClaspedRomeo>
        <sodomImbalmViseman>suborns</sodomImbalmViseman>
      </joggleClaspedRomeo>
      <lewdPucaBoils zoicBiopsy="sagiest">
        <argalLombardSmoochs>dukhnObeliskSuint768</argalLombardSmoochs>
      </lewdPucaBoils>
    </cichar>
    <gannetBantam>
      <amuzzleLampadsDoodia>vialed22</amuzzleLampadsDoodia>
      <lagerFrowze>
        <aitchesFirs>antrinFeared</aitchesFirs>
      </lagerFrowze>
      <duodeneDatumsGrecque grailleVacantGuttier="dysuriaMekiltaGluier">
        <pilageAdmires>ohoneCohunes</pilageAdmires>
      </duodeneDatumsGrecque>
      <trolley bios="fodda">
        <chausse>crisps</chausse>
      </trolley>
      <dispulpQuasky jacanas="seisersXii" aliencyPutageProsoma="seineNewingsCringe">
        <arhats>bavinHimneCraftly</arhats>
      </dispulpQuasky>
      <couched>
        <raids>skylessDipetto</raids>
      </couched>
      <gipsyry guanizeGallishChukar="marteleFunctorGrusian" outpaceRumdum="reknockVarying">
        <ferny>teguriaIsodrin</ferny>
      </gipsyry>
    </gannetBantam>
    <lentnerRaptrilYoungth reefing="48" crimmyKmet="racoonSwargaRefait">
      <elevatoWarlyClumse>amputeeChromedPrewrap</elevatoWarlyClumse>
      <violine pressedHangout="142">
        <santa>67984564</santa>
      </violine>
      <accScalf>
        <remised>7059185</remised>
      </accScalf>
      <tigons>
        <piattiCuts>enwriteLevancy</piattiCuts>
      </tigons>
      <minkish>
        <escheatUnisoilDelime>443637880</escheatUnisoilDelime>
      </minkish>
      <nontan buras="943101" elision="2">
        <zerebaVisesDepulse>pluriesKiddos</zerebaVisesDepulse>
      </nontan>
    </lentnerRaptrilYoungth>
    <ranina>
      <rhodopeCindersRelost>woompPurges</rhodopeCindersRelost>
      <seniory mellsSklaterFidawi="darbsLazily" tappetWarpingHoorah="ritualsStionic">
        <gloppen>sambulFlips4</gloppen>
      </seniory>
      <golfdomVedana>
        <fresnelStichicMoneme>khats</fresnelStichicMoneme>
      </golfdomVedana>
      <lecythiLacunalTitling>
        <angarep>birls</angarep>
      </lecythiLacunalTitling>
      <tush marqueeWhistle="30" genreRonin="uncruel">
        <unplumbLateradSeeing>325</unplumbLateradSeeing>
      </tush>
      <vaudouxFloppyFasels triumphMahajanIcebox="9" muzhiksRepure="gibeFlashed">
        <ponziteFreedomCyathos>879496</ponziteFreedomCyathos>
      </vaudouxFloppyFasels>
      <bradawl carfourGemsbok="scorse75">
        <coring>semiticIncrept</coring>
      </bradawl>
      <gushetHamber twillGirasolWhapped="lonkUmbraid">
        <humbug>shoutedHickey</humbug>
      </gushetHamber>
      <fortierQuatuorPool>
        <tessel>lochySarong8</tessel>
      </fortierQuatuorPool>
      <mousmeDeposeQuantum lagunasGulchSurfy="ycie">
        <seawanRecoins>lessnShophar</seawanRecoins>
      </mousmeDeposeQuantum>
    </ranina>
    <retruse piceaUnmobleMite="reships">
      <maxiPerdyTwal>21417634</maxiPerdyTwal>
    </retruse>
    <engobeRazeing sharra="biallylCamphorMiter">
      <fuzedResents>prosser</fuzedResents>
    </engobeRazeing>
  </latriaBroadly>
  <outlungRopp choral="kilosAscendsIgnite" quinyl="rosettaLoad" opahs="temiakLenten" bilkerUsaronTonlet="nutpickCivies">
    <nusakanBard>
      <arzun>angeletUndue</arzun>
    </nusakanBard>
    <ingang tikiChalkos="jumpedFoiblesDilli" simuleDaboyaDent="blawortTuffet" receded="nomismNonFourier">
      <teffStrengFidia>4668898</teffStrengFidia>
      <hookyDahliaUntoned waybirdPetrous="26480" hinduMicrohmDogmen="amblerHared5757">
        <agreers>lacilyBankersApnea</agreers>
      </hookyDahliaUntoned>
      <anklongRebatedReamage>
        <chaneUnstrip>fawns</chaneUnstrip>
      </anklongRebatedReamage>
      <incask let="10118390">
        <maniacAspread>cust</maniacAspread>
      </incask>
      <resojet>
        <swingeSpannerKangla>istArbores</swingeSpannerKangla>
      </resojet>
    </ingang>
    <sisith raggies="hadntRebuoy">
      <tatchyScoriae>lipseKrater</tatchyScoriae>
    </sisith>
    <ledol meltEugenolMispaid="anychiaAkhyanaPhone">
      <coplotEheu>florasQuotingSaman</coplotEheu>
    </ledol>
  </outlungRopp>
  <topwise moleismCognizeMuddles="semsem" />
  <nuisome corderyAlvineArson="pargetsExultet" elixirs="230612" muffyUneaths="1">
    <eiffelRaptrilFlunker>
      <gigue>lessive64</gigue>
    </eiffelRaptrilFlunker>
    <trypticBicolorFootlog linings="uraniteCampyTaiyal" batlikePremiesTalaria="jumadaPintsWahima">
      <havocs>tryoutBulbineGrit</havocs>
    </trypticBicolorFootlog>
    <atule>
      <dumpoke>unloath</dumpoke>
      <cattiOutgrow>
        <patesiQuei>keenMidship</patesiQuei>
      </cattiOutgrow>
    </atule>
    <hiesComdGalet undonMalmier="endear" redebit="stampedBiviumOrthid" armadoZoarialWaugh="rusksGoi">
      <ferter>716768</ferter>
    </hiesComdGalet>
    <unrroveOverwayWhims amitaSei="cyclism" rooming="brickyShangy">
      <netman>tapiocaFreeway</netman>
      <thakurEnduroCloaks sheaPincer="comoidBlarnid">
        <lurch>troaksSubdebAllot</lurch>
      </thakurEnduroCloaks>
      <lynchetTermerCreeks>
        <galiumCerumen>728</galiumCerumen>
      </lynchetTermerCreeks>
      <cozeEquid laweourStoolieUngored="mallowTamper">
        <maro>58</maro>
      </cozeEquid>
      <cothamDurasThugdom zingaraClaryUnshady="51">
        <screelBegorahBubale>becrossAmmanAdipsy</screelBegorahBubale>
      </cothamDurasThugdom>
      <galWayfare>
        <oxazine>21945</oxazine>
      </galWayfare>
      <isntGlidersEnruin nuggetsPaddlerAthbash="busyishLushierUncrib">
        <sugentEpopMezquit>whitretSylphidGills</sugentEpopMezquit>
      </isntGlidersEnruin>
      <guzzler chiasmsSusan="parvule" oarialSentine="overcupAratory">
        <enpia>brominsDoctrix83</enpia>
      </guzzler>
    </unrroveOverwayWhims>
    <guaiacsKopiIhrams>
      <cluesFactum>134182816</cluesFactum>
    </guaiacsKopiIhrams>
    <lausCrusets>
      <topengAldm>reapersGambols</topengAldm>
    </lausCrusets>
    <baldedNiffers caxiriBraceDaunton="ulvaNubbier4">
      <comradePopely>picker</comradePopely>
      <alvusTraduceJalouse goncaloCaliban="bludgerAuchletTropia">
        <chares>senza</chares>
      </alvusTraduceJalouse>
      <collumHamburg estrinsShoppesRenig="20848" talcerAlichel="ascelli">
        <nordicEmigrBiron>greying</nordicEmigrBiron>
      </collumHamburg>
      <aerotow>
        <snorkelChuckFogou>partenShuting</snorkelChuckFogou>
      </aerotow>
      <sixtine bebledPlumpsSlaying="gualacaTors">
        <fuscinSleezy>plushy647</fuscinSleezy>
      </sixtine>
      <laetMiasmsCyclus usancesOutsert="lams">
        <plumber>syntax</plumber>
      </laetMiasmsCyclus>
      <boxcarTowel schulOutpost="lipic">
        <viminaTariffExite>25</viminaTariffExite>
      </boxcarTowel>
      <carpalsAnolisApinoid gusherAcrinylShahs="unicingChaped">
        <theismAnnette>parbakeAlfirkChutist7</theismAnnette>
      </carpalsAnolisApinoid>
      <forebarAngeles applesCroucheSpondee="entoilYestyPhanos">
        <boarishCushatAdject>homburgLeakers</boarishCushatAdject>
      </forebarAngeles>
      <wattisRogers>
        <pyrryl>seinerSpathae4926</pyrryl>
      </wattisRogers>
    </baldedNiffers>
    <alifsCorody fecesRoundedTesters="pulings4007" jabs="7441">
      <adtevacPastinaSlavian>beliedAnnattoVino</adtevacPastinaSlavian>
      <rabious>
        <scolbWorkpanGyric>purgingTonneauDonging</scolbWorkpanGyric>
      </rabious>
      <climantMadrasiGirth>
        <bestarKetotic>furaneCathoodKubera</bestarKetotic>
      </climantMadrasiGirth>
    </alifsCorody>
    <genion>
      <asepticToddyAbeam>41</asepticToddyAbeam>
      <almostDioptryAnormal ochersVarkasIsmal="tinlikeLoathlyEnorn" undidTaupou="44">
        <acroterEyehole>banjo</acroterEyehole>
      </almostDioptryAnormal>
      <cankerOwlingGeol belling="tallesGlovesDizen" japyxBraza="89">
        <fadgeOrnis>45174</fadgeOrnis>
      </cankerOwlingGeol>
      <mannire>
        <errableMidrash>kookery</errableMidrash>
      </mannire>
      <babasu>
        <yogistBardily>3</yogistBardily>
      </babasu>
      <ryaOrphreyUncompt comfyNull="matthewPitchi" wantageAweeKelters="didos">
        <setaeUphoveThetine>outfoolSinjerGlace</setaeUphoveThetine>
      </ryaOrphreyUncompt>
      <maplandCoorie rewoke="virelaiBubonic">
        <xeroma>hymnerMummersGeysers</xeroma>
      </maplandCoorie>
    </genion>
    <retoolCrappie>
      <casparWhiffer>cytoneGalas</casparWhiffer>
      <woof factTectonaTackey="plaidy" fortake="bardashMeiosesDeistic">
        <inuredHobblyCritism>myosis33</inuredHobblyCritism>
      </woof>
    </retoolCrappie>
    <gaggedMuzzled>
      <posher>92296</posher>
      <harten>
        <gitoxinEnleaf>hagbush</gitoxinEnleaf>
      </harten>
      <sothicSossleDarkey korunyMonkeryBodices="997593351" ablingsAkov="3">
        <bedebtCitternLycodes>boogersSirup</bedebtCitternLycodes>
      </sothicSossleDarkey>
      <limaconWhitey goalieIcecaps="soppy189" mascotBowpotMiniums="sparesKahar">
        <moderMagyar>696445</moderMagyar>
      </limaconWhitey>
      <stirrupAlupag foozle="44" saltcat="78526">
        <tobiesSetling>dentalsTenourStolist</tobiesSetling>
      </stirrupAlupag>
    </gaggedMuzzled>
    <lardryPotshaw bettedShakti="78">
      <riggotFollilyBitypic>paeonicFinalesPanorpa</riggotFollilyBitypic>
    </lardryPotshaw>
    <barer>
      <schemasHires>sexismWealden</schemasHires>
    </barer>
  </nuisome>
  <sunwaysTikor ricked="nawabAccede" fareToaMiniver="mishmi" cachous="instyleNoy" />
  <ruthsLatookaImmured piperno="getsulDitcher2" ternion="mixersCheders" ethene="bow" bavin="gotraJeerers" />
</fuzing>