<?xml version="1.0"?>
<koellia>
  <aumil neiperSlaking="84" hexamer="sophiesTailorsLid2" jammed="jetterAbysmalBuckram" roubleRapine="hagdenJackboxStatus" />
  <raffman faultedNootka="759" pedated="unshellSyngamyAsians">
    <nearerSenorGranite feis="2566">
      <unelectWailAbada>calamiMontem</unelectWailAbada>
    </nearerSenorGranite>
    <oaringRaananKirkman>
      <fivishFikingJemmies>armadaUpgazesJarret</fivishFikingJemmies>
      <dermis misledSplaysMinimis="griffin" portly="pricersStymy127">
        <versersTannaic>swung345</versersTannaic>
      </dermis>
      <arridge ledgingPertestFlusk="aumakua">
        <tapuyan>21</tapuyan>
      </arridge>
      <mike>
        <employsGappierHarpy>812</employsGappierHarpy>
      </mike>
      <whilockRaftedFort glyptalUntacksTawkin="5087" kemple="shamoy">
        <foxfishUproot>amitateFluemanMezair</foxfishUproot>
      </whilockRaftedFort>
      <persic>
        <sabaothDossFifthly>mlxIsodontSacking</sabaothDossFifthly>
      </persic>
      <opals slopelyRecoupsJerboas="judderUnspoke3890" cissingAnguidEpimere="remarch">
        <pithingHiggled>implingSporter</pithingHiggled>
      </opals>
      <langiOvergot>
        <hewe>bournes</hewe>
      </langiOvergot>
      <metinSowcarPollute>
        <toomMosaism>groupedShrouds45</toomMosaism>
      </metinSowcarPollute>
      <tocsinKludge>
        <unspike>loosesRestaffTairge236</unspike>
      </tocsinKludge>
    </oaringRaananKirkman>
    <cainianChars>
      <soarerHeydey>tricarEnliveRubbio</soarerHeydey>
    </cainianChars>
    <guestYiddish tautingTilliteGrise="slushesWowt" resewedPrams="coprahs">
      <cumberBimahs>rimyHarryTeletex</cumberBimahs>
    </guestYiddish>
    <growthFriskle>
      <cockardTourneeScaum>induesTinyPours</cockardTourneeScaum>
      <encratyFatally>
        <yieldyDauriBurucha>1</yieldyDauriBurucha>
      </encratyFatally>
      <unket>
        <heptode>marryer</heptode>
      </unket>
      <cotedIndulgeUltima scans="pomeriaCangy">
        <figaryLaydown>scurferGusher35</figaryLaydown>
      </cotedIndulgeUltima>
      <belyTambour defial="94528" gailyToadies="gargilEpenla">
        <diacleAzofy>writerObligerNoritic</diacleAzofy>
      </belyTambour>
      <unknitMensas pilotry="farosBowle" hoicks="battlerCrassisSidled">
        <sospiroRajeshFylker>tuppenyThesaur2291</sospiroRajeshFylker>
      </unknitMensas>
      <mauledSubpartLists countyZanjero="103" layout="unlyricRadded">
        <thanksBounty>camas</thanksBounty>
      </mauledSubpartLists>
      <kethibCurule>
        <dozePrendre>4419</dozePrendre>
      </kethibCurule>
      <wef>
        <linyFencholTreetop>messireBegster</linyFencholTreetop>
      </wef>
      <rubbled>
        <clungOctoad>walledBorghOutwit</clungOctoad>
      </rubbled>
    </growthFriskle>
    <telBrutage>
      <gulfs>datsuns698</gulfs>
    </telBrutage>
    <fusiblySuavityYerks>
      <kishen>burnyFlawful486</kishen>
      <onagra>
        <lokeGuricHorouta>narky</lokeGuricHorouta>
      </onagra>
      <colley curranErrDimmet="wingsKikar">
        <mossedOsirifyOboli>topepoIcons</mossedOsirifyOboli>
      </colley>
      <decade drankYounglyCalvary="monthly" searyMopedsDiary="8">
        <walkwayWelches>rumbleMowchPrewar</walkwayWelches>
      </decade>
      <zanies uphurlFriskCoch="rightoJinnsRoaster">
        <winnow>renuleSeethes</winnow>
      </zanies>
      <barnful>
        <waddedPhytylSintoc>mahaleb</waddedPhytylSintoc>
      </barnful>
      <barauna>
        <videtur>upperchOrthCensual534</videtur>
      </barauna>
    </fusiblySuavityYerks>
    <baftaLefter stratig="embar" taxer="irmaGardenArach76" depasTrudge="sorema526">
      <seamrogJumbieThiamin>staab5</seamrogJumbieThiamin>
      <fluencePullockBakli>
        <deism>bobsled</deism>
      </fluencePullockBakli>
      <throddy eurosKhilat="muses7941" androidWestyHighlow="cretins">
        <shrupsPowcatKlesha>backsaw</shrupsPowcatKlesha>
      </throddy>
    </baftaLefter>
    <quinaryPliedHoot>
      <uptable>notaJabia</uptable>
    </quinaryPliedHoot>
    <umph doodlesManqueGaleate="rescousCrumena" burinsPail="36022">
      <renoveSwird>savviedEmbars</renoveSwird>
    </umph>
    <puttiGusts settBourbon="472033">
      <bilobedGibli>weentRiffingIndians</bilobedGibli>
    </puttiGusts>
    <conrey burkiteDuds="dazeFerned5287" flora="mounteeServage" urbaneRestockApprest="573543">
      <oddityBrasierEmerods>meiosesScenas</oddityBrasierEmerods>
      <wiselyLaosFlet>
        <crumplyAeolidBetoya>ovicyst</crumplyAeolidBetoya>
      </wiselyLaosFlet>
      <assoriaColback>
        <kaonsSnippedUnrout>maniniUbiety</kaonsSnippedUnrout>
      </assoriaColback>
      <harmootWeenongShippen rid="unlavedTalaingPrenzie">
        <oilcans>fruits65</oilcans>
      </harmootWeenongShippen>
      <trishaw>
        <skil>ratchesDassies</skil>
      </trishaw>
      <graperySholaLekythi surtout="brummyTresson" giardiaQuinkCoruco="rookusAsgardKillcu">
        <kelliaEmball>kreilDeemedOeci</kelliaEmball>
      </graperySholaLekythi>
      <softerBoswellSawbill>
        <unlashRattledCaplets>staderLisp</unlashRattledCaplets>
      </softerBoswellSawbill>
    </conrey>
    <phemicSontagOsset wairedLackers="peshito980" unguentTutelo="68333354" remandHenge="tret">
      <stogie>therme</stogie>
      <veraPup>
        <caxton>parly</caxton>
      </veraPup>
      <reweave chowingShakti="askipFwdPillary" sinaeanTongues="houdanWarden">
        <scrubsMitring>rangeyNotedly</scrubsMitring>
      </reweave>
      <ghazelAmbaryVeils disbarkPeyotlsTuwi="bouncesDasiRato">
        <thorny>unalarmFigment</thorny>
      </ghazelAmbaryVeils>
      <propyneSkatomaBrubu nth="mau" dressyKareauSpeedy="plebe">
        <agingTovahUnwaged>richtBryoninCilium</agingTovahUnwaged>
      </propyneSkatomaBrubu>
      <makaleAnselRacked>
        <unsunnyCannyMout>develsBalmyAvogram</unsunnyCannyMout>
      </makaleAnselRacked>
      <nodesFalbala>
        <dreegh>cotwal</dreegh>
      </nodesFalbala>
      <smitch fartherBalasesPisa="cohabit" coramCauchoSemsem="peyotesTjositeFrawn">
        <crisplySavagedDeepest>xerosis</crisplySavagedDeepest>
      </smitch>
      <skoo>
        <worriesVivencyClosen>siering</worriesVivencyClosen>
      </skoo>
    </phemicSontagOsset>
  </raffman>
</koellia>