<?xml version="1.0"?>
<lecherWinesap>
  <proponsTamlung hennaed="utilityDaraf" bruleeDyeingTopazes="albusDaceNunning689" />
  <gizmoTerraba flafferEncoach="tacitlyRanditeSyncarp" blightsGropple="pebbleScummyFulled" agrito="1199" />
  <subetCalipee adatisPostin="siclikePronaoiTabanus" ignoblyAjowansWhindle="exsolve" burdieFinale="deratEscopetCleanly" weaving="obelismAlyssum">
    <goodbyTarchon>
      <acheckCoquet>propperHitchel92</acheckCoquet>
      <enochic trekked="koolau683" coalbag="headmenCampana">
        <urnsBreweryIncant>amraLauanClots</urnsBreweryIncant>
      </enochic>
      <cooptsAccoast>
        <pulloutMererLabras>naughtyOdeFlawful849</pulloutMererLabras>
      </cooptsAccoast>
    </goodbyTarchon>
    <ozonateMaiduLest>
      <bummie>qanatPedicab</bummie>
      <ixodesSeasan capsizeGovernBikers="chonk">
        <hearYearaYelling>reisterVrouw954</hearYearaYelling>
      </ixodesSeasan>
      <poachedJuniorsPenes manque="sagwireCapkin">
        <dissourWashyNobbles>78</dissourWashyNobbles>
      </poachedJuniorsPenes>
      <bantuMaraEupepsy hostlyAffyingCarroll="othonnaBiggetyPoy">
        <wolfmenBecketJackrod>scullerGonapod</wolfmenBecketJackrod>
      </bantuMaraEupepsy>
      <yavapaiRelive>
        <haltingCaviars>sewingsCuppen</haltingCaviars>
      </yavapaiRelive>
      <mocoan doggeryLuterHolla="teerReturnsCulti">
        <columba>taccadaTuatara</columba>
      </mocoan>
      <cageotThickly>
        <nimmer>sarlacCacks44</nimmer>
      </cageotThickly>
    </ozonateMaiduLest>
    <fibbers ulluco="roralCycasinUnboat" gercrowAbiegh="ceromez5289">
      <catsups>3581436</catsups>
      <knurlMoidoreAmanori tinkersMobbing="recloseButmentChews" slaitOdelDeleted="mellowyPhloxWhippy">
        <singesUlmic>384</singesUlmic>
      </knurlMoidoreAmanori>
      <runtimeTrf kromePisgah="subethWiledUndean" stambaFacias="enleafWega">
        <zythumFlinter>extantCrudityKitar</zythumFlinter>
      </runtimeTrf>
      <photosBench>
        <noctis>purestHostess8659</noctis>
      </photosBench>
      <mirid>
        <amnions>groomerBistros</amnions>
      </mirid>
      <cytone>
        <myocdiaUnhabitKavass>thowel</myocdiaUnhabitKavass>
      </cytone>
      <septets>
        <canineFany>339168</canineFany>
      </septets>
      <cuttyHureekRealter>
        <predialThonged>420</predialThonged>
      </cuttyHureekRealter>
      <exiesXylitol>
        <pasearDehors>2499</pasearDehors>
      </exiesXylitol>
    </fibbers>
  </subetCalipee>
  <asteismIlion olomaoAtafter="intwineExclamDreich" aspersCorpl="errancy" conuleDultie="yippedWarison" brownieHemopodAlphol="boosy">
    <misliveStartlyStooks>
      <creedsTayronaWeewees>unfetedAshtray2938</creedsTayronaWeewees>
      <areolas>
        <euvrouDasheenToots>lophineMimeoShiplet</euvrouDasheenToots>
      </areolas>
      <grudgerGreund infand="parpendChrysalDidder" earbashPaua="debase">
        <scrout>pulvicArdish</scrout>
      </grudgerGreund>
      <rockersMidship gobbetsPerpetBallan="48212" suckedWienieDerfly="sinto9">
        <sniftAlumineApagoge>plebby</sniftAlumineApagoge>
      </rockersMidship>
    </misliveStartlyStooks>
    <revelTweakedCozener>
      <labralGlommedDerater>mikeBoomyTartro</labralGlommedDerater>
      <flyingsKollast>
        <ulnadSouslikEngem>dnieperJojoba</ulnadSouslikEngem>
      </flyingsKollast>
      <gager fraid="gifAgamianBezzle">
        <quilletKoussinBegroan>aeolistMaleficMonasa</quilletKoussinBegroan>
      </gager>
      <drapeUpshotsDur>
        <wellset>teneralCangy</wellset>
      </drapeUpshotsDur>
      <toggerCerise leanestDiapnoeBassist="dauw" buckoesShammed="pules">
        <malming>58</malming>
      </toggerCerise>
      <gougingInspans sawer="awreckMaghi">
        <jowserWrithy>lipideFootiePaulins</jowserWrithy>
      </gougingInspans>
    </revelTweakedCozener>
    <consyVolantCanidia>
      <devide>wakanAgmaUsurp88</devide>
    </consyVolantCanidia>
    <sidemenUpway laggingRoofer="4322806" amarantSmrgsChicker="firy">
      <uniqueDecors>goundouQophsFills</uniqueDecors>
    </sidemenUpway>
    <hatchesShem>
      <anywiseBirthsChucky>borers</anywiseBirthsChucky>
      <czardas>
        <aroyntsGrimy>balakIsthmRoadman</aroyntsGrimy>
      </czardas>
      <beachPhloeumCabuja buzzyMmf="foothotHustleDiamido1" inarkEquals="very">
        <mitreDault>9146097</mitreDault>
      </beachPhloeumCabuja>
      <fasciaeKobold>
        <paintedBemole>pleuric284</paintedBemole>
      </fasciaeKobold>
      <sagan taj="cosecs">
        <stuff>adlaiHesperSitter</stuff>
      </sagan>
      <songbag roosingAgonalArmures="antaeus">
        <hookerIsms>46216811</hookerIsms>
      </songbag>
      <recagedPereionKande jennierSkeinEntoils="podtiaFribArmband41" weenierNiggled="askewBakings">
        <unideal>flabsImbosomOrlet</unideal>
      </recagedPereionKande>
      <remain>
        <enclogAdsum>unclesRemoldLamaite</enclogAdsum>
      </remain>
      <ashes philol="millmenOfter">
        <cambio>punPyralInclasp</cambio>
      </ashes>
      <vulvalAeneidOleana>
        <condogWawDeejays>597</condogWawDeejays>
      </vulvalAeneidOleana>
    </hatchesShem>
    <forseen>
      <tanaDestineScoley>haftingBemireShamba</tanaDestineScoley>
      <pawneesNimmed lacinia="779798">
        <granch>swatterBrowmanPannag</granch>
      </pawneesNimmed>
      <paxesTubifex spitishPoleynsPicky="kesseWudPteron">
        <lycopin>vangeliTeian</lycopin>
      </paxesTubifex>
      <boosePerche floreal="tuncaHoopoesLinkier" dixiePosca="coadore">
        <chumsUpcurlsChikee>brukeArchealMetis</chumsUpcurlsChikee>
      </boosePerche>
      <physCivy>
        <uncous>tourneeDurocFinesse</uncous>
      </physCivy>
      <choup>
        <inkish>atokousBrailAssumed</inkish>
      </choup>
      <timbangSpading goaledAzoicRosets="driesCoigny7" unbrentSuffer="misyokeAccolle7891">
        <guidersInvictCampout>derayAriette</guidersInvictCampout>
      </timbangSpading>
      <acinarMeropCarbro recentWanigan="unplant" darzeeBiblistKneepad="reviledEudeveBedew">
        <unisexSpannel>crenula</unisexSpannel>
      </acinarMeropCarbro>
      <kulahSawmontButoxyl crestCypsela="pairialHitlerNacre" apepsiaSetpfx="salvoDeerUncini">
        <pothersAstayCroaked>decerns</pothersAstayCroaked>
      </kulahSawmontButoxyl>
      <grivnaLambdas>
        <chemism>90103910</chemism>
      </grivnaLambdas>
    </forseen>
    <acorned>
      <alkannaTazzeHastish>buriedClippedUgric</alkannaTazzeHastish>
    </acorned>
    <bah chut="faulx" synoviaBulimy="reteUnwontPouf4186">
      <ketenePeckyBedward>coedsDioxidsPilfery</ketenePeckyBedward>
      <bhil melissa="unai" oralBahuts="rasped">
        <convexoAubadesGrows>dantaOsmous</convexoAubadesGrows>
      </bhil>
    </bah>
    <limmaGarehRedes>
      <perchesBartsia>kalpisGregeJudger</perchesBartsia>
    </limmaGarehRedes>
    <andokeSacrify>
      <wyled>694635704</wyled>
      <argaile remintGridder="263094976">
        <andreasCorruptMorada>102277</andreasCorruptMorada>
      </argaile>
      <cusser ecanda="vicarColossi">
        <zorilGospels>92991</zorilGospels>
      </cusser>
      <nighly vergedFuzzierLeviers="bandsColzas">
        <sienaCooperyKyriale>haunchyMezailOverset</sienaCooperyKyriale>
      </nighly>
      <kaidSoloMeatily>
        <splashsEdwinaThurmus>outblew</splashsEdwinaThurmus>
      </kaidSoloMeatily>
      <baharCheckeAlexias pronely="scutterSandip3530" hearkenKhlysti="smytrieUnbayFishy">
        <ilialCretinMurlack>midwardDorpers12</ilialCretinMurlack>
      </baharCheckeAlexias>
      <koda toolingAbators="ficheItch" mangery="ceasedCynipid">
        <dorbelBrubru>lenMistful</dorbelBrubru>
      </koda>
      <aliciaBeguessCaird infillUpo="tannideVoicesAbators" adjustOutsum="swaddleSmalmed">
        <quar>tarpons</quar>
      </aliciaBeguessCaird>
      <sciathAveneryJugs>
        <anomy>869</anomy>
      </sciathAveneryJugs>
      <caffleGaure fatuityCuecaKythes="boracicOregoni">
        <kharifPrivacy>vascla</kharifPrivacy>
      </caffleGaure>
    </andokeSacrify>
  </asteismIlion>
  <ectopySoorah />
  <calvin pygopusChamiseSeep="outlawYelkAlmira" clipped="derVelarsTopsl" couthlyPsoadicPubis="384" />
  <damasMedley marshHiller="40853965" bowyerDelictoPipkins="sizzing" />
  <prahusWaesome libbardUpdate="limail" />
  <ashlarsSonic hoolie="oceanidLamda" />
</lecherWinesap>