<?xml version="1.0"?>
<upleaptLowingsVainly>
  <hamiteFugues dianil="256568" pravous="celtist758" dowmentCorynidPimpled="notablyEvacuee9732" loaner="missyHeeds7362">
    <lazaretPierage azulite="fidded">
      <goaling>grown</goaling>
    </lazaretPierage>
    <oveyHoking silicasHonk="glaires">
      <vamooseRebeck>106582421</vamooseRebeck>
      <repayed>
        <kiblasAmperAsself>11702035</kiblasAmperAsself>
      </repayed>
      <gobonyCows kintarSorgho="toadiesWeedery" blintzElision="8335">
        <neogaeaBepat>349</neogaeaBepat>
      </gobonyCows>
      <toggerNorgineUnition cactalFubbingMakara="owly">
        <burdensMolmen>liepotBiniPonzite</burdensMolmen>
      </toggerNorgineUnition>
      <treeingRecptSadhaka raided="untentyBallist">
        <arienzoDuntsBuncoed>killeenChon</arienzoDuntsBuncoed>
      </treeingRecptSadhaka>
      <gooierMineryDotard>
        <ameniaMeated>chugsDoctus</ameniaMeated>
      </gooierMineryDotard>
      <ploppedBrunetPrimost spungeRubbedMeguilp="ouphDishragBeads">
        <puliCalmly>pardonAnconas91</puliCalmly>
      </ploppedBrunetPrimost>
      <tunal creased="flabsPoohsBanquet">
        <seisers>freestUnquickFabrile</seisers>
      </tunal>
      <huileLiangFunis upwhirReb="9" thiazol="phraseyDaggedTowned">
        <altaiteWailakiFinding>ramate</altaiteWailakiFinding>
      </huileLiangFunis>
    </oveyHoking>
    <angeredBemat>
      <ploceKrag>fontfulKhussak</ploceKrag>
    </angeredBemat>
    <duads>
      <cactiMutuels>rheme</cactiMutuels>
    </duads>
    <mockish unlunarFrays="pigpensGangrel" versor="divataDebel" avanyuMottles="cisternThiasoiTombic">
      <niffer>improofWensVidette6604</niffer>
    </mockish>
    <brim>
      <chollaAustere>diddleTrygon</chollaAustere>
    </brim>
    <shallyRopableIckier iliadicRazorsCatnep="quinoylMasons" chermesWhirleyPigskin="coupedSlammerGibbus">
      <dextroLiasLadin>axlikeNep8796</dextroLiasLadin>
      <rubbish fatimaZoilistKnarle="rattenThereup6360" rykingNegroPulling="8">
        <tensesDesmidsPatrice>callotLingalaMorsing</tensesDesmidsPatrice>
      </rubbish>
      <riblike witterIpl="staningSlojdChalcid" killeenTightly="999813">
        <wool>920</wool>
      </riblike>
      <begnaw>
        <lemel>halloaToped</lemel>
      </begnaw>
      <tipcats edanaTerrie="capful">
        <curiate>1365</curiate>
      </tipcats>
    </shallyRopableIckier>
    <doughtyAldoses>
      <muzzled>pathletDuetto</muzzled>
      <khajaElong bawcockSotols="ficins" jurisCurtalsProving="renoveWeakerPrexy3278">
        <takingReseise>616056454</takingReseise>
      </khajaElong>
      <blab deignAnidianSaiph="taperArulo">
        <zaftigYells>90</zaftigYells>
      </blab>
      <concaveRingy nevel="12818518">
        <secancyKumkum>lee</secancyKumkum>
      </concaveRingy>
      <rigoleAments giocoso="2">
        <meanyPeewees>deignModica27</meanyPeewees>
      </rigoleAments>
      <capletsBhaktas>
        <waddleFiats>joieVidimus</waddleFiats>
      </capletsBhaktas>
      <vacualZelatorPossums exinite="norfolkCalzadaCracca">
        <retrims>pktLauterTapper</retrims>
      </vacualZelatorPossums>
    </doughtyAldoses>
    <pannus>
      <foll>skimosMimmoodMikados</foll>
    </pannus>
    <empusaBlueleg>
      <petioli>youd</petioli>
    </empusaBlueleg>
    <nicher sermons="thymeLedgier" writeeTaxis="gonialeMayo">
      <avastPhonilyKhalifs>promissLookingShackle</avastPhonilyKhalifs>
    </nicher>
    <duchiesUnsexedWarlock>
      <hahsNidarySparple>graphic4711</hahsNidarySparple>
      <aroidesVermeilKineses nainselVinci="18">
        <dirdRestiff>finewedFieriTansey</dirdRestiff>
      </aroidesVermeilKineses>
      <swivetsPontiff shopBarding="palaFraile" dyeCucumis="catcher">
        <weemFarles>377</weemFarles>
      </swivetsPontiff>
    </duchiesUnsexedWarlock>
    <sibericRectus lingismDindlesCollut="333435" englueIgiturCatechu="bilbiesCloots">
      <jetportWafted>cager</jetportWafted>
    </sibericRectus>
    <epenla>
      <emigree>guseridNiftiesLapsi</emigree>
    </epenla>
  </hamiteFugues>
  <rhymeShwa eer="oxalisFeatous" juvent="south20" agisted="vishalConcho" betake="gadfly5" />
  <athenaOctopiGulae airampoMarlite="upgullyJiggitCaraibe" maquis="sheardNikonTosh" jazzmenNodulusLoobily="cathopWawaMoplah" turio="trullo" />
  <wappatoLycopodCrinums cotonam="alpheusAlayGeodic2" emuBombace="byrrusGaetApotome" stativeUdasiLobale="nodulesGlyoxim" asleepGuyersEla="inviteeClints" />
  <poisGavageBodice />
  <sappho tining="198021942" meneIcecap="wellingRaggeryPeert14" acontiaTurmaBunches="chithe5" />
  <snowierCorvee />
</upleaptLowingsVainly>