<?xml version="1.0"?>
<pielum>
  <jazeysSwingsFlain amusee="adeems585" mucateSeatHitched="eldsChurada" pietiesQuetchBraggle="yfacksDopier99" lunaBongs="slappy9">
    <suggestPlumistCobcab mopokeBoaster="abbots">
      <tzaamToquets>ryntHaddockPredark</tzaamToquets>
      <latenedBerinse>
        <tabagieRammy>kari</tabagieRammy>
      </latenedBerinse>
    </suggestPlumistCobcab>
    <helvingCentumBeld>
      <apparat>wabeno6</apparat>
      <poorishBonnne>
        <tuckyCaneDogvane>eccrineDuhr</tuckyCaneDogvane>
      </poorishBonnne>
    </helvingCentumBeld>
    <biuneNubilum junkerDoeth="readyFilmize">
      <toePardalGiesel>georgie</toePardalGiesel>
    </biuneNubilum>
    <pelioma smeathStamin="geneatHorry249" nubianAttorn="toise" heii="wishmayGrailAntickt">
      <sulcatePants>400634</sulcatePants>
      <armures>
        <apnoeic>lanch521</apnoeic>
      </armures>
      <poohingUndeanThetis upbore="562821" gervasErmit="graters64">
        <gastrea>swidgeEtherolSambuca</gastrea>
      </poohingUndeanThetis>
      <tiptoes tonemesBerean="unebbed98" sufficePsycho="ilium">
        <aloeOpsin>rongeurKiwi73</aloeOpsin>
      </tiptoes>
      <arillusHardieGrafter helviteTailage="drokpaDaymanChunked" wadded="amendIracund">
        <perseaFormose>sanding8994</perseaFormose>
      </arillusHardieGrafter>
      <januaryTendedBututs>
        <buffers>composeBibiru965</buffers>
      </januaryTendedBututs>
      <morelElkumaFanfare>
        <lenitic>prutotTusksCangia</lenitic>
      </morelElkumaFanfare>
    </pelioma>
    <pencheKabsTeacart>
      <unskillResilesOctober>emonyWheaty</unskillResilesOctober>
      <sampansAmphib tirades="mecatiCadgySeve" coagentPyrenaFig="587995421">
        <frolicsSpringAnmia>etneanEntraps</frolicsSpringAnmia>
      </sampansAmphib>
      <danglesUpways meanlyWitjarLimeys="chama">
        <okeeParcherIzdubar>culmyNoyade</okeeParcherIzdubar>
      </danglesUpways>
      <refacesCatenaMonster kavikaWhankLimos="blautok924">
        <loxesArmineResoil>rist4986</loxesArmineResoil>
      </refacesCatenaMonster>
    </pencheKabsTeacart>
    <penitis vigours="bilbie" shawwalAeacus="allyou8599">
      <simiaMoloidSwell>ballium</simiaMoloidSwell>
    </penitis>
  </jazeysSwingsFlain>
  <kling />
  <showmanDefuse manateeVeloAloddia="dinkAdm" drivels="crotchySinuateSeaming" femes="8168531" vilayet="60409" />
  <pitarahPilikia wadmels="metes7" terranSlopedFeezing="ejurateNaughtyTox46" />
  <goozle quittor="fedarie2407" incussBurbolt="rerowSabanaPipings" artefacAtrialOrogeny="niobiteBoled" />
  <stomata scaring="7147778" mammeys="warrer" amadouSimconPadge="alaloiMonuron">
    <mannessOutgame lyra="goldtitUpstepsRattons51" perinePhasersYeming="pifflerSchnoz" defendsBamothKiekie="mazurka">
      <sarinsPalolos>179384403</sarinsPalolos>
    </mannessOutgame>
    <yoghMarsoonCaselty statsCampman="locally59">
      <hobblerFrowzly>720987</hobblerFrowzly>
      <uplane>
        <mollesFreyja>shrovedMmfGrab</mollesFreyja>
      </uplane>
      <prahmCrasherDiaxone>
        <yamensLiangsAthing>berobed516</yamensLiangsAthing>
      </prahmCrasherDiaxone>
    </yoghMarsoonCaselty>
  </stomata>
  <unteachTewaJuglans clerked="uralicBafyotEvisite" />
</pielum>