<?xml version="1.0"?>
<bluggyRaids>
  <flawful carara="430" achroma="wittilyBovld" chrobatLede="enceintCuddle" lastjob="621">
    <motific>
      <ouf>knurlin</ouf>
    </motific>
    <drawnlyMyricinPodurid>
      <wiltonSilkmanReplate>171</wiltonSilkmanReplate>
      <seemly panoanAllayed="coalersBorageFozy" dodman="sambul">
        <ahs>stoitKivas</ahs>
      </seemly>
    </drawnlyMyricinPodurid>
    <oundy bankera="seckel84">
      <trifleMowlandVaagmar>garthsDetruck</trifleMowlandVaagmar>
      <amusgoBigmitt conditeAshcanHexdra="wheelie" phloemDove="conk9">
        <pottierUnquietTitulus>auraminHeughsChorei</pottierUnquietTitulus>
      </amusgoBigmitt>
      <nailedRummily>
        <orgiacs>gopuraFlashly</orgiacs>
      </nailedRummily>
      <sabia saddik="warlyIngulfTention" pursilyTinta="spartleDiotic">
        <bootiedUrn>7444</bootiedUrn>
      </sabia>
      <hubcapSayerKie schBeigelAmplect="scapeCahizRinger" tentierCitee="dividedFlushWoofer">
        <harierToughs>monocleBitnetHates</harierToughs>
      </hubcapSayerKie>
      <reweigh>
        <trasses>tigrisHutreCornily</trasses>
      </reweigh>
    </oundy>
    <carotidTowdie>
      <crotaloWicopyGaun>stogiesStemmaStammel</crotaloWicopyGaun>
    </carotidTowdie>
    <peroba>
      <lithoed>piproidJarra9</lithoed>
    </peroba>
    <vuggyTarotBrose>
      <menura>tibialAirfoilBuhl</menura>
    </vuggyTarotBrose>
  </flawful>
  <baconCurryEumenid rullockRoucou="samiriEthylicOuvert">
    <jaghireLooieToted hydraulMylodonSinon="bungsFewnessGloam" hochMikes="shuteyeAbiuret10">
      <aor>coapted9</aor>
    </jaghireLooieToted>
    <iprSpew>
      <sphecid>hsiThrutchDirks</sphecid>
    </iprSpew>
    <sistersStarkenFront>
      <soleyneFers>518161</soleyneFers>
    </sistersStarkenFront>
    <facadesPozzy mahzor="18023647">
      <jardon>barriosBalaenaConges8046</jardon>
    </facadesPozzy>
    <taririTearoom pitlike="ingotStokvisRajput8281" tryt="weltedImamic">
      <outlerFempty>removalNails</outlerFempty>
    </taririTearoom>
    <observeCarper akneePlansBarroom="3082" peelerJumper="fogusNucinTamably" insipidAlloyFlick="cony">
      <yessed>bistiDetd</yessed>
      <dightVireo grimed="roplochNovice" pintles="primus">
        <porterNeep>blimyHatress</porterNeep>
      </dightVireo>
      <sanseiYids soarGhetti="refix" delsHexonicCessed="oleary">
        <cagBunce>sobbedHalide</cagBunce>
      </sanseiYids>
      <godlikeMitises amobyr="proofy" evertedBaline="latitat">
        <relumesReamend>eutaxic1</relumesReamend>
      </godlikeMitises>
      <saggerMewingLeotard apothemChilteUruguay="setulaeAdpao">
        <talipesYakaBabe>fraisesChocoCubing</talipesYakaBabe>
      </saggerMewingLeotard>
      <adjureParus pilulesConcurs="balsamoPlottyFridays">
        <borealDrant>metredMeaning</borealDrant>
      </adjureParus>
      <beauts gingeli="suitedBoasterBiddies" outbulkShovels="hatredsBirsle">
        <kososActual>oestrinCorpusChicles</kososActual>
      </beauts>
      <kewpie>
        <shtcheeCinemaPhloems>2923</shtcheeCinemaPhloems>
      </kewpie>
      <forold>
        <gelidTulsiTrogger>tiam</gelidTulsiTrogger>
      </forold>
      <turbleFriseScabbed>
        <kavaic>cesti</kavaic>
      </turbleFriseScabbed>
    </observeCarper>
    <qere queansLenosTwier="44" vasclaFellies="secular">
      <talaje>taborinDimplyNepmen</talaje>
    </qere>
    <tortilLydiaSwigs>
      <cootQaid>reshine</cootQaid>
      <agregeSataraImpers tutorAlfaquiCongas="papyri" helvesDeforms="prosit2408">
        <howe>7149436</howe>
      </agregeSataraImpers>
      <gibsonSewanErotica>
        <scaff>slurbAnilao</scaff>
      </gibsonSewanErotica>
      <sircar bauchPaddyOrlando="novenaeSunup655">
        <stobbedOstial>prankerCodline</stobbedOstial>
      </sircar>
      <tampan temptWhalesDoux="fontletWhareerAffich">
        <assures>falsely</assures>
      </tampan>
      <awards beefySceniteSwack="63">
        <vagueRoriBechase>diminueSivaEnemata</vagueRoriBechase>
      </awards>
      <caesiumGaulicCtg>
        <quadiFeodBebotch>synurae</quadiFeodBebotch>
      </caesiumGaulicCtg>
    </tortilLydiaSwigs>
    <annatto>
      <unfileTorfelAnomer>squinnyMerel</unfileTorfelAnomer>
    </annatto>
    <senciYarkeeSweet misseat="bobol" sepioid="canthi" worthed="henbill6985">
      <leges>maturedChasmyFascio76</leges>
    </senciYarkeeSweet>
    <huddockAssumed browsesMyaceaMasquer="relatedPoxy3045">
      <unrosedImplialGoldic>algalia</unrosedImplialGoldic>
      <brackedUswards>
        <kernishMerrowDrain>20961</kernishMerrowDrain>
      </brackedUswards>
      <semotedNotum>
        <pieganLeewillDorneck>9451</pieganLeewillDorneck>
      </semotedNotum>
      <misdidFoulage endrinGwyniadSchola="lounge">
        <chacoKnawels>eldress</chacoKnawels>
      </misdidFoulage>
      <tanburRoky>
        <whiskyBedrailAmorpha>hayforkConiteOddly</whiskyBedrailAmorpha>
      </tanburRoky>
      <amice vies="engine">
        <bedrift>560544</bedrift>
      </amice>
    </huddockAssumed>
    <unstepByte decernsKokstadPaha="68535979" croapeGilded="liningNammaPolys">
      <taperer>tanegaVersifyPuggle</taperer>
    </unstepByte>
    <jacundaHelixin>
      <splungeEmpusa>seductRedbudsJural</splungeEmpusa>
      <lowersHurtles threesBrazeLints="tellingRoncoShave3">
        <maghzen>grumphy</maghzen>
      </lowersHurtles>
      <bkpr chafers="sadesLondon">
        <harns>oorial</harns>
      </bkpr>
    </jacundaHelixin>
    <bicycleFollesColoppe animousTarrKiack="grasMoujikOra" mayfairBrawsUval="beys" payerMicaBlibe="71">
      <crunodeMarionBecramp>gurnet576</crunodeMarionBecramp>
      <pilikiaNighted mordent="marlineForeseyUpspin" sudsier="graviesSessa37">
        <quids>uncase</quids>
      </pilikiaNighted>
      <torahSyntony>
        <owrehipSheder>jervin</owrehipSheder>
      </torahSyntony>
      <nullaryJubilusOronoko duskKerbing="stupidSofane">
        <delimitCypridNights>piledRcvr2412</delimitCypridNights>
      </nullaryJubilusOronoko>
      <grasCuviesHobbism oasis="pindalRekissSecunda">
        <sansiLaxityAgazed>92501214</sansiLaxityAgazed>
      </grasCuviesHobbism>
      <whydahsMildredEntia seismolBohora="idgahGuerdon" reofferChirmed="32369">
        <vileynsReignedAppeach>grimlyPrickle6</vileynsReignedAppeach>
      </whydahsMildredEntia>
      <balche>
        <herba>prolanBegallGranma</herba>
      </balche>
      <joysomeMylodon ephyra="wobsterSpirateTorahs">
        <sikkim>409432731</sikkim>
      </joysomeMylodon>
    </bicycleFollesColoppe>
  </baconCurryEumenid>
  <eyedot debyesEpaule="414" rhonda="rorippaCushierYarkand" veloursLurerBaboons="spektUbcFloozie" wombier="chyles301">
    <scornerVenosalVizir>
      <triHuffer>tussor18</triHuffer>
      <upstamp iconesPeepulsBion="17">
        <araireGemmae>urari</araireGemmae>
      </upstamp>
      <txtSoodle>
        <comatikMorlopGoddams>sweepRelastDepict</comatikMorlopGoddams>
      </txtSoodle>
      <chinch>
        <drowndsClogs>tragalPanfil</drowndsClogs>
      </chinch>
      <finesseBucolicIncipit manduaGoitcho="rilletsOutmateTeugh">
        <obvertApoop>deepen</obvertApoop>
      </finesseBucolicIncipit>
      <shrill locoingSwelter="claviJunkParable">
        <whirretRhotic>cited</whirretRhotic>
      </shrill>
      <morionBackout chimers="filchSetouts21">
        <lucindaTanrecAkeake>fallalRevenge</lucindaTanrecAkeake>
      </morionBackout>
      <binniteThine chorine="cliffedHemineBorty" bristlyCougnarFoulish="13615665">
        <zinniasTutulus>choreusEmboss7</zinniasTutulus>
      </binniteThine>
      <redline testyGalasSooting="mascaraKitab" vickCorach="cardDidymis3">
        <uncousKonfyt>coraciiTribble</uncousKonfyt>
      </redline>
      <teminEravaGecked>
        <showoff>5651037</showoff>
      </teminEravaGecked>
    </scornerVenosalVizir>
    <bawGearmanGuland moltsKelvinCumins="waived">
      <morosisCellosePablum>proms</morosisCellosePablum>
    </bawGearmanGuland>
    <stanineLivedo>
      <varnasYeoAssahy>ivywoodHollerCarvage</varnasYeoAssahy>
    </stanineLivedo>
    <linaga quotum="forweanOvisMacles" rootageMaleate="resoled" jingo="45">
      <cees>loavesZaires</cees>
    </linaga>
    <skunksKerriteSiruped kvarVocab="exesionPaxilliSmuts" savagedTrones="987308294">
      <waesuckTomboys>gadslidGrowse</waesuckTomboys>
    </skunksKerriteSiruped>
    <desire fiefsCruetyBruins="omikron" celledSwatsFrisii="synesis35" mouldyTeflon="allayMarmit3">
      <bodoAnchorsUpslope>cotidalAdcons</bodoAnchorsUpslope>
      <agonic stannylBawkeBorough="furcule">
        <toroAzonicDardani>precept</toroAzonicDardani>
      </agonic>
      <sedShasterBurster boxful="boomkinToreSemiraw">
        <sneeshLamellaTrois>accolle</sneeshLamellaTrois>
      </sedShasterBurster>
      <marcor daturasInwraptLiefer="63422859" murzaDibbed="9700">
        <tariffMispens>rebated</tariffMispens>
      </marcor>
      <uratoma hurlerVerdeaAnlaut="634876" freon="88719883">
        <fictilCml>495378035</fictilCml>
      </uratoma>
    </desire>
    <gummous>
      <entoilsPoolyUnsly>cumara</entoilsPoolyUnsly>
      <tussle sharifsBordun="saple" fissiveUnhumidFlear="elevensBandon">
        <outblotTuitiveAnaloga>mensQuietiTanega21</outblotTuitiveAnaloga>
      </tussle>
      <noyant sleevedFulsomeQuaere="rollbarAmeniteBuna655">
        <calsMeile>cabocleNarcoseSops</calsMeile>
      </noyant>
      <settees>
        <formedKinins>hidableVangeli</formedKinins>
      </settees>
      <glegPshavTumulus>
        <mundicBeeweedLiason>reframeBattersGamash</mundicBeeweedLiason>
      </glegPshavTumulus>
    </gummous>
    <nosingBask framHallahsEyelid="32" legumenUpendedPopper="sunroofBanilad" grufflyHominem="dereBemudAediles">
      <wedeln>bildersAnd</wedeln>
      <eldinAdrenal tastenPlacodeReturf="axially8" wardersScalarsBain="826718185">
        <atroposVulgate>744465</atroposVulgate>
      </eldinAdrenal>
      <wough>
        <maoistCultism>reamed</maoistCultism>
      </wough>
      <stuffSkidderKuge>
        <julioPeyotls>ako2725</julioPeyotls>
      </stuffSkidderKuge>
      <sectismStogAbject qidGuseridFloorer="algins" reffingBattonAshing="outhitBedung">
        <capmint>lignous</capmint>
      </sectismStogAbject>
      <dewans unwoveTwiscarQuarrel="treemanAmerce" masjids="tricots">
        <ruffMoanful>129842</ruffMoanful>
      </dewans>
      <duscleDaubed chottsGloppy="gambangPryler" picasDawdlesMetump="tonsils">
        <honeyed>418</honeyed>
      </duscleDaubed>
      <carfare impishPotassBudgers="cubicaOdorateSperket">
        <cockupsMiconia>bejanLungie</cockupsMiconia>
      </carfare>
    </nosingBask>
    <coos>
      <atrip>thyroldBooboo4337</atrip>
    </coos>
    <cumuli>
      <aosmicAcoma>superedOxygon</aosmicAcoma>
    </cumuli>
    <caulReaVoraz aphodalGeatAvarice="enchainKamichiCarica">
      <macon>jaypieWorthedAnother</macon>
    </caulReaVoraz>
    <seriaryBalaenaZaparo gurjun="ethnicsUtriculToruli2344">
      <diluter>953172170</diluter>
    </seriaryBalaenaZaparo>
    <jawfallRegmaNucelli>
      <wreatPeonism>islayVellums</wreatPeonism>
    </jawfallRegmaNucelli>
    <rameal simblinLineman="nattierAnendAdaunt3" jowlierMadeira="regrassBecardWarmus" bimbil="tamborCotorosPianism9">
      <palatic>oldland</palatic>
      <goneyMuffet>
        <seq>anbaHydnumWinston</seq>
      </goneyMuffet>
    </rameal>
  </eyedot>
  <ovulesDourest fnameParleyRejolt="767" graterShamashCreasot="93414675" redoingRucksFractal="ascencePickery">
    <meatmenBulliesHoling>
      <khokaniSheathy>comatesWispilyAfters381</khokaniSheathy>
      <rosariaUmberty nill="19">
        <okimonoVedismPagina>potlegAbac</okimonoVedismPagina>
      </rosariaUmberty>
      <eyerWistlyJobname kedgesGyrateJaconet="6">
        <crancePhiltre>32</crancePhiltre>
      </eyerWistlyJobname>
      <troubleVinylicCanali hornets="noted">
        <clownedRaffia>tiraleePartialHeroine</clownedRaffia>
      </troubleVinylicCanali>
      <scalops urchinsBirken="roleo" turbotsFoolish="anting">
        <lapperOdonataNummary>88509</lapperOdonataNummary>
      </scalops>
      <snathsKantist memoire="yearnerBoudoirInro">
        <cosenMurky>fabianLangkaRaptest</cosenMurky>
      </snathsKantist>
      <ovology fuelArisardTrucing="616" knuckleMackles="fidgety">
        <yukRucky>peludoBiscotEnround</yukRucky>
      </ovology>
      <homeredRubberAriosi>
        <spaveEaver>58181643</spaveEaver>
      </homeredRubberAriosi>
      <begat jerseysLustral="solenPerlid" avn="29">
        <stoatsDonnickClint>forgoFerrets</stoatsDonnickClint>
      </begat>
    </meatmenBulliesHoling>
    <simonySpiel stupidsContexGemlike="baniansColies">
      <hayeBkpr>spawnUnsaltyFoxy380</hayeBkpr>
      <gallons flasks="shutoff" carolusBedelsTwirls="722">
        <qty>billonDittanyVannus</qty>
      </gallons>
      <kulaiteTae>
        <chaineFeed>86164</chaineFeed>
      </kulaiteTae>
      <nylastGlassen enquire="etalonCurshipVernant">
        <culbertDuali>beautyTeopan</culbertDuali>
      </nylastGlassen>
      <scrivanAmbitusSlutty scutaMats="urolithYauponUncream">
        <facetteTarges>schlepp5</facetteTarges>
      </scrivanAmbitusSlutty>
      <knopArseBaseman tamesTolledAikido="chanduiKaiwi117" cristiDusting="lorelFendersDomain">
        <glycideRoosed>76501920</glycideRoosed>
      </knopArseBaseman>
      <lineupBrawn>
        <norieWardite>xerogelHaggles</norieWardite>
      </lineupBrawn>
    </simonySpiel>
    <muter peytrel="thumps6681" yurak="9646" craze="betalkPolemicDanish">
      <casingLaxate>slilyDarningFishes863</casingLaxate>
    </muter>
  </ovulesDourest>
  <humetCanneryCaver gestura="palmersNunned" bopper="lustierGlialTooling" greggeDuriansParmack="pshawedVugg" capridLonganMousery="154664">
    <boldineRetold fungiaSirisBawling="chroma" taissleSurfCretism="taxon572">
      <croiikRestainBrats>cfhBosey</croiikRestainBrats>
      <panureWashout lumpman="partletSkymanArchest" fletherStifler="primeur">
        <populiTankfulDerries>669161</populiTankfulDerries>
      </panureWashout>
      <pompier bahurEuriteBrisses="entrantEds" sambursDaytideBelli="ramrodsHoolee">
        <synapheKerryGowan>bahai</synapheKerryGowan>
      </pompier>
      <adeniaBaboosh seiNeedly="fremd">
        <souther>timbalsPotatoBranner</souther>
      </adeniaBaboosh>
      <bowsingWem>
        <pionUncivilMaster>yennedOeuvreHulver</pionUncivilMaster>
      </bowsingWem>
      <dardicSuidJauner jarret="301791">
        <methoWeapons>9</methoWeapons>
      </dardicSuidJauner>
      <unamo folkTaxless="63117930" fleeceIdeallyAverted="arillusTylopod">
        <weever>88309</weever>
      </unamo>
      <averiaCondite holyHagletShortie="4297805" santene="naevusGienLohock">
        <pilausCausersDiego>ageusia9</pilausCausersDiego>
      </averiaCondite>
    </boldineRetold>
    <pronaos>
      <broncoStiltedStudia>peedEmbower</broncoStiltedStudia>
    </pronaos>
    <rohillaShooterSambhur duppies="ghoomPheny3401" upjetHamal="ptisans2" purtyEuropa="oltonde2087">
      <fellah>1</fellah>
    </rohillaShooterSambhur>
    <fairlyHairpinSupping tholoiOastsRedefy="looed" exsolveSienese="mutismsStrunt">
      <chokingTedescoFrontis>fidawiCuratorDicey</chokingTedescoFrontis>
    </fairlyHairpinSupping>
    <vugsFelon tyrantsRongeur="adarHaunty">
      <curdedTarry>61154182</curdedTarry>
      <basterFriesicViolan>
        <testingMayfishClade>apodemaSugh</testingMayfishClade>
      </basterFriesicViolan>
      <tactful jalapa="earnerRedia">
        <inwood>fangleWaitFeed8640</inwood>
      </tactful>
      <rheas biffinsPelotas="446223">
        <pulegol>378995</pulegol>
      </rheas>
      <quantumRebeckAmylase jettonAscebc="vomersManteelLagoon7">
        <ulmaria>952</ulmaria>
      </quantumRebeckAmylase>
      <quintic suntrapFolliedKawika="filmdomToto">
        <turnkey>crinelTaxiing</turnkey>
      </quintic>
      <howksJuncatBhangs nepoticCrimp="bloutAdnexa9" debeakOrgone="hintersBentGardnap">
        <halvesJorams>456</halvesJorams>
      </howksJuncatBhangs>
      <adsmithFewsome ootHugely="exhalesBoweledUpbrow">
        <sirioneJarveyBossboy>448</sirioneJarveyBossboy>
      </adsmithFewsome>
    </vugsFelon>
    <sonlyMoison>
      <blitum>duller</blitum>
    </sonlyMoison>
    <glinse grampsCentum="nacriteGoffersOfftake" tenablePleaded="snobby" ovicide="blunged">
      <measlyUranion>amouliLivingsYouff</measlyUranion>
    </glinse>
    <beshagAmebula>
      <regaldAromata>berriAvahi2213</regaldAromata>
    </beshagAmebula>
    <thebanComan>
      <euphon>cameraeDrabbyRuchbah</euphon>
      <fishify damsonsFotui="5">
        <cage>brethTorvousUnthink</cage>
      </fishify>
      <badmashEdgy violistPaba="taperlyIdeatesDeaf">
        <novelet>britskaAxoidZentner</novelet>
      </badmashEdgy>
      <birianiBrulee riggotCatchesTirer="musicoSlugs" batarde="viciaYestyOaky384">
        <skilletJoltersBabai>grappaWienersTarri</skilletJoltersBabai>
      </birianiBrulee>
      <slums sopherSmee="chartae2623">
        <zori>26</zori>
      </slums>
      <hein alcaidShippo="islamTublike">
        <cote>xisPublishFatuism</cote>
      </hein>
    </thebanComan>
    <trawler>
      <hutuktuBroddle>53886</hutuktuBroddle>
      <actedConyrin opercle="sunilBezelsSpiss" faverel="lithias">
        <glummerHinoki>gweduckPalpatePedes</glummerHinoki>
      </actedConyrin>
      <pumasJiminy loupBatling="acinusSeymourFinite" osseinDomerBulkage="18">
        <garle>birne761</garle>
      </pumasJiminy>
      <sklentsSynodal>
        <moulDotlet>dispart</moulDotlet>
      </sklentsSynodal>
    </trawler>
    <fusticPuckseyPapriks>
      <jesper>scranTruer</jesper>
      <freebyEarnerOboval upbears="28080866" miaotze="cgs">
        <murilloScootsGrisset>723</murilloScootsGrisset>
      </freebyEarnerOboval>
      <dhikrsSavinsBlesse machosPigginsLongrun="revertsSoaken" positif="8502407">
        <rudds>uprousePeewitTwale</rudds>
      </dhikrsSavinsBlesse>
      <gaudiesFeuterVirbius beaningAugurePats="9" arefact="churledSculls">
        <ceibas>537481</ceibas>
      </gaudiesFeuterVirbius>
      <camisasGreaved>
        <sibshipWied>sonsier</sibshipWied>
      </camisasGreaved>
      <paper>
        <bustard>waygangKilij</bustard>
      </paper>
      <jacuaru>
        <tities>wings</tities>
      </jacuaru>
      <zanjeroMelic unwille="jettageNamaqua">
        <dumaistBuggeryGuzzle>sheolRewired</dumaistBuggeryGuzzle>
      </zanjeroMelic>
      <classesHendly carpaleFalbelo="runkledRitzier" nef="thammuz">
        <calcineBanquoHimple>igluBuibuiHokiest</calcineBanquoHimple>
      </classesHendly>
    </fusticPuckseyPapriks>
    <turkeerPsf>
      <wheem>iambic2220</wheem>
    </turkeerPsf>
  </humetCanneryCaver>
  <forpit bryalesStyrian="medimnSaucily" bigEveaAzote="faits" rleEmigresRinded="2373304" />
  <kurschOpsDestain exactlyColdish="hormion" invalidDogArnicas="summary" chobdar="foplingHarijanPothook54" />
</bluggyRaids>