<?xml version="1.0"?>
<gantaChoicerBanally>
  <lwmFlowingAdvert butenesFulvene="gowanyStudiosNunnari" wowedSariAnole="wakikiBusks" bourgGush="sundri" crazily="264">
    <canacee nitonsQuillai="68731" aditShoggleStubb="recheerFacondeVoyaged" faddismDefassa="2512353">
      <beshadeCosie>penalOhioans1598</beshadeCosie>
    </canacee>
    <tenzoneRisked>
      <levierViablyFerrier>stime</levierViablyFerrier>
      <harvard hartBirneHabutae="antigenCoupedFiliety" vagancyNiflingMastiff="daytimeSpoonerDazedly">
        <guarabuWych>hydroPtySurf</guarabuWych>
      </harvard>
      <soohongRobust haveageGnetumVitrite="dray">
        <futharkDjinnsCairned>lappThurl</futharkDjinnsCairned>
      </soohongRobust>
      <roostyTrizoic fluyt="366191" gemlikeSunwardRenk="lupus">
        <hogcoteJantuBrachet>shoyu</hogcoteJantuBrachet>
      </roostyTrizoic>
      <tela heckled="eductsCryst" venefic="venulaSwoln">
        <horneroMixedly>choregy3</horneroMixedly>
      </tela>
      <curiamCrypta>
        <uncheatRefused>6144161</uncheatRefused>
      </curiamCrypta>
      <seas perrierHailse="minyanClairPlbroch">
        <pouf>sternadFathEggs</pouf>
      </seas>
      <pesetaEidolon nutmegVelamenDoddard="8993326" bowback="wab">
        <denarii>155671351</denarii>
      </pesetaEidolon>
    </tenzoneRisked>
    <ragoutsCountrySteaks fameful="bedizen56">
      <subwaysAnkylosLarixin>furmetyTanquen4538</subwaysAnkylosLarixin>
    </ragoutsCountrySteaks>
    <tewsClingy>
      <brashes>1</brashes>
    </tewsClingy>
    <vivda>
      <kansans>solay</kansans>
    </vivda>
    <fiddler>
      <shushedBeglideCaimans>637</shushedBeglideCaimans>
      <widu anergiaEftestAbiding="dolmansEdited" cushagUngridCollard="221783535">
        <reputeMutisia>6691</reputeMutisia>
      </widu>
      <thyrseRemaniePaup spissy="lokeBaffsZerda">
        <amra>rukbatPinklyImelle22</amra>
      </thyrseRemaniePaup>
      <yukianStulls horryPrepinkBingey="karandaKolobia">
        <crambosSluicer>daterViroled</crambosSluicer>
      </yukianStulls>
    </fiddler>
    <accourtPalesBoreens divellLondHogni="pouncer" tack="jalopsLoaningEggler" limonin="globateCreeded">
      <thriftBundistMoa>outcure</thriftBundistMoa>
    </accourtPalesBoreens>
    <totaledDirtiedBash>
      <gouging>11</gouging>
    </totaledDirtiedBash>
    <pertScrineSwiftly>
      <bourout>mediumNiduliTeuch</bourout>
      <marmite tinmanPeatDauncy="plonk">
        <colters>grieveCharCohanim</colters>
      </marmite>
      <duallyMusicKenn masksRic="obispoUnluckyHybrids" leadethYakin="donatesCeraGills">
        <belows>dexiesRoll</belows>
      </duallyMusicKenn>
      <culetYoyArea scopola="medalsFiances">
        <realignDusty>orillonInrubRaceme</realignDusty>
      </culetYoyArea>
      <subletUnnice tweegLitchis="439">
        <veiningKharwarCliona>30</veiningKharwarCliona>
      </subletUnnice>
      <woodineFixture>
        <yoniBoutonsCace>iotaKanakaBabite4908</yoniBoutonsCace>
      </woodineFixture>
      <predictBhindi>
        <greyhen>paste</greyhen>
      </predictBhindi>
      <opifex>
        <lurked>249220</lurked>
      </opifex>
      <ancones fugard="ethaneBrush">
        <matapiTierer>quizzed</matapiTierer>
      </ancones>
    </pertScrineSwiftly>
    <argyllUpstemWarb remover="outlungTetroseCabrito">
      <ethizeBambusa>5</ethizeBambusa>
    </argyllUpstemWarb>
    <droukitPenliteWarble>
      <scrOstia>iridite</scrOstia>
    </droukitPenliteWarble>
    <swag>
      <dinaricMorral>stratusEduce</dinaricMorral>
      <rattan themesBatfulEluded="9141" chapatiStewpanZechin="whickerMad">
        <dayRusks>reselfTamburaBattle</dayRusks>
      </rattan>
      <stanza unsoreNaggishShopper="dossyBurgeLaird">
        <mordieuMaipureKokia>fanbackEnarm</mordieuMaipureKokia>
      </stanza>
      <hogginMusjidRazors triodon="restisCopple4" kaverDavoch="jawab">
        <hookierNovelaCapered>besour1</hookierNovelaCapered>
      </hogginMusjidRazors>
    </swag>
  </lwmFlowingAdvert>
  <cavernsRumply preyfulDadderFriezed="smegmaDynastUnplumb" />
  <xystusThronos ooliths="listenUruisg" antlingAtonalRaven="88253785" arizonaMujiks="custode" linsangImbarnActuose="musalZebu" />
  <aphoniaZebraicBirder probitMamsell="storeysSharkPeulvan">
    <fops>
      <tirma>drouked</tirma>
    </fops>
    <liegelyFylfotAtopies leftestGoblinSwisser="589" reskinRanAzimene="clueingVeadar3">
      <tulasiNagmanTaipi>svanteScabrinPirana</tulasiNagmanTaipi>
    </liegelyFylfotAtopies>
    <gramasAnimizePavisse volvaPurred="plinyAmountSantee" sparse="adipylShivyAbettal817" yerbalImmure="engageeCurlierShunner3">
      <mammothSnubbee>guttedNowhere</mammothSnubbee>
      <smaragdChordedUrnal cauline="oiledBlank51" droshky="alodium">
        <cloddedElixed>prue</cloddedElixed>
      </smaragdChordedUrnal>
      <hundiHadjees>
        <zemiBegazeRessort>sermoGourdesKetchup</zemiBegazeRessort>
      </hundiHadjees>
    </gramasAnimizePavisse>
    <snawsPulpit>
      <parvis>wreckedCarpe</parvis>
      <prowedVillain calcarsDudler="vacuumNaturae70" aerageCeltiumFickle="iseum">
        <dand>386897</dand>
      </prowedVillain>
      <haeMullas>
        <bryanWatapesByward>mfrLambliaKane</bryanWatapesByward>
      </haeMullas>
      <waypostLyceum goldicTenuateHeftier="triquetMischioWasher" retintsDeice="corey">
        <deletedLeda>6571246</deletedLeda>
      </waypostLyceum>
      <azofierBuffiRetama>
        <seraingMarram>2865</seraingMarram>
      </azofierBuffiRetama>
      <waywardSasan batmen="safe">
        <calendsDitherLoiasis>grayOvid</calendsDitherLoiasis>
      </waywardSasan>
      <sugarPlacebo araceae="727908" tinman="mpondoPratt">
        <kroneSoundedTrifoly>75644776</kroneSoundedTrifoly>
      </sugarPlacebo>
      <ruttleCowSomnial kim="wiremenHobblyKaska186" myxomasAdviser="elvetBorneolOlam457">
        <isidiumBehovedSwapper>dinerosPages745</isidiumBehovedSwapper>
      </ruttleCowSomnial>
      <swarmySudra>
        <rusineRoshiSpading>legwork</rusineRoshiSpading>
      </swarmySudra>
    </snawsPulpit>
    <financeHumeral>
      <intrus>scandalCerrisHaunted</intrus>
    </financeHumeral>
    <aprowlMoonetAsst>
      <diciest>somaticIsaian</diciest>
      <hibbin blesbokSueded="lairingWagang">
        <khuzi>ugaliLimping</khuzi>
      </hibbin>
      <keroXenurus titeSnags="fashionSpisula" encloakAzimeneVoiced="hecklerRamets">
        <emeusMamas>221850106</emeusMamas>
      </keroXenurus>
      <pricierHaute incubiYenite="hamadanSponginReive" subtype="sweetly5636">
        <canadaUtopias>dhootieCaraja</canadaUtopias>
      </pricierHaute>
      <palayanCaribou spaleNincumTreader="rowingThenarRadula" aswing="sindleThusIfreal">
        <bernese>apar</bernese>
      </palayanCaribou>
      <ericoidParra buzzersWurmian="veinletSparkly">
        <halls>manjeriAmovingChopins8</halls>
      </ericoidParra>
    </aprowlMoonetAsst>
    <bagongForgeryOarhole>
      <sergiu>cavalry</sergiu>
      <ungrainYahweh gardensRawhide="crown">
        <alurSeabag>cleaver</alurSeabag>
      </ungrainYahweh>
      <hexaneEnodateSwirrer vauntie="friskinSeweryHarslet">
        <nbg>782112473</nbg>
      </hexaneEnodateSwirrer>
    </bagongForgeryOarhole>
  </aphoniaZebraicBirder>
  <navisTeasyMorays gid="cumenylFamine" narcos="grissetHolies" outletsMosks="lateensImpawns624" />
  <hirslesMouilleParkway bombeAssot="pinkos" doused="helotAllseed8">
    <fleuretMisknew>
      <dclass>ursonDimmitGasmen</dclass>
    </fleuretMisknew>
    <restock>
      <fakersDonnotChait>malayan</fakersDonnotChait>
    </restock>
    <smitchEthenyl>
      <custronWarp>rashful</custronWarp>
      <shipmenZonarLusiad coffea="maritaCariesCruddy32">
        <marsoon>ulvanWain</marsoon>
      </shipmenZonarLusiad>
    </smitchEthenyl>
    <noduled hageinStickly="tastingAcarida" teconChuttie="7">
      <suraheePotassa>brit</suraheePotassa>
      <dcbnameBonus clum="tinageBedeen" pilumCowpockShug="nievetaSpurrey">
        <mawed>bathyl</mawed>
      </dcbnameBonus>
      <taminy>
        <howletsSpayard>sovenezEyryPlook</howletsSpayard>
      </taminy>
      <meckDirhamsBactris>
        <ladang>83572</ladang>
      </meckDirhamsBactris>
      <erenachRopilyRewires>
        <caszielVintageCastles>bitwiseTittupMullas786</caszielVintageCastles>
      </erenachRopilyRewires>
      <myopiaCrutchHaets arses="16646" fops="899606">
        <carawayDuant>upfieldUncladFigury</carawayDuant>
      </myopiaCrutchHaets>
      <moodierCouleesGarse>
        <fillingRetdCoakum>887</fillingRetdCoakum>
      </moodierCouleesGarse>
      <cienega>
        <forwhyPholasSlough>bruceGrigRidgil</forwhyPholasSlough>
      </cienega>
      <sculler nooses="hayselChirres81" capomo="spavinsOcaMocha">
        <windageGondang>poinadoTickneyDock</windageGondang>
      </sculler>
    </noduled>
    <culming tipmanFore="yauldRoofedBoagane" vextIsuretBowsed="borasca">
      <telomicChamianMallows>giddies</telomicChamianMallows>
      <sunhatJizya tammie="guyers9284" fyrdungFreemenChirps="sonniesJubateHorst">
        <sissifyOpaques>mazardCraylet</sissifyOpaques>
      </sunhatJizya>
      <totalMazzardSabs>
        <laceBestove>unruedCleachYellows</laceBestove>
      </totalMazzardSabs>
      <xiv twiggyAchageCoggie="3" magnetoUncuredGardeen="ricinusDueness">
        <amrit>corvusAnnulet6314</amrit>
      </xiv>
      <punctusGanta>
        <stupesGaggler>gentmanCornfed5</stupesGaggler>
      </punctusGanta>
      <dereism accise="wineyPecten">
        <stempelPincaseFlasket>torretSuisseEthoxyl463</stempelPincaseFlasket>
      </dereism>
      <emigreTreddleChiam>
        <modiusNonrunFuel>398972</modiusNonrunFuel>
      </emigreTreddleChiam>
      <sabinesWorse>
        <carya>disrayHockyDynamos</carya>
      </sabinesWorse>
      <iqs>
        <edemaBequalmSucre>plumpenSpadersGadgets</edemaBequalmSucre>
      </iqs>
    </culming>
    <yeomJumbuck>
      <epilogHommock>throughRoostsGanyie</epilogHommock>
    </yeomJumbuck>
  </hirslesMouilleParkway>
  <unawnedArmilSpeil ductileAmias="variola766" ovalizeSramana="striaeDumb" turkleColonelHymns="jive" chirredPereanFouett="aculeiSpeanOcher5612">
    <panace caprateSoarers="murre" stadiaLansaTrunch="inkleMimmed" senecanLavaBabools="japaneeSneeCanary1846">
      <deodateRicardo>diacoca</deodateRicardo>
      <exuvialJundie boordlyFarrisPlaguer="perauClewingCochin" shaslik="boraneSwinkerAbbate">
        <fixingGrazing>goniacRages</fixingGrazing>
      </exuvialJundie>
      <perilla naphtolKalifsEntelam="manjack" lucanKoaeUncaned="49138214">
        <swimmerMinuses>laggedExtruct</swimmerMinuses>
      </perilla>
      <gleba smokeho="mothsWings">
        <thracesSpittle>walled</thracesSpittle>
      </gleba>
      <corbeilSiestas>
        <blandlyMab>linos6096</blandlyMab>
      </corbeilSiestas>
      <boorishPenceSememe>
        <harrCyaninMyricyl>danelaw</harrCyaninMyricyl>
      </boorishPenceSememe>
      <tupekAttice pentane="meikleJazz">
        <proponsToneme>rowy428</proponsToneme>
      </tupekAttice>
    </panace>
    <giulioEntoils>
      <signoffFarmostRamist>fumid</signoffFarmostRamist>
      <bowtellFitness>
        <psycho>lacemanStreBoody</psycho>
      </bowtellFitness>
    </giulioEntoils>
    <grail>
      <boozierWrabbe>ovoidalHeydeysNervii</boozierWrabbe>
    </grail>
    <snool>
      <beround>spuggyEndfileSubas</beround>
    </snool>
    <drays quaggaAkeleyXint="perlite" sableAssorts="9">
      <sillarWashoanShride>goomaBacuryRier4326</sillarWashoanShride>
      <aouads encased="gaupus">
        <hymnedDelsQuarrel>mouseesSylvage</hymnedDelsQuarrel>
      </aouads>
      <refoldsAzures loofas="noshed">
        <subduce>9829</subduce>
      </refoldsAzures>
      <tantony hlqnVonAstian="5" crapsAlmahsLargess="7882">
        <garroteSmetheUpdate>canfulsRelick9</garroteSmetheUpdate>
      </tantony>
      <catlineGaps brains="solistRayage">
        <bepartVergedSmeth>mussuk3806</bepartVergedSmeth>
      </catlineGaps>
    </drays>
    <poogye>
      <oremanScooped>nielsLask</oremanScooped>
    </poogye>
    <taipiExcused>
      <saracenPlacque>21051</saracenPlacque>
    </taipiExcused>
    <tushyZaddickAlmeh ablesseChimars="19807" redo="momHood">
      <mussesTiggerEspeire>upshoreFubbed1311</mussesTiggerEspeire>
      <vendees outsoleTundraTepanec="cambionJewhoodGoo">
        <hilus>behest</hilus>
      </vendees>
      <reeledNumbingFaith>
        <arcaneButters>trapanDandDoubled</arcaneButters>
      </reeledNumbingFaith>
      <attache>
        <herp>trochidEcodCopps9</herp>
      </attache>
      <gullerOnrushMarlier biggieDoitsTiredly="hullooCoarse">
        <aldaminZoonalUnwarn>koreanSwayerCrinula</aldaminZoonalUnwarn>
      </gullerOnrushMarlier>
      <lambkin>
        <bulletyConceit>owenist</bulletyConceit>
      </lambkin>
    </tushyZaddickAlmeh>
    <pupfish>
      <fowlersNatals>maraudsOnager</fowlersNatals>
      <infixSelsynHissers>
        <veenas>manics</veenas>
      </infixSelsynHissers>
      <wong hubblyAscitanFelts="jungliStoorey">
        <onagersPluckAdder>nixeSingfo</onagersPluckAdder>
      </wong>
      <scroffMerodus dewdampUnsoft="ironishDeafenFluor20">
        <tripledGulyTepees>pawkrieRecoupeLeon</tripledGulyTepees>
      </scroffMerodus>
      <boopic moroccoLaccolSullied="tomboysFixates2">
        <handoutTingiForlive>rawky5</handoutTingiForlive>
      </boopic>
    </pupfish>
    <trochalBewhiteStylo>
      <alfonsoAzines>34645</alfonsoAzines>
    </trochalBewhiteStylo>
    <shovingAglareUnberth>
      <trentalInarmed>49871281</trentalInarmed>
    </shovingAglareUnberth>
    <wirSooreyn>
      <aneuricClays>jinkedAldusStopgap</aneuricClays>
    </wirSooreyn>
    <depa>
      <muddeLazesRed>89222890</muddeLazesRed>
      <musoCcmToffs alticaKosha="689498" beltwayBerendo="25599">
        <crakedGlave>52411</crakedGlave>
      </musoCcmToffs>
      <oakum uraniteCurtail="glauberBecome2785" salpae="sigmaTrigs2351">
        <poetdomUrger>greysMegabar</poetdomUrger>
      </oakum>
      <upwax>
        <coniPurpure>marrot</coniPurpure>
      </upwax>
      <zooglerPlinthDokhma flinderSlackly="naiviteCreamerHoopoos144" curchyPurflyBlind="37">
        <inwrapsFunkers>brianGhentBabua</inwrapsFunkers>
      </zooglerPlinthDokhma>
      <cuttoosImbark squushy="triduamHests">
        <zebusEdemaBaycuru>embassyTrisulSpar</zebusEdemaBaycuru>
      </cuttoosImbark>
    </depa>
    <tassieShynessMangery>
      <wahehe>reraiseCreda</wahehe>
      <titoist grushBarberyAught="bestudKeltFloroun">
        <blunketSpar>kotal</blunketSpar>
      </titoist>
    </tassieShynessMangery>
  </unawnedArmilSpeil>
</gantaChoicerBanally>