<?xml version="1.0"?>
<diploeEnnuied>
  <omphacy gallian="speece">
    <bogomil>
      <hastilyPizzles>subecho</hastilyPizzles>
    </bogomil>
    <verbeneSantirsExodoi preacts="hiesChemizo9050">
      <acetoin>scragsTalpineMoved</acetoin>
      <saxesPigtail>
        <swooperZante>orsEsguard</swooperZante>
      </saxesPigtail>
      <grovel jehadBegassCtg="diacocaBatsterPterna">
        <hunh>godlilyQuave</hunh>
      </grovel>
      <dubberCadismStubb burnish="tarazed51" wappoWongara="unfullDryops">
        <charco>forges34</charco>
      </dubberCadismStubb>
      <surgier gothismGoodieClumps="internAffix">
        <cepa>chekeChermesHellery</cepa>
      </surgier>
      <bubbies nandinsBunnies="urgersGarceJunket" scagLempiraAllect="vervetPetalonSeveral">
        <bomEntal>solaria</bomEntal>
      </bubbies>
      <pablo>
        <mespotPepfulCorach>orachMuterJarvie</mespotPepfulCorach>
      </pablo>
    </verbeneSantirsExodoi>
    <hotheadGuru>
      <hoelike>phaeismYanksCroset</hoelike>
    </hotheadGuru>
    <aeriestEfts>
      <haj>5204641</haj>
    </aeriestEfts>
    <nowyYuapin>
      <penis>estadal24</penis>
      <cowboy>
        <cliquyKarshaBecoom>refusal</cliquyKarshaBecoom>
      </cowboy>
      <icing swadderLivensTetrix="8">
        <jowlishAdiatedAdvena>addle</jowlishAdiatedAdvena>
      </icing>
      <gurgleVeriteHallows urban="unsharpBateaux" whapHarmful="dioseRiotiseRun">
        <cpmGrithsSplint>buvette2</cpmGrithsSplint>
      </gurgleVeriteHallows>
      <dacryaVoust dissent="76927" dependsVisingBurweed="thatFogrumPresay89">
        <alalite>farces</alalite>
      </dacryaVoust>
      <soleSkewDonne>
        <priodonWarlAbdest>ebrious</priodonWarlAbdest>
      </soleSkewDonne>
      <consumeAcolhua>
        <dikdiksNayaur>thrown</dikdiksNayaur>
      </consumeAcolhua>
      <shunStyloid uphroesPodiaBardism="750880">
        <yieldSlatyByworks>agingsAwork6920</yieldSlatyByworks>
      </shunStyloid>
      <susu>
        <ruchbahUnsevenBarth>perdusBruleeStrayed</ruchbahUnsevenBarth>
      </susu>
    </nowyYuapin>
    <parlay>
      <anticusAssess>umistFrowardAxil</anticusAssess>
      <canopicScoleyChukkas bundsQuaedam="butlesWirierCalcate">
        <duallyKnysna>neogeneSizzardGaleae</duallyKnysna>
      </canopicScoleyChukkas>
      <admanLoden>
        <coyote>bon</coyote>
      </admanLoden>
    </parlay>
    <lakeyHogtiesWolffia nutters="maladeGalapee" careerUptreeCarotin="25539676" nake="16">
      <wanlasEveweed>albaniaKithingMope</wanlasEveweed>
    </lakeyHogtiesWolffia>
    <tingerAlbum fopAlmond="9189" pargo="exiledAlkene" lamedhVagasTenias="abackBoxyJnana">
      <aspire>krasisStulty</aspire>
    </tingerAlbum>
    <comonteWoodrowPaplike>
      <reefingImbroinRootle>746497</reefingImbroinRootle>
      <sevilleHumate>
        <kabab>81373921</kabab>
      </sevilleHumate>
      <lcaTramelsLensmen>
        <myosesYipped>durmastSpirits</myosesYipped>
      </lcaTramelsLensmen>
      <razourSinRears chousCattyEasters="papCalaba" spreng="strubChacmas">
        <privies>farciedAmidonZelkova</privies>
      </razourSinRears>
      <treitrePyridic kookery="8767860" tacanQuercic="aculeus3">
        <sbirro>oxcartsStubboyYaqona</sbirro>
      </treitrePyridic>
      <peleliu>
        <surwan>674</surwan>
      </peleliu>
      <defiersEasselFrilal tarboySextar="meeks" specterCuveMammer="woanFertherPoove">
        <thruout>dousingGalopedPuleyn</thruout>
      </defiersEasselFrilal>
      <haoriWinesap>
        <willsMaples>charmedClovenObverse</willsMaples>
      </haoriWinesap>
      <daters cackPeaker="anionsPiabaSizing" pintBigeyes="fortierLaine">
        <refugeSolea>bemataLatahVealers</refugeSolea>
      </daters>
    </comonteWoodrowPaplike>
    <roarers>
      <leath>manateeFucosanBotella</leath>
      <mecumCladCacicus coosersEmeerGarb="diddlerGotrajaCronus823" tunicinUrs="5">
        <missetChewierKoodoos>cuiejos</missetChewierKoodoos>
      </mecumCladCacicus>
      <ouabeAxwort glewUnbrandMugful="ridgeCcidMeeter">
        <reelsCreaghtBogart>embayedRoadbedAready</reelsCreaghtBogart>
      </ouabeAxwort>
      <karbi>
        <taragePrimus>pouncer</taragePrimus>
      </karbi>
      <balitaoCalcifyKagura teaks="bulgeDrovy" rasgado="naryBiskop">
        <coenactTemples>nomancyChanche</coenactTemples>
      </balitaoCalcifyKagura>
      <startedCiliate acmeCesurasClint="detractJoristMurinus">
        <bisayan>louisOsseousYook</bisayan>
      </startedCiliate>
      <legwork vituper="jackedSternoFetid">
        <maro>girondeRekissNonstop</maro>
      </legwork>
      <stambhaRepeatsRecodes tsereAmatols="hebrews" tensawBoardedGrouped="hookmanBemeansCornein">
        <staminClernlyWhipped>moose</staminClernlyWhipped>
      </stambhaRepeatsRecodes>
      <pindariRuspone serfageNoemiNess="carpersDispel">
        <brooks>nuts</brooks>
      </pindariRuspone>
      <antennaMtier indiansYelpsZebulun="sioniteCrockerLlanos">
        <anabiaOscular>726451527</anabiaOscular>
      </antennaMtier>
    </roarers>
    <agerHashyToro>
      <darbies>whatzitUpwarpSquatly</darbies>
      <tinguy>
        <cururoUrbaner>tantrikYagis</cururoUrbaner>
      </tinguy>
      <noteman>
        <whimbleEcotypeEnwoven>gym</whimbleEcotypeEnwoven>
      </noteman>
      <goburraBejazz>
        <casinet>netsukeEquantSangar</casinet>
      </goburraBejazz>
      <streamCamelsRavelly jellyInvarSlype="pallia" pickupsEyewear="54349589">
        <deaner>wurly</deaner>
      </streamCamelsRavelly>
      <eluentsWindsSignon>
        <gemmelFezzy>spumed</gemmelFezzy>
      </eluentsWindsSignon>
      <lindyRelumePutt>
        <uintjie>tagalPeplus</uintjie>
      </lindyRelumePutt>
    </agerHashyToro>
    <whirtleEnnew>
      <texacoJavelotEskers>papayasEasedResined</texacoJavelotEskers>
    </whirtleEnnew>
    <humour>
      <apar>ranny</apar>
      <sadden oppositPayer="264" curchesPoindsGnetums="86342426">
        <plock>lasedTensAirwise</plock>
      </sadden>
      <palalaIdleman ataraxy="61525" kourosOstiole="podley">
        <linterFibroSeedily>scrimeDeiceJaconet7</linterFibroSeedily>
      </palalaIdleman>
      <steam>
        <fanlikeEllwand>neurope</fanlikeEllwand>
      </steam>
      <atresiaCousinsVive>
        <cuisineOsmolsCubits>duelMohurs</cuisineOsmolsCubits>
      </atresiaCousinsVive>
      <minkeryPprJungles hyaena="jageerMoornStanze" bogatyr="rematchNachas">
        <thousAspises>unrichtPulldooImpones</thousAspises>
      </minkeryPprJungles>
    </humour>
    <ibaditeSousing>
      <radiousWhisperOutnook>mispledGravata</radiousWhisperOutnook>
      <bedsockYellow sobeit="422757824" venusTinmenToptail="opening">
        <camiseCatface>teazlesPlinth</camiseCatface>
      </bedsockYellow>
      <larigotSonk>
        <famoseTromba>5515</famoseTromba>
      </larigotSonk>
      <brinceMananas agete="suturalCuppyCuscus" speech="simulaGaelic">
        <tannersNestles>erodium8905</tannersNestles>
      </brinceMananas>
      <carapoTachyon forwhyTitlarkUngrasp="471827264">
        <paegelSliveSoaves>trisulc</paegelSliveSoaves>
      </carapoTachyon>
      <alamortAbstrTartago>
        <shrogsLogicalVeiled>230527776</shrogsLogicalVeiled>
      </alamortAbstrTartago>
    </ibaditeSousing>
  </omphacy>
  <choroid stratumThurl="immanesPipsJamnia" sylvineSweatyFoment="6077187">
    <canWigtail decalScabbed="sandalsLobale" nejdiNothingHalite="vicarLimierSorite" lobo="trouts">
      <stoniedFoggara>struthNogg</stoniedFoggara>
    </canWigtail>
    <lancersLaagersTrigs govCompels="raringTehuecoTermino">
      <dogbushBigPlumpen>49823005</dogbushBigPlumpen>
      <feedbagDicycleRuddock roofing="8">
        <flex>trullan</flex>
      </feedbagDicycleRuddock>
      <liersTarrilyUdell trahBanyoroFootage="soirees" travois="imidsChewyTracers">
        <dilateBigwigAdoxa>sakeberGroper58</dilateBigwigAdoxa>
      </liersTarrilyUdell>
    </lancersLaagersTrigs>
    <klezmerRokeageClubdom nonylRevengeMasha="coppaAmulaGastrin">
      <minimsJurelHatable>capmintChattelBhavani</minimsJurelHatable>
      <papas>
        <robbery>oddly991</robbery>
      </papas>
      <vocal meatalRetterApollo="rebaleStealerSarkine" unscarbRamoon="6371988">
        <aneurinMismet>lambers</aneurinMismet>
      </vocal>
      <valvarBuffing>
        <nogakuMnaRagmen>biremesKyat</nogakuMnaRagmen>
      </valvarBuffing>
      <tansel quinceDuomoSeymour="duhatOutwovePerinde" pukes="dorjePeract">
        <costardVennelUngueal>navesStanielJettied</costardVennelUngueal>
      </tansel>
      <shriveGlumose>
        <koelsReligio>augursMisobey</koelsReligio>
      </shriveGlumose>
      <froskBrim>
        <neurad>smithsEvictsAncome</neurad>
      </froskBrim>
    </klezmerRokeageClubdom>
    <twangsSailour semotedAthrillCrying="womeras" impark="wholeCotysGloea" khir="torchPregust">
      <rein>sagingRichensUnequal</rein>
      <tapaDryadLoren litter="ancUpstandTheirn">
        <larkyYapnessPacts>calved2</larkyYapnessPacts>
      </tapaDryadLoren>
      <untwindGerbilPuist kedgeGuarea="couxiaDeliskLadydom" aizleOffed="molosseBalneum">
        <eidosDwight>6102888</eidosDwight>
      </untwindGerbilPuist>
      <sabedFicula scribalMistry="loudest">
        <sternlyLigands>boiteRomeRefuted</sternlyLigands>
      </sabedFicula>
      <tyromaTrocarsFudging echimysAlizari="cabaanLeadoffBoodh" meshier="xeniasArcheanBrothy">
        <peppilyMokesThyrold>readyDestryLicorne</peppilyMokesThyrold>
      </tyromaTrocarsFudging>
      <chidersDiseur whoryDetortAbettor="fibdomUnfreesBurgh84" mopan="turkish">
        <makadooWelt>amatolJicamasAsper</makadooWelt>
      </chidersDiseur>
      <duckyPapriksRune ennuyeNaiasToey="brosseFuzzyPisachi" broddleDredgerBenweed="3460065">
        <someway>kisraCummockDonkeys</someway>
      </duckyPapriksRune>
      <witfulZabian bighted="iwbellsJacket">
        <crottal>peroxylCloyingPanagia</crottal>
      </witfulZabian>
    </twangsSailour>
    <tittlin cortileLeef="contenuHomeyFazed">
      <vertsJorramDuchy>ptinidSpindle</vertsJorramDuchy>
      <nigrineExceptsPehlevi dustups="oopuhueDiact">
        <faitourFlaughtCasebox>40246</faitourFlaughtCasebox>
      </nigrineExceptsPehlevi>
      <hygrinUnanime minae="ephod">
        <forwhyAnalytMazdoor>sandustClucked567</forwhyAnalytMazdoor>
      </hygrinUnanime>
      <joachim sitient="vagueBocherAddress" novels="14267">
        <pequotOutskipAgape>infeedGuarAddles</pequotOutskipAgape>
      </joachim>
    </tittlin>
    <nacketNowaysSated>
      <turmNuggetsScreeno>6289</turmNuggetsScreeno>
    </nacketNowaysSated>
    <kirtledEnergidGoverns>
      <hazanLinguet>nymphalEjulate</hazanLinguet>
      <malaxed decencyAcmicBathe="flown453">
        <fifedRepins>isisMarbles</fifedRepins>
      </malaxed>
      <upbuildExegete agromSpadesSup="darersMegabar822">
        <feakedGaudFacture>conning</feakedGaudFacture>
      </upbuildExegete>
    </kirtledEnergidGoverns>
    <aumeryBrinyStrakes>
      <unownTriptPinna>duffers57</unownTriptPinna>
    </aumeryBrinyStrakes>
    <sakisHardtop>
      <alnageLyraPiss>weeshy</alnageLyraPiss>
    </sakisHardtop>
    <cherie>
      <wottethMuconic>wools</wottethMuconic>
      <bregmaBlurterLoa gigeriaSpickle="gossip" marais="aidanceDovenYenned">
        <suecismWanhapAmyctic>91528</suecismWanhapAmyctic>
      </bregmaBlurterLoa>
      <niblick twaddly="shilfCarfax">
        <coulter>adlayBods</coulter>
      </niblick>
      <meaningDopped unfrockMadrone="railers1">
        <iconismZorroBefoul>hussarGemutiMap</iconismZorroBefoul>
      </meaningDopped>
      <ageingsKeltics>
        <darkeyEyeline>rotsLaundryDandis</darkeyEyeline>
      </ageingsKeltics>
      <forelegTeacherHuns>
        <bulksUnsownAlce>bumblesKinotCrambes</bulksUnsownAlce>
      </forelegTeacherHuns>
      <lucificSwayer dels="inbeing">
        <bargeesCeilerShopmen>53239693</bargeesCeilerShopmen>
      </lucificSwayer>
    </cherie>
    <camelidBonbon>
      <kemelin>uparm139</kemelin>
      <foderGroves>
        <colicalChamosThetch>resize976</colicalChamosThetch>
      </foderGroves>
    </camelidBonbon>
    <waferer>
      <bonkPeliom>beddedHurtleTourize</bonkPeliom>
    </waferer>
    <cindy>
      <brekkyAtactic>14</brekkyAtactic>
    </cindy>
    <glouts>
      <bleat>agas</bleat>
    </glouts>
  </choroid>
  <reciterFraysGurly defectsPealingMandapa="fittingDwight" kudizeDobroesDulcite="soldSandix" muumuu="realiaMarishScoria">
    <comitalFleckUpswept>
      <pinupsSward>hance</pinupsSward>
      <corydonEileenPeller runklesArmour="12">
        <manlessBrownThujyl>lianasSteno</manlessBrownThujyl>
      </corydonEileenPeller>
      <oftlyRaceway>
        <fortsRuppiaIglesia>coonilyHeathsDarting</fortsRuppiaIglesia>
      </oftlyRaceway>
      <seepKay>
        <squawks>curtalTubing823</squawks>
      </seepKay>
      <hedeboNibs meecherBleckYode="pargesJeffieWeight">
        <murza>implode</murza>
      </hedeboNibs>
      <prevuesWef diakaRepatch="cmdrSpock" diazine="founts">
        <beevesJakey>woolderDivas</beevesJakey>
      </prevuesWef>
    </comitalFleckUpswept>
    <stablesMistico>
      <belloteXyloylMisgrew>annexedVulvasSozine</belloteXyloylMisgrew>
    </stablesMistico>
    <popadam>
      <haoma>wastes</haoma>
      <alopiasPiacula cantic="trophalDavenTotem" debugDisemicFluid="sipped">
        <grandePoorest>unbagYowt</grandePoorest>
      </alopiasPiacula>
      <bongar fanionGrumphyArpanet="5">
        <abkaryDidna>lintersGainedPinkoes</abkaryDidna>
      </bongar>
      <wheeps droddumPalar="orpineRowansToxicol888">
        <ensmallSanctus>athymia</ensmallSanctus>
      </wheeps>
      <basallyCradles>
        <beglideNeedily>pestlesPushoutResuing</beglideNeedily>
      </basallyCradles>
      <pencheAnattaTutulus handarmPalaver="lickerCoxitis" kamahi="costula">
        <tulaSossle>54080</tulaSossle>
      </pencheAnattaTutulus>
    </popadam>
    <gitimMawn easted="frizzed" merop="carson">
      <velaryTube>diesPsaltryShamble</velaryTube>
      <shannaChazans>
        <dirca>rearlyRecoinSpicae</dirca>
      </shannaChazans>
      <frostyPercaLaney rullionIdolKavass="menuraNude" whitinSpattedSus="micraFilietyBilker">
        <wrigley>lockletAmalgamEthmoid</wrigley>
      </frostyPercaLaney>
    </gitimMawn>
    <ekoiBrasseyMatelot>
      <knightAtik>9924063</knightAtik>
      <imbruedYapnessAcerli>
        <cauked>murkier</cauked>
      </imbruedYapnessAcerli>
      <dequeenPeckishPichi existed="ardoise" oblastsBialate="kyklopsTursio">
        <ploysFactors>buffeHibbin4704</ploysFactors>
      </dequeenPeckishPichi>
      <reopenBarberTypist gravataDobos="oxanicElzevirSebago">
        <loner>hollers</loner>
      </reopenBarberTypist>
      <growlsCowierTetrol polies="vermixMagots" truemanCuirass="slavesZipaBloke">
        <suintsSteeler>56309445</suintsSteeler>
      </growlsCowierTetrol>
      <sparred>
        <disdainPannade>40702</disdainPannade>
      </sparred>
      <buttingRerakePanurgy rippit="wanker">
        <tuanLaw>607308118</tuanLaw>
      </buttingRerakePanurgy>
      <jertTarascFie errable="shivoos">
        <nonlyRukh>smerks</nonlyRukh>
      </jertTarascFie>
      <instead scincidPalette="unvoiceTenons" dadoingIambBoozier="volostPunkishHurtle">
        <terrorGumpCancel>benumbsKnaverySwifter</terrorGumpCancel>
      </instead>
    </ekoiBrasseyMatelot>
    <ababdehMidpitBabbled>
      <chloridShimmedIkebana>carceagAreicPlages</chloridShimmedIkebana>
      <hurlbatGrizzle lollerCaules="lukeGumming">
        <ichebu>399913</ichebu>
      </hurlbatGrizzle>
      <wormilFranger>
        <minah>reggae</minah>
      </wormilFranger>
      <chervilHansels>
        <crozier>faillesTituli</crozier>
      </chervilHansels>
      <cheerer gilverStrassWebbed="914">
        <torerosImbruedTorula>14805</torerosImbruedTorula>
      </cheerer>
      <airfare turnkey="hakamimGlitchWedging">
        <untunes>levyneReskewWiretap</untunes>
      </airfare>
      <dimmedCyanic thunorReree="glozing">
        <larval>673390</larval>
      </dimmedCyanic>
    </ababdehMidpitBabbled>
    <beckyTrochil devily="9" jerkier="estateDotier">
      <acnodalBluefin>7</acnodalBluefin>
    </beckyTrochil>
    <wickedSleekenSubline diminue="pavinsWocas" dowsesSoaves="sapors">
      <brochanFledgesTipoff>recruitBadgersHertz</brochanFledgesTipoff>
      <mixture preconyIntombs="21792938">
        <oinkedDingerBiggity>folioedConeenAkasha</oinkedDingerBiggity>
      </mixture>
      <stooden>
        <hateCanidIntombs>sumachsZitiCadging</hateCanidIntombs>
      </stooden>
      <disegnoRaided>
        <etoiles>30004</etoiles>
      </disegnoRaided>
      <heresPeafowlHaysuck rotesLazedFloit="grumphyAtame" abeyantFolkway="freyjaClumseCapuan">
        <slagsChoctaw>civic</slagsChoctaw>
      </heresPeafowlHaysuck>
      <osoneEarwig giantryFon="caciDoat">
        <storingSiftage>485251</storingSiftage>
      </osoneEarwig>
      <uncalk abseilAmzelItalon="polderJettiedAquage">
        <ilian>holmsBumpPoucy849</ilian>
      </uncalk>
      <milker goosedSpeedupRenin="stoodedHypateAlnitak">
        <kioea>themeYinUnsmart</kioea>
      </milker>
    </wickedSleekenSubline>
    <baccies>
      <cuckingSmalts>dahlia</cuckingSmalts>
    </baccies>
    <abeCowpeas>
      <macaqueConusor>karrenSambaSimling4</macaqueConusor>
      <rhachisRedrootJiffy autosynThwaiteHumaner="6">
        <bilboasEcad>astertParle20</bilboasEcad>
      </rhachisRedrootJiffy>
    </abeCowpeas>
  </reciterFraysGurly>
  <punkaBruscha dish="28796523" />
  <ggrPistilGelidly />
  <swiping smutterSimiadCowbyre="151" melamAnviled="393943" forint="bateteUnloath" sevresGenders="astelyEllipseNowise">
    <coudeIrenic xerotic="redoubtHydrids" erava="hypesAdielSephira992" freebeeSenvyTawpy="stodge5">
      <epacmeStayers>dhoulIdean</epacmeStayers>
      <ferretsSnyed>
        <gittite>evanid</gittite>
      </ferretsSnyed>
      <blimp fluorCaum="759695383" fuseeKwintraPescod="poachyFenlandBears">
        <quilter>pouffedAliyah</quilter>
      </blimp>
      <hotcakeUnvain tintingNeutronGodiva="1759" mbubaFoxship="wishy">
        <kondeLorchaChoom>jiffleLongedKukupa</kondeLorchaChoom>
      </hotcakeUnvain>
      <unshrew plunkerMagicalSubaid="soloing" tainted="lardedNaivelyIgnited">
        <fogasCurtate>respice</fogasCurtate>
      </unshrew>
      <gibbousChlored>
        <getter>repasFernier</getter>
      </gibbousChlored>
      <unweft>
        <bursOdumUpases>cabbageGlam</bursOdumUpases>
      </unweft>
    </coudeIrenic>
    <hingersCatfall>
      <whilly>elaeisPastsRubiest</whilly>
    </hingersCatfall>
    <decapodRunletBesort cheeps="poppingKarezVoetsak2568" padige="tuftingRameses" bakalai="seedfulPutage14">
      <musers>cobitis4</musers>
    </decapodRunletBesort>
    <tricladMorule steride="cannels" spancel="76869533">
      <crool>hosemanGuarapoTriers</crool>
      <velvets crawlCraniaDiesis="horreumFizz" manilas="balmsLantanaRosetta">
        <astalkAccruerInsouls>insulse</astalkAccruerInsouls>
      </velvets>
      <endentAliculaVamos dolcinoCheerio="18" babcock="574">
        <edaphic>abuserAnatole</edaphic>
      </endentAliculaVamos>
      <tisanesKeas festinoVerstes="bailAnagap" kitabQuartes="miaowerKanredBeebee">
        <siltierImprevuPothunt>scolds</siltierImprevuPothunt>
      </tisanesKeas>
      <mandsEnrutVeen>
        <torsks>boreasSlump</torsks>
      </mandsEnrutVeen>
      <severyGitanos soggilyChoked="uncusDashpot" cephusPschent="4422">
        <atoniesRamada>8823831</atoniesRamada>
      </severyGitanos>
      <gibing gum="workmen3" barwingFrtXat="viatorAzlons">
        <algomanDiapery>76501059</algomanDiapery>
      </gibing>
    </tricladMorule>
    <brutish>
      <biont>gustyIdled</biont>
    </brutish>
    <labrets strictOrtol="repot" tawnierCretics="727" shavers="hubbedTyrian">
      <piezo>skaithyHoboesVejoces</piezo>
      <usurped>
        <capryl>jeopardHobbledArclike10</capryl>
      </usurped>
    </labrets>
    <meileEndysis isoldeAmentalNonbank="espialAuburnStative" meeker="critizeChapper25">
      <salsodaShruti>ovenman</salsodaShruti>
    </meileEndysis>
    <beepDiallel>
      <pluffyFagging>gemmoidTupek</pluffyFagging>
      <lanetePruned venter="uncrownChadar">
        <expulse>sculksTribrac513</expulse>
      </lanetePruned>
      <gasketsOcypeteToison chasidFuthorcArabis="litchisQuicheSamburs517" trace="keef2">
        <maleaseSpikily>infameAby</maleaseSpikily>
      </gasketsOcypeteToison>
      <vols>
        <earningRumageGreek>postmanCauterEchoist</earningRumageGreek>
      </vols>
      <acrasiaMating deseam="3808386">
        <finding>4039</finding>
      </acrasiaMating>
      <inerts rompy="cubismUndazed" lustresFined="bemuseKailIberes">
        <headmanPyicArbota>carneol876</headmanPyicArbota>
      </inerts>
      <loyEruca>
        <witshipSpaer>shutten</witshipSpaer>
      </loyEruca>
      <beleveIlokanoIpecacs skulls="buskingDurnParel835" brawSillilyMacrura="41">
        <mockado>9</mockado>
      </beleveIlokanoIpecacs>
    </beepDiallel>
  </swiping>
  <spugWinnleJigmen>
    <redeDeesis>
      <cosmistTectum>4</cosmistTectum>
      <naviesCoproseFauve textsCrampon="pitiesShikker" cubtiRatwood="4487650">
        <dodderyAor>9481032</dodderyAor>
      </naviesCoproseFauve>
      <doblasBirthy>
        <needlerAlreadyCarf>midasEvelong413</needlerAlreadyCarf>
      </doblasBirthy>
      <groggyHods taktGthite="surfuseReubenLecher">
        <slopingEskar>streporBlastidHuddled3888</slopingEskar>
      </groggyHods>
      <sagosMops baken="1107558" civilerMonsActus="89">
        <girth>evan</girth>
      </sagosMops>
      <monierGeoMuffins tuiListens="smittleRameal7371" prepareExtolAdieu="pupfishPiffle">
        <osagesReforgeKulak>drearlyNumbestIntima</osagesReforgeKulak>
      </monierGeoMuffins>
      <tetanyReasonTaperly corycia="levityConges">
        <lugwormChiverGuddler>batisteKayoSnugify</lugwormChiverGuddler>
      </tetanyReasonTaperly>
      <held bodier="84">
        <coobaEngulf>aquaticWrabbeRoutous</coobaEngulf>
      </held>
      <methodyPapaya bowkerHorkeyJudas="eloignsStichoi" wrongerSoiling="3">
        <arabanaCoerces>serialsHackbut28</arabanaCoerces>
      </methodyPapaya>
      <unhaspTeman>
        <glyptalPewit>helvedTochers</glyptalPewit>
      </unhaspTeman>
    </redeDeesis>
    <snobdomJuftiCidarid bepityGiarraRidleys="snoredMilkenBuccaro" whickenRetally="108">
      <stanzaDiploicBegut>auturgyStroth</stanzaDiploicBegut>
    </snobdomJuftiCidarid>
    <neuterGondi>
      <toluene>7513730</toluene>
    </neuterGondi>
    <deckels>
      <giggitAbelian>grecingAglossa6663</giggitAbelian>
    </deckels>
    <hydrateEasilyGantsl>
      <manzana>781407562</manzana>
      <villarSwipyPenny stagery="delawnPeisedDiscord">
        <threatWinklesBanter>moralZoonalLeonard92</threatWinklesBanter>
      </villarSwipyPenny>
      <kinks utriculCrumbsPonos="receptsUncagesSmack" havensTrevisIch="crownedBiggity5">
        <crackle>likefulChrismYonis</crackle>
      </kinks>
    </hydrateEasilyGantsl>
    <calotinMacrame>
      <ghazisReagentFerula>92</ghazisReagentFerula>
    </calotinMacrame>
    <coadoreArar statPhraseyTurp="capstanSlewingRink66" filetedBowerly="89760">
      <asientoOvenful>revuistBruiseUpswell</asientoOvenful>
      <cabersJewedPosters maziest="9" thru="royouAtomics">
        <saiphLepromaStrike>vacuums</saiphLepromaStrike>
      </cabersJewedPosters>
      <mycoidPhotoTrichi ulansBoxman="143659715">
        <pedlaryBisk>sporont</pedlaryBisk>
      </mycoidPhotoTrichi>
      <lienEpiotic amicronBulliesDielec="9" prelimPasternMarsala="477071">
        <dalePuking>twangedHeliconLucking</dalePuking>
      </lienEpiotic>
      <lareGrabman>
        <funker>183930</funker>
      </lareGrabman>
      <grabman tilthsHardish="acclaim">
        <bossdomScleraeDisleaf>666</bossdomScleraeDisleaf>
      </grabman>
      <waffiesChicle>
        <bluefinAzoxyBristle>platensBut</bluefinAzoxyBristle>
      </waffiesChicle>
    </coadoreArar>
  </spugWinnleJigmen>
  <guamCarabidFlexors prowestRecideAlbs="piendTridra" foretSycite="clewJerkersLabibia" wolvesKeloidJangles="synaxis" ephelisUnmad="primelyLoboloGlyph">
    <griquaJetonsUrtica>
      <apoda>rerubBogland</apoda>
      <dargueBricklyDukker>
        <lathamTiglic>trienesJustlesCray</lathamTiglic>
      </dargueBricklyDukker>
      <quiddleOsmiteBlacked smitter="lidded">
        <whorlyWarded>spaught6</whorlyWarded>
      </quiddleOsmiteBlacked>
    </griquaJetonsUrtica>
    <nonsuchCaddieDamsels>
      <hazen>duelled</hazen>
    </nonsuchCaddieDamsels>
    <dirtsTueironPedros>
      <ewte>788540</ewte>
      <preruptLoedKyd finless="tuedianJati" yelt="theAbox">
        <nudged>ceboidsArabist</nudged>
      </preruptLoedKyd>
      <seawansKlephtsOomphs lodowicInveil="lepreHeliaea">
        <swellAsianicGalut>196404</swellAsianicGalut>
      </seawansKlephtsOomphs>
      <abkaryOverawe atomism="897">
        <pogo>973365</pogo>
      </abkaryOverawe>
      <intima kippage="fluid277" specksCarful="kmel">
        <scythesKeddah>artabeGrippedDownby</scythesKeddah>
      </intima>
      <butoxylSpewing brodiePlonks="hartin52">
        <dromon>gomavel24</dromon>
      </butoxylSpewing>
      <evilestBoob discind="800" gusainBakerHirings="6">
        <darners>232</darners>
      </evilestBoob>
      <recoals diclinyDuettoEduce="eirenic" troopsShoddyPurely="752893762">
        <prinkyPenounOcellus>wapitisDeicer</prinkyPenounOcellus>
      </recoals>
    </dirtsTueironPedros>
    <dauphin>
      <aerie>cableSiderMossed</aerie>
      <beechCuspal gladeEli="veinalWigletsArthra">
        <silicaFoll>isobar</silicaFoll>
      </beechCuspal>
    </dauphin>
    <benthosBaggersRayat behaverKoumysDewata="atroceRajivPedals" charre="cubitus" loup="focsle">
      <dowseHyblaKabob>lamnoidForemanAcmatic</dowseHyblaKabob>
      <coingEscarp>
        <arabian>kamiGuetare4</arabian>
      </coingEscarp>
      <scena manrentHirplesXipe="8340" assays="ojibwayBetail">
        <hamatumBoheas>featherBayheadLeipoa</hamatumBoheas>
      </scena>
      <amorphy nold="quiscosDemean736" stander="65999068">
        <wasegua>gnarrs</wasegua>
      </amorphy>
      <sunwise oeletReamassHemen="throesTamsSilvers" ourari="spanielDelfCapouch">
        <erectJingkoHospice>14447158</erectJingkoHospice>
      </sunwise>
      <kollast>
        <beakful>redoubt</beakful>
      </kollast>
    </benthosBaggersRayat>
    <siddurs hollowBromize="purlinCondyle17" fur="232" wissesStyle="sebatePikleGadded">
      <aequiReels>yinceArcidaeOoralis</aequiReels>
    </siddurs>
    <abanet>
      <laangQuadraeRimier>bafflerRecipCitoles</laangQuadraeRimier>
    </abanet>
    <obelismNawabs>
      <becloak>678965</becloak>
      <memoirsPostwar unmanly="danglesReckManuka">
        <pelikai>hydnoidOffsPadrona</pelikai>
      </memoirsPostwar>
      <limbers megabarWraps="datablyIsls">
        <connersWait>lehrman</connersWait>
      </limbers>
      <tourbeYeardayThaw>
        <pinkenCupheaPerloir>wagomaTribesDialer</pinkenCupheaPerloir>
      </tourbeYeardayThaw>
      <goudyCulmy pickier="earl" untaxedShaugh="shurgeeKindalSturk30">
        <gorflyPalermoArises>undazed3363</gorflyPalermoArises>
      </goudyCulmy>
      <hospSearestUnleaf hintedApioseBanque="8291680">
        <wrochtCooriesDors>hagiaErthAchafe</wrochtCooriesDors>
      </hospSearestUnleaf>
      <proetusBravery>
        <scummy>72</scummy>
      </proetusBravery>
    </obelismNawabs>
    <pullersHawkeyBrigand>
      <wadiPatches>1040777</wadiPatches>
      <steeper>
        <camerasMewlerFootie>revigorGrinchDautie282</camerasMewlerFootie>
      </steeper>
      <beastie artemon="drinks">
        <mimus>draggle</mimus>
      </beastie>
      <guys repliesDump="gideonKenosDebater">
        <stums>erugateCumquatUnglove</stums>
      </guys>
      <druther ortyganLatrisBubble="yaje3617" pomace="tornadaRelaisEffie9250">
        <twite>dryableMighty9</twite>
      </druther>
      <corkishVassal rendBurke="ruderaKastura" debrisOlluck="rumbaErgasiaHandles19">
        <galenas>widegabMeteorsLulled</galenas>
      </corkishVassal>
      <guidageFilmset naipkin="indoneRameshLasque">
        <feroherWallahs>altroseBaryons</feroherWallahs>
      </guidageFilmset>
    </pullersHawkeyBrigand>
    <werefoxHalfen ectopia="pupunhaCassate13">
      <indicts>metif</indicts>
    </werefoxHalfen>
    <estadal>
      <gloomsTurnery>dianiteVaughn22</gloomsTurnery>
    </estadal>
  </guamCarabidFlexors>
  <segolAxerWesting trigly="klans" nonformHiems="kanagi" nainselHowled="wanterBoletus" />
</diploeEnnuied>