<?xml version="1.0"?>
<wazirEnnuiedHotline>
  <silvex narkedNairobiCwm="culmedRedearDam" astrose="parale">
    <opiliaKeeve>
      <caecias>tentletBearhugVerity1</caecias>
    </opiliaKeeve>
    <basinWeltingPhpht>
      <goumier>785</goumier>
    </basinWeltingPhpht>
    <agones>
      <tilapiaTrammonStifles>797718</tilapiaTrammonStifles>
    </agones>
    <moph soaking="zebrasTopee" peguanToomly="1" embelifGuanoImpanel="gappedCanela">
      <mootmanFeridgi>886</mootmanFeridgi>
      <abatua>
        <riccia>giggitFugieRequest</riccia>
      </abatua>
      <coracleFdnamesJuncite>
        <spitkitBlebHowlite>joblotsWinkTattled</spitkitBlebHowlite>
      </coracleFdnamesJuncite>
      <quillyReword clovers="koitapuKorunSphene" theism="vaned">
        <cuprite>potable</cuprite>
      </quillyReword>
      <grummelLuella>
        <salvoed>aworthEnfoldsBotulin</salvoed>
      </grummelLuella>
      <tmesisHagbush operons="mudsillYoruba" fusilePureeArow="goldiRestateThraep">
        <croci>diwaniRegillChemis</croci>
      </tmesisHagbush>
      <duellerAbortusProddle>
        <clarinoDestrer>shouterGol</clarinoDestrer>
      </duellerAbortusProddle>
      <apothgm webelosAbrege="16853">
        <navahoKapukaGelees>towaiFleta</navahoKapukaGelees>
      </apothgm>
      <mundilQueerer deceivePayers="22156">
        <ulaNeb>chasedDiodia</ulaNeb>
      </mundilQueerer>
    </moph>
    <enjambWheki>
      <sechium>22866</sechium>
      <irohaCrazesPadauks>
        <fannyCrany>markets</fannyCrany>
      </irohaCrazesPadauks>
      <gaesRibbonBrisky gledyGurdle="46429520" ladinoNumeric="eclairsHirselsJim">
        <moilRamaPrexes>7462</moilRamaPrexes>
      </gaesRibbonBrisky>
      <luggie chorioStarikSamechs="208" laqueusBoxfulGarter="rabatLoirLaksa">
        <crinion>8</crinion>
      </luggie>
      <beluchi billedAcrisy="2">
        <cottonyElfwife>ackmanRibwort</cottonyElfwife>
      </beluchi>
      <heliums shadowSmoppleRedeem="pigweedTemadauAzonic217" rondinoUrushiKettler="tythesArbs">
        <intensNitta>reknockKivas</intensNitta>
      </heliums>
      <adviseeBirny canc="squoze">
        <balebosStromedViolist>petalsGussiedIntel</balebosStromedViolist>
      </adviseeBirny>
    </enjambWheki>
    <broseNormaFabes>
      <behaverOurie>hekteus6347</behaverOurie>
    </broseNormaFabes>
  </silvex>
</wazirEnnuiedHotline>