<?xml version="1.0"?>
<flurtUnsonsyHarking>
  <symbolSafineCobbier seatang="homeyChaoses">
    <skeggerExtypalKafirin>
      <dowels>37849585</dowels>
      <reiceTegsSeisors bandoraOctuorLinhay="448" clayeyPolistaPalaung="hexagynRuptionCanelle">
        <nittyEllopsKlowet>holia2151</nittyEllopsKlowet>
      </reiceTegsSeisors>
      <imine>
        <nofileApepsyElkuma>yarForest</nofileApepsyElkuma>
      </imine>
      <unlaces>
        <alcheraCoolant>noose</alcheraCoolant>
      </unlaces>
      <fashingWangled dassentNascent="doserHakamimBrughs16">
        <jarmoEncoverScrob>958934</jarmoEncoverScrob>
      </fashingWangled>
      <piliganAcetol>
        <phratryFooLoftmen>sybo</phratryFooLoftmen>
      </piliganAcetol>
      <teazelsWigwag partialTelical="aclinicCensorEmagram" raghuAntigay="lowryTurpethSonnet">
        <malonylChivage>suneHalpOccur</malonylChivage>
      </teazelsWigwag>
      <minaBoyer quinoa="bact">
        <cebilMoorukXipe>4986</cebilMoorukXipe>
      </minaBoyer>
      <hermaFeminalJank>
        <celt>shaul</celt>
      </hermaFeminalJank>
    </skeggerExtypalKafirin>
    <patenerOpulent>
      <scarilyCopraKhakied>kissageOpercleScalper21</scarilyCopraKhakied>
    </patenerOpulent>
    <geology>
      <wmkLarnaxInflood>unsureCathinRara9</wmkLarnaxInflood>
      <geasonNeela cheloneTallows="sordUnheed" lepiotaSafar="unhusk975">
        <sleys>dkmUmpquaPasela</sleys>
      </geasonNeela>
      <nasieiSquired birthed="asclentSalomonColias" puses="sciaena343">
        <epinaoiLamishByliner>exite</epinaoiLamishByliner>
      </nasieiSquired>
      <disgigHagweed gyarungUnkiss="langueLummox">
        <neffy>caratch</neffy>
      </disgigHagweed>
      <earnedAnisolAffeer caketteScurferDawtie="hdkf" encenseBoxwoodChaunt="91230089">
        <torusesPuistieKlippe>panayanClimb2</torusesPuistieKlippe>
      </earnedAnisolAffeer>
      <baaedScasely kammina="commataSalties533">
        <nitidHuffier>cratonUntz</nitidHuffier>
      </baaedScasely>
    </geology>
    <pbxes>
      <unsiegeBeefingCrouke>bhootsJivedPavings</unsiegeBeefingCrouke>
      <decussOverliePlowers laftOxlips="calymmaFucate" krakenCurter="227">
        <rheas>gaddangMailesCagmag</rheas>
      </decussOverliePlowers>
      <nugator kosPonos="vertPortman">
        <jettageAndries>tranPrat</jettageAndries>
      </nugator>
      <javelot sleuthsInseeTutorly="845287074">
        <heaumes>rebold</heaumes>
      </javelot>
      <kopInsure usurersLiteAdarme="gry">
        <white>damagerUrocyst</white>
      </kopInsure>
      <indicalTincSighed fessesSensorBrickel="caamingAshcans22" punalua="19289">
        <inermia>16656260</inermia>
      </indicalTincSighed>
      <essoinsDoethManak toumnahNervureUncured="6406638">
        <busied>rimous</busied>
      </essoinsDoethManak>
      <subitemWithery>
        <jadedly>speiseHollaed</jadedly>
      </subitemWithery>
      <garnAttirerLealty decliveMataiSkell="borers38" durnsMonemeWady="petri">
        <ochreae>pagers</ochreae>
      </garnAttirerLealty>
    </pbxes>
    <engrailVildDewrot quakedMucklesMetazoa="coxUnseven5" whitensKaons="saporsJehadEpacts" kodroUntucksUnfined="croreTaoBullet346">
      <nubbyGalax>5</nubbyGalax>
    </engrailVildDewrot>
    <cablingHafisAccerse bepity="beniPiliganOlluck" fruggedTabootHalloes="prattGnomish">
      <hushed>beeve</hushed>
      <moonackChaceSpell unpayShaderLocrine="wymote" gauily="huffRetareGonoph">
        <aromasStold>5187</aromasStold>
      </moonackChaceSpell>
      <fossulaProette ozs="dimeterVimpa787">
        <ecocideKeyster>moorageWampee</ecocideKeyster>
      </fossulaProette>
      <guanizeCeric issei="griqua" kilnedFoots="sulphoPlaud">
        <shewedTethery>crummieNef</shewedTethery>
      </guanizeCeric>
      <costard virtue="oldieCaveaeBazar" rewadeCascolPinkey="gussetsSetousKilp5">
        <sensumBecheckSlavers>72405620</sensumBecheckSlavers>
      </costard>
      <metzeEstreBarming>
        <molgulaGenetteEnvies>domage</molgulaGenetteEnvies>
      </metzeEstreBarming>
      <sec>
        <swaggir>clacksYellowFatty</swaggir>
      </sec>
    </cablingHafisAccerse>
    <reprobe barqueLeste="5602">
      <escheveAwshar>harold</escheveAwshar>
    </reprobe>
    <depressDweebleTined>
      <yorkersGypping>hackletDourine</yorkersGypping>
      <sinker>
        <gapers>setheadMideTanling736</gapers>
      </sinker>
      <decussFrows>
        <stunts>283051478</stunts>
      </decussFrows>
      <disman yapokAbeliteRiancy="eskuaraChappeTea92">
        <sargoDutraVein>drieghSml</sargoDutraVein>
      </disman>
      <samalFerashMuckier sincere="9459616">
        <shem>forkman</shem>
      </samalFerashMuckier>
    </depressDweebleTined>
    <randierCymbaYarkand devolve="delawn247">
      <unriper>klipdasWheeze</unriper>
      <ballanMusic kiluckPigweed="garthsRouladeFlaws441">
        <yarthenMandrilBoyard>refillRei</yarthenMandrilBoyard>
      </ballanMusic>
      <stempelMimics toyer="canguesWongah">
        <almondVraic>vainAirersBarkary</almondVraic>
      </stempelMimics>
      <uncordBearded>
        <whidded>ogaire7915</whidded>
      </uncordBearded>
      <hurrVexful refutal="kopisPelted" contoSlovaksNavite="hemenMoppet">
        <undryLowsinTallish>cuspateLecythi</undryLowsinTallish>
      </hurrVexful>
    </randierCymbaYarkand>
    <harlingDecklesDagoes>
      <acoasma>538</acoasma>
    </harlingDecklesDagoes>
    <garavaStolaBielid>
      <polling>roucouReformsBiomes</polling>
      <chaitra>
        <enditesHocus>disedge</enditesHocus>
      </chaitra>
      <simkinGavels lycidaeBalon="zanzeSignumPates">
        <willets>stemmasQuauk</willets>
      </simkinGavels>
      <shrubbyPneume rumorsBanishTolowa="raninae" fresnelAudile="720">
        <tribesDonnism>johnnie154</tribesDonnism>
      </shrubbyPneume>
    </garavaStolaBielid>
    <staumerRosa brise="plumousJehads" evenoo="872" boweledAmebula="96402">
      <linen>amueixaMaimersAerate</linen>
    </staumerRosa>
    <agonium>
      <crickey>lbs</crickey>
      <gironsVellute pons="gozzardWeirs61" unrestsChemisAluco="46">
        <paths>atopite</paths>
      </gironsVellute>
    </agonium>
    <skatolPromiss>
      <rodmanImagoAlmoner>rhaTanneryEndarch</rodmanImagoAlmoner>
      <manak bravoedLouter="basotho73">
        <faconde>798</faconde>
      </manak>
      <discard doeglicNicolasRecco="centaurMammae" chausSideway="carposBrunt">
        <caryWytingTarpans>abote</caryWytingTarpans>
      </discard>
      <mgt>
        <inoSita>jamokeDrungarTourism</inoSita>
      </mgt>
      <toppingPizazzRpt rebuffEloign="eccaSmearedCamisia">
        <win>jaredByssoidVarices</win>
      </toppingPizazzRpt>
      <kvarner overseeReblockFeres="centralPibgornArghel" paroecyWhoryBiham="cantilyLector">
        <mawnMcg>rasslesBugles</mawnMcg>
      </kvarner>
    </skatolPromiss>
  </symbolSafineCobbier>
  <sulphas />
  <dummiedUseeScutal waggons="drowses" latris="twitty" opsinsTrixFerison="punctumHyetal5052">
    <hes>
      <scopola>719835339</scopola>
    </hes>
    <rubigos>
      <crushedNowaday>maureenHeedyLouster10</crushedNowaday>
    </rubigos>
    <ferned>
      <bowel>5</bowel>
    </ferned>
    <recs>
      <rhinalSheppeyReroot>forkedBais</rhinalSheppeyReroot>
    </recs>
    <coaxyHicacoOory>
      <cambogeDialectLambes>tattlePhotomaRefeel</cambogeDialectLambes>
      <progPencelAnklets throwstHaunterDindon="tapingsSafest">
        <chitheUnpackLoche>slappedVelarySchlep789</chitheUnpackLoche>
      </progPencelAnklets>
      <fuddlerPerronKinases>
        <zapus>iten</zapus>
      </fuddlerPerronKinases>
      <bawling scurfsFrazerMura="fungoCrackle">
        <carcakeFease>vilhelmUrban</carcakeFease>
      </bawling>
      <jarblePurlineSprenge>
        <ageableCom>quailCorrody</ageableCom>
      </jarblePurlineSprenge>
      <lags crimmyAgamy="storeyJanner" seatHexylicGoonie="locumMamaYogh">
        <tupara>gradinsFalconFice</tupara>
      </lags>
      <botch catdom="tiptiltPlaids" jinshaFaecalBruting="5">
        <drankFlierKlesha>949505</drankFlierKlesha>
      </botch>
      <develedRhonchiUnnasal palledLashed="tanburRemop" overput="sirventMotocarChanco">
        <pedlars>abbestHerriesUnwoven</pedlars>
      </develedRhonchiUnnasal>
      <yovenNearly stoff="woksSamoans28">
        <cymatiaDibbersNeedler>guanylGloeaHumbler</cymatiaDibbersNeedler>
      </yovenNearly>
    </coaxyHicacoOory>
    <hidatedShintyQuods tangutAnton="aeq" malmag="murkerUnworth9" utrumIntradoCozie="boolya">
      <creeshWhys>4</creeshWhys>
    </hidatedShintyQuods>
    <amendsRhabdomArgonne>
      <sudanTaino>barse</sudanTaino>
    </amendsRhabdomArgonne>
    <almain>
      <acatesSupine>syssitaTympaniMity</acatesSupine>
    </almain>
  </dummiedUseeScutal>
  <mhoPappi>
    <npeelDiasyrmSilkmen>
      <stemmedNebulyLolling>autreAlmnerJocoqui68</stemmedNebulyLolling>
      <mixersBarter lookedNudgerJernie="mortStudderCubics5469" raymond="kopjeGasogen502">
        <swoon>broths319</swoon>
      </mixersBarter>
      <amminoUnroofOblates iviedPipeful="durrasSpiegel">
        <keratinCurve>jundy</keratinCurve>
      </amminoUnroofOblates>
      <jeepers>
        <ovulary>barePicard</ovulary>
      </jeepers>
    </npeelDiasyrmSilkmen>
    <mienEleazarHui>
      <rennetsPilyFreesia>deboned</rennetsPilyFreesia>
      <naivetySold sledges="dibromCaestusBatea" nonstopCogieIsaian="paybox">
        <lasherStirpes>monteraPatmianRemans</lasherStirpes>
      </naivetySold>
      <haloaGuntubGhazal adelizaReshook="talaingServistPlebify">
        <oolite>tallowy9</oolite>
      </haloaGuntubGhazal>
      <birdSmarts>
        <rawerRies>tinglyCragChorous</rawerRies>
      </birdSmarts>
      <atleeChemins cytinus="3">
        <sadismsDaceloNeedly>nellyMokihi</sadismsDaceloNeedly>
      </atleeChemins>
      <pailow affichBracer="133016162" upprop="forecarKnasterLaibach">
        <succothBigeyes>adullam</succothBigeyes>
      </pailow>
      <heleninCockishFortran mutisiaHomo="stoptEctallyCharing">
        <phyteusRooky>4387510</phyteusRooky>
      </heleninCockishFortran>
    </mienEleazarHui>
    <minion peleSirenyDissert="nitresNummary" plungySapourVistas="572026772">
      <babhanDruposeWeeda>6</babhanDruposeWeeda>
    </minion>
    <frisker coliticEuda="blowierFilo">
      <tiswinEagerer>spulyie</tiswinEagerer>
    </frisker>
  </mhoPappi>
  <fumerWrenletRemould tygCribose="tannicTurusBands" apastPouceyCrain="fixups8080" seizorGreen="infimumBrownlyOutkept36" ideaSloshedAmidid="beguile">
    <subgensEuda>
      <fraynTurseGlochis>naviBrasserEtuve</fraynTurseGlochis>
      <pedalReshEikons twitsSotsPrastha="ecizeWastedNandu">
        <shaw>cortinsRehangChoree</shaw>
      </pedalReshEikons>
      <pottiesUprouteHippian masdeuFreebee="gippedLunaria" duckpinBufidinRapidly="preyedZymosan">
        <harpedGilakiBibiri>971762</harpedGilakiBibiri>
      </pottiesUprouteHippian>
      <baikieQuarter>
        <dins>4</dins>
      </baikieQuarter>
      <darking>
        <gaiassaBedemen>erasStract866</gaiassaBedemen>
      </darking>
      <paulusBibiru spoofsProdder="spangedDourine">
        <keltySegni>arrouseFrozeNebalia</keltySegni>
      </paulusBibiru>
      <thicks spaadOclock="dedimusInspake">
        <cuspateBalticJunkman>airpostFotuiKintyre</cuspateBalticJunkman>
      </thicks>
      <obtrect atikEtatist="gelantsPignetTitbit3">
        <babbler>harried</babbler>
      </obtrect>
      <carseKivasSheafs atonics="snurtAcrookAbvolt" barresMoffResat="vucomYojuaneRohan">
        <volsciAlemmalAched>oiiSkaffieNudes</volsciAlemmalAched>
      </carseKivasSheafs>
      <whatkin>
        <joannesTipi>betrapBeckyExcepts</joannesTipi>
      </whatkin>
    </subgensEuda>
    <fistyGinkgoChimin titis="chopdarBefoul" milkCoilingThong="2">
      <bleachs>sepadAdlayBrasil</bleachs>
    </fistyGinkgoChimin>
    <kouprohBriars>
      <bern>recoilKabel</bern>
      <sowbaneGerara epigyne="sasaniTokeImogen879">
        <cestonClysisImpious>fished</cestonClysisImpious>
      </sowbaneGerara>
      <jankPluffy ducape="390297">
        <stockUnpawed>chalutzZincicSwashes5140</stockUnpawed>
      </jankPluffy>
      <incloseVenkataGisel>
        <gingivaEndwaysPadrino>untrustFreely1</gingivaEndwaysPadrino>
      </incloseVenkataGisel>
      <cosieZoque>
        <chapahBoggler>unpliedJuntJungian</chapahBoggler>
      </cosieZoque>
    </kouprohBriars>
    <hylistFarrowsKitamat kawBrucinsOutroar="isicleBettineRyots" flapBlollyGibbed="gemmoid8776">
      <baculeBarrulyEurus>dories</baculeBarrulyEurus>
    </hylistFarrowsKitamat>
    <oysters>
      <dreadedDrachmaNaleds>4</dreadedDrachmaNaleds>
      <creaserFoggily carmine="stamBowlsHubby">
        <coylyArbacinSwannet>tibiadMoocherMadded</coylyArbacinSwannet>
      </creaserFoggily>
      <litatu danteanToresLogans="21536" cornice="spaPranceIrade">
        <leipzig>ricksha</leipzig>
      </litatu>
      <sizz alembicSudds="95992606">
        <tievine>beheldSarafan</tievine>
      </sizz>
      <agogRicciaTohome barreraRixAbaiser="camisa4141" causaCasaWharp="lammerUnhaveRipes">
        <socePartake>5962289</socePartake>
      </agogRicciaTohome>
      <ecarte cadmiumZonulasBathala="premade">
        <elopingCagui>tauriniSodless</elopingCagui>
      </ecarte>
      <bodiceCubitiDracone wanhap="senorasHumpsSluiced">
        <carsten>yetapaFauxIschury</carsten>
      </bodiceCubitiDracone>
    </oysters>
    <rebuild>
      <dandledAshwort>deicideMiaowerCarryke</dandledAshwort>
      <tindery calmerBahaiGeomyid="trpset" hinch="ingangs1">
        <leaserAmbarSugann>upcurlCrabitIllogic</leaserAmbarSugann>
      </tindery>
      <stodges>
        <recency>tiersReloveYttrium</recency>
      </stodges>
      <hurdenCivy scoop="brokeryGelders">
        <pashtoEspanolColumna>triquetSenilis8197</pashtoEspanolColumna>
      </hurdenCivy>
      <lingulaCangy>
        <smocker>entiesInjects</smocker>
      </lingulaCangy>
    </rebuild>
    <plangorTambacsNerka>
      <aroidsOmmiadThills>74</aroidsOmmiadThills>
    </plangorTambacsNerka>
    <helasNiyamaRatlins dawedTouched="curt" tarweedPeulMarcels="loamedBobacheCleric" tonic="shush">
      <plagal>loka</plagal>
    </helasNiyamaRatlins>
    <vistas jawy="fit" coteauTacananDinman="statera">
      <trushAmotusEmeer>curse</trushAmotusEmeer>
    </vistas>
    <vacuuaTurken ottavaBailiesFriar="utile" defactoRacketImine="beslime">
      <iononesFibberWauk>746</iononesFibberWauk>
      <tngDiarchy raisinyMakingEighths="924458" tenrecsDiptyca="coirRamulus">
        <yuleFiggierStyrene>getlingSoroban253</yuleFiggierStyrene>
      </tngDiarchy>
      <freetDucting sojas="waxer2013">
        <inrubPeplumsArcadia>trilitEphyraePenal</inrubPeplumsArcadia>
      </freetDucting>
      <untrussSulfury>
        <danzigEringoLuket>jibbingBialy30</danzigEringoLuket>
      </untrussSulfury>
      <flinder aperseeKelchynAcidify="purpleTrilbyGyved422" levantoPyruwl="ebriety">
        <roelikeKiblahDruse>emanentLentorTegmine</roelikeKiblahDruse>
      </flinder>
      <tusherEngild>
        <oddness>flab</oddness>
      </tusherEngild>
      <sundown>
        <ursaRamjetBobol>laceierVinet</ursaRamjetBobol>
      </sundown>
      <mincesFleecedSprites>
        <unmerry>mispart</unmerry>
      </mincesFleecedSprites>
      <redear cwo="beennutEngarb">
        <scoffer>piracy</scoffer>
      </redear>
    </vacuuaTurken>
    <tumboa>
      <revayDebrief>cosine</revayDebrief>
    </tumboa>
    <spainLagurus>
      <sailyeTongueVivify>hushesSatisBirde</sailyeTongueVivify>
      <redheadAnatomyLoring>
        <enfiledYoungthLocking>chloralHarpulaEndow</enfiledYoungthLocking>
      </redheadAnatomyLoring>
    </spainLagurus>
    <addressCaradocGizzen>
      <cheapenMarges>sera57</cheapenMarges>
      <spinorsAlmahMail>
        <harpCepter>queenBlats</harpCepter>
      </spinorsAlmahMail>
      <drawees thereva="342703750">
        <rolfeTektos>kaamaMazing</rolfeTektos>
      </drawees>
      <fleasFusulaHammers voidedHalalah="99" repiner="brahmasVerekSlangy7">
        <bantoidMacePontiac>apply</bantoidMacePontiac>
      </fleasFusulaHammers>
    </addressCaradocGizzen>
  </fumerWrenletRemould>
  <homos theatryMatraceTinkly="532" culicesNiallCollin="smackedAgrufeStupes152" rafflesPatballEosine="23" spira="prepupaBuskedNever" />
  <flesher incisedEidolon="guglioMethyls" sida="grameFullamsConv" renableStandupAbortus="minxish" />
</flurtUnsonsyHarking>