<?xml version="1.0"?>
<nizams>
  <fluxesRamlineHowdah sciotDessilCurium="6379" disertShapeupAdreno="unsnapWergilBrenda" klisterTagelDisfame="bocoy8">
    <vamp obstantDika="dionymJadedly">
      <unkillSuci>gennyIseultCroise</unkillSuci>
      <behnCrewcutTaleful pulsionDanced="cirrousIronish" ixilCompteHoneys="bries">
        <bookyBetimesMogged>reflog</bookyBetimesMogged>
      </behnCrewcutTaleful>
      <arrhalRascals weeble="9438924">
        <commata>tiradesHaemoidNunship</commata>
      </arrhalRascals>
      <apama>
        <shottyFoinedNoduli>weaningBobbiesMunjeet</shottyFoinedNoduli>
      </apama>
      <simpsYairPitons>
        <sishSchtick>vinousStabbedNarrowy</sishSchtick>
      </simpsYairPitons>
      <dicotylTeapotGaposis hummelDrizzleDuffers="striptGraals" overlegMilvus="24977">
        <cesser>sradhas</cesser>
      </dicotylTeapotGaposis>
      <missendSaurFolioed>
        <renvoiFiber>465790</renvoiFiber>
      </missendSaurFolioed>
      <xerusCistudo>
        <dipygi>tiepinObtest</dipygi>
      </xerusCistudo>
    </vamp>
    <unchurnGluishSherds>
      <phonierDuelist>fetesLadesMitvoth</phonierDuelist>
    </unchurnGluishSherds>
    <bucketsGrebes rangleTattilySpinder="askesisOxlips" spuriaeRheotanAgon="goysBepaint" sliteGetter="prussiaVolva4998">
      <chaitya>pecksDurocs</chaitya>
    </bucketsGrebes>
    <azotic>
      <betta>954894992</betta>
      <tawnyAnerlyDestry santalMashesConines="vimpaComingsCamball">
        <macGaddersDiene>dorymanVeauNewt</macGaddersDiene>
      </tawnyAnerlyDestry>
    </azotic>
    <lored>
      <mobbedResale>180</mobbedResale>
      <vawntie margay="paleronEngramChests">
        <cainUppedYardman>beewiseCaptanSchick</cainUppedYardman>
      </vawntie>
      <defStavingSuant armrestOrecticRebaled="salinanHardsetZygoma" hafganRaia="muchNovaeBeveto">
        <educed>warnageCot9615</educed>
      </defStavingSuant>
      <gazetTaunt>
        <opinantUnoral>shikimi1</opinantUnoral>
      </gazetTaunt>
      <weevilShakersBoulles mitingAbscam="bumpHoisingOsmetic">
        <pondageFatale>boppedDragsaw</pondageFatale>
      </weevilShakersBoulles>
      <tuckerArchery>
        <riper>gyppoTumble</riper>
      </tuckerArchery>
    </lored>
    <hogan>
      <unkinDumbs>venousHelicedPatee</unkinDumbs>
    </hogan>
    <tubber>
      <casedHadrome>catnipTabagie</casedHadrome>
    </tubber>
    <gunnelCuvy>
      <bagnutUvito>littery</bagnutUvito>
    </gunnelCuvy>
  </fluxesRamlineHowdah>
  <dopped harriedWharfsElaine="9" hempsPinkos="clochesAlmon" unmadFibrinMala="caddis" bewetLimping="retillEttarreForlana">
    <cytonCheep>
      <friskinArvejonSkippet>86225</friskinArvejonSkippet>
    </cytonCheep>
    <litmusLaths>
      <matriceDigeny>1690</matriceDigeny>
    </litmusLaths>
    <bookitBullbatEnatant yarb="sonantsDishy" somberPlebify="masdeuWeirsDismask">
      <infoldGyppo>leecherSavored</infoldGyppo>
    </bookitBullbatEnatant>
    <behovedTchiSemigod>
      <bottBedrail>marverIsolex</bottBedrail>
    </behovedTchiSemigod>
    <dauberAeonial>
      <bauch>bygane</bauch>
      <colobusPulpits kikuAlimentFrumple="carnies" chabotPulk="yaru">
        <intoBerun>drudgerSaltfatSores</intoBerun>
      </colobusPulpits>
      <impietyScawlQuieter>
        <labredtDemursFlails>knobDodransFermila</labredtDemursFlails>
      </impietyScawlQuieter>
      <ballsMessAlcanna madhvaYazooAmor="ping" hartail="umbertyComerDrayman564">
        <sabbatsFierte>shitaSimeEnwiden</sabbatsFierte>
      </ballsMessAlcanna>
      <swam hysons="rhizinaDolusLimpsey" izlePoule="uppiledZehner">
        <furlaneTopperPeered>summateLog</furlaneTopperPeered>
      </swam>
      <rotund demerseStubbly="moineau">
        <exiteSlush>beeps</exiteSlush>
      </rotund>
      <acoasm>
        <parurasDodsSquid>lou573</parurasDodsSquid>
      </acoasm>
    </dauberAeonial>
    <duckierFloors>
      <scalderProneur>waivingPolitHumeral61</scalderProneur>
    </duckierFloors>
    <centryEngulfWarless>
      <donatBronco>82</donatBronco>
    </centryEngulfWarless>
    <gushersIodal>
      <admiresHoutKowhai>nudgingForbid13</admiresHoutKowhai>
      <cayapoLissesAhir tabi="260685280">
        <tawniesHybosis>eophyteLowder</tawniesHybosis>
      </cayapoLissesAhir>
      <germinDefatInseams>
        <minglerJudging>ipecac</minglerJudging>
      </germinDefatInseams>
      <bywonerChukar huthold="looses">
        <enormPhycite>jimperLuted</enormPhycite>
      </bywonerChukar>
      <valourPhotoma baliLaity="301932">
        <fubbingCauqui>acoldRoan</fubbingCauqui>
      </valourPhotoma>
    </gushersIodal>
    <powLoselsBlooper>
      <sklent>gynDozZayin</sklent>
    </powLoselsBlooper>
    <dubberWreath>
      <waging>376</waging>
      <ecuelleMulleys>
        <slurban>2497</slurban>
      </ecuelleMulleys>
      <undewedPumicer>
        <lairingLochsMisbear>salivaJoll</lairingLochsMisbear>
      </undewedPumicer>
      <hackeem tonicExperts="420675284">
        <dudeGubbinsGastful>jillsCyclismCanines</dudeGubbinsGastful>
      </hackeem>
      <kawika>
        <acleDioc>wavesRsvpBrises</acleDioc>
      </kawika>
      <ginners>
        <doggoneYeggmen>swaysIsobaseOgler</doggoneYeggmen>
      </ginners>
      <gaterMinyaeRousted youngly="rajeevSalmary">
        <cockiesGoalers>imboskMisacts1</cockiesGoalers>
      </gaterMinyaeRousted>
    </dubberWreath>
    <screeAbove>
      <abioticCoadmit>oos</abioticCoadmit>
      <sowanBotchy armuresSullaLairs="cureCauses">
        <flong>hexaped</flong>
      </sowanBotchy>
      <rustily felsicChakram="401" mohaveScags="dongonPopishJacamin">
        <chavishAefauld>celeminCrocBergy</chavishAefauld>
      </rustily>
      <reisterWeest>
        <ringletMissiveZamouse>troveObstet</ringletMissiveZamouse>
      </reisterWeest>
      <opacousSedovicOviform matzohsKirby="degras">
        <airnsJobWaiving>1</airnsJobWaiving>
      </opacousSedovicOviform>
      <worded gonerFerk="yeechMaleficBrassey">
        <sneadNestedBulla>schmoeSalvingSheared</sneadNestedBulla>
      </worded>
      <readier>
        <airwave>whifferBeersCowshut</airwave>
      </readier>
      <iraSculpts quaversUnwit="fallersSoother" cathryn="aspcaBaningWiled">
        <eliCaudal>deariesBookeryAbura</eliCaudal>
      </iraSculpts>
    </screeAbove>
  </dopped>
</nizams>