<?xml version="1.0"?>
<wirrah>
  <airlessEnatantMopy kippurHamaulsBarrens="awaft" minimisPlayman="repitchHunt" sandierDaurna="cantosHarsletBesant">
    <virls vergiTayir="kanone">
      <bambukHagiaBuphaga>farnessPhar</bambukHagiaBuphaga>
    </virls>
    <trapans>
      <fictionAnthelaTornote>oreidesInching</fictionAnthelaTornote>
    </trapans>
    <qualmWernerApar jobname="ateuchiAccrualKikar6326">
      <shaftyFlisked>25142303</shaftyFlisked>
    </qualmWernerApar>
    <pipiriNonwar enginAppling="551874" whippySallied="fretizeEscharsPommard8243">
      <skirt>quelledBandelStoond</skirt>
    </pipiriNonwar>
    <tauterAfghans>
      <cortinsBatesHabutae>sultamMadroneRadient4</cortinsBatesHabutae>
    </tauterAfghans>
    <wrightTilmusYfacks>
      <manningBichyActinia>stikineWarmed</manningBichyActinia>
    </wrightTilmusYfacks>
  </airlessEnatantMopy>
  <analytJimjams talonid="7" pit="iapygesUsual">
    <daubersBalboaWould sass="jussion1" pagefulFodderCanarin="auctorsLingualNaganas8309" sethiteFavors="lowmanPastora">
      <candroyAnuriasBuys>cassie</candroyAnuriasBuys>
    </daubersBalboaWould>
    <mnemeFogdogChytroi>
      <purreicCreasol>saltiesLeesGarial</purreicCreasol>
    </mnemeFogdogChytroi>
    <riancy>
      <ethenolTeleuto>convexGrootBedsock</ethenolTeleuto>
      <grossesApocarpDinners appereGumweed="cyclopeTutoyed8565" oofbird="17604721">
        <miskal>3459578</miskal>
      </grossesApocarpDinners>
      <loaferTraceOvolo adienceSowing="711524819" callersDecibar="coldly">
        <senufoBessy>kenai</senufoBessy>
      </loaferTraceOvolo>
    </riancy>
    <bogo>
      <resawPersicoBounced>dwight</resawPersicoBounced>
    </bogo>
    <dietist>
      <spurtsOpingTiniest>humpedAshramBelch</spurtsOpingTiniest>
      <finlandDankly gingeryHoch="acetiteYochelBowing" adatisHurried="50988714">
        <surely>89857</surely>
      </finlandDankly>
      <opiumsSwazi clavelBotels="tumericScreensAmbroid">
        <quaffsMorbleuVatican>238</quaffsMorbleuVatican>
      </opiumsSwazi>
      <tackierRuckle tewtaw="sloops" drumly="bogotaCowherd">
        <giloOutride>consoleRandomsMoulins</giloOutride>
      </tackierRuckle>
    </dietist>
  </analytJimjams>
  <twerpsRendsReveal>
    <climbedTaxemeTrull>
      <sordinoSculps>78859346</sordinoSculps>
      <caisseIchors>
        <envayeGazersSaker>270</envayeGazersSaker>
      </caisseIchors>
      <keltChampaBandit aday="novatorObeyerArtel">
        <citizenAlcaydeWorship>bewryGarryaInflood372</citizenAlcaydeWorship>
      </keltChampaBandit>
      <shunnerZiegaNeo kalongs="diceMonal">
        <shoneenSensesSaids>brandedTheroidJackies</shoneenSensesSaids>
      </shunnerZiegaNeo>
    </climbedTaxemeTrull>
    <bobcat>
      <didntFotiveReplays>49</didntFotiveReplays>
      <passion chs="feudumMilaStackup">
        <boliche>audaceRubsCinter</boliche>
      </passion>
      <veepeeWayback astern="sixDiambic2" petrarySunyataRathe="vannedSkate">
        <sueveLowboy>fuzingGaywingScrapes</sueveLowboy>
      </veepeeWayback>
      <zooticFalerno>
        <pinoleColbackMessman>richterAlbert6968</pinoleColbackMessman>
      </zooticFalerno>
      <colent>
        <bounds>170</bounds>
      </colent>
      <avgasesFigbird remill="oxters">
        <cyath>meansBarhalHaught4</cyath>
      </avgasesFigbird>
      <sighter>
        <predoomSuerreGriped>sculpBlaasop</predoomSuerreGriped>
      </sighter>
      <nammadSoireesCoffle commixStge="oversetPinings" halsenAller="podgySindocBowbent">
        <duppiesOffhandPompon>glanisRapersFaenas9</duppiesOffhandPompon>
      </nammadSoireesCoffle>
    </bobcat>
    <mudderTurnips>
      <shyPantoFolders>wormed</shyPantoFolders>
      <valves chymousFay="florinCriantSextans" romeroLustily="titmalPilulePacaya">
        <rimpi>jaditicScawd</rimpi>
      </valves>
      <educateTaperMyxo maidinOrateOutpage="inveigh" sclaffsDulcity="leanestMadship">
        <grassed>sarongs</grassed>
      </educateTaperMyxo>
    </mudderTurnips>
    <crepis>
      <francaYampee>potshot</francaYampee>
    </crepis>
  </twerpsRendsReveal>
  <ukiyoyeFergus subaridIonicsOceaned="drily" marx="kaskaHangdog" naywardAverah="90" plumberCarn="195">
    <uncededMelting aroidesIlissus="phanticSpulzie1" bogsBusySpial="2">
      <shoutedWoidre>32475</shoutedWoidre>
      <paltockParges selects="sippioNervierMistime">
        <penta>beheld</penta>
      </paltockParges>
    </uncededMelting>
    <cajouClootsTurnrow stonerUlpanimHolleke="274">
      <pawkierFiguraCitron>infaresIuusGore</pawkierFiguraCitron>
    </cajouClootsTurnrow>
    <tankersPossieElative cearinImid="kotoAmercer" wearilyGoran="53425342" cakes="portureBiodPompous">
      <audibly>yarrowsBenzinsStrep</audibly>
    </tankersPossieElative>
    <racking>
      <tameinsSmiddy>caprice27</tameinsSmiddy>
      <trebletSaiidAppeal bondarShields="eyrerHurlpitPerpera" xiphura="globing">
        <whapsMiasma>sakaiRechart</whapsMiasma>
      </trebletSaiidAppeal>
      <ephyraeDaroghaRuptive esurineRuddles="dislipSunnud">
        <spurtleDonzelXylans>semitae</spurtleDonzelXylans>
      </ephyraeDaroghaRuptive>
    </racking>
  </ukiyoyeFergus>
  <maught straveAllicitUnrow="brewerSplices" uncapsPotteen="snab">
    <sycheeDebitor arroyosSterileDouc="pietas" imbedsIodidesAunters="faeriesLudoCoaly" bygones="measeHistone45">
      <predateEnteralHeimin>egboSofarUpalong</predateEnteralHeimin>
    </sycheeDebitor>
    <restabGetawayAxels>
      <aphthaDeltoid>98767</aphthaDeltoid>
    </restabGetawayAxels>
    <minceDebitedObeish forseek="marverCspBotch" dossetyPierineLegume="kanesAbility">
      <ovenfulSpirket>inflexBabassuOveregg287</ovenfulSpirket>
    </minceDebitedObeish>
    <yourselLuddism>
      <barware>cussos</barware>
    </yourselLuddism>
  </maught>
  <aphodiRochetsRetires />
  <hempie resedasWaveysNouveau="nodulusLaggenSylvius" benward="eideticGripesSlouch" romaic="lamigerOutlashStasima">
    <upgrownReduncaCordis>
      <humphStupose>eratButyl</humphStupose>
    </upgrownReduncaCordis>
    <avos>
      <penallyUnreadFloat>755689604</penallyUnreadFloat>
      <ragi emydsOpineElder="toolbox">
        <octaplaAubrey>stanjenEntify</octaplaAubrey>
      </ragi>
    </avos>
  </hempie>
</wirrah>