<?xml version="1.0"?>
<nasabGrizzel>
  <wadyEnvoisPogonia ahmed="reggaeSawnieSowins">
    <eyrir>
      <halfyPsf>celosiaScorersDespite</halfyPsf>
      <bututIcosian weighsPurerCaravan="tegminaGlumesHenny" brayeraSunrayOsmose="tozeeFloshBogie">
        <wobblePixGasify>steve</wobblePixGasify>
      </bututIcosian>
      <cherte misereChiliad="giustoCymolsMopeds" aheapPiny="anagram">
        <trueman>pfdAlgesia</trueman>
      </cherte>
      <edenizeJigLore>
        <limulid>5083</limulid>
      </edenizeJigLore>
      <tragiGusting vextPostfixBois="149788978" reekedBescornRoofman="shippedLearoyd">
        <skevishHippa>cummock</skevishHippa>
      </tragiGusting>
      <levis thieflySowsDholes="juices">
        <megabarVoyeur>shaptanPteris</megabarVoyeur>
      </levis>
      <spriteGarawi ejaculaPittine="rinnerBewired" rigsbyIschiacJugerum="loculusMeanish">
        <dowageChemics>mozoUnlivesVerbals</dowageChemics>
      </spriteGarawi>
      <pukhtunEvertsWreaker worm="chuffedQintar43">
        <vengesVervine>betagBandeCaptate</vengesVervine>
      </pukhtunEvertsWreaker>
    </eyrir>
    <aymaran>
      <closure>chiot</closure>
      <freshes>
        <balr>urazin</balr>
      </freshes>
      <sullens ganza="brangleDeblaiPercale" yuapin="sass">
        <ratches>5</ratches>
      </sullens>
      <jyngineMisrulyOutwits proachSteamerBruins="6713" adenia="pyrogenTyrants">
        <tellus>1359</tellus>
      </jyngineMisrulyOutwits>
      <gitim>
        <inesite>danderAim7</inesite>
      </gitim>
      <vicia>
        <tehseelSpright>glaivesBlanchi</tehseelSpright>
      </vicia>
      <cuirassMamo mockersWeka="rally">
        <brewerDissaveChoked>mincedOilway500</brewerDissaveChoked>
      </cuirassMamo>
      <zorisTsktsksFraghan tela="ifrealAnhingaSphered" dicetyl="runletsApiaryMbori">
        <muta>twine</muta>
      </zorisTsktsksFraghan>
    </aymaran>
  </wadyEnvoisPogonia>
  <timider felix="ohmicMannoseTrigyn">
    <broil>
      <cowbind>funnier</cowbind>
      <footled>
        <puteliPontacqAltaid>hamalsBombsFarinas</puteliPontacqAltaid>
      </footled>
      <unpurse usaraCabane="9">
        <backset>kabar</backset>
      </unpurse>
      <wintun angliceBatties="rahdarStumped" sequinsTwyers="lagnaRielVairee2834">
        <inaxonCaromed>mosks519</inaxonCaromed>
      </wintun>
      <drawlChape>
        <borneanElemong>obarniHerlsSent2020</borneanElemong>
      </drawlChape>
      <diorismArchin>
        <outgivePeeress>smitersLabrid34</outgivePeeress>
      </diorismArchin>
    </broil>
    <lattensIhiUtter>
      <prebblePredoom>scintleWheeKelts</prebblePredoom>
      <bowers sposh="355" yakin="844">
        <cowfishPuelcheDesexed>parvule</cowfishPuelcheDesexed>
      </bowers>
      <demosKoombar bittsEnvying="7213903">
        <flebileTalcs>admanUntrod248</flebileTalcs>
      </demosKoombar>
      <limbing tabbyCanna="68779">
        <chiron>99112</chiron>
      </limbing>
    </lattensIhiUtter>
    <seepClauber succube="mutisiaPartly">
      <dation>neumes</dation>
    </seepClauber>
    <filled>
      <zenanaStreckNeve>erasureYairdOpalina5073</zenanaStreckNeve>
      <tung beyshipUngraspJuncat="abatis" idler="bulimicAbort238">
        <dagassaCoarsenPenster>binnyMandyi</dagassaCoarsenPenster>
      </tung>
      <resiantTennisy ecklein="hyleanStings">
        <gradusEditor>6378</gradusEditor>
      </resiantTennisy>
    </filled>
    <jalapicLumpersGuide cumUnfed="latvianZacaton" greasesYurak="4334038" dankishUpleaptFucous="dormantEvert742">
      <patonce>dynamo82</patonce>
    </jalapicLumpersGuide>
    <undrapeUpboostHureek>
      <repawnCradgeBouse>peansStoss4</repawnCradgeBouse>
    </undrapeUpboostHureek>
    <vakassWattestSiloam unworth="angekok">
      <codaUnhaveGenin>zoogamyMaculaHeadsaw</codaUnhaveGenin>
      <mesonyxWaxily fouterSonic="418" tuguria="nan">
        <cienegaTwigged>hidated609</cienegaTwigged>
      </mesonyxWaxily>
    </vakassWattestSiloam>
    <jaggBiloxiBottled verify="goalerPituri164" outdoNyroca="dtsetHumousFlain">
      <sirocOvulite>rebrew</sirocOvulite>
      <gown>
        <bulgariNodesPunish>racket</bulgariNodesPunish>
      </gown>
      <teliaMewlsHowitz besplitAlcannaGoloe="icica70" tarried="590547">
        <tumultsClickBusies>malikWesleyCowpat</tumultsClickBusies>
      </teliaMewlsHowitz>
      <serinsDonnedRuin friskinMuffet="safrolsNollBorize8" jesseLepisma="quattieVireAvionic">
        <butchesNutatedSinked>alifChecky</butchesNutatedSinked>
      </serinsDonnedRuin>
    </jaggBiloxiBottled>
    <hoary>
      <vedaicStoothLaugh>69235135</vedaicStoothLaugh>
    </hoary>
    <whineyAvocatPerfins maistShoyaClogged="pounderTrustleFranion" anginasWangoni="22" gillotTnpk="succourEnomoty4">
      <curveyCeleMyology>351069747</curveyCeleMyology>
      <pulsedPorerBoozers>
        <charry>showySilvanBowwow</charry>
      </pulsedPorerBoozers>
      <herringBammedDecalin>
        <primes>septaNbgTusking</primes>
      </herringBammedDecalin>
    </whineyAvocatPerfins>
    <theroid>
      <batwingFurandiUtility>roques</batwingFurandiUtility>
    </theroid>
    <grump efforce="melderTrunchCare" boxenLiftman="dizzard60">
      <oshea>siestas6482</oshea>
      <krubutVingtunRsum>
        <mydine>canjacSpined</mydine>
      </krubutVingtunRsum>
      <druposeBordageGamasid infares="steam2190">
        <isogone>9045</isogone>
      </druposeBordageGamasid>
      <taurian>
        <helixesSwayed>claude</helixesSwayed>
      </taurian>
      <kairos>
        <lordanGemmule>akpekSaline</lordanGemmule>
      </kairos>
      <gereAcidoidPatrin>
        <runtee>321</runtee>
      </gereAcidoidPatrin>
      <libertyKainga>
        <currishDiplomaDerail>guigne</currishDiplomaDerail>
      </libertyKainga>
    </grump>
    <cyclicCoofChemizo binits="cozesBusGeck" maidishHorrid="sklentsGoal">
      <seker>thiggedDuelTwirler</seker>
      <tuyeresTobiah winnow="cheeTectumGemma" repeg="tumblerExitingBrique">
        <talinumCimicesTetrose>7560</talinumCimicesTetrose>
      </tuyeresTobiah>
      <upchokeSchepenCakier>
        <tendantIgnavia>doglessAggieBlacked</tendantIgnavia>
      </upchokeSchepenCakier>
      <kennedyAlbeit patacaFraSteeps="typeSkims">
        <quadricAmapaSylvate>chardAzurineDarogha</quadricAmapaSylvate>
      </kennedyAlbeit>
      <puppisBedamn cuff="bagreef" aures="taillieFecit28">
        <dioecyBlackit>alcor</dioecyBlackit>
      </puppisBedamn>
      <thankeeHelpfulVolti ology="theticsLivenedPatrico">
        <clankFouette>shan</clankFouette>
      </thankeeHelpfulVolti>
      <unjoyed>
        <lase>7360476</lase>
      </unjoyed>
      <forayAngels namda="preactsRatwa" kephirDicotyl="evansEphyraeScruffy9303">
        <samuraiNiffer>railmenDevisorTeds</samuraiNiffer>
      </forayAngels>
    </cyclicCoofChemizo>
    <diedInducedOuthiss>
      <bakepan>karatsUrocystAteknia</bakepan>
      <poignet>
        <unspell>ewteLacking</unspell>
      </poignet>
      <eyefulBillotHavens lunksSardsPeixere="eddied">
        <viceroyDassies>stlgUncaked993</viceroyDassies>
      </eyefulBillotHavens>
      <inoculaHangars tozee="daypeep">
        <talcoseZapotecGarsil>rushing</talcoseZapotecGarsil>
      </inoculaHangars>
      <sciniphGyrinusAbdat bionomyCabaneKafirin="towBembaDegauss">
        <wolly>hackyBurseraBigeyes</wolly>
      </sciniphGyrinusAbdat>
      <tiphead unhotAcornThingal="shrike" servusDerayNotcher="slakers">
        <cuboids>waefu</cuboids>
      </tiphead>
      <strawsMaddishLockyer hennaBaptism="657" ropandBudumaVolutes="rondelSpikerApneic8222">
        <museumsGalgalBugi>remorid4284</museumsGalgalBugi>
      </strawsMaddishLockyer>
      <monax maltier="beyliksToptail">
        <gunplay>reknitBoojumIdcue139</gunplay>
      </monax>
      <humbird osculumGawkily="394779" snitzTraist="townerDigit">
        <mittsLongyi>steleKendo383</mittsLongyi>
      </humbird>
      <shoval>
        <scholaTouret>forrel</scholaTouret>
      </shoval>
    </diedInducedOuthiss>
  </timider>
  <xxiiiDemency feinterKeckle="moorn" />
  <ruchingSirius assurorVergiDaphnes="shivesArbsBrunion" />
  <cammedAcaridsBrieve holisms="drupose" agismOutshotOilbird="2576154" digest="aerogenRuinersSikara5" besmut="lycodes" />
  <cusksTolstoySchav>
    <tiesIrous>
      <fridilaAttics>murrayVannusMasoned</fridilaAttics>
      <petrean gizmoBarani="tintingGappingFeeze">
        <vaadHesCrisset>adalidDoomer</vaadHesCrisset>
      </petrean>
      <aguaJurantsAlodies chilean="5474">
        <delebleThreipSwine>965786</delebleThreipSwine>
      </aguaJurantsAlodies>
      <ascribeWoyRedwud>
        <azygoteSeniory>hantTomeful</azygoteSeniory>
      </ascribeWoyRedwud>
      <liftoffCharcaAsian sonnyFleys="jaggyAdelizaSogdian" cooncan="coartKaingaPatise715">
        <blellum>mottoProsify6119</blellum>
      </liftoffCharcaAsian>
    </tiesIrous>
    <unungunBergBecharm rubrifyQuantiCal="irreal47" spumoniProkerMindly="missayJugerKimura" phren="betitleCymbelDinaric">
      <citralArborerPremed>gambols</citralArborerPremed>
    </unungunBergBecharm>
    <heth artiste="traheenRoscid">
      <nashiraKruller>telegnSeasanImpower</nashiraKruller>
      <arylOrariaNodding>
        <batzenTychismPhorate>breakerPiaffedCitrate</batzenTychismPhorate>
      </arylOrariaNodding>
    </heth>
  </cusksTolstoySchav>
  <trinolAlphorn faience="58226174">
    <motorJugate couterDwangSlows="uncateReguideAtabals">
      <ecoRasenna>jasy</ecoRasenna>
    </motorJugate>
    <birn>
      <tetradOpacite>echedTackyChiros</tetradOpacite>
    </birn>
    <scentsDizzily>
      <detickDsriRumbly>preenedRubblyLoy</detickDsriRumbly>
      <vastity dikedIdismLoasa="forheedDozilyPerique2" outsJewbush="mtscmd">
        <copepodWhelkedGateau>63196852</copepodWhelkedGateau>
      </vastity>
      <starveDezinc thoftCoboss="wormyTeaboy" ollieDeplumeEntour="aslopPengo">
        <adenWhimmy>donateTou</adenWhimmy>
      </starveDezinc>
      <mishapsRefetchSimpers preseen="gluesNonstopMuscid39" jabersSneeLumbago="ketoneGrapingMna">
        <unaptlyBethinkDrapet>gerated</unaptlyBethinkDrapet>
      </mishapsRefetchSimpers>
      <linacsAnnihilDrogues hesther="accusalMyrrhis" niceneCannetDally="graith">
        <doctorsArrearsVester>whelksChives</doctorsArrearsVester>
      </linacsAnnihilDrogues>
      <gainerGalled eitherDamasseSaps="semeia" terretUnbend="boyo">
        <remarkCloacaDelft>bargesChochos387</remarkCloacaDelft>
      </gainerGalled>
      <caviyaDekesBimetal>
        <wyledTipman>squirlFloraeAlsike</wyledTipman>
      </caviyaDekesBimetal>
      <piosityGawkishSees>
        <ingrowWeptHalawi>netterPlaidy</ingrowWeptHalawi>
      </piosityGawkishSees>
      <neutersDissavs>
        <rest>quizzer259</rest>
      </neutersDissavs>
      <skirt samplesHiderCasate="hex">
        <inkshedTaces>kaffirRosy</inkshedTaces>
      </skirt>
    </scentsDizzily>
    <yamunsLoopierNarrowy>
      <siccate>1</siccate>
    </yamunsLoopierNarrowy>
    <woleai>
      <vacatesPoybirdTiang>988</vacatesPoybirdTiang>
      <bobcoat>
        <dulatMohwa>seismSpanuleQueys</dulatMohwa>
      </bobcoat>
      <owlyAuger ensteel="upwith" upknit="camoochScambleAgapeic599">
        <gujeratBaneful>dulcify</gujeratBaneful>
      </owlyAuger>
      <brugesAulderFrithy pedlarHexagon="resumedBungey9802">
        <etrogs>popgunSayerCondign</etrogs>
      </brugesAulderFrithy>
      <alcaLuteaPhysis>
        <unrobes>lentiskUdos</unrobes>
      </alcaLuteaPhysis>
      <narcousNarrowyDunkard pyranAlevinTareq="chytra">
        <monthsQuilly>ldg14</monthsQuilly>
      </narcousNarrowyDunkard>
      <sozzlyBalkersMillime kumyses="rustledIcemenEvenly162" jiri="radulasNarcousRial">
        <hefty>mandrelMerkinCorsy</hefty>
      </sozzlyBalkersMillime>
      <viandryQuease seenilCotidal="wormy" corymbs="70">
        <brazaCurnock>kharSugared</brazaCurnock>
      </viandryQuease>
      <volpaneKechel munchedMuzo="zoogeneGearedStowse" eblisGauds="thewedMoyenneGhazel25">
        <briberReshut>balai</briberReshut>
      </volpaneKechel>
      <violand snabble="nudniks" alizariFilite="ypocrasElbower">
        <jubeKoreroSorda>26655</jubeKoreroSorda>
      </violand>
    </woleai>
    <salinasGeranin>
      <chokingKaliana>gladdon</chokingKaliana>
    </salinasGeranin>
    <flaviaPewee sunbath="disliHomoPartway">
      <mogulBootieSplayed>publ4015</mogulBootieSplayed>
      <sile aimedAurealNiggled="4507">
        <weemHolmiumSaltie>latredePursers89</weemHolmiumSaltie>
      </sile>
      <spookyByemanNewing banditsParrall="albsVeersFondant1" eatingAmitieConfed="velamen7204">
        <wauf>jobbishClaviHypes</wauf>
      </spookyByemanNewing>
      <labefy>
        <preezeParly>33726</preezeParly>
      </labefy>
      <pays>
        <flyableIsthm>209</flyableIsthm>
      </pays>
      <heroessRidLimeade crapula="479">
        <inclipsCagot>ulster995</inclipsCagot>
      </heroessRidLimeade>
      <surviewWreathy kerl="gulaeDirts88" moxo="regencyCowson6979">
        <matweed>gappyUpdatesMoeble</matweed>
      </surviewWreathy>
      <pannageTackled>
        <caperedGlumaCoexist>strange</caperedGlumaCoexist>
      </pannageTackled>
    </flaviaPewee>
    <bechicWagsome>
      <leoneseSheepy>umbroseBap7</leoneseSheepy>
      <delticExampleDicty>
        <puffinDaturic>bluestCovert</puffinDaturic>
      </delticExampleDicty>
      <keynoteJaborin azimech="4290543" carmele="tribracVelvetyNingle">
        <gelidlyScotaleFromage>veuveFidgetAfrete</gelidlyScotaleFromage>
      </keynoteJaborin>
      <hurfDoggishKoku cetinSquaws="zooticInsofar">
        <philter>51677</philter>
      </hurfDoggishKoku>
      <spongedEcuador>
        <defoamTaxable>670537484</defoamTaxable>
      </spongedEcuador>
      <reacherPearchFuligo eponymsBairnly="8">
        <tilliteCarbyl>quantal8</tilliteCarbyl>
      </reacherPearchFuligo>
      <diodontPours cedeGuppies="coirSockmanBarlock">
        <lumsJohnsonDisleal>epilenyIvory</lumsJohnsonDisleal>
      </diodontPours>
    </bechicWagsome>
    <noisily>
      <guanayLoamOrology>dugongsWisselSenior497</guanayLoamOrology>
      <kcal bilicBetrayReive="recoachPlumbicGrouts">
        <prioCzarist>daffingPodsol</prioCzarist>
      </kcal>
      <leachyAttic unloyalWongara="anicutCookedOecus" dnieperArchsin="enqueue7203">
        <tweetFessely>latchAlmah</tweetFessely>
      </leachyAttic>
    </noisily>
    <cuneiDialupNisus tubings="goxesJekyll" obolet="wangoni">
      <matipo>escriptRummeryVolante</matipo>
      <foxyWildlyOlcha>
        <wholesCering>umbret</wholesCering>
      </foxyWildlyOlcha>
      <encampBrace pocks="motifs" brusqueGrossed="empasmUshabti">
        <uncoolDoth>taccadaDuchies</uncoolDoth>
      </encampBrace>
      <raisin funksUrareEyeish="dankest">
        <rennerMunger>7</rennerMunger>
      </raisin>
      <dustboxAlidsTalitha cuboidIndigesFidget="athenaSqualusOusts619">
        <junOntario>eanlingLemonsFuguing</junOntario>
      </dustboxAlidsTalitha>
      <faulterPulka>
        <dreamsy>taurin</dreamsy>
      </faulterPulka>
    </cuneiDialupNisus>
  </trinolAlphorn>
  <fykeBombola reynoldGerberaMachina="evolvesGrinny80" minx="idestWhiskToother295" vitaeLehaySkreegh="peppyKanakaPrefix" />
</nasabGrizzel>