<?xml version="1.0"?>
<pollanFontReflown>
  <oarsmanBlarny>
    <engreenYedding>
      <grinderToguesEbraick>clompedSpitkid</grinderToguesEbraick>
    </engreenYedding>
    <lucknowDatosLehayim querns="pastime">
      <passataZuleika>urogramPoutyTyphon</passataZuleika>
      <mettle manegeStooperPingers="yttricAjog">
        <chinky>leavierVulcanAbacli1581</chinky>
      </mettle>
      <variate ravelly="94" faitery="killoch">
        <resinedWhapukaCaburn>1</resinedWhapukaCaburn>
      </variate>
    </lucknowDatosLehayim>
  </oarsmanBlarny>
  <telembi fraisedNaggingSimulty="12" densate="shotgunToucherDrays">
    <bumpsyAnalogy picquetAlbert="triace5192" mauvesRags="cabuyaFakesConches">
      <iserine>emplore</iserine>
    </bumpsyAnalogy>
    <ravagedMomentTigelle tewhitSolely="katsBewendCocher7430" frascoGaolage="kadu">
      <cabblerClachsUnlumpy>310855</cabblerClachsUnlumpy>
      <batakan iacchos="shoransEdictsSprucy" beshodTithers="yaplyFtncmdGrits">
        <crappy>vetches</crappy>
      </batakan>
      <bigrootStremma keffel="237246360">
        <healedVidkidHagride>806604</healedVidkidHagride>
      </bigrootStremma>
      <codex>
        <pekanPelean>22120924</pekanPelean>
      </codex>
      <phobiesBankers>
        <sahras>destuffDefoil</sahras>
      </phobiesBankers>
      <pottageShutsRebore airling="actionWeening" subnode="wallochHyppedPoddia">
        <psycter>turcizeBaldricWoolled9</psycter>
      </pottageShutsRebore>
      <ebbetsHewable>
        <baldish>moil</baldish>
      </ebbetsHewable>
      <reanvilWyledBreasts wissedOlent="aequianDingly">
        <hasslesMinimum>arnattaRakingCarida</hasslesMinimum>
      </reanvilWyledBreasts>
      <sheikhs cauteryAlloseGriph="irvin">
        <brazasCowier>pyxieMantles83</brazasCowier>
      </sheikhs>
    </ravagedMomentTigelle>
    <ops subsidy="ciliceGitTahina">
      <eloinerBarrierEmbed>91426639</eloinerBarrierEmbed>
    </ops>
    <bewhiteGaloshe>
      <medico>vivaRwyOuph</medico>
      <suppingPresaid>
        <divetMugget>gentles</divetMugget>
      </suppingPresaid>
      <helped gayyou="577556">
        <festineMoonish>mulsify</festineMoonish>
      </helped>
      <cuestasThawnLontar>
        <encharm>pachisiLamus</encharm>
      </cuestasThawnLontar>
      <stagese>
        <unspeed>traderBriners</unspeed>
      </stagese>
      <slotmanAnim>
        <forbChasmic>9961</forbChasmic>
      </slotmanAnim>
      <houndyBesoms>
        <heavier>waffled</heavier>
      </houndyBesoms>
      <kalmuckSloka fencersCyders="diminKelters">
        <rhesisDocileLammas>gaylies</rhesisDocileLammas>
      </kalmuckSloka>
      <talcherSerule noblifyPlaguerSquids="peptidsVaryingCestas">
        <biga>towner</biga>
      </talcherSerule>
      <wholeMortaryStun plottMuricid="otocyon58">
        <sapbushSlipes>curedMyxo228</sapbushSlipes>
      </wholeMortaryStun>
    </bewhiteGaloshe>
  </telembi>
  <proemWishmay ultimasBismarkMitrer="indolylPrepaveGalyac2">
    <simuleNotify benzolsLiger="britany">
      <tesackHells>trowie</tesackHells>
    </simuleNotify>
    <fjordReplies>
      <aitBergama>bakshisNevadaOsmetic</aitBergama>
      <thrillsShopperCavorts>
        <fizzes>creoleMyelins</fizzes>
      </thrillsShopperCavorts>
      <crinateCadishChained>
        <epactalBittock>fabian57</epactalBittock>
      </crinateCadishChained>
      <dishelm talus="bonuses" chalqueStarn="93">
        <rettedCarmela>3411716</rettedCarmela>
      </dishelm>
      <brusklyRaspy excusalWirier="redyeIsotac" songletPinbush="wankBersim">
        <unsellDrablyBurmite>disbar</unsellDrablyBurmite>
      </brusklyRaspy>
      <aurylMoline>
        <barEuchite>wizier</barEuchite>
      </aurylMoline>
      <sedgedPadreFusulas chappedAtwainBingy="215046665" clothsBelveHockers="scabineAmaine">
        <adjuteProrsa>inknitPaper</adjuteProrsa>
      </sedgedPadreFusulas>
    </fjordReplies>
    <dilluerPaviesLabroid dupedomDrysne="gainorCampit" pinning="99" kokilaBlattidNea="niobiumOverbitIllumed">
      <fright>faraonTallate</fright>
      <sprayScyld ywis="mailbag" caveCuracy="qedLimoid">
        <axillasIdolousOshea>bowableDyphone</axillasIdolousOshea>
      </sprayScyld>
      <annexedKickupMozo>
        <famefulServers>trollol</famefulServers>
      </annexedKickupMozo>
      <tapedErikaBenign>
        <noveltyUswards>veiledCoctionWloka5</noveltyUswards>
      </tapedErikaBenign>
      <dryfarmDartmanTenno>
        <nugae>bolidesMyosins</nugae>
      </dryfarmDartmanTenno>
      <runnionWantageRabin outraceJumblesUsant="mined">
        <styles>flear5688</styles>
      </runnionWantageRabin>
      <sphenicTrullerTissued>
        <askosMegaaraVenus>aboralSockets</askosMegaaraVenus>
      </sphenicTrullerTissued>
      <hiren>
        <gretelLanesConcn>streekSending</gretelLanesConcn>
      </hiren>
      <feebleBeachRelying>
        <nevoidAshcake>cgmRentalsNiog</nevoidAshcake>
      </feebleBeachRelying>
      <agamaeAnnexa milch="foibleTortesManet" rectiMidmainHenotic="readl">
        <boosterDauwBarwing>provost</boosterDauwBarwing>
      </agamaeAnnexa>
    </dilluerPaviesLabroid>
    <drawoffNael>
      <fuskTroper>rozumDruffen</fuskTroper>
    </drawoffNael>
    <islamMargie demigodTensile="pagods">
      <penide>642256942</penide>
    </islamMargie>
    <cantionTesseraCornin>
      <nikeGanefSnackle>feturePterisMandaic</nikeGanefSnackle>
    </cantionTesseraCornin>
    <krimmer visualAltars="mooch" eluents="23142" brahmanUramino="saharaTatooPensee">
      <aretteCaufleLitu>moabiteTemene</aretteCaufleLitu>
    </krimmer>
    <topeeJapan>
      <stonkerAwl>48</stonkerAwl>
    </topeeJapan>
    <matzahsCymelet>
      <estonia>tracheaTimne</estonia>
    </matzahsCymelet>
    <wetnessEdwardsVelites maviesXerarch="211164092" mambaBrawnSoliton="resuit568">
      <culliesEyelikeFacebow>gashing</culliesEyelikeFacebow>
    </wetnessEdwardsVelites>
    <hogherd>
      <nibblesPlanful>rameshBogwortYawweed</nibblesPlanful>
      <crambus>
        <curstly>arcellaSaddhus38</curstly>
      </crambus>
      <exscindNigglerLithite molterMootch="enceliaDivideThight">
        <paucifyLakatan>115497685</paucifyLakatan>
      </exscindNigglerLithite>
      <wealsBewiredCalool chekker="kantelaElevatoChiefty">
        <lightyLuckly>entrapsLunched</lightyLuckly>
      </wealsBewiredCalool>
    </hogherd>
  </proemWishmay>
  <rebawlHellers hampersSired="1200034" marfireSkeily="88" />
  <gormaw spouterDeraySunweed="8685158">
    <otitisOsteal>
      <dolphBroon>292020697</dolphBroon>
      <tineanBackway lygusSchoHoloku="791" weaverTriformCollege="19195">
        <valleyRevenge>5036472</valleyRevenge>
      </tineanBackway>
      <twainsSolfgeHeadful>
        <abacaySavvySpruik>tollentBolTrues</abacaySavvySpruik>
      </twainsSolfgeHeadful>
      <creasotCannach tagalFoisonOttetto="terenceRauliCulti">
        <conicAuanticMadonna>dirCodmanSnaste7224</conicAuanticMadonna>
      </creasotCannach>
      <repel fierily="498405">
        <layeryRekeyedTzaddik>haloLallsKore8</layeryRekeyedTzaddik>
      </repel>
      <paroch gawsySheaveSeis="9014">
        <collPresesFishy>magpiesDouseAsteria</collPresesFishy>
      </paroch>
      <cubics floorerPegasidProvers="caurus" sivanDuffyUncalm="washmanBespeakHaum3">
        <pallaPutoff>onside</pallaPutoff>
      </cubics>
      <ilotInborn>
        <soutane>akalaReplier</soutane>
      </ilotInborn>
      <mumjuma>
        <pacuLupousTitania>dockenMerises</pacuLupousTitania>
      </mumjuma>
    </otitisOsteal>
    <gliss>
      <pterionSourSprayey>sheetedNestledTrapeze</pterionSourSprayey>
    </gliss>
    <uncrownOweniaMatha nabalusPanpipe="osmanliOverlaxMoosey39" pattaElonGes="riotistViveurMarchen" fusionsHersedWides="60559460">
      <praxesSerehSturty>4042589</praxesSerehSturty>
    </uncrownOweniaMatha>
    <corkedTurdGargle oafdomRoils="shottSnoolsBrunt783">
      <sambucaPsaltry>passkeyBuggerShears</sambucaPsaltry>
      <sumak>
        <gaistBollingWarine>justedDhoulBrainer</gaistBollingWarine>
      </sumak>
      <taliageHempier>
        <aerariaGarron>eclatTurban</aerariaGarron>
      </taliageHempier>
      <yamelMetumpCatkin borideRandSolar="alfirk" fettedCentre="pdlMycoid">
        <corosifRumbHavens>otidesDamasseBlore5</corosifRumbHavens>
      </yamelMetumpCatkin>
      <tissues>
        <poignetTrop>gagee</poignetTrop>
      </tissues>
      <rabbetsWansith yoker="semarum">
        <amateurAnagoge>quiltsToiles</amateurAnagoge>
      </rabbetsWansith>
    </corkedTurdGargle>
    <orellinTrudgesSoar>
      <stoofLipoidsHagdons>2</stoofLipoidsHagdons>
    </orellinTrudgesSoar>
    <kahalaLeds teneralShipponLynxes="upcrawlWhalers" creolinZiganAmbigu="astoneDain">
      <septsEmeu>slidingJudged</septsEmeu>
      <gullingPushingCoirs>
        <donatio>inhibitExcusesKindle</donatio>
      </gullingPushingCoirs>
      <xeronicAdactylMarko>
        <plater>1273</plater>
      </xeronicAdactylMarko>
      <stickumOvigerm>
        <benorth>visayaJilter17</benorth>
      </stickumOvigerm>
    </kahalaLeds>
  </gormaw>
  <riveled fogyYasnaSunnas="sorbs" wontonsDike="567963120" vrouwPnxt="cuttoeMosso" calabarPullus="628823" />
  <burnet martiusEmbargeRodlike="unamplyMolgulaDotardy" aheadAppulse="ranty48" />
</pollanFontReflown>