<?xml version="1.0"?>
<saidi>
  <iceboatYean twofoldPreppie="calked" calesaTuskersPpa="2082074" />
  <wagPillorySorbite />
  <arsonicFrapler hightop="95452004" floccusManlilyTsunami="betweenSenam" />
  <subband />
  <calming />
  <ggr evacueePabouch="recopyAlvus" />
  <brieWendellDepeche>
    <vamose dumbest="92465337">
      <frisado>3403</frisado>
    </vamose>
    <bewareAlkoxy>
      <tomcodsCrappie>inctri7</tomcodsCrappie>
    </bewareAlkoxy>
    <anisoinTyned baser="7108" karandaTaryba="unhoard">
      <subcoolAptote>biggishRegiaChuffy</subcoolAptote>
    </anisoinTyned>
    <resing>
      <evadne>fneseYagi</evadne>
    </resing>
    <grave jangledBrod="loquatSwough" rewingOutbulk="stomataWabber733">
      <puller>flatheCotinusCharmer</puller>
    </grave>
    <imbiberGattine>
      <chiefMuletaGoatpox>casavi</chiefMuletaGoatpox>
      <bebaronBootedAerily>
        <suckerFlexion>idlingCapette</suckerFlexion>
      </bebaronBootedAerily>
    </imbiberGattine>
  </brieWendellDepeche>
  <beaufinObelismKatmon trammon="belows">
    <celtsVerineManred>
      <goma>unstillFroise</goma>
    </celtsVerineManred>
    <tuft>
      <retotalHarassAsa>portalBourd</retotalHarassAsa>
    </tuft>
    <tinfulQuantalGies pugareeHaggada="343">
      <heiressYouthes>terpen</heiressYouthes>
      <xema>
        <dewoolMespilPeppery>56</dewoolMespilPeppery>
      </xema>
      <ambage faenaSkat="sudorsManchetFarrand" pompierBowlin="linnetAgeism227">
        <everichTangentLithite>externeAmiSawing</everichTangentLithite>
      </ambage>
      <ruff>
        <indure>libral</indure>
      </ruff>
      <fhrerSuption pukyPilousGorcock="geminidTressesShoes" pleaNonagesTunas="ketimid5">
        <unwhole>seasonsKouBarundi</unwhole>
      </fhrerSuption>
      <bhava>
        <lousesAulaeRumex>queliteDrusy</lousesAulaeRumex>
      </bhava>
      <glebe>
        <bullomGloamsMarais>madrono</bullomGloamsMarais>
      </glebe>
      <corvedCarbene seniti="usninRiblets">
        <cornadaUme>15611517</cornadaUme>
      </corvedCarbene>
      <dannockMaharaj liardsSouagga="mmfLowwoodHutcher" across="prismedBrechamSicker">
        <bonzesAmylumsAulae>13543126</bonzesAmylumsAulae>
      </dannockMaharaj>
      <vinos>
        <carfulsWides>surety</carfulsWides>
      </vinos>
    </tinfulQuantalGies>
    <desmansMesstinSomitic>
      <oenolin>ghastly</oenolin>
    </desmansMesstinSomitic>
    <comlUlans>
      <bleauntLiebigBuzane>aquoStonifyWorsen1</bleauntLiebigBuzane>
      <bugshaVatUnplugs>
        <hiplike>taphole</hiplike>
      </bugshaVatUnplugs>
    </comlUlans>
    <flaconsNichilAlation stokersSorraEthenyl="90157">
      <presetsDeleterSpickle>3677</presetsDeleterSpickle>
      <leadethIndoxyl sophicRaftman="weanoc" diarianBinmen="bowtel7793">
        <skivingHerboseParures>thrum</skivingHerboseParures>
      </leadethIndoxyl>
      <kumniTurkismHipbone coropoProposeSennite="sibyl">
        <servantKeranaTrovers>amazingSacring</servantKeranaTrovers>
      </kumniTurkismHipbone>
      <vaw acre="basketsTenue">
        <heavier>catalinDoxa</heavier>
      </vaw>
      <shendHyposCopings>
        <respray>8</respray>
      </shendHyposCopings>
      <sunstay lambes="10584575" mayvinKore="elverMuterTetric">
        <reprHogged>brainy</reprHogged>
      </sunstay>
    </flaconsNichilAlation>
  </beaufinObelismKatmon>
</saidi>