<?xml version="1.0"?>
<weighedAetherVerger>
  <benjySgad varkas="unangryDungas">
    <dreksApproveJabs>
      <diggedStorageTootsy>steps</diggedStorageTootsy>
      <ripen>
        <banjorePreboil>bailer</banjorePreboil>
      </ripen>
      <pondletPythios muzoonaPuttees="retireeFplot" hurri="bizetUayebLobelet">
        <nuragheInfeed>vaurien</nuragheInfeed>
      </pondletPythios>
      <uphandFaraday roose="cayuses2637">
        <meaCaviyaFormy>migaleTrystedAcyloxy</meaCaviyaFormy>
      </uphandFaraday>
      <akasha testingUpgrows="aniseed">
        <pochadeLoathes>chobdarCoiler</pochadeLoathes>
      </akasha>
      <tenablyStogeysArretez menacerHirmos="derrireAbjure2" sluiceOutagesPirn="62">
        <mowhaKinlessHubbly>popcornGyrates</mowhaKinlessHubbly>
      </tenablyStogeysArretez>
    </dreksApproveJabs>
  </benjySgad>
  <islamicJaburanTurpid meltage="cowbyreBesmutsErses" ketches="76638" avgMalik="calmedDvigu" birgandWagererKochab="asteepBrazilsSchmoos79">
    <spondil>
      <machzorFurud>aouads</machzorFurud>
      <huminBearessCoapts>
        <maybushNerkaFart>tawgiShimmyIsopods</maybushNerkaFart>
      </huminBearessCoapts>
      <cruxCostingWinare estable="harmalaLampflyWiste70" whops="glycinsDumbyIbsenic">
        <repour>631530</repour>
      </cruxCostingWinare>
      <mijlTodusOughts>
        <mawkinKnab>wytedGrataToadier</mawkinKnab>
      </mijlTodusOughts>
      <sspTungatePye ramalBiliaryRookier="431786747" wiyot="799392">
        <revivor>acantha</revivor>
      </sspTungatePye>
      <nabothCuthealAequi>
        <solent>showingNobberSnaw89</solent>
      </nabothCuthealAequi>
      <intoedBatussiSlimsy>
        <ancor>rescued</ancor>
      </intoedBatussiSlimsy>
      <renin tattiedNantz="alanginHerdic">
        <hel>95</hel>
      </renin>
      <bocFresser samadhi="giddify" pawneeUntimid="776">
        <drifterChakraAngels>homelet</drifterChakraAngels>
      </bocFresser>
    </spondil>
    <gangwayHerling>
      <enolase>gpmLintelsGully</enolase>
      <loxesDarers rejoneo="peeped" diegoPistrixAccoll="balladTsuresOutcook">
        <tangieAsarone>susBistort</tangieAsarone>
      </loxesDarers>
      <biddieSeirenChoup sleyedSander="henryBktDisemic" teresaMaddled="upbuoy">
        <enatant>waredIdrisid</enatant>
      </biddieSeirenChoup>
      <sigmoidNoisingMyalgia comped="platicUnmeetSunni" belat="73123978">
        <dessousUnclesCal>chawers</dessousUnclesCal>
      </sigmoidNoisingMyalgia>
      <operonMenisciPalgat cellarPaussidArioso="10934817" gule="corsiteSeastarThermal">
        <masterManakin>46667</masterManakin>
      </operonMenisciPalgat>
      <stewingCatchieCrunchy oilcoatYaguas="palolosEnfin">
        <enjelly>acoupeIndrawn</enjelly>
      </stewingCatchieCrunchy>
      <ovoidFernierAltesse>
        <priamMarking>tanzy</priamMarking>
      </ovoidFernierAltesse>
      <rutterChuppah zokorDashing="wansithDeiced">
        <cremor>vanillaThanesCruelly748</cremor>
      </rutterChuppah>
      <jujubeCookingBrent>
        <waggles>asset</waggles>
      </jujubeCookingBrent>
    </gangwayHerling>
  </islamicJaburanTurpid>
  <camis bulbusSmallerBerme="785786172">
    <ablerRedheadDowns>
      <skywardOchrea>petwood5</skywardOchrea>
      <relabelHuggers unitude="alang">
        <bopyridHicoriaMeeds>piecersJerseysLoment</bopyridHicoriaMeeds>
      </relabelHuggers>
    </ablerRedheadDowns>
    <mainlyTiara>
      <jedcockCoxesMilkmen>unona7</jedcockCoxesMilkmen>
      <blinds>
        <unwoven>huchen</unwoven>
      </blinds>
      <retailTsungtuAchate>
        <foxing>dispend</foxing>
      </retailTsungtuAchate>
    </mainlyTiara>
    <furmetyShakersSierras oneiric="overhieSiredonGurges" whisperTorseLivedo="radian169">
      <hasidFilches>216608</hasidFilches>
    </furmetyShakersSierras>
    <puxy>
      <crcEmoveMutant>lashed</crcEmoveMutant>
    </puxy>
    <balitiManchuNerine>
      <alopeke>erosesHypothTilpah</alopeke>
      <hoc>
        <maholi>dolisie</maholi>
      </hoc>
      <zakahScottie inducesBanqueHeadsaw="nullahsGudok">
        <awolCamenesAnanias>1925415</awolCamenesAnanias>
      </zakahScottie>
    </balitiManchuNerine>
  </camis>
</weighedAetherVerger>