<?xml version="1.0"?>
<regildsAbluentWhimsey>
  <purist burnetsHeptadsAkpek="supplyAldamin" />
  <teethesOgoniumDaisy />
  <conteTwangyAlbe />
  <cumblyEuda phrenOverageMikes="harveyTautaugDick" inlaysHeresy="30060058" tissued="8081501" />
  <balolo cowyardAviate="levantsLadderYodlers" />
  <hogni implate="outlastAntitaxSubsets" chittyBaguioCrizzel="nosedSioux174" tenner="doubtMikronFittier">
    <wispishAlcaaba>
      <hoo>stanine6254</hoo>
      <heistRibbon>
        <talonsEttle>ostyakSlub8</talonsEttle>
      </heistRibbon>
    </wispishAlcaaba>
    <warpPoilusShirker>
      <featest>floccus</featest>
      <reptRosing>
        <batcher>trothsTecali</batcher>
      </reptRosing>
      <knicker synoecyLammas="gauster9">
        <sodiumChrotta>felledWanyoroOfflet764</sodiumChrotta>
      </knicker>
      <quinoneDeductDadayag jamboy="digraphHoydens" sharnTwicerCaconym="bilkers">
        <foldoutTombakLvalues>ningpo</foldoutTombakLvalues>
      </quinoneDeductDadayag>
      <uncinchMendiUnden baluWisesDramm="beth">
        <chukchiTandyClasper>sleepry</chukchiTandyClasper>
      </uncinchMendiUnden>
      <kente>
        <picryl>95302935</picryl>
      </kente>
      <sicyosSperpleUptide dot="undonCrafty">
        <mawkishDrysne>inmeatMayhaps</mawkishDrysne>
      </sicyosSperpleUptide>
      <briming iotasStubb="byrnie">
        <louterSoultreRenvois>tinkle</louterSoultreRenvois>
      </briming>
      <boomerSeize baskets="dejaMitringPoulard">
        <candide>unhale</candide>
      </boomerSeize>
      <moulted>
        <redreamShansaJad>dorpersWenchow</redreamShansaJad>
      </moulted>
    </warpPoilusShirker>
    <algalia>
      <chollaMahi>waspierToelike</chollaMahi>
      <isuretMazdean compote="4660" tolowaLehayim="fustierStibiumToluene">
        <piolets>bleymesSeptole</piolets>
      </isuretMazdean>
      <fullfilRekhti>
        <carvelsScurfs>bravery6</carvelsScurfs>
      </fullfilRekhti>
      <inhumedWatapePriapic blueKhojah="poppelFeudist">
        <rediaeThyroldUnaloud>487650721</rediaeThyroldUnaloud>
      </inhumedWatapePriapic>
      <hrsYadimBurian rhoecusDancing="daimonsKnowers" lee="ironing">
        <sleeks>boloney</sleeks>
      </hrsYadimBurian>
      <civismCycloid>
        <lawyersArnica>3</lawyersArnica>
      </civismCycloid>
      <kidsmanHerding>
        <taharahPayongNobut>rustlySinked</taharahPayongNobut>
      </kidsmanHerding>
      <jatniDistad hatBoglandPertish="lamsterEplot">
        <tharmDiscedChinkle>phoca</tharmDiscedChinkle>
      </jatniDistad>
      <kolkkaBirdeenBanagos perlite="bosom">
        <talonsStraked>firetopNisanTarged</talonsStraked>
      </kolkkaBirdeenBanagos>
    </algalia>
    <acerli>
      <retuse>lunated</retuse>
    </acerli>
    <aclinicTaulia candidaPacers="99607" aurochHogtonSnatchy="335585654" wrixleCharesBeleave="coleyTunuUnhoned">
      <shickerZadruga>tabandStretch</shickerZadruga>
      <exalteAsnortHemopod medidii="tushs" foldingRequire="kremsBuddle">
        <clat>chopins</clat>
      </exalteAsnortHemopod>
      <artsChoricFriarly kitenge="orfLocust" embarOstracaNickie="alkydsEpikiaAbators">
        <page>hobbyEncagesHilling345</page>
      </artsChoricFriarly>
      <ancha>
        <bustier>armedCircledWulk</bustier>
      </ancha>
      <deadsRuchbah>
        <faciataKemple>49</faciataKemple>
      </deadsRuchbah>
    </aclinicTaulia>
    <lulavZonerCasave>
      <reexpelAinuAdoors>whareer</reexpelAinuAdoors>
    </lulavZonerCasave>
  </hogni>
  <daryaLaziest fixable="knolly">
    <oxfordKoshaSweeten>
      <bromite>venuleCrappedWinklot8627</bromite>
      <inklingDeclive>
        <butynCunningBludge>embosk</butynCunningBludge>
      </inklingDeclive>
      <pulesNeozoicMutules>
        <justify>711</justify>
      </pulesNeozoicMutules>
      <unrovenGarnetOtidae>
        <unprime>puri</unprime>
      </unrovenGarnetOtidae>
      <perched sart="beshearKoftgarBeemen">
        <vellonFlatmen>oviparaTeioidCabbies</vellonFlatmen>
      </perched>
      <woneJingles nutlike="mislaysPickZaniah">
        <blatantFulmars>pimping1796</blatantFulmars>
      </woneJingles>
      <majagga goldarnHithe="radio">
        <kalifsRecall>courlanCollege</kalifsRecall>
      </majagga>
      <cedersHullos caesiumGondiOverlie="hejirasSlinte" mastiffSparus="loinUppent">
        <prelimsAdurentYojan>plowed</prelimsAdurentYojan>
      </cedersHullos>
      <ibidine>
        <bajadaSpl>florounNobblerFario</bajadaSpl>
      </ibidine>
      <chintDildo adjutorPentaceChantey="9">
        <limoid>olfactyAvenary</limoid>
      </chintDildo>
    </oxfordKoshaSweeten>
    <tompionChint>
      <hornada>awns</hornada>
    </tompionChint>
    <humphTwinersScypphi>
      <naioMooseyJorge>eparch</naioMooseyJorge>
      <muzo browny="804223" comm="learnRabbiChomper">
        <reserveFides>mudroomJakos</reserveFides>
      </muzo>
      <pelites>
        <doglegFreeing>scrine1216</doglegFreeing>
      </pelites>
      <dgagSigneur parrahProbingCotyla="biniouDalethsWhimsey">
        <cultistKachinAxite>velout2736</cultistKachinAxite>
      </dgagSigneur>
      <pedaled warisonLyraidChegoe="cantletBoxbushPangen">
        <awnyPeriqueRiffs>rotuladVila</awnyPeriqueRiffs>
      </pedaled>
      <miteEspada>
        <talipat>peroses</talipat>
      </miteEspada>
    </humphTwinersScypphi>
    <raxingMasa defocusPostingDotards="spitted" notusKinglyGlans="304">
      <deiform>cocas</deiform>
      <trottyZoopsia>
        <games>riffle</games>
      </trottyZoopsia>
      <oshac unkeyedApprize="archfoePrabbleEquites5">
        <jaguaFreshlyFusibly>273</jaguaFreshlyFusibly>
      </oshac>
    </raxingMasa>
  </daryaLaziest>
</regildsAbluentWhimsey>