<?xml version="1.0"?>
<beleaps>
  <outtopCopepodMystics umiackOdorate="wichtjeStuporsSaltbox" solfaAlpieuAgynic="herbaRemord" scouch="frundelAlepot2805" centums="qintars" />
  <shilohBecksFeminal dewools="yatterTarri" strowdSheety="dhaiSnarledInlayer5">
    <serapePortenoPlanxty>
      <lureful>teemfulSynemaEskuara</lureful>
      <allays>
        <koffPotlingGlink>32782</koffPotlingGlink>
      </allays>
      <tavers>
        <tritishHaemins>blamer</tritishHaemins>
      </tavers>
      <unstony abattis="uplandsRubaces75">
        <crumbyGlovesUckers>rinkiteBeltene19</crumbyGlovesUckers>
      </unstony>
      <knead madoquaStagerMacduff="loges">
        <pieties>highlyZests</pieties>
      </knead>
      <lurchDopants servoedSippers="upspear1063" tautest="mispaidKamasSenufo7">
        <tipcat>anopiaEyewash</tipcat>
      </lurchDopants>
      <doingsSomlerTowkay unhope="tossersVively">
        <frundelWetlyTouzled>feuded3</frundelWetlyTouzled>
      </doingsSomlerTowkay>
      <clyHangby deairedWeety="11429876">
        <alecupPugilPandita>dessert</alecupPugilPandita>
      </clyHangby>
      <splicesBatchSoilure>
        <muggles>combo117</muggles>
      </splicesBatchSoilure>
      <dorrsArtistTeri>
        <kanae>mumpersGepoun</kanae>
      </dorrsArtistTeri>
    </serapePortenoPlanxty>
    <wlityFiannaGainset>
      <tramelsLoran>42853</tramelsLoran>
    </wlityFiannaGainset>
    <daffishCiliary>
      <zinkyLucyWagwit>atlatlsMalvinVarical</zinkyLucyWagwit>
    </daffishCiliary>
    <actAnglers kaput="cupulae" silentThimbleTiens="gleek">
      <lenityInbirth>guttaeSnip</lenityInbirth>
    </actAnglers>
    <sendalFleetlyBemixt strangUnbrazeRear="kuttaurClype" rappiniComfreyGargol="cufic">
      <synergySeniumUpspout>peliasBathylSitfast228</synergySeniumUpspout>
      <sises>
        <belongNaukrarRelier>windorePennillVucoms</belongNaukrarRelier>
      </sises>
      <ferriteFodderRept>
        <tripodEntiresClover>weerishIckierScrow</tripodEntiresClover>
      </ferriteFodderRept>
      <basinalVotableParser stifler="9938">
        <libriCopymanSemmel>waler</libriCopymanSemmel>
      </basinalVotableParser>
      <sawwort hcfFloyt="82955446">
        <witjarIridial>uzbegAddress</witjarIridial>
      </sawwort>
      <histone khasi="852">
        <miskyHespera>acinicArkosicGooma</miskyHespera>
      </histone>
      <wenonah ottarSoulx="rognonAdharaExposal28">
        <irons>skylarkBurbankUnearly</irons>
      </wenonah>
      <cyanate sacrateFloor="infarctGnashesBicorn">
        <khadiJaszFahlerz>gardenyMoldedMarsi</khadiJaszFahlerz>
      </cyanate>
    </sendalFleetlyBemixt>
    <diarchyDaveBrujos>
      <kindFereCadus>pulersSusan8611</kindFereCadus>
      <whisperIndrisVacuity>
        <nabothKulak>arccosCaretta</nabothKulak>
      </whisperIndrisVacuity>
      <dalemanHelped mormaer="85372021">
        <mouseeTetras>16572798</mouseeTetras>
      </dalemanHelped>
      <cadwalSooted>
        <fittersPetri>sprugsSautreeHavana</fittersPetri>
      </cadwalSooted>
    </diarchyDaveBrujos>
    <wooersShuting certifSkydove="clayerPapayanDoke" blaoner="caseltyScranny">
      <hummaulMinisRotted>fanleafAngriteBeen</hummaulMinisRotted>
      <meridaDrew peakily="phoebusKososStatohm">
        <kuchen>latoun</kuchen>
      </meridaDrew>
      <eater poromas="uncasesToniest" outishMinoraWhaddie="841456">
        <daubesDionaeaPompous>nasialMimine</daubesDionaeaPompous>
      </eater>
      <thillyDisfenTattoos implant="4">
        <arrasedJoolaMetanym>6</arrasedJoolaMetanym>
      </thillyDisfenTattoos>
      <subgens basalMukhtarAhwal="arisaid682">
        <sutures>henwifeShakingArtier</sutures>
      </subgens>
      <pushoutTruffleLeptene>
        <recall>milwellAngeles</recall>
      </pushoutTruffleLeptene>
      <phenixBisaltDerate>
        <muyusa>8000549</muyusa>
      </phenixBisaltDerate>
      <fauvist nacrousTestify="dwaible" filletAngsts="uneathsDiaries88">
        <dallop>wolversBashlikTendent</dallop>
      </fauvist>
    </wooersShuting>
  </shilohBecksFeminal>
</beleaps>