<?xml version="1.0"?>
<cabritQuinyieYoop>
  <tummelChabuksIsomera spelunkRabiticFitchew="ningpoAblateHeii" collude="acridid" tajMolarNorah="26049741" slurryMuktiPook="talcsFeelsHoovey" />
  <aldeiaKeyword nounsCocherDanced="8718848" duntingRoryBabist="ataxite" />
  <flathe canetteTopatoBushing="unvoteTomatoBesoul" alohasBehight="whareer" />
  <wooler />
  <tigrisBoozed gloggsGemman="facingJueces570">
    <russine>
      <santonObiaFagoter>sprightCanabaPelota</santonObiaFagoter>
    </russine>
  </tigrisBoozed>
  <attalea tepidAkoPah="4736" sacculeVirason="dermaWoadman8" />
  <pearterEpigone />
  <onesSubanal aminate="snappeTrilite">
    <ridger>
      <jurispDebarkKeester>33</jurispDebarkKeester>
      <mfrPowitch>
        <quizzeeTaupo>bunSubrentBenshi</quizzeeTaupo>
      </mfrPowitch>
      <chapedHeily baddyMullarSheave="zohak">
        <aulaNags>dagoHikesMorone</aulaNags>
      </chapedHeily>
      <driverSouths verdetPersons="podzolThalianSneap" ganefWacoTonguey="jibbs">
        <cledgeInuring>awhapeMorgana</cledgeInuring>
      </driverSouths>
      <sleyingLingier virginSettee="ramrodBoodieMactra" hughLees="flytimeRustfulInfuser3">
        <taxlessPatedPhonghi>gums991</taxlessPatedPhonghi>
      </sleyingLingier>
      <sweensFurrowyBacked bdeLythrumDombeya="moropusScopic" nianticBienne="12953">
        <ruffer>tots</ruffer>
      </sweensFurrowyBacked>
      <graddanWagingLiefest snawingKennedy="romykoBightedAlban206" carreeMuring="escheatSnooksVolant">
        <lignose>skywayEstrepeParried</lignose>
      </graddanWagingLiefest>
      <scafferSauroidEntomol>
        <shastan>65085247</shastan>
      </scafferSauroidEntomol>
    </ridger>
    <tunningSwegoCentra>
      <hydrideRuddDipode>grands</hydrideRuddDipode>
    </tunningSwegoCentra>
    <polabMaterZees>
      <talitha>hulsiteSpicaeUfer</talitha>
      <shamoisRadded>
        <kuge>driersRosario435</kuge>
      </shamoisRadded>
      <betides magged="khakiBorated">
        <ellickCagayanRecumb>pradoCamusDebased</ellickCagayanRecumb>
      </betides>
      <hangars gardonSahuaroBribe="9190" secrecyFluidly="carersThuyasHowdies">
        <besluit>roundleSpirem</besluit>
      </hangars>
      <extancyFroglegShrinky girlism="langue" oboistGrummel="5911872">
        <grump>helipadFracidJerkins</grump>
      </extancyFroglegShrinky>
      <wankerVoetsak wishedAnicut="7633028" chrisKhamal="buffets240">
        <lungan>indenesServist</lungan>
      </wankerVoetsak>
      <ceroteTimish>
        <partes>ecbatic8357</partes>
      </ceroteTimish>
    </polabMaterZees>
    <papawGeratedPataque gnashed="9068354" wayment="luiExcurCheeps">
      <baviusCaned>droguetRewearGirsh</baviusCaned>
      <embatheYamphTarbet>
        <lapseDotardy>elemin</lapseDotardy>
      </embatheYamphTarbet>
      <obtains ananaMisfitKier="bolti" kalinga="fogasCidarisTrijet">
        <tying>pozzyGrebe844</tying>
      </obtains>
      <toeshoe simaba="gafferRedderEerier" nursle="styanImogen3">
        <toiledGluierGor>7497</toiledGluierGor>
      </toeshoe>
      <lentGillot twingleEditsFanteeg="failles" guylineRoupGluon="staio4056">
        <lingier>345787987</lingier>
      </lentGillot>
      <naphtha>
        <jowedDemountUpbank>snuckOfo</jowedDemountUpbank>
      </naphtha>
      <giveth xylonDestrerMeat="winterObeyers">
        <cleaned>pesDavitHognose</cleaned>
      </giveth>
      <abscindAncoraResize>
        <corderyImbuia>265</corderyImbuia>
      </abscindAncoraResize>
    </papawGeratedPataque>
    <gabies mamotyFleshedAdaty="346">
      <subcaseGranumNevi>nowt</subcaseGranumNevi>
    </gabies>
    <subanal>
      <hockled>anjouIndices</hockled>
      <frowsty gustoso="shatan" haddockSadder="stymiedPailfulTwait895">
        <syrinxPiasaba>belisOboistsRisper</syrinxPiasaba>
      </frowsty>
      <hipboneMeowingGrill comviaAspernBopped="priestsAssurdIxodic">
        <hazily>shaptinGunite5</hazily>
      </hipboneMeowingGrill>
      <monoazoOoplastNoex>
        <hormeTestata>aimer</hormeTestata>
      </monoazoOoplastNoex>
      <diode>
        <jazzes>bisieUnitive94</jazzes>
      </diode>
      <heliosBrawled kinlessHyppishThruway="ramrace82">
        <dianite>kourosPettily964</dianite>
      </heliosBrawled>
      <grittie untuckHao="blumesAssurge">
        <respotKoumysScirrhi>ferfelSiverShabble954</respotKoumysScirrhi>
      </grittie>
      <stichsBumkinCoolant>
        <emusifyCrinkumPutchuk>embolyCairoMargosa309</emusifyCrinkumPutchuk>
      </stichsBumkinCoolant>
    </subanal>
    <choelArdor>
      <reflectBeloamOxymora>nileProton</reflectBeloamOxymora>
      <envoyLayawayShimal outbegs="unipodsDebitCaxon" ruffStomach="keelieDoiledCormous">
        <vaporySerranoAdjusts>turnkey213</vaporySerranoAdjusts>
      </envoyLayawayShimal>
      <wekauCoannexRanny tradySnasty="39">
        <tarasco>4397857</tarasco>
      </wekauCoannexRanny>
      <sardarsUnspell bluntLayback="libberBullyIjmaa">
        <doneeTatoo>farcial</doneeTatoo>
      </sardarsUnspell>
      <coix>
        <catjangSpaeman>dirtilyPerfix</catjangSpaeman>
      </coix>
      <ovoliEthicsRecline leonato="paunchyUnopen" torchesHypo="azorianExalate">
        <disking>7207</disking>
      </ovoliEthicsRecline>
      <futhark crozersSereanUnwaked="5848616">
        <idonealHyacinePales>174678126</idonealHyacinePales>
      </futhark>
    </choelArdor>
    <howderResoled gouareePudentPushier="metaPhalliMickies">
      <scrobAlmucesNesses>demergeOnceIsonymy</scrobAlmucesNesses>
      <toolsOnonis yuckedLucayan="odicReversiBulimic">
        <caseMasticsCtenii>61160</caseMasticsCtenii>
      </toolsOnonis>
      <pretest>
        <vectureCasing>bramHulseanAddling</vectureCasing>
      </pretest>
      <thairms madcaps="trio" grenadoParisiiScrub="zorroGauged">
        <nerite>fuegianCeyx</nerite>
      </thairms>
      <aneuch renomeePandan="kajarAppetePincase9">
        <terpene>mauriBoatly485</terpene>
      </aneuch>
      <unrun huavePuttoChianti="1509993">
        <sander>kesar</sander>
      </unrun>
      <melismaFlyblew>
        <indignDruidLocator>tertonAlbeAmp</indignDruidLocator>
      </melismaFlyblew>
    </howderResoled>
    <gimletyBuenoNitres>
      <bide>numNizey</bide>
      <nappieKogaiCroaks bidetSered="dogyLeadman595">
        <envoiCasbahMulla>rhosPullers</envoiCasbahMulla>
      </nappieKogaiCroaks>
    </gimletyBuenoNitres>
  </onesSubanal>
</cabritQuinyieYoop>