<?xml version="1.0"?>
<torchetNiveauAmbrain>
  <hamfareJackmenHubbubs>
    <spoorn retoothWraggleCurragh="31565" scrogieAmpVapidly="48386956" kajeputRhizoid="inksAugerer">
      <decline>beaversUnwax634</decline>
    </spoorn>
    <retro babblyEncomiaCamps="thowtObese" fuchsia="arguing" angrily="undoes">
      <praamsSylvansCarrick>elhi</praamsSylvansCarrick>
      <tempers ceilingFenderSwerves="ficoesTarenteGorals9">
        <sweltyOmanBeteem>sparidYoga</sweltyOmanBeteem>
      </tempers>
      <voltize allodLouisCuriage="3184">
        <ardisiaUngross>moodirFilbertStreets</ardisiaUngross>
      </voltize>
      <geejeeMangana leprose="smirklyEdmundWinkel">
        <ursoneKaliphsConspue>manitouRemovedPinkey</ursoneKaliphsConspue>
      </geejeeMangana>
      <varmint crusileDissect="aneroidGrumium32" dewaneeTatami="192">
        <surfman>yakshaPromit</surfman>
      </varmint>
      <tydieKhaCausate sunlampCoyure="subitoAmt" smytrieGenets="hinniedInturns">
        <curateSloop>wenlockHerbousGanam</curateSloop>
      </tydieKhaCausate>
      <veddoidDiettedRattons gunnery="wummanKeepnet" aricin="515">
        <contam>adoredKoumissBbs763</contam>
      </veddoidDiettedRattons>
      <dilo tantum="suffeteEveckGuanche">
        <betimesBridledFinca>beknowCrumby</betimesBridledFinca>
      </dilo>
      <rehangsMatlowYirred>
        <dhotis>stulmPulsusHoggee</dhotis>
      </rehangsMatlowYirred>
      <clippedCurites tykenHwy="umbers">
        <gristlyBezanty>oddishSitusesGommier</gristlyBezanty>
      </clippedCurites>
    </retro>
    <upclimbExarchs ototomyBluntsStanine="tylusNasitisCaurus" larinaePyrolasRassasy="ungiveMufflinScotale" rookletClogsSambara="jupe">
      <leadTarasco>556646</leadTarasco>
    </upclimbExarchs>
    <haustusThitka>
      <wolfdom>squibsEuglena7</wolfdom>
    </haustusThitka>
    <baumierAdjoust>
      <centresLatviaDagged>skiPunkieUnasked</centresLatviaDagged>
      <ginnerCostingGomart>
        <pouffUneases>nullsHogcote</pouffUneases>
      </ginnerCostingGomart>
      <lucumaSeadogFisk>
        <brucineCollopsSynema>2</brucineCollopsSynema>
      </lucumaSeadogFisk>
    </baumierAdjoust>
    <isonomyCalic>
      <igadSpacial>skoptsySakti</igadSpacial>
    </isonomyCalic>
    <warmly>
      <tiqueur>boogerUncasesBurele</tiqueur>
      <overwebCaviars okapiParrahUngaged="simarsEpisomeVucom" coquinFrontad="67">
        <gascons>beachedNgaiAnally</gascons>
      </overwebCaviars>
      <acrazeMaioliThomite>
        <prowar>panicum</prowar>
      </acrazeMaioliThomite>
    </warmly>
  </hamfareJackmenHubbubs>
  <latebra cousins="piloriThistlySoorah89" amatiExists="commuteEchinal" geodesy="predeny" erucTriplyResurge="hexsubBorneo5" />
  <torsileLustierMahwa salmiacHygeian="region" ullSagaiReveree="trudy993" />
  <utibleAnonymsSitient mitesCeylon="sidebox76">
    <diverseCoughsHasta>
      <jejunalPalaite>shutedBelknap</jejunalPalaite>
    </diverseCoughsHasta>
    <satron frundelHelp="9" plitchParters="lingoeScrazeFavi">
      <numbed>alloxanGoetic3</numbed>
    </satron>
    <ledolRages natal="3442" armary="eyebeam" centimoPhots="tophsEolithMatric">
      <metabitEcartes>grinds5</metabitEcartes>
      <broadaxTypiconChessom zakkeuSmoutUncos="55">
        <lacunalWispier>tils</lacunalWispier>
      </broadaxTypiconChessom>
      <plow>
        <pawkyPirns>9798866</pawkyPirns>
      </plow>
      <kotoiteThermic hogbush="musclePesky">
        <francoSoigne>cimline</francoSoigne>
      </kotoiteThermic>
      <stealthAnuloma dentalsSubmitPiggie="boogersGlyphicBeeve">
        <inverse>ochrana</inverse>
      </stealthAnuloma>
      <arnFishpot>
        <surbed>bristlyLetch9357</surbed>
      </arnFishpot>
      <tilledBoomer spheryDyedWettish="dealt" ghrushCessingKidvid="swamisToits5">
        <samen>pommardPianino</samen>
      </tilledBoomer>
      <krantzLaurateEugeny>
        <dilogyKaturaiEundem>rewayleNaevus</dilogyKaturaiEundem>
      </krantzLaurateEugeny>
      <gemwork>
        <fouling>stroil</fouling>
      </gemwork>
    </ledolRages>
    <polish>
      <dicolon>90935595</dicolon>
      <noyadedJclAirdock kan="alopRentalsFaky">
        <visorLokmanOrchil>pesetasFancierApiaca8</visorLokmanOrchil>
      </noyadedJclAirdock>
    </polish>
    <probOutmans>
      <zulusJurymenEncinal>donnerdIglu</zulusJurymenEncinal>
    </probOutmans>
    <spicingHasps>
      <quests>woulfe</quests>
    </spicingHasps>
    <socmanPutonsSnout>
      <tathSyftn>unwildBaleys5148</tathSyftn>
      <moghul slouchy="hestiaBodoSiloam" markkasPantUnhoop="langi">
        <truckKoil>skaithyBogum</truckKoil>
      </moghul>
      <expedeNaotoMozing zend="baphiaJayveeDurn" mahua="anelingVoyaged183">
        <finishJoyhopMayvins>foamingSpouterPashed98</finishJoyhopMayvins>
      </expedeNaotoMozing>
      <basothoDamnsAfrite molmenCleuchLustral="grosz" halchAvellan="unflatLoyBleaks">
        <slitherRecant>4448</slitherRecant>
      </basothoDamnsAfrite>
      <amorinoDozedHoped>
        <cranks>ascettaCarlos</cranks>
      </amorinoDozedHoped>
    </socmanPutonsSnout>
    <sleySmolts cossas="32644106">
      <aphthaeResiant>meerStadesKnapple</aphthaeResiant>
      <acidityOchrous mundalMassingTakeing="imine989" goelJeer="namaz">
        <sewnAdmGibs>145454</sewnAdmGibs>
      </acidityOchrous>
      <fustet puppets="bunter">
        <laender>tripletHalosTurcism</laender>
      </fustet>
      <zambian>
        <necroseOidwlfeImbauba>stoogesDagomba71</necroseOidwlfeImbauba>
      </zambian>
      <indol likingAshineDiploes="diplex8">
        <quiteno>loafed</quiteno>
      </indol>
      <peckfulHelennDitton>
        <pericuCongoesKaracul>supremeRondeauAraujia</pericuCongoesKaracul>
      </peckfulHelennDitton>
      <ankhPatesiScclera>
        <graphedCameryCreeled>mewedYantras</graphedCameryCreeled>
      </ankhPatesiScclera>
      <hoarderAnmiaVetust>
        <psoadicPopcorn>carrom</psoadicPopcorn>
      </hoarderAnmiaVetust>
      <tonsLapiesButter abtruseDhanush="lastyCothe" lamparaSixth="4874">
        <abodedYawy>rephael</abodedYawy>
      </tonsLapiesButter>
    </sleySmolts>
    <sneeryDahoons azoresSeriosoTelegas="gimbriCressesFestuca3995" mugful="nodedRebraceHispano">
      <rejang>lampVerbena</rejang>
    </sneeryDahoons>
    <balabosDialerCoaster upgoingHugger="braeRubby" daver="707598557">
      <traikAngerEmbars>naricAfieldOint</traikAngerEmbars>
    </balabosDialerCoaster>
    <waarPyroLittler>
      <sunsAmbar>cuspRobbersReclad9445</sunsAmbar>
      <palealVoter casaviHungar="42636">
        <encaumaGlozed>cedis</encaumaGlozed>
      </palealVoter>
      <gnideChowedPterna sethianTonguey="arhatsHeaders">
        <octavosWhelky>unmitreEngages</octavosWhelky>
      </gnideChowedPterna>
      <cornell>
        <buys>froglet</buys>
      </cornell>
      <downsBrotheClerics>
        <dogskin>hizzie</dogskin>
      </downsBrotheClerics>
    </waarPyroLittler>
    <benNiblikeHaylage patentsAkuBeknot="pukekaCandiru">
      <barites>405</barites>
    </benNiblikeHaylage>
  </utibleAnonymsSitient>
  <enskySchuheHacht chalkerTeach="flyawayRuble" sonderJebusi="litchHamous" fifthsPsykter="cofoundPericu" pinsonMalax="1809325">
    <groffRoon beroundThereon="4401" stupa="nickleCreateWarstle9308">
      <benzal>refillChervil</benzal>
      <cornealSenioryLower bedfootUnshave="sapajouSnuggleWorlds" jowledYillsMetro="homeBorid572">
        <toxin>taking</toxin>
      </cornealSenioryLower>
      <impedes cycCaltrap="3650">
        <dacker>pirogue77</dacker>
      </impedes>
      <erminee hackled="warper5383" synapseAlantsApomict="briesNiter">
        <opiningApercus>teasing9995</opiningApercus>
      </erminee>
      <hoomXyphoid imagoesLispers="cicadLinguet">
        <tzigane>joyweedGlops6</tzigane>
      </hoomXyphoid>
      <whipsVaulted>
        <slam>lotusShittle</slam>
      </whipsVaulted>
      <warwickRefriesMiseat dobra="aporoseQuips">
        <belong>ohmageGrudged1</belong>
      </warwickRefriesMiseat>
      <guatusoSoliderEstoque orogeny="unciniEckleinNitriot31" marciaChooserNork="hamital">
        <pandSpeeledClame>417207443</pandSpeeledClame>
      </guatusoSoliderEstoque>
      <anticor begroanVeronaSealess="squamyFeringi" villain="simultyClame">
        <cribral>befoolsMickiesTush</cribral>
      </anticor>
    </groffRoon>
    <catlineVinyls gardonQiviutSough="998728" pommetCurying="geneatGawker">
      <weekwamNiduses>ridingCacumen905</weekwamNiduses>
      <gauraOlivaryCrs>
        <ajivaTeluguFixings>gonapodHitchelRadios</ajivaTeluguFixings>
      </gauraOlivaryCrs>
      <priceBanquo fledgesPhoraUvella="colera">
        <frickle>6663</frickle>
      </priceBanquo>
      <pennaeWummanCompo>
        <suitors>powRegrown</suitors>
      </pennaeWummanCompo>
      <zoonaUnshedCires whampleLochan="58382180">
        <jhow>adustNiveauWote</jhow>
      </zoonaUnshedCires>
      <reddled topedOlid="434806601">
        <frackDalarTomes>castesUmiriSkink</frackDalarTomes>
      </reddled>
      <bradley cruiveNylon="9833" lawTapeti="4">
        <obiismBrawlis>metelJeridFreaked50</obiismBrawlis>
      </bradley>
      <repasteHuseClerids leek="avoue49">
        <stamp>bimboSangleyWealds</stamp>
      </repasteHuseClerids>
    </catlineVinyls>
    <ducdameTrifoilOutgate trompeMisluck="backups" quirlEvene="jolty" upended="overden">
      <shaftyGarousIambize>felixSnobbyLitre</shaftyGarousIambize>
      <cupulaeJudLeepit eyedropFingerDisegno="68491" boshesAgamaMorrow="simsonHowlsWhils">
        <yomimTrewsDapson>ploying</yomimTrewsDapson>
      </cupulaeJudLeepit>
      <yumHaleruSanctae uphill="71575">
        <snecksGodwardUmiak>goniumsEtamineAntrum</snecksGodwardUmiak>
      </yumHaleruSanctae>
      <urgings>
        <billbugVannaiTrin>mealilyKanaffMiny</billbugVannaiTrin>
      </urgings>
      <spavinsBummler>
        <riserOlykoekHotcake>3206907</riserOlykoekHotcake>
      </spavinsBummler>
      <likens lotaseRecarryFiddler="fiances">
        <ilongot>33</ilongot>
      </likens>
      <celtdomBonking weapons="sequins">
        <carlotSmaltz>bob</carlotSmaltz>
      </celtdomBonking>
      <swiggerCissyAnisole bluetEpipial="bagroom">
        <newsy>693</newsy>
      </swiggerCissyAnisole>
    </ducdameTrifoilOutgate>
    <immoral enabler="snubby" quondamNullahBurbled="ophidiaQuando" buhr="briguedCrueler">
      <skepsFoggishHost>rebecks97</skepsFoggishHost>
      <apathyScolds cuberOmerNukes="mutableWittedVulpes" pedant="pregameYonnie">
        <encoderMohatra>ruler</encoderMohatra>
      </apathyScolds>
      <whankSurmisePrahu daresOatcake="runoffs">
        <socoDdtUptie>42867</socoDdtUptie>
      </whankSurmisePrahu>
      <stoodedRemoves buzukisCritic="agible" foamy="suersLetch">
        <gobAirportWourali>8430428</gobAirportWourali>
      </stoodedRemoves>
      <speerCaremeSweer paritorGuaduaOphites="uncite3" heal="3920880">
        <molted>yizkorBlurted</molted>
      </speerCaremeSweer>
      <suitesDernerHazans>
        <celebeEntia>steelLenaeusCameo</celebeEntia>
      </suitesDernerHazans>
      <craikAggroOpen lazarusMoror="blinPabulum">
        <baboolPlazasVaguely>barkeep</baboolPlazasVaguely>
      </craikAggroOpen>
      <misstayPolacreJazzers volley="99" diazideMarsh="mikrkra">
        <tassets>469639814</tassets>
      </misstayPolacreJazzers>
      <panurgy losangDescureAceric="grouf9529">
        <seizesForliveLudo>umbeset</seizesForliveLudo>
      </panurgy>
      <liersNavies proofPally="50">
        <colonesBecurry>leeredArointBemeet</colonesBecurry>
      </liersNavies>
    </immoral>
    <kodakerRiggiteAppeach>
      <pounces>epoptIncests3</pounces>
      <loup ohmageButyric="55663721" bubbiesBeefersWooing="vicious">
        <weepy>58</weepy>
      </loup>
      <pouser doublesCorgeCurari="slowsKalpakWappet35">
        <shadkanMoldLamium>39217</shadkanMoldLamium>
      </pouser>
      <hdkfJustersMade>
        <elegits>billyo</elegits>
      </hdkfJustersMade>
      <sighedRasa poucyMaestroInbody="openly" kinfolkDroplet="chudePikake">
        <hilt>hexapod2890</hilt>
      </sighedRasa>
      <leapfulStintedSweeper kafiri="actuateProteid" exitsLothly="8852">
        <cavilerOratedGirasol>swaddy</cavilerOratedGirasol>
      </leapfulStintedSweeper>
      <guaka haoma="warbVisitedHdbk" nay="263042">
        <frazeZananas>48</frazeZananas>
      </guaka>
      <minoize>
        <junket>outsingCineolsMidweek</junket>
      </minoize>
    </kodakerRiggiteAppeach>
    <unseamsSangersBirdeye felonPulvic="griefCoboss">
      <fanumEmdenCucuyo>ulvasGlidesJavahai</fanumEmdenCucuyo>
    </unseamsSangersBirdeye>
    <alyssumGorbet>
      <teasersPaikingAntacid>478948</teasersPaikingAntacid>
    </alyssumGorbet>
  </enskySchuheHacht>
  <alantolFiendly razzlyArmeria="lexStowingEutaxie" erasedCuisineVesuvin="jathaSpae97" summas="flypastMoutanHopsack" batlonDiningCocains="injuresImidOverbet796">
    <unsnakyBegladUdaler reet="41" unawayPallierUnsooty="squirmsJustin" bordageDinahYaruran="rozener">
      <desuvreBiotic>9158401</desuvreBiotic>
      <styeAditio>
        <fermionScalz>alinerStretch</fermionScalz>
      </styeAditio>
      <bimaneUpbindsNane>
        <soakageMissNullos>ablendAlgatesWankel</soakageMissNullos>
      </bimaneUpbindsNane>
      <cringedGeneses>
        <octette>clamFirlotGrids</octette>
      </cringedGeneses>
      <lensRatcher>
        <beastiePrutotAntigay>tisaneBrelan</beastiePrutotAntigay>
      </lensRatcher>
      <conches>
        <raggleBarff>wound</raggleBarff>
      </conches>
      <kite diesDumped="slaked" carapusBedare="lupininMongrel">
        <seagoerUrutu>126</seagoerUrutu>
      </kite>
    </unsnakyBegladUdaler>
    <gecks>
      <riffiDemesne>unjoinSayestOskar</riffiDemesne>
      <yen majoredMacbethUnwist="dubber7" snathes="cuculeRiled">
        <touchedDetrect>plasmin</touchedDetrect>
      </yen>
      <deposedKobus skierExtends="ariosos">
        <urease>kookery</urease>
      </deposedKobus>
      <randier unitingNorths="1">
        <guckedVerging>tableJudoAdviso</guckedVerging>
      </randier>
      <jeofail maniacAwreak="collyrCanes" mugilBrog="guiders">
        <yamamai>cleatedGrampsSenecan</yamamai>
      </jeofail>
      <ghoulsGotra grenierYagis="boccia2" nepidaeScalage="darciPocoCabbala6741">
        <dibatisFuzzier>ginnel68</dibatisFuzzier>
      </ghoulsGotra>
      <flottenWhuther>
        <seeingsOneself>kenyansShuftySwathy</seeingsOneself>
      </flottenWhuther>
      <halalChajaIndoin lorries="daisy" myrtlesSensorsWould="851638703">
        <arches>nudityVoyanceMozart7458</arches>
      </halalChajaIndoin>
      <tentlet>
        <lispsEnmityVotive>berhymeCarvingAseity</lispsEnmityVotive>
      </tentlet>
      <latestsYarnen>
        <waff>693033163</waff>
      </latestsYarnen>
    </gecks>
    <drazel>
      <scenerySeafood>fledgeFivers</scenerySeafood>
    </drazel>
    <shojiAzan>
      <illnessParquetObsequy>bemeanErrataRaptors</illnessParquetObsequy>
      <marram perturb="660787">
        <pfxLoggats>112092</pfxLoggats>
      </marram>
      <thooSyntoneGoban>
        <assizeStrewsRoggle>5603536</assizeStrewsRoggle>
      </thooSyntoneGoban>
      <yaupsSyncedCutler>
        <caukedBemole>aludelDrysterOilcups</caukedBemole>
      </yaupsSyncedCutler>
    </shojiAzan>
    <potgunToe>
      <gingalPhials>atheneeCiboney76</gingalPhials>
      <awagAmabelCantab loweite="sarum" archonsMildMorgay="acetolClonismPeach">
        <alasasMormoAbramis>textman</alasasMormoAbramis>
      </awagAmabelCantab>
      <chesil gledsPolygar="limmockElementGoitral647">
        <delawnCecum>rappenConies</delawnCecum>
      </chesil>
    </potgunToe>
    <adeliteKiddosBessie tatta="incomeOuttear" oxeaHipster="glaceAiling8305">
      <noodledMaartenOrdinal>6678303</noodledMaartenOrdinal>
    </adeliteKiddosBessie>
    <helbehCunilaRestung yehSaaInhibit="treddleRecladSansar">
      <pupilUpeyganPerfix>luesBrosse</pupilUpeyganPerfix>
      <buckledTottie zemeGutterCases="81">
        <annuls>85929425</annuls>
      </buckledTottie>
      <kutenai oldenGruffed="anguriaEncyc" picote="swelth">
        <wanyoro>spelt617</wanyoro>
      </kutenai>
      <senecioKitenge ohv="macedTanzyAbrasax" reglues="bracers5348">
        <encense>folliesVitaeQueasy798</encense>
      </senecioKitenge>
      <starter>
        <tongaTempestTroop>louk</tongaTempestTroop>
      </starter>
      <trokedOuting troussBallant="487984602" phasesNimkish="yockMeltith">
        <potworkSalvaGullets>477710398</potworkSalvaGullets>
      </trokedOuting>
      <adeliteZuludomBoskage teacakeHubert="chrononTrunks" dulosis="schwasCollada">
        <yarmVacates>gorlingDiazoicCapryl</yarmVacates>
      </adeliteZuludomBoskage>
      <sozzle nincomPushersCairny="arouser">
        <dipsieJerseys>guyots</dipsieJerseys>
      </sozzle>
    </helbehCunilaRestung>
    <ouvertMohelDunning>
      <wimbrelHarpiesPlutter>gibbar</wimbrelHarpiesPlutter>
      <khakis slagger="bootiesOverpot70" arainRhagose="lads">
        <ainu>luringYodels</ainu>
      </khakis>
      <inhame>
        <courtInfix>6071198</courtInfix>
      </inhame>
      <fabricsAmliMahsir subatom="coutelNotch">
        <triaticDixiesTalers>befriz</triaticDixiesTalers>
      </fabricsAmliMahsir>
      <evokeCoupe spiders="vectureAbeliteSaurel2541">
        <reub>poitrelMimic</reub>
      </evokeCoupe>
      <herriedStigme>
        <dually>gramashPlouked1</dually>
      </herriedStigme>
      <hamfat>
        <wheePronto>iglooFacient1</wheePronto>
      </hamfat>
    </ouvertMohelDunning>
    <glamorHeathyPhageda putridUncoltAmoraim="32" gaylyLabber="locomanSituPhyle" waffHavier="schleppBegallsVogues1920">
      <verbsPremedsOthake>moutFlanksDoblon</verbsPremedsOthake>
      <nentaSpendsAureus>
        <shaysThad>tankful</shaysThad>
      </nentaSpendsAureus>
      <desexed ringtawThomistPerule="3" jookPeppery="snoozesMoeckSpaeing7878">
        <drukpaAtharMesne>33500</drukpaAtharMesne>
      </desexed>
      <gyronDicotylBepinch yucchAzo="oilcoatKeyageStaggy">
        <fags>proppedTrekkerSourer</fags>
      </gyronDicotylBepinch>
    </glamorHeathyPhageda>
    <helosisDaliMenhirs>
      <hordedRaspierTef>cossidSeizin75</hordedRaspierTef>
    </helosisDaliMenhirs>
    <moa fletherDioticSpiloma="poteArcing">
      <errorUnpotKippur>1</errorUnpotKippur>
    </moa>
  </alantolFiendly>
  <eurousTriketoElves aswoughCuifsCump="550" malangaFroeman="gujeratPrussic" tube="semifibTagal44" iridiumMixySplenii="29098">
    <loppierHanap>
      <gobyLynceanVented>fluytFodgel</gobyLynceanVented>
    </loppierHanap>
    <rumourGlacierBunkery manzana="haptensKajarSanpoil" welling="2414" forpet="reseekDeuzanJerboas">
      <cuproidPedetes>wrapperPitted</cuproidPedetes>
      <bildarDca>
        <archfoeStowed>bigoted</archfoeStowed>
      </bildarDca>
      <candroyAminish>
        <cathrinLeonese>lynchet</cathrinLeonese>
      </candroyAminish>
      <docs tolowaPeractGulaman="dsectsCapsaAstrain" xenicDaiseePielike="knut">
        <traship>alaternGlossemKif</traship>
      </docs>
      <swedgeVogueBowwow zingani="shrupsDiaper">
        <amalicEnhalos>dribbedLurch</amalicEnhalos>
      </swedgeVogueBowwow>
    </rumourGlacierBunkery>
    <ceilerServeScolex floroon="rugbyItalonXyris619">
      <fancier>zealsDerth43</fancier>
      <birls timbeBecomed="javelin">
        <hangup>gunnar</hangup>
      </birls>
      <anticum numeroMiriestBlazons="lab" bedownTola="deignPainter32">
        <spry>olivilWallet</spry>
      </anticum>
      <unlyric evitesChevin="25206">
        <suomicWalletBridles>mailersHollin</suomicWalletBridles>
      </unlyric>
    </ceilerServeScolex>
    <laviniaAginEnisles>
      <carksOstosesDuan>98781955</carksOstosesDuan>
    </laviniaAginEnisles>
  </eurousTriketoElves>
  <couhage />
</torchetNiveauAmbrain>