<?xml version="1.0"?>
<budgero>
  <duelistMadonnaBivocal breardsBriqueEarsore="rang" stamina="82" sapsago="joon" />
  <vat>
    <butted canstPressor="nike86" orders="oxyacid" trouble="pinard">
      <sorexArclikeGorevan>pectronCrozedScyphus</sorexArclikeGorevan>
      <godroon>
        <piewifeDithery>turksArchilGrieve</piewifeDithery>
      </godroon>
    </butted>
    <calcino>
      <doigteUkiyoye>fledgy</doigteUkiyoye>
    </calcino>
    <poudret>
      <daywardBalm>utricleRibbet</daywardBalm>
      <visayanLoverPokomam euchredVirelayDassies="61899122" porkpen="94866689">
        <apieceGagmanGnoff>bitiWebfed</apieceGagmanGnoff>
      </visayanLoverPokomam>
      <fixuresOhsOrsel vinew="dialogSanyasiSooty">
        <nigre>gadean</nigre>
      </fixuresOhsOrsel>
      <paroledOfflineRefling quiriteTweeter="thurgi" sanyasi="322390869">
        <donkMidrashBusti>wiglessBeknownBourkha</donkMidrashBusti>
      </paroledOfflineRefling>
      <berryNuanced urgedVegasInnless="helluoDrawout">
        <remainHeirlo>sternal</remainHeirlo>
      </berryNuanced>
    </poudret>
    <sandhi>
      <cataianCurrantMewing>76479003</cataianCurrantMewing>
      <moperBurrs>
        <scrime>afflux</scrime>
      </moperBurrs>
      <tectona secern="26763" athrillSavitar="yamanaiNuttish">
        <caspianNovices>resoapHaskard6</caspianNovices>
      </tectona>
      <wosPalest chahars="brulzie">
        <yaguazaHutiaVised>ganser788</yaguazaHutiaVised>
      </wosPalest>
      <heweSilly>
        <poseuseImband>until</poseuseImband>
      </heweSilly>
      <turbitsUkesOutrank venison="acheronAchafeOlivary276">
        <ephorDayflyMeekest>redwardMelis</ephorDayflyMeekest>
      </turbitsUkesOutrank>
    </sandhi>
    <binnyRanisUreido rubyingBurkingInitial="dods" guzeratHatlessPteron="2">
      <totterFurial>begazedBoriPreses</totterFurial>
    </binnyRanisUreido>
    <tynwaldCoiler>
      <actualsPhene>surfer553</actualsPhene>
      <gripingSputter toffingBesin="halerKerogenPlebes" qualmsPupulo="diswitBlot">
        <danglinUnurbanHabit>nubiasHellim</danglinUnurbanHabit>
      </gripingSputter>
      <lud tannestBeenConger="hiderOctane" whappedHydros="27005943">
        <tictoc>frogletMalati</tictoc>
      </lud>
    </tynwaldCoiler>
    <entach taintor="guyanaRanched" steeves="rococos" justlyAribin="9816">
      <unwwove>5</unwwove>
      <outloveExhumed>
        <fomites>crumRajahs</fomites>
      </outloveExhumed>
      <babblerCubbingCyclone>
        <reifyPriv>dewal</reifyPriv>
      </babblerCubbingCyclone>
      <axillas pentGlauber="agramed">
        <podgerSteerer>60572084</podgerSteerer>
      </axillas>
    </entach>
  </vat>
  <outwear torpifyHies="sarsarsAwin" regia="croquetJowpy501" mittleCrapwaUnresty="jangkarAlluresPrat" harriesApelike="sarode">
    <corses gipsyryAdelphi="algiers5">
      <griddedSiamang>ungruffRullerFlusker</griddedSiamang>
    </corses>
    <lanaisSuccuba>
      <tunk>sledges</tunk>
    </lanaisSuccuba>
    <diambicLimuli>
      <gougesMinasMarkmen>damans</gougesMinasMarkmen>
      <lipuriaGibbals assewerSonnet="aurasPerf" neigh="622">
        <exptl>hominyLagopusOxhuvud12</exptl>
      </lipuriaGibbals>
      <navarhoCuprate drivesGuijoAfear="difformYoicksBlatted27" altairMmmmVenner="tetchRampickPissed">
        <herriesRespiteSpitter>899969</herriesRespiteSpitter>
      </navarhoCuprate>
      <ferijeeDewrotEddoes>
        <ratlinsTortoni>fontinaQuircal7479</ratlinsTortoni>
      </ferijeeDewrotEddoes>
      <swoosesWincing>
        <aspersArefy>emulantDunnish</aspersArefy>
      </swoosesWincing>
      <tutoredSheetsUnfaced>
        <curling>mormaer</curling>
      </tutoredSheetsUnfaced>
      <tabled>
        <coheres>22923</coheres>
      </tabled>
      <truest warly="unapt3439">
        <retellUpsoars>sanjeevPutterMassage</retellUpsoars>
      </truest>
      <yardage outweptVetiverMatelot="neglectNatt2" cinchesYairdScans="sakeretGunlockDunkle">
        <beswarm>coshes66</beswarm>
      </yardage>
    </diambicLimuli>
    <woom>
      <ardoursOffices>sisals</ardoursOffices>
      <overdidGraeme tamaroa="sareesGlaucic">
        <inditedEadSimul>jagrasCymryRamaite</inditedEadSimul>
      </overdidGraeme>
    </woom>
  </outwear>
  <dorlotMhgBezel />
  <queans beurreYakutUnbaled="reekingSwidgeKivu" imburseRedreamGulp="49740269" daynetGare="fetePeshkar" pecifyGrieverBasally="muletaSidearm">
    <syconiaUncallCoating>
      <ventanaGujratiRedsear>simplyNosemaSutta</ventanaGujratiRedsear>
    </syconiaUncallCoating>
    <adoulieGeog>
      <utaiMidwifeDesuvre>spyhole</utaiMidwifeDesuvre>
    </adoulieGeog>
    <spatsPolypOutpoll anatGuanos="mustnt" wareggaDoupTampin="vermilyVaireHectar">
      <cojoin>guenons</cojoin>
      <seoraYetSidhe trillerFilea="neap" almira="charmMimbleRewan">
        <panierCircaBroader>goggledSlitted</panierCircaBroader>
      </seoraYetSidhe>
      <catchyHaiari chitonLagoons="chattah">
        <debutRisqueCaaming>5945843</debutRisqueCaaming>
      </catchyHaiari>
      <symbionThatll>
        <marantaZareebaTempos>9563</marantaZareebaTempos>
      </symbionThatll>
      <rubigos taggleIsle="nincumCaution">
        <certif>gastral5</certif>
      </rubigos>
      <biga xerasiaSaunter="evelynDisladyExclude" beinkedCsardasGulls="cushatsInfeedRearer">
        <chances>devily</chances>
      </biga>
      <reskewFolk thrumPenup="puisneSwisserPundits">
        <creply>choppyLansehKissers</creply>
      </reskewFolk>
    </spatsPolypOutpoll>
    <kidsChinarPerdix wapacutTotient="noint" khalal="huitain" gipsyfyMeioses="bitten">
      <anodalCaudad>popple</anodalCaudad>
    </kidsChinarPerdix>
    <baryonBitake>
      <skewingAntapexRoaded>pory8881</skewingAntapexRoaded>
      <rumaniaCavilsBulker muangVies="doucheUploads">
        <vexesKelowna>tenlineLacery</vexesKelowna>
      </rumaniaCavilsBulker>
      <firmityChecky alertedThawers="732712679" nippyEmitMutiny="ghanSinus">
        <wordierBeastly>azinesTemplum</wordierBeastly>
      </firmityChecky>
      <jama calypso="992" pilous="steevesBraced">
        <aggraceIacchic>alkyne</aggraceIacchic>
      </jama>
      <twiggenScopet navarhoHastMiscast="25" phymataAlvelos="166098581">
        <huaveanNorkyn>zoilist</huaveanNorkyn>
      </twiggenScopet>
      <beggar fergusAcoine="fullam26">
        <sourenKamass>maomaoKatukaFrieze</sourenKamass>
      </beggar>
      <abatedLaqueiCorrody>
        <aselarMaclib>demigod</aselarMaclib>
      </abatedLaqueiCorrody>
      <cryingOutjutTench bullbatPeroxylTonus="1338" cascromJamaica="owdQabbalaHadit17">
        <eucleaCaxton>bibbyForkful</eucleaCaxton>
      </cryingOutjutTench>
    </baryonBitake>
  </queans>
  <congBlithenTanged />
  <finikinFreemanOblate scandix="reusesMurreysBedeman" gotraja="dixy" murexFoe="hotelsCoastBurbolt">
    <falsismUptimesBanding pivot="mfdHorser21" vixensChokingMaziest="stablesTurbitsJerkies">
      <seavyIroners>bigamFroggyButut9</seavyIroners>
      <valetedRiginal tugger="asher">
        <beersCoined>owdBouwSexes</beersCoined>
      </valetedRiginal>
    </falsismUptimesBanding>
    <ugandan>
      <boeingDiewiseBeurre>hamuliVeligerDauted98</boeingDiewiseBeurre>
      <moultIntrunkOutwish hatiNaturedCivitas="30" corke="2700">
        <chilkat>waifing</chilkat>
      </moultIntrunkOutwish>
      <aahing>
        <marla>776</marla>
      </aahing>
      <tng>
        <allegroSergt>oopodWaggelSeville</allegroSergt>
      </tng>
      <lividlyThunnusBalsamo treasonOoryCoit="256322622" gnomonHoi="overpet">
        <ketiminAubriteAcetals>deface788</ketiminAubriteAcetals>
      </lividlyThunnusBalsamo>
    </ugandan>
    <caroleClericsShower>
      <motey>4757</motey>
      <holia>
        <skailObscure>96153</skailObscure>
      </holia>
      <inducedDurrinWomanly>
        <loopfulAwristGrained>baizingPhoceanRansack</loopfulAwristGrained>
      </inducedDurrinWomanly>
      <myrtolAtwist>
        <kegsImban>simiansShaktiVowed8993</kegsImban>
      </myrtolAtwist>
      <jimmies>
        <griths>zendos</griths>
      </jimmies>
      <bezzant>
        <addlesBugletCoifing>locusAdp</addlesBugletCoifing>
      </bezzant>
      <bien>
        <scarfer>4754</scarfer>
      </bien>
    </caroleClericsShower>
    <badmen>
      <bytimeRawbone>costeenCircaMomus9</bytimeRawbone>
    </badmen>
    <tolstoyWheki heparUnoiled="amunamJarble" hangsAcmesDeflow="bucklumAllyic">
      <honkie>311783</honkie>
    </tolstoyWheki>
    <intaker>
      <pureayn>6</pureayn>
      <buttalsRoxy okiaResail="chipper" hyenicKitysolNejdi="analav">
        <russify>claye</russify>
      </buttalsRoxy>
      <flexedHeroicDoormen>
        <pyjamasSafeKilah>hylistGrosso</pyjamasSafeKilah>
      </flexedHeroicDoormen>
      <balkyApyrousIranist reliefsTrass="7689011" aramisGoitres="maniere">
        <regushPhytolCosmine>63</regushPhytolCosmine>
      </balkyApyrousIranist>
      <sampans>
        <tottyWahabi>teartMetholThecla</tottyWahabi>
      </sampans>
      <liaiseAnthoid>
        <chica>apitpatLyery</chica>
      </liaiseAnthoid>
      <depureDebt sedan="chackerRibbet" amedeoBiscotTissual="sanghsGrugruSeerpaw">
        <goularoSinoper>pasengUnmews</goularoSinoper>
      </depureDebt>
      <koipatoIdoseTucking>
        <sepalUplakeBridle>moolsSpeered</sepalUplakeBridle>
      </koipatoIdoseTucking>
      <resees unnegro="tormenSchriks">
        <slobsAlanins>ossuary</slobsAlanins>
      </resees>
      <excretaBlkMislies>
        <wardianLadder>ampsKibbles</wardianLadder>
      </excretaBlkMislies>
    </intaker>
    <yarrowUnpile>
      <walkout>otiumTangedAppose</walkout>
      <injunEndnote>
        <biglotCatalogSiamese>4</biglotCatalogSiamese>
      </injunEndnote>
      <chechenYair wiverns="aristoiReuse">
        <salet>pronateAgnosy</salet>
      </chechenYair>
      <comite flightsIwwortClatchy="pimlico729">
        <bedlamStalag>aspoutShauled</bedlamStalag>
      </comite>
    </yarrowUnpile>
    <merelReekyEelworm dingerLeer="sagos9190" torusJoleUnfroze="clichesFrantic">
      <cyclopsHiatus>upbeltMacacaArgonne43</cyclopsHiatus>
      <viperidCeltic taipingSexualeTrowels="2598197">
        <terreTrinalTelpath>retuck</terreTrinalTelpath>
      </viperidCeltic>
      <thrillsMikeyAdmin exust="koomkie" papistsAsseize="sunnierZaberma71">
        <scaped>sailorKuffiehCotwin</scaped>
      </thrillsMikeyAdmin>
      <wote panfishSaitic="canstToxemic" tyighFife="2">
        <mohatraArmataApozema>lepidCckw</mohatraArmataApozema>
      </wote>
      <granumCearinWeeping hussars="bepale">
        <chimlas>hollekeCarbeneScheme</chimlas>
      </granumCearinWeeping>
      <tagragWrecksGaiters skydoveJehad="85577" redugAdorned="zonkedTundunPearten2">
        <lends>scalder</lends>
      </tagragWrecksGaiters>
      <haftsLataxClawers>
        <cyathus>obleyMuriumOki8</cyathus>
      </haftsLataxClawers>
      <lich cavers="inkpotFoulerKylie">
        <inbreedSurhaiDebar>damieLohar</inbreedSurhaiDebar>
      </lich>
      <loketStokesDasheen kilotonPyriticBethorn="paxesBlowzed9947">
        <outworePooh>warperSharker56</outworePooh>
      </loketStokesDasheen>
    </merelReekyEelworm>
    <dosagesTreator wand="wartedPleat39" rewound="commataRoofmanDronte312" forestPrimarKep="nardusMegaera">
      <cooree>60629670</cooree>
    </dosagesTreator>
    <dhobey>
      <nudism>lusters</nudism>
    </dhobey>
    <oxskin>
      <simpledNavete>sirkyOrgies</simpledNavete>
    </oxskin>
    <milch gentileBracted="changeFishers">
      <bifocalPiscis>tarnsVerismsMisate</bifocalPiscis>
    </milch>
  </finikinFreemanOblate>
  <muchelChamberLaved aguishSalpidsSaphena="sauld">
    <spahee>
      <ursolic>sweatedOotwith</ursolic>
      <tassahBedlarFol>
        <pomona>29</pomona>
      </tassahBedlarFol>
      <manics cybeleClaughtUnduke="lucetEarnfulReplevy">
        <chooseyCradockVacuity>thripelLumpmenHoptree</chooseyCradockVacuity>
      </manics>
      <partial streelPlanxtySpired="unpanel" jeez="sucklerGuardee">
        <buskin>sackedCooriedDialist</buskin>
      </partial>
    </spahee>
    <stoneImpugnBalabos>
      <recarryRikariNing>25897</recarryRikariNing>
    </stoneImpugnBalabos>
    <outlledBimetalRexes>
      <mealyShutoutLat>cholate61</mealyShutoutLat>
      <addsPolymerQuintad>
        <bittorProtyl>12</bittorProtyl>
      </addsPolymerQuintad>
    </outlledBimetalRexes>
    <nuttilyOutrodeOannes glimingDivertsWrive="charismOrbiterNays">
      <tas>kefirTapiro</tas>
    </nuttilyOutrodeOannes>
    <deportDiaulos>
      <blungesPorcate>savantMalthe</blungesPorcate>
    </deportDiaulos>
    <jarinaWhirledBespurt>
      <shackerBrechanInbody>magueysChoffer</shackerBrechanInbody>
      <collabLamelyUfs betideJarfulRamex="maxillaOdonataAnaphia">
        <haiduk>dolent</haiduk>
      </collabLamelyUfs>
      <shaftySleathy tashieColent="mitrateSutteesSterile" atresia="khodja">
        <molliesUrbs>frouzy</molliesUrbs>
      </shaftySleathy>
      <baalist syrupedAbdJaypiet="3897">
        <bunraku>reges</bunraku>
      </baalist>
      <ficesLaccol splakes="precel" pyxPuttiRebote="477201">
        <emforth>surplus</emforth>
      </ficesLaccol>
      <deifies>
        <sqdHaidaStayers>gangedOsmious9336</sqdHaidaStayers>
      </deifies>
      <lathersAreicMahran>
        <sixteManser>perauRegaveGellant</sixteManser>
      </lathersAreicMahran>
      <ergotsFearfulCsect bluethGhawaziStub="bible" ghyllsLucern="goobers">
        <roosesTautogs>centuryCankerySexy</roosesTautogs>
      </ergotsFearfulCsect>
      <doitedDunged>
        <dittany>craniol</dittany>
      </doitedDunged>
    </jarinaWhirledBespurt>
  </muchelChamberLaved>
  <fluxing leaningSilkie="mullers" obesAggies="lappets">
    <poromas compendKyklops="goners" lauding="noonish3777">
      <coffeeUptilts>piecing</coffeeUptilts>
    </poromas>
    <arbalosLysed rastyBrooded="quinoidPhanosNetop" bosunsNieves="debatesFerny4344" blanch="bunuelo6443">
      <braingeVitaeChouser>outwoeUnclubHippie</braingeVitaeChouser>
      <shootsDittedRoached seekCorsesBebrush="dolledCundums">
        <chumDagon>gladsTopes</chumDagon>
      </shootsDittedRoached>
      <librid mecumsTrain="tayronaGigolo">
        <prewarmMorsalDephase>meeksIgad</prewarmMorsalDephase>
      </librid>
      <ninox zehnerSoakingUprein="vetturaZeoideiEvened">
        <pmtDryadLunn>pirogue</pmtDryadLunn>
      </ninox>
      <impentNomesKosin>
        <estuary>pciEdgar</estuary>
      </impentNomesKosin>
      <adeline iodinsExodistNuke="peerageRoostyHefty9059" sagaieBarresExpense="198909071">
        <wieldyBastsRemijia>ferriteRuss</wieldyBastsRemijia>
      </adeline>
      <lawks suptTrappyOsmoses="donnaReconElmy" muffFaeNevoid="topwiseTholes">
        <draysShagbagCutouts>rediaeTylionCovert</draysShagbagCutouts>
      </lawks>
      <unfixed>
        <perates>conking</perates>
      </unfixed>
      <swargaPeptic>
        <runways>homogenLimousPignut</runways>
      </swargaPeptic>
    </arbalosLysed>
    <cattanOchringDished sapaKeefs="4" pioletsJibber="53" bowse="dyaster">
      <foulestSills>20170</foulestSills>
      <taxingAculeaFurze facetteAddy="6">
        <steeryBuffingOsamin>pother</steeryBuffingOsamin>
      </taxingAculeaFurze>
      <urealCubansLacca somehow="tickersIranismUpcatch">
        <orbitar>sashery</orbitar>
      </urealCubansLacca>
      <ayahucaBobsledTeri insameUnshoed="puppyBradYfere" gashes="joukedBaheraCovido">
        <hoydens>balksDindledGlyphs7021</hoydens>
      </ayahucaBobsledTeri>
      <laudianTerra cretismMungCojones="28">
        <youdenOusiaErugos>sumachsQuitter</youdenOusiaErugos>
      </laudianTerra>
    </cattanOchringDished>
    <pretireDowcetYohourt>
      <baberyIsologs>sfumatoZephyrs</baberyIsologs>
    </pretireDowcetYohourt>
    <relaidRotanevHinger>
      <croakerWeent>featPimplo</croakerWeent>
      <agedMorulaImines fresneTictocs="654306391" shough="abscamSpelman909">
        <capotGlazersHooters>soirBarrows4019</capotGlazersHooters>
      </agedMorulaImines>
      <kasherSudsmenAnimi windjamKartvel="tamus9">
        <cleaned>falloutWoidreSmelled</cleaned>
      </kasherSudsmenAnimi>
      <toros piaroanDimmetWych="trendedEpitra">
        <impanelBondonHussars>untarStruthNed</impanelBondonHussars>
      </toros>
    </relaidRotanevHinger>
  </fluxing>
</budgero>