<?xml version="1.0"?>
<falernMiscopy>
  <oraler mirv="gateauBeloukeSultane" rambledTurkleAwber="scirrhi" coolies="gepidaeOtolithEstral">
    <fartherParrotDolling>
      <gaggleUnshrewZaffirs>depaintBbls</gaggleUnshrewZaffirs>
      <demurDrivelPlenism healing="cannelGlaga73" bylandSulfidePenship="6323117">
        <adapis>3</adapis>
      </demurDrivelPlenism>
      <imbuiaPreseal kusan="denyerSnuffy" demotesIliauCorkite="621080989">
        <ikhwan>hamzahsIsegrim</ikhwan>
      </imbuiaPreseal>
      <curupeyOutlawsDimity amoursCreeses="78057" taffeta="juvenal">
        <stelaeMaras>726240463</stelaeMaras>
      </curupeyOutlawsDimity>
      <toistSomaliaPrudes bhpPirolPlumpy="6786" iwbells="ictonyxUnbroke">
        <ravisonRoanoke>kymric</ravisonRoanoke>
      </toistSomaliaPrudes>
      <widbinMentaDebit worriesCera="252977" yellowKhanjar="takedToyota824">
        <bedamp>laurealBushily</bedamp>
      </widbinMentaDebit>
      <sumptArrobaMinimal braxies="anker">
        <rengaPykeOutages>368</rengaPykeOutages>
      </sumptArrobaMinimal>
      <forgoesColloqEscopet ormoluPatella="lixiveEatersCullets" retiary="kinsmenVomito">
        <dimplyCarbin>fute</dimplyCarbin>
      </forgoesColloqEscopet>
    </fartherParrotDolling>
    <barquesFegaryCorrect>
      <dealateHallahsOxygens>285655680</dealateHallahsOxygens>
    </barquesFegaryCorrect>
    <adon windedApandryCultism="hoopleLucombePlancer7">
      <snider>mysianNothalLunare</snider>
      <sicsacWithen>
        <witful>gobetJacalesKaitaka</witful>
      </sicsacWithen>
      <gletty>
        <imbruesEyeless>spiffedDidicoyYank4075</imbruesEyeless>
      </gletty>
      <qurti drudgesHawMyitis="sclerasMovant" doris="oxalisNoil">
        <talakNews>tamarin</talakNews>
      </qurti>
    </adon>
    <deistFaceman mopanUnscent="bobbiePrecavaYemen">
      <sniftAnormal>piecedEmeses</sniftAnormal>
      <angersBrinkGodowns murexidAlgodonArmload="nusfiahVegScintil">
        <dipsyGuloseSmugism>hapukuVicarii</dipsyGuloseSmugism>
      </angersBrinkGodowns>
      <woofMitzvahTyke serifObside="dryopesFliers" epoxiesPardonsSainted="dildoes">
        <jimjams>muggily</jimjams>
      </woofMitzvahTyke>
      <phytins>
        <erikaPhobicAerosat>nightiePomp94</erikaPhobicAerosat>
      </phytins>
      <whooCopulaeSourest>
        <oakboy>khahoon</oakboy>
      </whooCopulaeSourest>
      <murmiCoynyeTrehala>
        <quills>sakisMetalaw4</quills>
      </murmiCoynyeTrehala>
      <yett>
        <klopsCapsa>konradCoryciaCample</klopsCapsa>
      </yett>
      <apogonPall cotoxo="poalesReemits">
        <repowerFerrashWantage>clautObeliasDidie</repowerFerrashWantage>
      </apogonPall>
    </deistFaceman>
    <ukiyoyeShady>
      <daggledDementi>tampion</daggledDementi>
      <bynamesFiddedMismove intent="eyrasPossums" mismateClareShehita="trisulaGalilei">
        <curariBranksMekong>viasAratory</curariBranksMekong>
      </bynamesFiddedMismove>
      <spumed>
        <poncaNervate>35563</poncaNervate>
      </spumed>
      <seededInsectEstufa>
        <ternizeSak>309</ternizeSak>
      </seededInsectEstufa>
      <charkha nasuteConantPaynims="shewers" hagrodeSellersGalliot="skeatBrowsed">
        <hammilyDooleesTlr>ssing</hammilyDooleesTlr>
      </charkha>
    </ukiyoyeShady>
  </oraler>
  <bemoansRabbleCleaded rajaWaunerAdjuror="flenchEvzoneLobcock" wathScreighShariat="241" distrPisces="lacmoid">
    <frowEurus>
      <boyars>bummalo9879</boyars>
      <resingNailsScasely builtinMetif="unsmartBrawny" yeniseiWarabi="ananaAkeake">
        <speirsBirledRayon>peacedGraeme</speirsBirledRayon>
      </resingNailsScasely>
      <chiniksTassie grieved="eyelike13">
        <zeroBittedBurry>cocciChappin</zeroBittedBurry>
      </chiniksTassie>
      <varahanLeaked shingleLinoxynBraked="basUpwhirl">
        <sawali>136</sawali>
      </varahanLeaked>
      <tibiaCuria pelias="joker" throuchJuicingCroisad="cushats">
        <nugify>podsolsSkevish</nugify>
      </tibiaCuria>
      <berther moiderTemblorMetrics="gowferCanion">
        <adapted>paredLiquids</adapted>
      </berther>
      <cadishCuffs pisteIcily="49465898" caponMaximon="waggy">
        <stitheSeisingOneill>taplash</stitheSeisingOneill>
      </cadishCuffs>
      <enquireFlimmerDolcian topmastWilkin="4">
        <samhTrioxidTrankum>kanredRixWikiup</samhTrioxidTrankum>
      </enquireFlimmerDolcian>
    </frowEurus>
    <aedesHussarsMerging>
      <ladyishCutworm>aikPteromaMartite</ladyishCutworm>
    </aedesHussarsMerging>
    <fordRemouldUnfunny>
      <vaulter>archletDeridesIncuss</vaulter>
    </fordRemouldUnfunny>
    <acrasySpokane farts="25382" armoric="moneysGaunter" fencer="13445423">
      <karaismViduateAngili>singeThuluthIncubee</karaismViduateAngili>
    </acrasySpokane>
    <codensScamp>
      <alfonsoLacrym>1248875</alfonsoLacrym>
      <libriCreel dismalLardite="treadAllure" olivary="repass">
        <dynast>catdom</dynast>
      </libriCreel>
      <tarted>
        <cassianGesith>emeusGrandma</cassianGesith>
      </tarted>
      <yarnsOxyopyBulled>
        <uncoopMerrily>edenicFatlike</uncoopMerrily>
      </yarnsOxyopyBulled>
      <strayedProbityLessest neogaeaOrsellePinatas="sheddedGray" surely="727">
        <montuSourceTariana>eidos783</montuSourceTariana>
      </strayedProbityLessest>
      <skimpLissomeDucs rebluffBolster="abietin">
        <sprugMaziest>din</sprugMaziest>
      </skimpLissomeDucs>
      <watapesHackled>
        <trayneJimpestThermo>stemsPeacockOxalite</trayneJimpestThermo>
      </watapesHackled>
    </codensScamp>
    <tittupySepsine resaltSnocher="bourock" tingingVivider="maamAeolina">
      <tozer>guttierWoodsy</tozer>
      <hews>
        <fendersLemelCasita>bksMammal</fendersLemelCasita>
      </hews>
      <strapsFumingSlues>
        <talcky>slidageMussickAnguses595</talcky>
      </strapsFumingSlues>
      <brighidBranny whatzit="timistArsinoJoisted856" januaCymenesTaupes="99">
        <fermailTimawaMurinus>deprive</fermailTimawaMurinus>
      </brighidBranny>
      <resinic teltLutFraise="sinapis" deemsInnet="cohoSilyl">
        <coactFilacer>4899</coactFilacer>
      </resinic>
      <doghood>
        <wazirNullWrought>weiGutteraSnapped</wazirNullWrought>
      </doghood>
      <redateWoodhenTendant prowest="pinheadKenlore" upwith="jurareForpassEthoses11">
        <lankishAntiopeUnsafer>regreenUnbe439</lankishAntiopeUnsafer>
      </redateWoodhenTendant>
      <slaviFoppedEupepsy bedamnsSirian="297561">
        <replumFerliesBuncoed>955133</replumFerliesBuncoed>
      </slaviFoppedEupepsy>
      <softenSwedru>
        <sutteesAlginic>ihsChekkerRefilms3743</sutteesAlginic>
      </softenSwedru>
      <menura showman="dudleyaThoght3">
        <planing>hadntTheism</planing>
      </menura>
    </tittupySepsine>
    <wendBonnneLuff mustierSanzen="dupattaSloid" meowTurnway="6373445" adry="quadrelOradWaggel">
      <hecateStinky>viewsFlytesPaeon</hecateStinky>
      <saddledTarble gotraBinges="trimers" maungeAcoasmWilts="woggleFilietyAhuatle">
        <saltilyCheng>reidCloyedPaysage80</saltilyCheng>
      </saddledTarble>
      <updryLarcher scribalEssang="bromaFucker">
        <slumpedMongersZymotic>shiptDiazoReborn</slumpedMongersZymotic>
      </updryLarcher>
    </wendBonnneLuff>
  </bemoansRabbleCleaded>
  <artworkDeansIdalian greund="548" meaconFeezeTogate="stingsRepaper" geladasWaka="19" indunaStagMystic="hamiteLoggier" />
  <volyerBhagatBaning daysFamousBoatlip="corkageGloomy" wauchts="1792" fossule="dryopeKetol">
    <siddhaApellesBetail tomentaDeledRyot="qurushBended" tagtail="piddled">
      <bowers>besoulFrilalFarers</bowers>
    </siddhaApellesBetail>
  </volyerBhagatBaning>
</falernMiscopy>