<?xml version="1.0"?>
<monierSlummed>
  <sneeryRfzChromid vexer="plenistSpeakCruds" preset="kepped" lusus="rewwove" abatorWeeverStowage="tanadarBullose">
    <whicker pmsgOstrea="edisonMaselinGustus" kampong="reburstAbnakiWorkmen" hullers="zizith">
      <wardianBorons>enaena</wardianBorons>
      <yobboes preteenFulaniBimanal="potholeBeds" refuses="bonangDikerTactor">
        <sanTwat>dingingIkebana</sanTwat>
      </yobboes>
      <foleye>
        <frutageImpisYttrias>mes13</frutageImpisYttrias>
      </foleye>
      <rewan djebelInhaledBrawner="rehoist">
        <saponiCat>castle8090</saponiCat>
      </rewan>
      <ceticUnrimed bouts="trends6108">
        <argyllLukas>queuer</argyllLukas>
      </ceticUnrimed>
      <annaryMalm depasHurstBeatuti="delaysRepavedBibcock">
        <faldfeeAgade>powcatAdeliteChabuk</faldfeeAgade>
      </annaryMalm>
      <longeKinesis tapalo="56794" muzhikDana="cognize">
        <hurdenBangyRouen>ironistAsteism</hurdenBangyRouen>
      </longeKinesis>
    </whicker>
    <dripperDamner>
      <leef>regr8117</leef>
    </dripperDamner>
    <uckersCiseleSchlump>
      <caftanMordvinCaon>pendedSake</caftanMordvinCaon>
      <timboDaurnaSmutted>
        <poses>glumly</poses>
      </timboDaurnaSmutted>
      <preomit godivaPealike="tidelyAroon">
        <airier>yurakRevokesPrem</airier>
      </preomit>
    </uckersCiseleSchlump>
    <laquei grelot="pycnicScance8">
      <gocartAgrTermor>laraliaOwenEfflux6735</gocartAgrTermor>
    </laquei>
    <cranniaSegues hencoteHotmeltDave="crinalOrbsWitbooi" nonhero="oleaseStannidEvents">
      <sucuriRestElate>seigeScrotum</sucuriRestElate>
      <nevoidBarrowCps>
        <rusotLingot>africaHeygh5</rusotLingot>
      </nevoidBarrowCps>
      <sahibEvaMajesta>
        <eponymy>cowherdSpokenRimer</eponymy>
      </sahibEvaMajesta>
      <lathes>
        <expendGemsbok>verCleveSheeney</expendGemsbok>
      </lathes>
      <restDraco careysOuakari="getaeBigotsFerly" drawlPottles="abatesColdlyPolar">
        <gunja>phasicTursha9</gunja>
      </restDraco>
      <stylliLardonsAshes redskinStep="coffea">
        <burrersBlaubok>quina921</burrersBlaubok>
      </stylliLardonsAshes>
      <bockey baudMabFilly="poppetGael">
        <nursleSyndics>dejects</nursleSyndics>
      </bockey>
      <yellowUsuressTablita heraldDisced="christyClaiverReboils5">
        <toust>fordLinhay8991</toust>
      </yellowUsuressTablita>
      <daylessBalawuRinging unpoledBusuutiGallah="delicatServianAneared1" quassesSerial="humbleHelas">
        <gurishFondlesTellus>curieZieger</gurishFondlesTellus>
      </daylessBalawuRinging>
      <haulFattensGuttier>
        <deulPartlyHappify>lwmCedrate</deulPartlyHappify>
      </haulFattensGuttier>
    </cranniaSegues>
    <tariff>
      <balasPhoebeFlated>agonies</balasPhoebeFlated>
    </tariff>
    <plosive>
      <paillesLinemenLoggat>646370915</paillesLinemenLoggat>
      <stoleGrummel>
        <zipDevoirsBartree>affiantMousseDebtful</zipDevoirsBartree>
      </stoleGrummel>
      <monteraPoesiesTarsius perYohimbe="tweezesBedad1" hostBirths="482280680">
        <overfee>logcockFrixionEntrez</overfee>
      </monteraPoesiesTarsius>
      <mocoAlmery rompuTeratic="remade1137">
        <duopolyMornaySwipper>morinelBeigy</duopolyMornaySwipper>
      </mocoAlmery>
      <sweatedTambac boatman="6351">
        <araru>alepine</araru>
      </sweatedTambac>
    </plosive>
    <micklerEctopia>
      <syconVealier>fimeticTestifyHavance</syconVealier>
      <actinia foulishSnaffDismain="deanGtt">
        <towableWakeelHatred>alleleuVariaCobless</towableWakeelHatred>
      </actinia>
      <gussiedDoigte arcadeValetedIntrail="endersQuader" rosular="7275030">
        <yardsWaflibAdoniad>cotwinInhive</yardsWaflibAdoniad>
      </gussiedDoigte>
      <pollackEmotionRolling kiddedZinnia="copals" lubaStunsle="boxenSlushedLaddie">
        <banking>2156</banking>
      </pollackEmotionRolling>
      <goodyDorts poniardCamail="beslowUppishWistiti">
        <scorpioInfixed>snugifyFlans16</scorpioInfixed>
      </goodyDorts>
      <baggiesNotates relying="gigot">
        <enemataKemal>swapLootedGranada419</enemataKemal>
      </baggiesNotates>
      <drainedMorgaHulloa>
        <vizorTedious>kamichiPape</vizorTedious>
      </drainedMorgaHulloa>
      <franzWitted>
        <parodoi>feasesOrthoseBalk</parodoi>
      </franzWitted>
      <tratler yarkeVacuoSeems="rfsTubboe">
        <alipinOsmicAureole>ouselHavenedLycidae</alipinOsmicAureole>
      </tratler>
      <lacemen linos="funaria">
        <lordkinErriteRanulas>90489661</lordkinErriteRanulas>
      </lacemen>
    </micklerEctopia>
  </sneeryRfzChromid>
  <wantage staioStreelPesewa="prepose" nullum="dhangarLegitEnring" />
  <surnameAsp merfolkWalleye="feoffsTitersStrong" musketo="flexedDiploes" perchedChok="wolffiaAidedDetort" flybookAnimi="hordeinGowland415">
    <azazel cgm="outtask" glazeAshtrayTrattle="wistiti" manjeri="vaccina">
      <leanishOrseduePsoric>lobesWhelkerKaingin5</leanishOrseduePsoric>
    </azazel>
    <jumellePalterSessa>
      <besagueInkweedDola>dyausKaiak</besagueInkweedDola>
      <aught>
        <soughtBrahm>powwowsKappDutiful</soughtBrahm>
      </aught>
      <tedescaSpodesDob unsell="drawrod" mumbo="risquee">
        <boughEleatic>forsookStyle</boughEleatic>
      </tedescaSpodesDob>
    </jumellePalterSessa>
    <gaminesRibbierThram>
      <armure>dottlerVacoufHongs</armure>
    </gaminesRibbierThram>
    <indazinHoddensAlamort duadPoonacAzonic="decree" blackey="69">
      <purrerDracmaKercher>5200</purrerDracmaKercher>
      <fur naywardBaghdadCrotal="simabaAdamsiaPlexal">
        <dissertCoddingUnswing>thible</dissertCoddingUnswing>
      </fur>
      <mudarDrylot lourdy="inkerMetreteFitness">
        <voyeuseRetimedQuarrel>chaufer</voyeuseRetimedQuarrel>
      </mudarDrylot>
      <unemptyClumse sakis="driftyHyle7882">
        <ignores>operateLegTrib193</ignores>
      </unemptyClumse>
      <aestiiKingpinWetters aldQuidderSalmis="blumeaTbs" clewingMutestSundry="ambries">
        <usnicKnitch>swampyRozzer</usnicKnitch>
      </aestiiKingpinWetters>
      <prylerTends billmanGlaive="redriedBotargoTomcods" soapierBucolic="phloemsDecurveRokeage">
        <cabobs>unmixt</cabobs>
      </prylerTends>
      <englue>
        <rusticsWhipPicky>687652931</rusticsWhipPicky>
      </englue>
      <inadeptBeinkedShippo>
        <likenPreaged>dustuk</likenPreaged>
      </inadeptBeinkedShippo>
    </indazinHoddensAlamort>
    <poonSteriAll>
      <bhutDespose>steepsJapaneeDoucet</bhutDespose>
    </poonSteriAll>
    <idiasm>
      <rugKoradjiCharka>manacle8000</rugKoradjiCharka>
      <scalledTrisomyTahiti>
        <pinon>tinfulsTreatyMessin</pinon>
      </scalledTrisomyTahiti>
    </idiasm>
    <annexesBrig>
      <pishesDelicts>novelry</pishesDelicts>
      <bizz beanoTulareDrugs="roubStolonsShikara" spencyGaddiFlotson="hclNitpickRetial">
        <burka>kmet</burka>
      </bizz>
      <gluteiAlloteeVatted updryCusecSemifib="fought">
        <catur>20</catur>
      </gluteiAlloteeVatted>
      <jolts sneezesDaroo="polosAnlace">
        <cadged>rejects</cadged>
      </jolts>
      <vectionSancta>
        <lyingsAreanRotaman>farsakhPriscanMonact</lyingsAreanRotaman>
      </vectionSancta>
      <braceroAltarDoutous>
        <shaitan>cafes</shaitan>
      </braceroAltarDoutous>
      <stooreyBiform consentUpheapNolle="follerMaire" fakofoSlimmer="cyclismSpriestUnsly9495">
        <begats>farhand</begats>
      </stooreyBiform>
      <dashtRotary ploatJoyancy="wirrahDishedDbrn">
        <harmersUnawedForged>musaeusCyclasNeedle</harmersUnawedForged>
      </dashtRotary>
    </annexesBrig>
    <gapo>
      <cauliRootcapLyc>zack</cauliRootcapLyc>
    </gapo>
    <intra>
      <doeFalbeloRevues>7350</doeFalbeloRevues>
      <mgtBombora>
        <becall>eyrenHexoic</becall>
      </mgtBombora>
    </intra>
    <tronFaailk>
      <dikersHowsourEngulfs>hyraxMaces</dikersHowsourEngulfs>
    </tronFaailk>
  </surnameAsp>
</monierSlummed>