<?xml version="1.0"?>
<upbrace>
  <ivoristViridinShifter seels="682913303" coheadsMuts="worries">
    <curvleJubusUnkempt>
      <spiritBurger>7110506</spiritBurger>
      <raanan>
        <arnattoTroad>2120272</arnattoTroad>
      </raanan>
      <astintSprew thievesBleymesWoibe="ojibwasDissourSeropus">
        <aroseManist>percurCleatWankly</aroseManist>
      </astintSprew>
      <cawkerHithe khepeshRummish="gaunted">
        <baths>docentsSuckers961</baths>
      </cawkerHithe>
      <dittoesIsogenyKhahoon>
        <vulturnGranaryUppour>uprend</vulturnGranaryUppour>
      </dittoesIsogenyKhahoon>
      <novaeGalops randPoled="sidderAlephItel">
        <yerbasBlaze>62684376</yerbasBlaze>
      </novaeGalops>
      <impedit>
        <cuorinDepicts>lekkerEndouteLodged</cuorinDepicts>
      </impedit>
    </curvleJubusUnkempt>
    <karlRem>
      <shroudsMinxAmorph>avocetsMoorhenDopas</shroudsMinxAmorph>
    </karlRem>
    <kamiya>
      <unwanSkanda>gourdsBosom</unwanSkanda>
    </kamiya>
    <wanhorn>
      <giftsQuealCradge>28553137</giftsQuealCradge>
    </wanhorn>
    <vugMartext>
      <kishkasTracliaTostado>achaqueEncinaDunting2</kishkasTracliaTostado>
    </vugMartext>
    <bisync bindery="742012">
      <antresBlusht>852792762</antresBlusht>
      <baniyaRatersComital>
        <citoleDrayedAlditol>markhorCometicSnipe</citoleDrayedAlditol>
      </baniyaRatersComital>
      <bhoyTapete>
        <realerPunkeysTipoffs>766</realerPunkeysTipoffs>
      </bhoyTapete>
      <awakenRandonIvies>
        <douceGopura>sloatFissle</douceGopura>
      </awakenRandonIvies>
      <petemen xosaHighman="vare" eluates="22199578">
        <delawWiduSylvage>44110</delawWiduSylvage>
      </petemen>
      <psychol hunderTailleBillow="7190" inclaveNake="peag">
        <manesNimBalian>tendracLatiner</manesNimBalian>
      </psychol>
    </bisync>
    <dowlas puddlesJinksGuilt="dharana" stucco="liangs" fabular="86">
      <grouterCardiae>lucumaUitspanValvate1</grouterCardiae>
    </dowlas>
    <precesAcridanOxhouse>
      <zetaMistuneFlanque>purset181</zetaMistuneFlanque>
      <cooperShowfulRundel woggleFrosted="amyQuizzer" conceal="foghornRabi">
        <feddans>45370128</feddans>
      </cooperShowfulRundel>
      <scummy rotondeCoffDonable="wishersEruc">
        <camions>kadderAlcaydeDodding</camions>
      </scummy>
      <tenthsOperlaArroya fease="galante">
        <skepMasker>892903374</skepMasker>
      </tenthsOperlaArroya>
      <unglib towaway="399">
        <justedBlithen>flitterCaelusAzygote</justedBlithen>
      </unglib>
      <follCoddy decoatSnurlyPales="bolo" alveoleBellboySurgeon="meseYagnobUrophi">
        <clompRodmanVincas>restful7</clompRodmanVincas>
      </follCoddy>
      <awlsSincereGenet binmenCancel="cultishHakka" gpmCaon="girted1308">
        <obusSwill>serean</obusSwill>
      </awlsSincereGenet>
    </precesAcridanOxhouse>
    <malar voulgeOperonSambul="ide" cirrate="dor">
      <figwort>stubble</figwort>
      <zabaismHankersSidrach miasmsLamin="guesser" dryadBeataeHabere="valkyrLimnsKillcu">
        <iceAbsorb>michealRoomers129</iceAbsorb>
      </zabaismHankersSidrach>
      <rugbiesDrudges marmotsExcuss="unwhigRetiaryRebato">
        <berated>94486446</berated>
      </rugbiesDrudges>
      <unlegalTaish>
        <geldingElixedMusal>vamping</geldingElixedMusal>
      </unlegalTaish>
      <unfitly whiggedHewable="pompanoSchemas">
        <ravenerWhiney>breeUrsonWheem</ravenerWhiney>
      </unfitly>
      <durityAmicedClechy hutmentSocii="cannotEnraged" totoRending="berlin">
        <ruckerMiriamSpeared>bassiaJazzerRowley</ruckerMiriamSpeared>
      </durityAmicedClechy>
      <crepine>
        <heder>chinnamYutuOily</heder>
      </crepine>
      <hawbuckStroys uphold="juiced">
        <gelants>culmenUnwoundCowitch1091</gelants>
      </hawbuckStroys>
      <laziestRemix tinnockPrayerDegorge="vacoufGoldieCyprina" daunt="243716">
        <digress>aughEctopyLothly</digress>
      </laziestRemix>
      <royally koolahNursleOrbiter="vitisEffront">
        <foppery>abused</foppery>
      </royally>
    </malar>
    <radion>
      <dunkledScrumpSwoln>seedierMulcts</dunkledScrumpSwoln>
      <tildaProwls>
        <bubblyLadens>scutelEomeconTangier</bubblyLadens>
      </tildaProwls>
    </radion>
    <unbark spect="jatSnaggle642">
      <agility>oxshoeShadesFichu</agility>
      <cantorMisharaRellyan rondureLocutor="freesiaEscribe" flappyEarwormPeps="dowment">
        <fratery>sparklyPeskyDelicat</fratery>
      </cantorMisharaRellyan>
      <gulleryUnnoble loller="verb">
        <sacae>aquerneBrunch</sacae>
      </gulleryUnnoble>
      <enflesh>
        <unbindsAwhirlClaquer>odder</unbindsAwhirlClaquer>
      </enflesh>
      <jottyOvenly>
        <gusleePahouin>pinworm</gusleePahouin>
      </jottyOvenly>
      <chowsedEcht>
        <buttingPillasOam>tennisMicrohm</buttingPillasOam>
      </chowsedEcht>
      <chowse>
        <fideleRumbleDressed>porkmanEctene</fideleRumbleDressed>
      </chowse>
    </unbark>
    <vainerBks>
      <reimageBilosBaviere>saigonWonder</reimageBilosBaviere>
    </vainerBks>
    <zingaro>
      <liaisedThiasiInca>54406</liaisedThiasiInca>
    </zingaro>
    <shimmyKernelsSmoked palch="roxie5967" thermal="macumbaTrochidWilded">
      <maharajOctaneOverdo>aflightCeil</maharajOctaneOverdo>
      <agilitySisi urialMetonymWampums="98821302" peeringJeePoles="tetumCliviaSwiftly1723">
        <divestAnginas>friskin</divestAnginas>
      </agilitySisi>
      <gambesSpiler foulRasp="waged">
        <taxitic>95351</taxitic>
      </gambesSpiler>
      <dernerTidies feeringDipnoiPiceous="confed20" cutises="129637">
        <chauntLitresTrined>87</chauntLitresTrined>
      </dernerTidies>
      <coannex>
        <waltron>towzieTawpie910</waltron>
      </coannex>
      <enshawlHushingPressed bearersEmodinBastile="goslet" loatheGenappe="ganosesRoaches1340">
        <gomaVastilyDvaita>flusterGrahamWhets</gomaVastilyDvaita>
      </enshawlHushingPressed>
    </shimmyKernelsSmoked>
  </ivoristViridinShifter>
  <argufyNoisomeThema eggsBulkerMusumee="tansel" fiscsMon="tippler" diluentUnpacedLhota="eaglingYielden20">
    <unpieceJapingRifart>
      <costersPoorgaRealive>croonsTooshNavels</costersPoorgaRealive>
    </unpieceJapingRifart>
    <mnemeRimal>
      <peppy>lasket</peppy>
    </mnemeRimal>
    <buntedPenner>
      <cremonaApnoea>foldedMiddens</cremonaApnoea>
      <sinhs>
        <mahaly>removedTraits</mahaly>
      </sinhs>
      <spaemanEviteRajasic roisterDingies="eleaticRilly" quarryAboil="tumultActualsCecile6558">
        <loathySeinedUnstow>diabaseRedartBarcan63</loathySeinedUnstow>
      </spaemanEviteRajasic>
      <ocellarSensorDoryman purinsRegrateWahhabi="resultAppels774" toros="santirEnfeoff">
        <prowestTrusts>90</prowestTrusts>
      </ocellarSensorDoryman>
      <jactusCharuk>
        <mimicry>407</mimicry>
      </jactusCharuk>
      <valentSteuben pataco="bazziteSoiree">
        <blanks>cutbankPortasClasser</blanks>
      </valentSteuben>
      <dossilsFrankerUnclout>
        <exergueApparelHershey>86388344</exergueApparelHershey>
      </dossilsFrankerUnclout>
    </buntedPenner>
    <melicVeena>
      <migaleBalan>kammeuDegold96</migaleBalan>
    </melicVeena>
    <requireReesty>
      <philterDollier>pryer</philterDollier>
    </requireReesty>
    <fraterMarhalaBonce roux="curberIlysiaObeche" purserPoaches="gargolLampernColibri128" bravelyDegrade="feowerScrolarDelaine">
      <osminaOffbeat>ampulla</osminaOffbeat>
    </fraterMarhalaBonce>
    <enteraGoshawk rebawlPuisnesGusla="fulldoDigitalKneeing" phraseyComSuitor="unstaid" muffingMarls="daledhGardeenOctoate">
      <towiesIndigesPunning>serving160</towiesIndigesPunning>
    </enteraGoshawk>
  </argufyNoisomeThema>
</upbrace>