<?xml version="1.0"?>
<stratasHurkaru>
  <amuchcoKokobeh>
    <aestiveRejournZambian>
      <trombe>embole</trombe>
      <bield cathernBuncal="repaysAbedeSharger">
        <exonerVorageBegazes>30</exonerVorageBegazes>
      </bield>
      <astiteNaives refills="389229" lacatanGeraraLyreman="unzonedEuonymy">
        <dhootieComfortPlangi>leewanYankton</dhootieComfortPlangi>
      </astiteNaives>
      <genipaGrammeActg kebbiesWadmal="mandola" flory="yiddishBridlerCrenae">
        <herbidBiloVolcae>430239571</herbidBiloVolcae>
      </genipaGrammeActg>
      <shamPaddlesPawaw>
        <ostlers>terrene</ostlers>
      </shamPaddlesPawaw>
    </aestiveRejournZambian>
    <yangsGenrosMishnah>
      <dilucid>doutousRapeSect</dilucid>
    </yangsGenrosMishnah>
    <acruxIffySeduces puraqueFouette="denote17">
      <shadine>clonicMoggan16</shadine>
    </acruxIffySeduces>
    <moleHinokiCrena>
      <sancta>elemi</sancta>
      <ferrado zelkova="stenchySemites">
        <thecaFussy>inlaced</thecaFussy>
      </ferrado>
      <sucraseMurinesPrimps unsaked="59256795" laioseWestham="holdsFaerieQuavery">
        <limity>pulsarsSpilesGarage</limity>
      </sucraseMurinesPrimps>
      <pullersPitted mesquitPlutei="quachilJeep836" presignMortars="aerated">
        <uropygiSnyeFailles>housalTomponCoelom</uropygiSnyeFailles>
      </pullersPitted>
    </moleHinokiCrena>
    <refaitArbalosVappa repasSleech="hoofersSetbolt" cessioLuteoma="49013296">
      <moan>elbert696</moan>
      <ethinylRayed gloomedRebosos="rudesbyMessanTyes" ebonite="soprani">
        <sacrify>591470</sacrify>
      </ethinylRayed>
      <spicksCholent>
        <wagatiCrew>scow</wagatiCrew>
      </spicksCholent>
    </refaitArbalosVappa>
    <vexilla tumbekiNavally="goos" grayest="9162922">
      <hustlerCerotin>creeded</hustlerCerotin>
      <goldiTottumPitcher daffleManas="arenaeBefogSarlak">
        <escuela>eaningRemarch</escuela>
      </goldiTottumPitcher>
      <cineastLeetle>
        <toftmenRetinolSyncs>relays</toftmenRetinolSyncs>
      </cineastLeetle>
      <oxgallReropeMackled>
        <limbersRipenerCouvade>dirkedSodyEndways</limbersRipenerCouvade>
      </oxgallReropeMackled>
      <tolyls fluoric="gravenMessireImpale">
        <subsillGymnuraNomades>180</subsillGymnuraNomades>
      </tolyls>
      <xeroses>
        <eton>develed</eton>
      </xeroses>
      <oxhuvudBalboa macles="holdPropupaLimer">
        <qtrAlbireoThrew>benday3095</qtrAlbireoThrew>
      </oxhuvudBalboa>
      <mohosReportMuscles tinnilyCoquinApis="ampoule">
        <zenzuic>nisus</zenzuic>
      </mohosReportMuscles>
    </vexilla>
    <phonghi>
      <frogmen>lintol8</frogmen>
    </phonghi>
    <mitierWiverns>
      <joubarbTepefyWoolies>292947</joubarbTepefyWoolies>
      <dikedTraceyCornute bemists="cwtEchevin">
        <likinPitasGoitres>crikeyRadioedSlatish</likinPitasGoitres>
      </dikedTraceyCornute>
      <teentsy klongSlungeRoland="egolPerukerFotched">
        <frowardMuscule>reefersBedazed</frowardMuscule>
      </teentsy>
    </mitierWiverns>
    <visitedAugurWehee>
      <rescoreGomerilHor>418</rescoreGomerilHor>
    </visitedAugurWehee>
    <merak eddicOarholeBushpig="agistTouzle" boation="scorkleSovite78">
      <rouensCirques>neighs</rouensCirques>
      <boozed aplomeStuped="ofttime">
        <hugerEvalHullos>ducklarSensoWangle</hugerEvalHullos>
      </boozed>
      <oberonBacquet tuttis="70601" bicetyl="espierDiluvy594">
        <kwatumaAurallyHomer>dapicoAsea11</kwatumaAurallyHomer>
      </oberonBacquet>
      <disney coteleTarble="pitted746">
        <termedTissuey>khatri</termedTissuey>
      </disney>
      <tutball>
        <peridot>winerKnapExcites</peridot>
      </tutball>
      <rhumbasRexenEarbob ovidianCangle="proddedRelove">
        <enos>suptReprMerc40</enos>
      </rhumbasRexenEarbob>
      <coosWrongly gypsumsDaring="lithParitiFlavid">
        <bugshaCuecaFraken>sirex18</bugshaCuecaFraken>
      </coosWrongly>
      <sievesSenseCausal>
        <dreidel>elbowsNugatorOhare152</dreidel>
      </sievesSenseCausal>
    </merak>
    <stiteErrors>
      <jocelynWithhie>sfootFoodful5</jocelynWithhie>
      <biogeny>
        <retameMisbede>privata2</retameMisbede>
      </biogeny>
    </stiteErrors>
  </amuchcoKokobeh>
  <yerthSlit subsale="linctus342" geryon="51524977" muxJuckMelton="6373">
    <asitia>
      <elytrum>weetedUnknewPiscis</elytrum>
    </asitia>
    <someway orchilNarcosePithos="causalsEtapesJaspoid">
      <beng>9143503</beng>
      <redientFibraPapilio regrassMaranta="1736">
        <glovingHatted>cymraegNuggetsCripply4360</glovingHatted>
      </redientFibraPapilio>
      <neathCramTosspot ramblerOstlers="shooledBroiden">
        <romaine>noddled</romaine>
      </neathCramTosspot>
    </someway>
    <trowBala awagKithes="guanoPulkaSotter" tarsiStoping="mekbuda" diamylSiftage="naevusOrbless">
      <boppedExon>mutatedArtusDibrom</boppedExon>
    </trowBala>
    <unbox atopenTursioPhiroze="manolisDabbled" pesage="35103056" chupon="bima">
      <pengoTrope>1435351</pengoTrope>
    </unbox>
    <doupionGambadoNates>
      <rewards>vergeDentoidErin2</rewards>
      <innless cdfSottie="detentsHoymanWebbed">
        <atropal>18</atropal>
      </innless>
      <byteMarathaJude fitcherAmebid="studierTaconic" arnattaSpleensLicence="preanal">
        <sizedUnlistAmotion>troueKetchy</sizedUnlistAmotion>
      </byteMarathaJude>
    </doupionGambadoNates>
  </yerthSlit>
</stratasHurkaru>