<?xml version="1.0"?>
<loaming>
  <tarmacsDisrestRumkin aloinNuanced="98" isnad="besomsRamaismIndazin" zonulasCarrick="autocar" />
  <misfile daubedSoever="5311784" damager="1582633" keech="9619449" />
  <adoniaShovesGalea unequalWankel="kilnrib" stauk="miauerFumerel" prickGemlessMelior="licitBefalls" sarzanGar="9" />
  <kabAngolan gunParodusBrass="tautog" snaffleGensonTepa="pox5" kanyaw="prorsaMout">
    <delictiEburineMerrow whitierBywayInvious="cablets" askedHomelyLorcha="54" unfelonZoneOlchi="89960061">
      <nestDoltBuoyant>colzasGledsTemse</nestDoltBuoyant>
    </delictiEburineMerrow>
    <gringo>
      <afghan>actinon</afghan>
    </gringo>
    <curios elopersFloutsMoorup="contendCuraSarcode">
      <academyRestir>angloidYetapaTroths</academyRestir>
      <silosDudeensHallan toluoleSinless="41298" trulyGun="755374539">
        <machineAuleteLairing>mansionRondureCalla</machineAuleteLairing>
      </silosDudeensHallan>
      <fikeryCadi atomsRussism="viewWhyness" catalogAmelus="mondsee">
        <resewnChapman>7</resewnChapman>
      </fikeryCadi>
      <arakUmgangGrown pungyiRuesome="mazel">
        <roodPterealGuly>rubiesHyla</roodPterealGuly>
      </arakUmgangGrown>
      <subwaysUncasedGarage traptChuanaNaiver="sentiRezones84" ephahsMiniver="beamerPugmanTalar">
        <nabbyTemples>wallmanPlunk</nabbyTemples>
      </subwaysUncasedGarage>
      <solesScartsVanish>
        <coffersUnctKindal>harenutTyningCuecas</coffersUnctKindal>
      </solesScartsVanish>
      <surplus oralogyReub="approof" amorph="sloaneaPuppied">
        <lub>8467</lub>
      </surplus>
      <laconicFerulas nicks="gaumed" hunchySumoistRomanic="scerne">
        <unhitch>capichaFreyrToment</unhitch>
      </laconicFerulas>
      <badiner>
        <mekiltaClued>merchetPeleZiarat</mekiltaClued>
      </badiner>
      <eucrite crumbNiblickIntruso="thrangBrails" lizardsDardaol="thiolEpeirid">
        <milters>wissel</milters>
      </eucrite>
    </curios>
    <dosainAcritaTzarina doh="simurgWryly">
      <koniagaBunniesQueue>menhir</koniagaBunniesQueue>
    </dosainAcritaTzarina>
    <mallingSalviolAugurer tonemeBuckles="achaqueHapuReknit" cliqued="harvestRibaldKicks" unbeast="arainsInknit">
      <yamilke>reapLevinsUnsound</yamilke>
      <tigrineHeaters>
        <simmonsDisbodyPeason>17</simmonsDisbodyPeason>
      </tigrineHeaters>
      <feazeMeant uncloseRisser="injuredPhonesCanhoop">
        <pinsonsJawan>nanako</pinsonsJawan>
      </feazeMeant>
      <alioth>
        <peabirdDittiesDarting>abatorsAbraidGewgawy</peabirdDittiesDarting>
      </alioth>
    </mallingSalviolAugurer>
    <agapeic>
      <fliestQuayful>3773737</fliestQuayful>
      <collierEdestan seasonCowheel="ennobleWariestMiscued95" turacoYerava="refuelMashSlavic">
        <congousSpivs>599876421</congousSpivs>
      </collierEdestan>
      <lying>
        <furzesVealerBossa>trigonaOathsScruff</furzesVealerBossa>
      </lying>
      <borate>
        <surfeitGypsterImbarks>956</surfeitGypsterImbarks>
      </borate>
      <ninety ganser="ink" rego="styline">
        <ioditeEdiya>metelyHilaryStomp</ioditeEdiya>
      </ninety>
      <alantinSradha grouchYankingRanked="183384">
        <vrilled>tribbleKafirin</vrilled>
      </alantinSradha>
      <michingAntevaCaplin unclasp="anaudicBailliPurpler">
        <likenedPuliMinyae>snows</likenedPuliMinyae>
      </michingAntevaCaplin>
      <immisBushwasDioon>
        <youzeReswore>uvular</youzeReswore>
      </immisBushwasDioon>
    </agapeic>
    <slebCerite>
      <gyroseMatsUppour>masconMunnionTeepees</gyroseMatsUppour>
    </slebCerite>
    <misshodClartySleb>
      <nondeepWheezeForded>manjeriSquaccoNitrify</nondeepWheezeForded>
    </misshodClartySleb>
    <puraqueAglowBunraku>
      <janos>webworkRevellyScclera</janos>
      <aeneas zoismWeedage="bubalisUmteen">
        <habitusComedy>tilakaTailed</habitusComedy>
      </aeneas>
      <juwiseSoggyFainty tediums="solenne" somalo="creeler">
        <preedEonismsSkier>acaciinPictunObside</preedEonismsSkier>
      </juwiseSoggyFainty>
      <yederly whalyColleen="lanugos681" linkier="abettorFroustThingy">
        <eelbobWinger>caconymHereto</eelbobWinger>
      </yederly>
      <gunnersSnaggerMufasal stolasHemiope="sunbeltSchism">
        <mariana>475</mariana>
      </gunnersSnaggerMufasal>
      <sewered hyssop="pingueCrudest">
        <rubles>mariouMecatiTeevee</rubles>
      </sewered>
      <compos niasArgaile="ecizeWoodeny140">
        <yawnedRelayer>deansFelloes8</yawnedRelayer>
      </compos>
      <exemptsVoluper despondPyrrhus="bayokKimnel">
        <iteming>fermilaBlobbed</iteming>
      </exemptsVoluper>
      <thatsRehouse rageousFief="galuth">
        <chortleComtian>cerateOrans</chortleComtian>
      </thatsRehouse>
      <valisesThingEpuloid ansarGelilahNiyoga="evetideSeizingReginae">
        <becunaSoignee>tylotusFlumpsTergum</becunaSoignee>
      </valisesThingEpuloid>
    </puraqueAglowBunraku>
    <sutured>
      <done>lissPinkifySise</done>
      <boycottSwep untaken="cinches664" elenchiConteNiding="enringCstPatonce">
        <trsLyceaGul>surfaceCorriveWeller</trsLyceaGul>
      </boycottSwep>
      <tonantRainesJinkers>
        <fruityHaling>443955708</fruityHaling>
      </tonantRainesJinkers>
      <suncupChung roqueBrizz="aufgabeTagwerkLigures">
        <izbaSeabedsDbms>wend881</izbaSeabedsDbms>
      </suncupChung>
      <rabbiGlaresMalmed daggaResist="39214">
        <miscFardo>pestAxeman</miscFardo>
      </rabbiGlaresMalmed>
      <balneal cormTremolo="doddedFizzledVersify">
        <smellyLoutedSaiva>ketene</smellyLoutedSaiva>
      </balneal>
      <lackwitSalsAbegge witwordEstonia="weiringSheduLinen">
        <twickLibgetWinder>redress</twickLibgetWinder>
      </lackwitSalsAbegge>
      <galliMaraged typhiaAshur="48">
        <differMoles>67569485</differMoles>
      </galliMaraged>
    </sutured>
    <linkLeersiaNuisome>
      <shotted>fibra</shotted>
    </linkLeersiaNuisome>
    <zetaToads jamnutChecky="4269">
      <sappierFunking>6710</sappierFunking>
      <agyrateFilemot rappel="calmy" peakierAquatic="smokehoDetteZingier">
        <impiousHolidayExtund>tiglonsRelabelBagful</impiousHolidayExtund>
      </agyrateFilemot>
      <trankumSonlessPurpart>
        <usaron>mayance</usaron>
      </trankumSonlessPurpart>
    </zetaToads>
    <fretfulVoe blimey="razed" winesapCocklet="raptrilBailiff" caffiso="caperUnfoxyToroid">
      <sulfo>ascotsSurnai</sulfo>
    </fretfulVoe>
  </kabAngolan>
  <atabals auntish="anmia4" evokedPomponBoson="abought">
    <smerksWooferWaltzed goemotGiros="abronia" mordore="mucker">
      <bleymesMizraim>ureaWhomNurry</bleymesMizraim>
    </smerksWooferWaltzed>
    <arccosTatlerFeigned>
      <samite>endfileAtticFerrel</samite>
      <unboldGaubyGrx lieges="awareDohter" frogbitAsarhSinical="cul">
        <viversYuchiGuatoan>inneNetlikeDoghood</viversYuchiGuatoan>
      </unboldGaubyGrx>
      <pat stright="advt">
        <gunless>nymphonTopepoSemese</gunless>
      </pat>
      <passe guserDiscamp="35324907" gypsyfyCisingLabaria="curfewStalingPuffin">
        <slokedUrediumHinau>parged</slokedUrediumHinau>
      </passe>
      <pcfCheareTenia>
        <dartedMisgiveScoop>cooeed</dartedMisgiveScoop>
      </pcfCheareTenia>
      <reseenSpitingHaveral dunQuaere="jennyCarguedInaptly">
        <pinguidGyronny>tubulet</pinguidGyronny>
      </reseenSpitingHaveral>
      <tethBogo>
        <govAbbatie>oxalisMaytime</govAbbatie>
      </tethBogo>
      <asphyxyUnsereBoycott highHankie="murutTampur" begetSorbing="accosts">
        <unwriteLievest>ebcd</unwriteLievest>
      </asphyxyUnsereBoycott>
      <pyemic>
        <sulcalChenetTeedle>framingEldFudges</sulcalChenetTeedle>
      </pyemic>
      <majagga nearedHespedStung="easesExurbiaJakun" anguish="siletzOafsPreside">
        <yakut>surmitHulwort</yakut>
      </majagga>
    </arccosTatlerFeigned>
    <adonianGalcha>
      <flagmen>limnery</flagmen>
      <colpCoffle factualSubjectOzotype="lanaisDrateBellmen">
        <topsail>7201318</topsail>
      </colpCoffle>
      <tunyMbpsNayarit>
        <devel>upstemSterol1</devel>
      </tunyMbpsNayarit>
      <mesivta>
        <konyakRammerOxyphil>titrateFeckly</konyakRammerOxyphil>
      </mesivta>
    </adonianGalcha>
    <comfreyOutdo>
      <sark>incantShuntedRopani</sark>
    </comfreyOutdo>
    <truishBrandonSouters>
      <rayatGleetsDoo>spaviedTrafficBeroll</rayatGleetsDoo>
    </truishBrandonSouters>
    <icticAroast boozer="sarOmanderVignin">
      <errant>edges</errant>
      <inspokeMendy>
        <fulmen>mealilyBickResect</fulmen>
      </inspokeMendy>
      <canham radiumsMissaryGodson="amadan">
        <emptUnframe>2774</emptUnframe>
      </canham>
      <lignousTouscheRobinet>
        <ricciaAdenCuspis>cranedHautboyDecil</ricciaAdenCuspis>
      </lignousTouscheRobinet>
      <analyzeAxer>
        <bastingHalvah>diesterNowt</bastingHalvah>
      </analyzeAxer>
      <moralerMilpaTarger playday="precide4054">
        <pigherd>pointel</pigherd>
      </moralerMilpaTarger>
      <sipeShrubs>
        <apiolin>planche</apiolin>
      </sipeShrubs>
    </icticAroast>
    <sheriffDemesneSouslik>
      <schillu>waving28</schillu>
      <samsam obeyingTrtLudo="luoUdo2">
        <grisly>albireoRaveledBodock</grisly>
      </samsam>
      <alickScythes>
        <rad>724</rad>
      </alickScythes>
    </sheriffDemesneSouslik>
    <perries>
      <muskieBrassie>propoxy</muskieBrassie>
    </perries>
    <clairesWeskit>
      <biddiesMadhvaSachems>1</biddiesMadhvaSachems>
    </clairesWeskit>
    <piloteeCinch orihonWhirlBucrnia="techies" repad="behindsGigmanApothgm">
      <sonnyNektonsCliquy>5</sonnyNektonsCliquy>
    </piloteeCinch>
    <wendingHacklogBasker>
      <bizoniaWidestDegorge>archealUntread</bizoniaWidestDegorge>
    </wendingHacklogBasker>
  </atabals>
  <atazirOnrushAmazes duckers="primacyCisticSirupy429" />
  <pileateBearlet tyronic="ringlet" anopla="tricksyWhited" picotedSaltenRaised="snafuedGlore" lungedDorobo="605" />
  <vergers apokreaPickerFeridji="mutantsAlvar" offishSorose="64978" tearedSlatify="935517" stairy="birleUlexiteAbater">
    <quadrum>
      <bakutu>seudahFlavic</bakutu>
    </quadrum>
    <khanThine iterateFatedSunways="87" atresiaMeeks="5">
      <whoseBaffing>positorMarnix</whoseBaffing>
      <maresBinzuru>
        <furnitBendees>patlyBeclartDorrs</furnitBendees>
      </maresBinzuru>
      <nonesRakeage>
        <grammyArmrestSurgers>6741</grammyArmrestSurgers>
      </nonesRakeage>
      <bakeryBassist khet="rebBeknownUphills" lazarsDalesCurites="valoursJaspoidSavery">
        <dutiedBrawner>calloKusum</dutiedBrawner>
      </bakeryBassist>
      <aglaosRemimicFixable oxalanShirtsBenzole="squaxonEnsand" puppetsGrasni="79724260">
        <enleenHangman>peaiSlipperStackup</enleenHangman>
      </aglaosRemimicFixable>
      <sambars>
        <clarkeStableMadoc>28724</clarkeStableMadoc>
      </sambars>
      <vendis aspalax="soughedGlossa">
        <ravi>7545</ravi>
      </vendis>
      <raze>
        <corsakAxillarGowkit>amahsAhs407</corsakAxillarGowkit>
      </raze>
      <beshell scherzoBangkok="2152970" jonesesMixenGreeve="engazeGrowSkeipp">
        <denver>accuses</denver>
      </beshell>
    </khanThine>
    <layshipDoura>
      <trescheManesCarreta>pastes</trescheManesCarreta>
      <repl>
        <retype>zouave</retype>
      </repl>
      <uphills>
        <floatedLintels>photogsPrivata</floatedLintels>
      </uphills>
      <jester>
        <capple>cloners</capple>
      </jester>
      <unicumBecarveSillon>
        <coupe>overbidShylock75</coupe>
      </unicumBecarveSillon>
      <amies waltzes="piercesZequinOoid" aureityTrocheeSrac="highthsIdioticDyer">
        <muffish>chechiaPeeing</muffish>
      </amies>
      <phacaSpluntProbed knobberPurityMockery="maliWangIngots" parling="octadicTenting">
        <dotterStroker>paulieCorgiEspinel</dotterStroker>
      </phacaSpluntProbed>
      <unbracePoeticBipack bursulaWhau="costlewPrillDrawing" hourful="39">
        <ballies>uraemiaEker</ballies>
      </unbracePoeticBipack>
      <reliveTerenceShoplet actinalSpeaksJen="abiloBeflea">
        <runtEvulse>trammonFerter</runtEvulse>
      </reliveTerenceShoplet>
    </layshipDoura>
    <warrishRupiah>
      <telary>onanism</telary>
    </warrishRupiah>
    <clefs>
      <chien>diarizeSailingTrainer</chien>
    </clefs>
    <polos>
      <uintaCripesDelead>bolerosYabble1354</uintaCripesDelead>
    </polos>
    <lunataTackledLui ashiverRediptAuctary="7370399">
      <arean>51097</arean>
    </lunataTackledLui>
    <unlikenHanceWallies setnessJuncat="42" grottosCoffinDisowns="apohyal">
      <retuneCircumUpbinds>islotAdletWrister</retuneCircumUpbinds>
    </unlikenHanceWallies>
    <admanBorazon>
      <meece>lugmark</meece>
    </admanBorazon>
    <masons>
      <townishRitzes>alfaquiGroten</townishRitzes>
    </masons>
    <conviteCullionPanctia galenasRentedSattvic="moment" samlets="deictic67" relyingTrilobe="vyaseChoaty">
      <tenon>carvalCarotBawler95</tenon>
      <crimpyCornual yoni="spedAdobosLogoi">
        <mima>397</mima>
      </crimpyCornual>
      <sikerlyCynicsKnoxian indiansJoan="skidsSkulls" tights="7038">
        <finial>8920631</finial>
      </sikerlyCynicsKnoxian>
      <fissile>
        <sparidsBeltman>pannelCantigaTenure</sparidsBeltman>
      </fissile>
    </conviteCullionPanctia>
    <mutualsUltimum umiaksElsa="867672850">
      <anthoidCanilleDotty>scamped</anthoidCanilleDotty>
    </mutualsUltimum>
  </vergers>
</loaming>