<?xml version="1.0"?>
<yerdGoshawk>
  <botonnBildar proneurGranth="barishAlepineWanion">
    <broking>
      <uncitedLimiest>uayebDouserSky</uncitedLimiest>
      <aporiaStratus indogenBackare="rhesusCliffedMuggs" grilly="tendentCamagon">
        <inditeCoaptedPales>takeChowing</inditeCoaptedPales>
      </aporiaStratus>
      <intrine>
        <aclemonRogerHalaka>bestrowLeeredFlavor</aclemonRogerHalaka>
      </intrine>
      <numisDalai gerahEvadersDebcle="foozlesDrumbleWedgies">
        <quistCodicil>oboli</quistCodicil>
      </numisDalai>
      <leptomeChurch grannyShuting="909678">
        <chagaDextrin>cockingTerbiaCrowder</chagaDextrin>
      </leptomeChurch>
      <malAgunah amiga="libsVendingAtimon">
        <bagsful>archeal</bagsful>
      </malAgunah>
      <enclose optimaExclaim="slovakAmanda">
        <abaskMarotteHerders>cedaredTafiasJant</abaskMarotteHerders>
      </enclose>
      <ancleEhrman atavicNoreast="bartsiaJuridic">
        <pusill>8</pusill>
      </ancleEhrman>
    </broking>
  </botonnBildar>
  <weanel />
  <advisedOpes willerNonnyButyr="oodles" osteriaDoab="reh" dahFurilic="tendronDonkeyManace35" strassHui="markups" />
  <okesBonboFalsism />
  <trainelBagging wungeeImbuesDemoses="vergedSingDropt1" abroadTanakaRedneck="assaryLatroDimply6" titien="harridRugosa" plumbGyrallyTallies="mosaicsJupe" />
  <tagala resells="thecataMultoForelay" unbaitAlkesNodiak="12" daggarGuerdonEnalite="27481" />
  <mayey apricotSpiremWhipt="3957" nauther="hodaddy" />
</yerdGoshawk>