<?xml version="1.0"?>
<rusesTins>
  <burster currachReh="nizamKnitchStrop" morbifyTheatreLicking="eugeniaChokies" outcropFurandi="cardin">
    <pandean>
      <manic>flaxmanShtg</manic>
      <teianEfph>
        <interYafflerJewy>betoyaLeptidKiddle</interYafflerJewy>
      </teianEfph>
    </pandean>
    <cottierMurium defoams="jussorySabin" situSsp="5" vitiImmoral="dcbnameMehelya">
      <cimbalBalizeCollyba>bestedPashingApandry</cimbalBalizeCollyba>
    </cottierMurium>
    <dellies>
      <piculetSnortedDobie>8815666</piculetSnortedDobie>
      <resmeltPishu koreroTmemataGigger="outstayMimetic" umboModenaEmbrake="29">
        <unnamedMaltmanPerlid>batwaFly</unnamedMaltmanPerlid>
      </resmeltPishu>
    </dellies>
    <wauchleFleecer astrut="277679229" stalagTampansLeadway="cajonElaidin">
      <whirlPlebe>insofarSimitarTunas</whirlPlebe>
    </wauchleFleecer>
    <surfsCeromaObesity>
      <abdal>jalapicTofus</abdal>
      <hasletVoluteDamping>
        <goundouBevenom>detoursAbles715</goundouBevenom>
      </hasletVoluteDamping>
      <handjar wanted="enciaEphasLaneway546" aquerne="kauriesLancetsRifty615">
        <chevretSaintsMishara>1359756</chevretSaintsMishara>
      </handjar>
      <glycideDumbed oxcart="neumsExpungeResowed" undustyRinchOva="322072519">
        <buttockScrodMurexes>voling</buttockScrodMurexes>
      </glycideDumbed>
      <steely>
        <taffia>dandie</taffia>
      </steely>
    </surfsCeromaObesity>
    <tubulus enoilEosMisdrew="sposhy9267" ophiteGhuzBattier="ghiEnsue">
      <imbosk>crumby</imbosk>
      <kludge instant="zontian124">
        <devons>gibbus</devons>
      </kludge>
      <refried>
        <anasa>heaumesNoxTinsman</anasa>
      </refried>
      <brambleBardilyGawkier quinoylJaziesNondo="91">
        <lamias>pouredChkfilUpsides</lamias>
      </brambleBardilyGawkier>
      <outpeerSmiterBroadax leysShebeenCoupee="espavePlodsMaidish">
        <yardedTakyr>bunionBhakti</yardedTakyr>
      </outpeerSmiterBroadax>
      <greigesMangoroAgust insertSkeansDads="spoliaBradoonChappow1920" terpClon="38066662">
        <pesetaMorindaSpeller>gripedSermoDuppy</pesetaMorindaSpeller>
      </greigesMangoroAgust>
      <psychesMhgStrome guttula="prissyIliadsNama">
        <clotVarify>objureSniffle</clotVarify>
      </psychesMhgStrome>
      <teioidKaikaraCueman tollerySpeil="319" chesser="erodentZambalTapster">
        <maught>acetla</maught>
      </teioidKaikaraCueman>
      <rhamnusVisagesMurut tippedZoic="formol">
        <glecomaThalliSemis>212</glecomaThalliSemis>
      </rhamnusVisagesMurut>
    </tubulus>
    <cocherFerdwitHeavier>
      <lauroneThroGodship>72319560</lauroneThroGodship>
      <calced galleraCatsoElod="saithDawkCulms" sanesElia="82">
        <eskers>5697099</eskers>
      </calced>
    </cocherFerdwitHeavier>
    <upshove>
      <strudel>jargon</strudel>
    </upshove>
  </burster>
  <gangliaRamplor prionusOutlast="fremdMatersLugs" impiFsiestAdy="poachItaliciGourami9290" grapierWaggishMezuza="756">
    <derout>
      <demencyActa>cunnyCrumped</demencyActa>
    </derout>
    <imperCoying>
      <urbic>vale</urbic>
      <boltFloury crumblePest="famaHeader">
        <limans>citess</limans>
      </boltFloury>
      <rompeeWahabitIsuroid buckeyeTeredo="132565" alinesWheneer="acingIdoism">
        <abseyCabocleOctdra>442264911</abseyCabocleOctdra>
      </rompeeWahabitIsuroid>
      <watala nunneryXenopus="unlarge" unslow="coagedShairn">
        <endwiseGleekedUnbitt>14317</endwiseGleekedUnbitt>
      </watala>
      <cowfish anlagenJubardy="rungHaulier" patersQuohog="anahitaThetas">
        <porrect>turmutGaulin</porrect>
      </cowfish>
      <fendHowlersActian marisGoasilaBruted="foutreMadamesPirny" tearily="monauliSmalmed">
        <pretest>bullaryDearnEstated</pretest>
      </fendHowlersActian>
      <chiton>
        <pitarah>cotan</pitarah>
      </chiton>
      <burgage skyphosRecta="wartyDevisesMacabi">
        <enoplaOwer>braunaTrowed</enoplaOwer>
      </burgage>
      <puggingBagheliAsseal>
        <rustBeings>hexerei</rustBeings>
      </puggingBagheliAsseal>
    </imperCoying>
    <soormaUnchain>
      <swagsHedgy>gaffChafingAramina</swagsHedgy>
    </soormaUnchain>
    <gebangDemalBenches>
      <isthmQuill>gimletCotheOkras</isthmQuill>
      <busyconCarniesCoolers troddenChefdomRegalia="kistsPuppy">
        <syciteColobin>empresaBecome</syciteColobin>
      </busyconCarniesCoolers>
      <rotorAvenida>
        <calina>pktChimingGinned</calina>
      </rotorAvenida>
      <yamens>
        <addedlyQuallyEpi>numblesGalosh</addedlyQuallyEpi>
      </yamens>
    </gebangDemalBenches>
    <cowpox soudgy="jigote" heptoicBugala="stoit54">
      <centonArgifyLongee>elater</centonArgifyLongee>
      <scleras>
        <lithium>defends20</lithium>
      </scleras>
      <rindMullsStrike topropeNutseed="boxhaulEnrolSimal" ethrogUnrips="tenonBourree58">
        <garthCabbledRatted>perineAculeaeSneeze4797</garthCabbledRatted>
      </rindMullsStrike>
      <poros>
        <gourmet>ragworkAnopsy</gourmet>
      </poros>
      <hastish alephBlebsPols="beratOedemaTwant">
        <ferox>curlsKafBoggled961</ferox>
      </hastish>
    </cowpox>
    <lambie>
      <nappa>erasmus</nappa>
    </lambie>
  </gangliaRamplor>
  <liney ansa="heizingChittyGlowfly4" unprimeIndoleBhajan="unroostLagunaBiface" olamicPlush="landedHafFuzil">
    <babiteUnbesot rottoloRapid="tidley6608">
      <hadron>terrifyTylosis</hadron>
    </babiteUnbesot>
    <assistsUnaimed>
      <penlop>alack</penlop>
    </assistsUnaimed>
    <pesetas>
      <folialClitchCoan>harried</folialClitchCoan>
    </pesetas>
    <banbaPrenzieReggae videTiered="tombakKosimo" elegitsYaffing="taktSert">
      <homingGermans>61322</homingGermans>
    </banbaPrenzieReggae>
    <asmack>
      <yinceKrang>tousyNephila</yinceKrang>
    </asmack>
  </liney>
  <protend balm="dielDueness19" />
</rusesTins>