<?xml version="1.0"?>
<toyersLuxe>
  <copseLamprey cattilyLasket="rimfire281">
    <nutletUnioned abileneVidry="belaud">
      <obelise>aecidiaIgad</obelise>
    </nutletUnioned>
    <biga mincedMarm="82315" mopierObanWulder="birdletSenderHurtled">
      <aground>whilereChic</aground>
    </biga>
    <mapachBespyClumped>
      <lanolinAblareLatter>endites</lanolinAblareLatter>
      <limbySludDiscs neumicSypher="sortiedSettee">
        <corpusMuseums>spraing</corpusMuseums>
      </limbySludDiscs>
      <tampin kambou="gatingSireneKnacks">
        <proreanMinim>coateeGoring44</proreanMinim>
      </tampin>
      <joomBoyars caririAerierParis="taboretMagadisAquinas">
        <pouters>sycomaBestowAlcalde</pouters>
      </joomBoyars>
      <ferallyHabereEfflux asialiaCyaninLagarto="85" pavins="holkedFlites9483">
        <caimansAwarded>holmicOlneyaInculk</caimansAwarded>
      </ferallyHabereEfflux>
      <mummeryMacacos pinole="98" larixMisselsUnplant="balsamoAniseLampong">
        <jambes>1109275</jambes>
      </mummeryMacacos>
      <talked hemesTyros="wharrow" eggnogSinuose="buggiesLeakers7">
        <cremant>974</cremant>
      </talked>
      <gluier>
        <klvaAngelsBoeotic>slummer</klvaAngelsBoeotic>
      </gluier>
    </mapachBespyClumped>
    <finewKerchBoost>
      <alnathBarbaTrillo>ragingBrocoli23</alnathBarbaTrillo>
    </finewKerchBoost>
    <parfaitZombiRacial>
      <bestudIndoxyl>55</bestudIndoxyl>
    </parfaitZombiRacial>
    <berayBioticPrenzie>
      <bepillBennyInaptly>chandi</bepillBennyInaptly>
    </berayBioticPrenzie>
    <endsPatined>
      <saad>84131830</saad>
      <hinniesGlikeSuant kasaQqvReverso="hackly" aspyFlavour="mantapa">
        <deitiesCoul>creditsSchulePsaloid</deitiesCoul>
      </hinniesGlikeSuant>
      <scraperSchick weakestSupport="hogan" seabeeEtoile="hoopoo8454">
        <acastPapagay>curineDissait973</acastPapagay>
      </scraperSchick>
      <viscousUrgersEnochic>
        <lunchedSeasick>nebula3</lunchedSeasick>
      </viscousUrgersEnochic>
      <richtRambles vulcano="billow" adroitTexans="3728">
        <mutinesPawdite>steubenGetableBooked</mutinesPawdite>
      </richtRambles>
      <tinhornPeppin>
        <landwaySledged>hemolBacketRepry</landwaySledged>
      </tinhornPeppin>
      <skiterMolalImplial>
        <tolt>escalopRendedCull</tolt>
      </skiterMolalImplial>
      <camaka daphniaLunated="4632">
        <unbrownFrisch>viduate</unbrownFrisch>
      </camaka>
    </endsPatined>
    <joinerYaweyMandi>
      <agoingGrande>5</agoingGrande>
    </joinerYaweyMandi>
    <army>
      <cunniFootsy>90</cunniFootsy>
    </army>
    <slimedAlants rise="addersTpsPockier" culdeeAutoistTeddies="961" largess="aloddiaBariaThalian">
      <keepnetDeceive>49054574</keepnetDeceive>
      <medianMaros cliqueyLireVenula="outrayScotomaAutoed6850">
        <metingDrafts>thund</metingDrafts>
      </medianMaros>
      <bummers>
        <alloquyConnect>severs</alloquyConnect>
      </bummers>
      <hoopoos>
        <mikiGrosetPeal>coppiceFesses</mikiGrosetPeal>
      </hoopoos>
      <uppingLaplandNaysay hearkenSandbinTiddley="mumboMarinedGlueman" kaguraSaladeRantock="590">
        <ladensTappallAnaryan>teemedCoaledAggro</ladensTappallAnaryan>
      </uppingLaplandNaysay>
      <mbalolo>
        <coccal>12102</coccal>
      </mbalolo>
      <mossingPumasDecream trigoneMaureenTubular="pred">
        <handsewFiliety>romauntBecurry</handsewFiliety>
      </mossingPumasDecream>
      <gestura>
        <parledClotureOptant>fealGuess</parledClotureOptant>
      </gestura>
    </slimedAlants>
    <giliak>
      <classy>38</classy>
      <ayin sculptRondureDelta="896295382" jorgeNoggedUnshook="grassedScintil9832">
        <mickeryPadina>frumpy</mickeryPadina>
      </ayin>
    </giliak>
    <evomitUkiyoyeBogman>
      <tamise>692614</tamise>
      <crossed>
        <mymarSepioidDights>sarafIcarian</mymarSepioidDights>
      </crossed>
      <phylarAtokal arxUnionedFeued="dodecylAssay">
        <crepyDave>1992286</crepyDave>
      </phylarAtokal>
      <uniquesShouted>
        <mexico>besomGyarungPlaguy</mexico>
      </uniquesShouted>
      <getic>
        <bultey>balorTulaImpofo</bultey>
      </getic>
      <jerkerLeudes>
        <swaggiAgneauCyanose>yeuked</swaggiAgneauCyanose>
      </jerkerLeudes>
      <endouteMissit swolnRaquet="emender">
        <collinsFidsPyxides>defect</collinsFidsPyxides>
      </endouteMissit>
      <scorch holdman="5">
        <meekly>ducEquiptHindgut</meekly>
      </scorch>
      <jumpyBuscarlNictate>
        <yamshik>fusht</yamshik>
      </jumpyBuscarlNictate>
      <baccareSpuming nahumBulkish="antbird" carlsStram="punctal">
        <stail>marcidMandraZenana</stail>
      </baccareSpuming>
    </evomitUkiyoyeBogman>
  </copseLamprey>
</toyersLuxe>