<?xml version="1.0"?>
<sepal>
  <unfiber />
  <unfrockJaggier scraberMisgrowUnwill="3331" />
  <gauntryWhiffsJeddock marxTwiggerLamber="shairdsVakassInermes8" shahin="fascUsninBaloney" gomutisStalin="sargeLounderPots93" unearedCupeledAmsel="fideismPensMadam">
    <tugless>
      <proofer>rajaOlefins</proofer>
    </tugless>
    <masser>
      <bakalaiSacrumsBunyah>bailer9</bakalaiSacrumsBunyah>
      <frden maihemKiaughShaly="clinicsZooglea" loopfulAzotine="hastenUnacted">
        <novumSheenieLeeful>cozes</novumSheenieLeeful>
      </frden>
      <pureesDowels>
        <rekeys>kiyas</rekeys>
      </pureesDowels>
      <hyoids knelledRammackPhobist="ozotype">
        <rerunImpedeCanap>streaksEnajimThisn</rerunImpedeCanap>
      </hyoids>
      <longyi closest="molestTosses" relitIsba="107852">
        <caymanChalconVimina>foinsNudzhTight</caymanChalconVimina>
      </longyi>
      <hobo affectShute="dogdomTimesKagos" luau="aitchesLobedVeloce">
        <dieted>splicesYamshik</dieted>
      </hobo>
      <juggleBasedCruety stupingTinnet="gotraMoxiesBatatas" pastilTrigs="8">
        <weighin>expdt</weighin>
      </juggleBasedCruety>
      <concnAttinge fringesFinerPhraser="idyllerPricier" dronageZanza="slushRedrugRetakes">
        <alenconFringeKhahoon>strawyLaccic</alenconFringeKhahoon>
      </concnAttinge>
    </masser>
    <ojibwa>
      <ratiosBeeps>sandedPesanteUnurned</ratiosBeeps>
    </ojibwa>
    <lampadsSusianGlace>
      <hexdra>bumper</hexdra>
    </lampadsSusianGlace>
    <gleenPatera>
      <htelAcute>crappo</htelAcute>
    </gleenPatera>
    <physicsDunstVouge>
      <kurgans>europaAirglowOouassa</kurgans>
    </physicsDunstVouge>
    <emerantGrout lassoerChinnam="quartinCalx" dhammaPoloist="samoryMidnoonOology" judexLibyans="scooterFlipper6680">
      <mammate>robertSighGol</mammate>
    </emerantGrout>
    <teaerVigaFlip>
      <ovensWaxiestMikados>korunyFastly</ovensWaxiestMikados>
    </teaerVigaFlip>
    <twangleFurzierGoatly carrieShuteyeAbr="timiderCotland">
      <fougadeTarmanCostful>310628</fougadeTarmanCostful>
    </twangleFurzierGoatly>
    <fozySpingel>
      <weedersWeirdly>9734</weedersWeirdly>
    </fozySpingel>
    <outrake>
      <bahutsArmetPeages>bushie6420</bahutsArmetPeages>
      <leecherElihuCalmato>
        <niggleWoodies>attagenHereat</niggleWoodies>
      </leecherElihuCalmato>
      <dhoon defDestroy="484511">
        <tipplesHaves>mooredDaerCarlage</tipplesHaves>
      </dhoon>
      <foursAmboinaYankee>
        <shippo>bombastPowny138</shippo>
      </foursAmboinaYankee>
      <erratum sidlinsHoperXvii="miamia" grifterDeciusDwang="likingDuraniParging">
        <vulgusExcelse>exoticsCoit</vulgusExcelse>
      </erratum>
      <acyloin>
        <teaboy>sabbyStunted636</teaboy>
      </acyloin>
    </outrake>
    <markeryTannateTeaze>
      <brokesTrevisBorh>5</brokesTrevisBorh>
    </markeryTannateTeaze>
    <mapperNephron>
      <beigelRotaGemmery>6958969</beigelRotaGemmery>
      <distaff kneadedEvenPlantad="983537" feedbag="ragletKisaeng">
        <cutiesTestoon>monial</cutiesTestoon>
      </distaff>
      <unleftBesped whinnelTartlet="reparel">
        <hobbleOutaddsAjoint>aeoliaSikhraMoas</hobbleOutaddsAjoint>
      </unleftBesped>
      <gaffesSirreeMasais averahEsteemHewed="easyJaletBricked">
        <trivvet>livenedVelluteIonised</trivvet>
      </gaffesSirreeMasais>
    </mapperNephron>
  </gauntryWhiffsJeddock>
  <unnameDentils merlLaker="acetum" gordonTowelsPawing="810956" />
  <tobineClunistViewers screeTaliped="bailie" />
  <envelopNavahosOtterer />
  <malicho hansInsistNegroid="2493707" prevoidCeston="plitch" />
  <callus cymryHardock="oskarTwangleGangava" pato="patener" />
</sepal>