<?xml version="1.0"?>
<deaned>
  <brummerToupTriga sinonChadorsBrawl="22606" stereid="86">
    <geogonyEstoniaChapes>
      <cooking>505330059</cooking>
    </geogonyEstoniaChapes>
  </brummerToupTriga>
  <qrsKokaneeAgalaxy pithesCompsUppile="ashet">
    <costaeMoldery oswego="monesiaPushMoiley">
      <spikesReprise>okoumeFinked</spikesReprise>
    </costaeMoldery>
    <warded>
      <judosBarnabyTownet>36529</judosBarnabyTownet>
    </warded>
    <anglosSinges>
      <skither>unhaunt</skither>
      <didiesAirling>
        <charedMarxismNepote>scalzNearer</charedMarxismNepote>
      </didiesAirling>
      <induceMommaBorlase cizeAradHokan="wakenDisnewRicer" tarkhan="debases">
        <boatel>belook9</boatel>
      </induceMommaBorlase>
      <cobsParoler mawksCleamerWretch="tanachAmaze">
        <dreichBussedExults>2590493</dreichBussedExults>
      </cobsParoler>
      <pyranylFlowedCays gunzianLwp="thistlyPar">
        <systoleUnfreesYielded>oriolusMaffickByssal</systoleUnfreesYielded>
      </pyranylFlowedCays>
      <subtendGamblerFilths cowiestRescaleDivus="shtBate">
        <bushierUnthorn>abarisBatlingVitrine</bushierUnthorn>
      </subtendGamblerFilths>
    </anglosSinges>
    <wailingSysout>
      <bedewedTavastElaphe>verdantQuicheFoxish1020</bedewedTavastElaphe>
    </wailingSysout>
    <impelSnudge reeking="jugum">
      <strafesByronicAsphalt>oxcartsKuficTanala</strafesByronicAsphalt>
    </impelSnudge>
    <crying>
      <avicideBritonUpbrow>akebiSubaudDower</avicideBritonUpbrow>
      <vamoseEyelessBasting>
        <uppowocBecrawlHobiler>nylon</uppowocBecrawlHobiler>
      </vamoseEyelessBasting>
      <dance theet="drungar">
        <apteriaBinotic>theody</apteriaBinotic>
      </dance>
    </crying>
    <oafdom culicidPembinaQuittor="greyishCosting" puanInterj="diwaniDowsesPlea581" hunt="truffeGillion">
      <coppyFunnelsFeases>hungersPatenerPipilo</coppyFunnelsFeases>
      <anyways siclikeSmall="castersHexogen">
        <judoist>sporontClientTappit</judoist>
      </anyways>
      <bulkageSandersTrisha>
        <claquerTrijet>54</claquerTrijet>
      </bulkageSandersTrisha>
      <smallyJipper groperPeeressTaplash="593405">
        <buckram>varellaCalorie</buckram>
      </smallyJipper>
      <hagletGunsterVenule typable="pptnBolsons128">
        <jcl>greened</jcl>
      </hagletGunsterVenule>
      <brass>
        <yohimbi>884828</yohimbi>
      </brass>
      <immind goar="abadite" planer="damply">
        <xylidinOutrung>azotizeLyomeri</xylidinOutrung>
      </immind>
      <candyhGromia mudirFjeld="buzzed" cicerLobulus="togger">
        <frumentStaged>metranServes</frumentStaged>
      </candyhGromia>
    </oafdom>
    <iridinGeomysTzendal>
      <spick>pardeBoggierHelluo</spick>
      <consumo>
        <badlySplenic>influx</badlySplenic>
      </consumo>
      <ahunt askariMungePelew="benwardPunkierJibbed" miserRerose="arhatAlumnus9">
        <tarrassCojudgeRecche>691168692</tarrassCojudgeRecche>
      </ahunt>
      <ironedPhasisLinkups>
        <shangan>peachedEnchain9</shangan>
      </ironedPhasisLinkups>
      <binnaHeteros>
        <espyLeefShrups>draffsPyrexPiscine</espyLeefShrups>
      </binnaHeteros>
      <kalpasBlowoutHaloing seizeDeutonOzark="telicalIsraeli">
        <whenceAnnual>syringe</whenceAnnual>
      </kalpasBlowoutHaloing>
    </iridinGeomysTzendal>
    <mattin olivilPegasid="lockersChirmWorded">
      <amandinUplong>brelaw</amandinUplong>
      <whirtle>
        <reginasOptDorsa>dinkingCoppingPartite</reginasOptDorsa>
      </whirtle>
    </mattin>
    <contexAnnaly brawnedIllocalBucca="bysenPatchFueled" mainourResteep="whopsEudaUnroomy7200">
      <verbousRale>instils</verbousRale>
      <brocketRollingPoops stylopsResoil="708301">
        <smirker>harmerOrage</smirker>
      </brocketRollingPoops>
      <paraderLipomasEnfort>
        <balliumChirkTravale>cabiricAlmoinMongst</balliumChirkTravale>
      </paraderLipomasEnfort>
      <dreep naur="8562">
        <chave>cade</chave>
      </dreep>
      <helioidLoris>
        <storiedKiaughInklike>mirkyFormee</storiedKiaughInklike>
      </helioidLoris>
      <brunets>
        <mincio>loxommaCarayan5</mincio>
      </brunets>
      <portedOsiride turmentDinksPangi="878478">
        <ouphesShame>warmthFungusyAnime</ouphesShame>
      </portedOsiride>
      <oconnorTansies embain="twangy" dearies="pavingsAshur">
        <visorUji>thripel</visorUji>
      </oconnorTansies>
    </contexAnnaly>
    <acomous finalisClaymanPattu="vesanic724">
      <bulbulMurallyOgre>adornerQuasarAgua</bulbulMurallyOgre>
      <nonfluxNitencyCropman knoll="yaourti">
        <soddedMushaLegpull>5750437</soddedMushaLegpull>
      </nonfluxNitencyCropman>
      <moiresBuccanDithiol serriesMannire="katunHimatiVistaed" jibbTramperStreet="ramsItoistKischen">
        <moulderStemmed>plattyBeteem</moulderStemmed>
      </moiresBuccanDithiol>
      <ootidsBenzoic refilmsAmmoThrall="ruggingBoiette">
        <tutball>shaula</tutball>
      </ootidsBenzoic>
      <acarari>
        <malabarScarilyBardie>snits</malabarScarilyBardie>
      </acarari>
      <masticEpeesLapsi>
        <oatbinHuastec>pipedApersee</oatbinHuastec>
      </masticEpeesLapsi>
      <syrphidFledge>
        <hoorahYeso>cabildoMahran</hoorahYeso>
      </syrphidFledge>
      <hohe toupetOrarion="atelene71" unakinLootenTurnery="2752">
        <comingsLepero>9</comingsLepero>
      </hohe>
    </acomous>
    <nielloRochingClosed>
      <limpest>dobbins</limpest>
      <blumea muezzinSerran="limpsy" evilest="betterVellumyElihu78">
        <cannonsAerobic>loused</cannonsAerobic>
      </blumea>
      <trianonLingala>
        <gidyeaRhyme>853</gidyeaRhyme>
      </trianonLingala>
      <helmage sulfateTittup="oneyerArcadeSubmind" enginIrkingPaussid="animes">
        <barrelsLede>sandalsNukeAndroid</barrelsLede>
      </helmage>
      <sops>
        <installChummedTururi>fracas</installChummedTururi>
      </sops>
      <caribeJumba tapuHissDisty="alebionFallowRebecca">
        <arrasEfforts>earshotGlovesCutling</arrasEfforts>
      </caribeJumba>
      <btuMull boffo="buffbarNumidaeTopmen2">
        <zincideAgnameForgot>godivaJinxing</zincideAgnameForgot>
      </btuMull>
    </nielloRochingClosed>
    <curiousRecork>
      <bonismMoujik>chudicPhonicFoulard39</bonismMoujik>
    </curiousRecork>
    <dolineAbbasidHuchnom lays="vassalsDudeCresyl" ironismUnlodge="celeryEstrus" schizzo="gyrusComelyCajon">
      <didymisSurvise>meliola</didymisSurvise>
    </dolineAbbasidHuchnom>
  </qrsKokaneeAgalaxy>
  <strafesBiphaseSafes charqui="guiderHesterGuemal">
    <ureic>
      <rambehMastras>bedumbsBeleaf</rambehMastras>
    </ureic>
    <jitneurLeucismFondouk bichirArumsYearful="reorderPinoleAldeia" tylosisCoxiestAssai="ejusdemSpermicLemma" gunnedBelgic="collab">
      <sutaioBodingDoketic>stey</sutaioBodingDoketic>
      <planksWormian eloignTaratah="59165851" kenafTamias="gainsetGypster">
        <refill>lysedAcidsOopuhue</refill>
      </planksWormian>
      <keywayBraxies combindNummary="morongBleatedEntente">
        <unmanedMismate>2</unmanedMismate>
      </keywayBraxies>
    </jitneurLeucismFondouk>
    <spulziePirnerLuminal>
      <boldinDiddler>qophsSkelter</boldinDiddler>
      <couponsMilchWicopy spalled="saktismQuiffMirage">
        <yarranCraneySile>79090</yarranCraneySile>
      </couponsMilchWicopy>
      <degrasObeli caredGenic="shingly" dubbing="whorls216">
        <bose>hawserLamiter</bose>
      </degrasObeli>
    </spulziePirnerLuminal>
    <whiners>
      <caffeinSpitsFedity>muralXebec</caffeinSpitsFedity>
      <donnasAgedly philtraMuonicShakoes="38399" kavass="merlonsRipsaws">
        <diapaseNewfish>sparkleTsadesUntrend</diapaseNewfish>
      </donnasAgedly>
      <scogPeateryNowch dobbins="651152" pompier="chaiseConvexo">
        <unescoTabuingHexs>culler1</unescoTabuingHexs>
      </scogPeateryNowch>
      <palkiPatrialBiding>
        <pardieuRailway>airport</pardieuRailway>
      </palkiPatrialBiding>
      <brittleRayonnyTinman>
        <palfryMicrobe>shushedGippyVizirs</palfryMicrobe>
      </brittleRayonnyTinman>
      <mizzen cimnel="donasRaced560" chemins="sigmaAureate">
        <vulpicArpentsScanted>pomade3456</vulpicArpentsScanted>
      </mizzen>
      <lairman patamar="social" packmenSabbekaMuser="780">
        <wishtKnacks>temserMuslinScrimer</wishtKnacks>
      </lairman>
      <autecyExultet>
        <misformMuscid>8</misformMuscid>
      </autecyExultet>
      <waddlyVil uayeb="curacy" fessely="abrico4467">
        <grammyFestalCaquet>braiderFoxilyUnsung451</grammyFestalCaquet>
      </waddlyVil>
      <choga>
        <niobicJennies>rhusesThenceProlin5792</niobicJennies>
      </choga>
    </whiners>
    <boreensHobbet>
      <zonoidFactory>dirkingGuywireCurtest</zonoidFactory>
    </boreensHobbet>
    <inableSalt furtiveSilphidLaude="giteInvars">
      <affiesRomanos>9739</affiesRomanos>
    </inableSalt>
    <tendour dudsPozPretor="begazesKuwaitNonbook9062" uplook="ricer">
      <corrumpIcho>74299</corrumpIcho>
      <imagineKuttaGappy>
        <potgirlRuddilyCrare>inures</potgirlRuddilyCrare>
      </imagineKuttaGappy>
      <veriestFrownyChelas>
        <jackboyEstreMidairs>leos</jackboyEstreMidairs>
      </veriestFrownyChelas>
      <woaderGibsons shimei="151038450" inactTabbingEmulate="uniceNewari1">
        <bhadonBiunial>7391002</bhadonBiunial>
      </woaderGibsons>
      <moonBurtree willey="duppa7">
        <canyCaliber>meanersFogouAbates53</canyCaliber>
      </moonBurtree>
      <regressBurseraPenally>
        <lycusThenage>putrefyStaderJunctly</lycusThenage>
      </regressBurseraPenally>
      <psig outtoldHornitoAmici="tinful" infernoMustily="replowFeezingPaeans">
        <storier>pyruvyl</storier>
      </psig>
      <yestern taxibusDaytime="yarest">
        <feeableNonplusUniflow>foundNeritaBoycott</feeableNonplusUniflow>
      </yestern>
      <saumRenerveScag syd="yacataHippingTyped">
        <locoes>reheats</locoes>
      </saumRenerveScag>
    </tendour>
    <leanlyRavenerSoso>
      <oneyer>vansFilumMetonic</oneyer>
      <good bibbersOchryFiaschi="2" tests="wraist">
        <forwornNonfact>axfetchInkie</forwornNonfact>
      </good>
      <norse latukaCupulaeSmoochs="avenaScrungeFreeway" quinkHelverQuadi="paleaCagit">
        <blungeAnton>grapes</blungeAnton>
      </norse>
      <rinsed>
        <centryAvodireAdept>anklungTorvid6</centryAvodireAdept>
      </rinsed>
      <sunup flus="saurelsRelayLegger">
        <mudfishTimbre>unseize56</mudfishTimbre>
      </sunup>
      <cloze succoseTutorer="titoistHad">
        <pharPazendOlders>zongoraGrippedEarpick</pharPazendOlders>
      </cloze>
    </leanlyRavenerSoso>
    <cassons>
      <swaging>24818</swaging>
    </cassons>
    <slabbyAyous>
      <courtin>baitersChart</courtin>
    </slabbyAyous>
  </strafesBiphaseSafes>
  <sawback moorn="768590283">
    <alticaHymnaryArchin>
      <nathePodura>tochers</nathePodura>
    </alticaHymnaryArchin>
  </sawback>
  <sojaLogoff pomadaLowyMatzoh="mexitlMakhzanOctene" />
</deaned>