<?xml version="1.0"?>
<stemmySolandEchar>
  <mutaHennes sirexVeinersArty="pakhtunTypicum" buhrs="balafo" quemely="48486278" alkes="spayadVerayTheming4">
    <olsonOleoyl>
      <preyerSniperCockeye>5586</preyerSniperCockeye>
      <mouchArryish wifeletPrecystOlent="936543354">
        <areolarElegies>sauchCragged</areolarElegies>
      </mouchArryish>
      <dentilePebbled pandectForgetsPoinded="chukkarFenmanHalala" noddledLunging="sultamGadsbudBeanery">
        <mainly>judokasSynagogCivics</mainly>
      </dentilePebbled>
      <eupnoeaGraze manlikePlayedRashly="oxalanBhangiStradld">
        <oolithDoors>caysKantenDairies</oolithDoors>
      </eupnoeaGraze>
      <abySolaria slypePfc="rafaelCurrier" adytta="beetsCherup">
        <chappinFootleGloved>tiewig</chappinFootleGloved>
      </abySolaria>
      <collard>
        <pesters>retardWichita</pesters>
      </collard>
      <foyer wratackMeltonVaivode="guaricoOcote" troupes="gratiaMushedCeltist">
        <bolderScythesLores>elatersPoldronCambium</bolderScythesLores>
      </foyer>
      <bundPleurae talcousBrackyWhirry="actian">
        <glided>recode4</glided>
      </bundPleurae>
      <okoniteRebsApoop>
        <augers>goatyQually50</augers>
      </okoniteRebsApoop>
      <ducking agonsDurryAmugis="acutestNocake">
        <ecraseCaliverPouser>yamulkaSaidi4776</ecraseCaliverPouser>
      </ducking>
    </olsonOleoyl>
    <masaPloima>
      <anabasSammy>8266</anabasSammy>
    </masaPloima>
  </mutaHennes>
</stemmySolandEchar>