<?xml version="1.0"?>
<renameCooledDeans>
  <tercia>
    <hemaseMalva>
      <jumentMeritsLambert>keesterBuyerGibbled</jumentMeritsLambert>
      <losses coptic="wapper" surlierGumtreeMinaret="stalkerCymatiaKalang">
        <grainedCarkBagani>dovishHoaxeeSestina</grainedCarkBagani>
      </losses>
      <gigNsec bandarFillockDybbuk="indogenAmbier2100">
        <sleetyShoeLaicism>vestsStilty</sleetyShoeLaicism>
      </gigNsec>
      <cookdom>
        <tyrian>kiotome</tyrian>
      </cookdom>
      <vareuse papyri="borismMinuets">
        <aspisesRaggilyCibol>arerolaDevisor</aspisesRaggilyCibol>
      </vareuse>
      <frills kanjisPogroms="awinkLexemic" gaduinViduous="eggSarky">
        <dhauraPossieEserin>300508681</dhauraPossieEserin>
      </frills>
      <akkaStopple>
        <setoffSayestCleome>686</setoffSayestCleome>
      </akkaStopple>
      <quintsCodolJackets methoDaymare="5" flasker="swatchShorans">
        <salmoNeven>oilcupStalestPallae</salmoNeven>
      </quintsCodolJackets>
    </hemaseMalva>
    <seawornCodesWorrier>
      <buritiPearchAshur>vestletTelinga</buritiPearchAshur>
    </seawornCodesWorrier>
    <cessAvidLexemic>
      <giunta>wendScow766</giunta>
    </cessAvidLexemic>
  </tercia>
  <aricineJointlyGossep cameoed="amblersMinicarFroisse" boater="toetoeTaxin" unpiled="glycolsLukemiaLabels" cudweedBoggin="734619972" />
  <dansker unadult="tabaret" irrealAflauntCasaba="imbrierVisibly9406" kettlerAcetineAltaid="opaloid">
    <refuel skatoma="ragoutArkosicUrates">
      <theaveHousingUlicon>gamierPeerDeewans</theaveHousingUlicon>
    </refuel>
    <herniaDivotCurtate>
      <squamae>retriesDarreinBlips</squamae>
    </herniaDivotCurtate>
    <lumeterAtharInamia>
      <dynamosShoeman>drogueBuraoFrough</dynamosShoeman>
    </lumeterAtharInamia>
    <shrewedNep>
      <ensnarlThrymsaApprox>inflictTubae4098</ensnarlThrymsaApprox>
      <espinos>
        <mayoHatingPants>toroSlackie1703</mayoHatingPants>
      </espinos>
      <spoonMiosesPrisage futharkAbelesHomelet="77953" tushy="neatlyCultual">
        <shuteSalomeTylote>7280</shuteSalomeTylote>
      </spoonMiosesPrisage>
    </shrewedNep>
    <bakwiriUpshove respokeWhatsUps="unhoop" sidestWiltonFeroher="ovibosPloveryBloops">
      <bowlikeStaithe>uptend</bowlikeStaithe>
    </bakwiriUpshove>
    <gripersSequani elfkin="majoratKopjesPurgers">
      <gnomonsFeasesAbyssal>maroonOcelliProcne9</gnomonsFeasesAbyssal>
    </gripersSequani>
    <beefyTreeing>
      <amniacNaggarSiecle>96582552</amniacNaggarSiecle>
    </beefyTreeing>
    <khuldaZydecoTartlet purgaAvichiRumney="13402604" unlive="ekenameUpshutSororal" asheryArrayanGleed="80">
      <antapex>pitting91</antapex>
      <keenedUnspicySpurter bonnie="sigloiDingbatChymics5">
        <widbin>fuzeeVedangaJarl</widbin>
      </keenedUnspicySpurter>
      <reelsTweedClast>
        <scentedAnguleSource>239077145</scentedAnguleSource>
      </reelsTweedClast>
      <pittingSteadyMaund>
        <chauvinGuazzoHuffier>1</chauvinGuazzoHuffier>
      </pittingSteadyMaund>
      <haplomiHyperonSalty>
        <elmwoodGunfire>berg</elmwoodGunfire>
      </haplomiHyperonSalty>
    </khuldaZydecoTartlet>
    <perineCostataLamut>
      <witlessPekins>33457147</witlessPekins>
      <hoody>
        <inwood>castroXicaque</inwood>
      </hoody>
    </perineCostataLamut>
    <cense>
      <sughScampedBlunker>lakatoiGunyahRisala</sughScampedBlunker>
    </cense>
    <latrate>
      <trymaPtyHydatic>chowse393</trymaPtyHydatic>
      <soarers tanier="mocoan" enrootsToolers="ponchoKaiserObligee">
        <antealPrimsieZincky>971</antealPrimsieZincky>
      </soarers>
      <destuffBipedalJulidae iradeRollbar="6402716" vane="barren">
        <doatish>megboteFoliary</doatish>
      </destuffBipedalJulidae>
      <ootid canstTaroc="thawEsprit" counted="bartramBrog12">
        <melonsVivreAbsence>185582</melonsVivreAbsence>
      </ootid>
    </latrate>
    <faunistIodates rugaeAlehoofKitter="pointed5636" blickeyStride="chetScaw">
      <alebushIndishApetaly>wirySolionsSailed</alebushIndishApetaly>
    </faunistIodates>
    <ourarisThicker>
      <fuderJulidae>5</fuderJulidae>
      <sipid peckingPaddledDisagio="sheetyWooersShik">
        <saloopsAssnRevels>hamauls</saloopsAssnRevels>
      </sipid>
      <beentTittupy>
        <amandin>hewghGrilly77</amandin>
      </beentTittupy>
      <atones>
        <jaburanRilievoBaniya>rabbled</jaburanRilievoBaniya>
      </atones>
      <nutcase goodersLyanceUmped="pourersKaw">
        <shariraScincusRaunchy>chalet608</shariraScincusRaunchy>
      </nutcase>
      <tsardomSpeave florate="tiddy">
        <skreeghActos>dighterPlotLomenta</skreeghActos>
      </tsardomSpeave>
      <checkyBundletGibel chm="garumGonophEagled58">
        <refleeSoultreUnplied>caecal9499</refleeSoultreUnplied>
      </checkyBundletGibel>
      <scuds garnel="646313931" numenMelt="lecturnImposer">
        <ferreanDivines>polt</ferreanDivines>
      </scuds>
    </ourarisThicker>
  </dansker>
  <torusPoffleStubby />
</renameCooledDeans>