<?xml version="1.0"?>
<inherle>
  <tarresLinga snuggerRekissPandrop="banselaPacificBablah">
    <bleeMeedfulToothy jctNovenas="1">
      <doriesAnodosMoutan>splitsDayside</doriesAnodosMoutan>
    </bleeMeedfulToothy>
    <stuggyYobs subcleiVirid="cozey790" womanAstalkChillis="nevadanStepper" abayAllaschHallier="sonarDeloo">
      <acumble>sandipStorerRoubouh682</acumble>
      <orfraysBonesetTriages bvt="psywarRefileReturf">
        <richter>acridid</richter>
      </orfraysBonesetTriages>
    </stuggyYobs>
    <lobesBestrow>
      <widowerSkemmelFaunist>blockCuspal</widowerSkemmelFaunist>
      <barrad custUnwomanSelago="35984">
        <mellowsReversoSpurtle>8597049</mellowsReversoSpurtle>
      </barrad>
      <sirgangRumper>
        <tundunQueuers>flentesTarsusOcyte</tundunQueuers>
      </sirgangRumper>
      <stairs trivets="juntPlutons7465" persaeGessoes="solusRippers">
        <beevesAbfaradNaveta>singBeyship</beevesAbfaradNaveta>
      </stairs>
      <become ethmose="789899971">
        <schuytDoddingWhirred>unumGainsayViolal</schuytDoddingWhirred>
      </become>
      <judder>
        <stadialSerin>simia</stadialSerin>
      </judder>
      <tiffyAbaciCornier seatsLeafen="mugglesChaos" criesRehungAweel="ambaryImbaubaShilly">
        <erupted>chitsRhea6</erupted>
      </tiffyAbaciCornier>
      <fudges flyteTemanWoadman="swooseJapheth" wildcatAymara="39205828">
        <overt>regardsDin3357</overt>
      </fudges>
      <podwareGuffawsHolists sprucesWavesonRecurl="uniaxal" sameksThemesParrot="ficaria">
        <wauf>overtlyPlenyShakti3</wauf>
      </podwareGuffawsHolists>
    </lobesBestrow>
    <vulvas clons="isotypeCapon" upboltMichaboFuzzes="40322">
      <hemicGalopedMauger>purgedProrsadHurden</hemicGalopedMauger>
    </vulvas>
    <babooshPlannerWheen>
      <refoolAnalogySophy>narwCards443</refoolAnalogySophy>
    </babooshPlannerWheen>
  </tarresLinga>
</inherle>