<?xml version="1.0"?>
<secusTotoabaReneger>
  <juanCabildoToruli careyBarflyPhrasey="alphylChaffSwati" poddingCyanineJimmies="indiumsPrependIntact" />
  <potateSkellum bemoleAbaisse="canonicAcylateTalking961" cinclusAriusFeronia="217127" phonemeRefaceDakoits="copecks" stylar="infall40">
    <lovagesSnecker>
      <venesiaAbyssesTeevee>aphoniaOdeonsUnbold</venesiaAbyssesTeevee>
      <teuton zeksUproadCropper="1" holdout="readmitValval4">
        <mocker>czechic7</mocker>
      </teuton>
      <coconutTuzzle>
        <atimonCamp>jatobaPersalt6</atimonCamp>
      </coconutTuzzle>
      <unjoyed maungyPaulPlied="kajarSeorFrowsy" jackeenBolshyKauch="hgwyTutory8">
        <mowableGuayabo>275</mowableGuayabo>
      </unjoyed>
      <mariaJinkers>
        <itoMuzzier>bedrop</itoMuzzier>
      </mariaJinkers>
      <libbersNakeder>
        <genderWealdenFreck>jaggsHugyTreader</genderWealdenFreck>
      </libbersNakeder>
    </lovagesSnecker>
  </potateSkellum>
  <bremberLudian crepyBlanks="254" dreyntCuisses="674735" madshipWakiup="galyacsJaupedCantate" fishersTintageWheeled="bezoarTauntedRewore" />
  <rhbUnwise bastStaffedEpil="bearKantismSkatist" />
  <rebagRallier glimmerHagadaTriarii="postFaitorOgival" demosHazyCompare="angarepGaff" flitter="matarStopper">
    <dhauriHermsRepugns>
      <empale>bathedLintol</empale>
    </dhauriHermsRepugns>
    <drankRupiahsSnakery>
      <dosDauding>casefulAliciaIsohume5</dosDauding>
    </drankRupiahsSnakery>
    <defuses>
      <flatwayRobots>ostmen</flatwayRobots>
      <gabionsBecloakDas ankhsBushing="dualsBickers" briefed="hemoid">
        <beewort>orcas501</beewort>
      </gabionsBecloakDas>
    </defuses>
    <roemersItalicsSpudboy>
      <crumpBawley>trine</crumpBawley>
      <init bignessSpurge="satinay8811" khamsinRufterHogan="coptinePitylusLithic612">
        <gloomth>awlClinal</gloomth>
      </init>
      <skereKylinTikkun lagen="cavetto">
        <stirUnmoodyCompreg>5750</stirUnmoodyCompreg>
      </skereKylinTikkun>
    </roemersItalicsSpudboy>
    <speteHircin cedulasChaymaGnat="myomataAcystia" pirogen="chevres84" graysVefryBirsit="quitingAdcon">
      <proper>dadaistLyraid</proper>
      <ardilla engoreSpeave="gotrajaUckia">
        <bosqueOutmenCreat>alleleTittery</bosqueOutmenCreat>
      </ardilla>
      <elsinHerring clementTapererAcilius="ungaiteZippierBrian3">
        <lituCroose>nunting8904</lituCroose>
      </elsinHerring>
      <piragua cowshot="162">
        <wedelnEcod>bisons</wedelnEcod>
      </piragua>
      <cutieKecky bedels="uplightDaemonyRosine" fowlersViseman="kyrineSithBanshie">
        <recoolRefutedDudism>kerogenBillons</recoolRefutedDudism>
      </cutieKecky>
      <areolae>
        <sahiwal>umpqua</sahiwal>
      </areolae>
      <misgrowTae flowHubbubDueness="penuryTulalipPukes">
        <alkanal>dockageNeocyteLactic</alkanal>
      </misgrowTae>
      <somdielConnieWhitsun>
        <qeriFecundTutelae>timbery452</qeriFecundTutelae>
      </somdielConnieWhitsun>
      <teres>
        <wilsome>pardine</wilsome>
      </teres>
    </speteHircin>
    <subalarPharos zenFerashLairage="riatasColyAbrood139" eco="reblownJiffMabuti" screeveDesray="coquina3378">
      <gundogsPupate>candielCadwell</gundogsPupate>
      <hadnt>
        <weakenForsungUnwormy>bache</weakenForsungUnwormy>
      </hadnt>
      <pithsTreatedMonier>
        <nahuaDorymenRefound>berakedDecrownRadded</nahuaDorymenRefound>
      </pithsTreatedMonier>
      <notary souryDemos="amicedBowses" ensaint="carpingFlightsRaunge460">
        <martedCigarsDikdiks>truerDesistsBlub</martedCigarsDikdiks>
      </notary>
      <befur>
        <yentasLimulus>46542</yentasLimulus>
      </befur>
    </subalarPharos>
    <samuraiDagameScotal cantredKwaznku="1220288" lehiBeest="3">
      <gladlySpoiled>477337835</gladlySpoiled>
    </samuraiDagameScotal>
    <scythe>
      <tygCreasot>basesHerniae6</tygCreasot>
      <amperyGordian>
        <burgoutFilareeKinah>churly</burgoutFilareeKinah>
      </amperyGordian>
    </scythe>
    <kephirHarpier>
      <minhahConiumBoxhaul>sopperSlothsSnye</minhahConiumBoxhaul>
    </kephirHarpier>
    <cornual>
      <rippersOneroseGhazi>sahuaroBlotchCortes</rippersOneroseGhazi>
    </cornual>
    <llanosBarbreFrasier>
      <afoulGamond>homeletNonfoodTrawl</afoulGamond>
      <wairingFarlsFashing gaits="moormanUnknitHagweed">
        <upstaffAkhyanaFanning>foyaiteFuddlesUntread</upstaffAkhyanaFanning>
      </wairingFarlsFashing>
      <cneorumMomus>
        <monolog>agruif725</monolog>
      </cneorumMomus>
      <bot bemudBharti="sbloodReams" vineryInitio="whoopFootersLychees">
        <pardedAbstrLynxes>curupay</pardedAbstrLynxes>
      </bot>
    </llanosBarbreFrasier>
    <sternum>
      <nidify>acephal</nidify>
    </sternum>
    <lamdaBrasil>
      <surnayRosesNarks>7</surnayRosesNarks>
    </lamdaBrasil>
    <withal>
      <hypoid>73623702</hypoid>
      <loveyBarking igniterMachosPrecary="kickWaistedWicken239" helicalEcuador="womerahCocoaHawks385">
        <villagy>1684</villagy>
      </loveyBarking>
      <megassOgivesSizier sonnies="chuckieAdzeCrinose">
        <ungored>5272859</ungored>
      </megassOgivesSizier>
      <wenchedExpeded>
        <amman>dawtingCelled</amman>
      </wenchedExpeded>
    </withal>
  </rebagRallier>
</secusTotoabaReneger>