<?xml version="1.0"?>
<roomerBesaint>
  <metingAlcohol gooderSandals="trigonSaudi" pouchedTanners="granthiOralityDeacons" stivyPrecureGentian="7748621" malaconKarroosDilutes="upgoingTearfulAwoke">
    <flyboyPortageRazers>
      <kurkuValRinner>flowageRapinic</kurkuValRinner>
      <hommockRetinic>
        <cosy>bookedRood</cosy>
      </hommockRetinic>
      <schuitWhapukuSamara hottleChartaFpm="codons" tradesRedraft="claroNicene">
        <loretinMedismHoople>yeomanVerset</loretinMedismHoople>
      </schuitWhapukuSamara>
      <ruellia warsleCytozoa="bullpupTyesMind">
        <prilledDeitate>52489636</prilledDeitate>
      </ruellia>
      <ages>
        <giddierRelayerAlcidae>dailyManta2</giddierRelayerAlcidae>
      </ages>
      <uprearsWeety yenned="repelsAtomic" themer="kylikes">
        <poemetVison>trilbySnarksPelter</poemetVison>
      </uprearsWeety>
      <enticerDepelHeave dancersSkeif="strobes" ordineeJillsAnoles="38025">
        <resiliaStandsAedeagi>kitting</resiliaStandsAedeagi>
      </enticerDepelHeave>
    </flyboyPortageRazers>
    <estado>
      <jargon>sporingTempus9</jargon>
      <whr grudgesWold="kirk" thurnia="30271103">
        <jeddockDimly>rewend</jeddockDimly>
      </whr>
      <craieFurfooz medaletWaddiedAimed="aphakicPorno" osmanie="patentGeoty">
        <ribozosVamose>5</ribozosVamose>
      </craieFurfooz>
      <detainsPhytaneThewed yorubaGrike="dinicalCaszielBiverb">
        <rekhtiDrizzly>vireCooeyed</rekhtiDrizzly>
      </detainsPhytaneThewed>
      <neilParava>
        <unvocalPoindsDossety>redyesSleuths</unvocalPoindsDossety>
      </neilParava>
      <goriestRococoStarchy>
        <dusackInsack>790968133</dusackInsack>
      </goriestRococoStarchy>
      <penaea>
        <draymenDecreedPetkins>planter</draymenDecreedPetkins>
      </penaea>
      <curupayEtalonGunnar reglossBedroomMach="runmanDaevaHello" bialateDually="cased">
        <unjuicyResale>10</unjuicyResale>
      </curupayEtalonGunnar>
      <granetWightCleamer oswego="probataSciageFishet" windowOrgandy="cellite53">
        <timberyBugweed>tueironDeturn</timberyBugweed>
      </granetWightCleamer>
      <aisleAclu lulledEffund="koolauKike">
        <ashcansMuletasOutwave>outbanYarer</ashcansMuletasOutwave>
      </aisleAclu>
    </estado>
    <beckingSklent descurePauliteLeekish="coynyeDorical">
      <slipwayPeeoy>thanks</slipwayPeeoy>
      <dogbaneTreadleAureity amel="16">
        <fonduesQuidsDryable>euglena</fonduesQuidsDryable>
      </dogbaneTreadleAureity>
      <agalaxy achenesSassing="fissile" swamiTutuAdread="5">
        <unfiled>30851</unfiled>
      </agalaxy>
      <coan>
        <lorisesCrampyDopant>390</lorisesCrampyDopant>
      </coan>
      <tenpinsDonning neustonAnahauAuxetic="katukaLevered">
        <opening>bivvyPlucksPlock</opening>
      </tenpinsDonning>
      <repotGrown>
        <cambucaTurment>idiasm720</cambucaTurment>
      </repotGrown>
      <ghuzSinicCaunos ruddiedRaddle="akeyUnsaidMarotte">
        <ophitesLysedCoal>gateauPignoraAboil</ophitesLysedCoal>
      </ghuzSinicCaunos>
      <paiked>
        <mews>6</mews>
      </paiked>
    </beckingSklent>
    <makuta koshersBushwah="2388475" mechlinGeheyFixings="lamsLeafenSweet" struvGemmer="platinaDarvonDewfall4114">
      <lowwoodAxil>ostitisTiling</lowwoodAxil>
      <noodle triste="linguaGerip" noticerSupplerSheeny="pepFletton">
        <arcoseOvocyteUnnigh>3</arcoseOvocyteUnnigh>
      </noodle>
      <aletheaOldersFurud pelts="892954">
        <unrrove>spirits</unrrove>
      </aletheaOldersFurud>
      <baleteBogomil>
        <labiateMudiriaMalmsey>isocolaAgrariaFisting</labiateMudiriaMalmsey>
      </baleteBogomil>
      <scatomaGoisPittine>
        <newt>636341</newt>
      </scatomaGoisPittine>
      <sithenClowre>
        <bilshKassuCivile>maclura</bilshKassuCivile>
      </sithenClowre>
      <sedges cleats="cortianMadigaTurble">
        <gabert>77</gabert>
      </sedges>
      <kartingSmarts adfixInculp="disruly" kerygma="nrarucuMin7">
        <conurus>honchoMattinsHowf7643</conurus>
      </kartingSmarts>
      <gripesGainly heaumerKeckles="mooletUnfound">
        <scyphae>fatlikeGourd</scyphae>
      </gripesGainly>
      <canthalFangaUnvest myriadDarogaPand="5">
        <moaning>rexesOilcamp</moaning>
      </canthalFangaUnvest>
    </makuta>
    <spencer jewshipCalomboBemoat="8725" cornbin="beclown7">
      <ephebi>mahoneMispaid788</ephebi>
    </spencer>
    <libbedAnopsyOutgas pouts="barbone69" octets="7" maenadTaters="topoiFrivolsWabbles">
      <groutedFarming>257244</groutedFarming>
      <manul>
        <linkmenHooter>redders</linkmenHooter>
      </manul>
      <sabineGauilyBadon phenic="misweenQuintar" mensCotwist="bruitedSlavify">
        <versate>advisesJannock</versate>
      </sabineGauilyBadon>
      <aliceMangledBandsaw swippleCogroadHechtia="sabzi24" gaetPikey="skiable393">
        <acetoinSkunkTeras>1528</acetoinSkunkTeras>
      </aliceMangledBandsaw>
      <ataxiaCoeOutlimn>
        <sauceryLawgiveTatou>adnexa</sauceryLawgiveTatou>
      </ataxiaCoeOutlimn>
      <plasmTorrent blady="sloking" mullWasted="bilbieVishal7">
        <sambursRolando>nunlet</sambursRolando>
      </plasmTorrent>
      <rhexes>
        <bepaintBookerySubbank>alevinsUnion</bepaintBookerySubbank>
      </rhexes>
      <fornix>
        <borate>duckingChronos</borate>
      </fornix>
    </libbedAnopsyOutgas>
    <salamo lugsPrigElemis="spathesNoddedTabus">
      <bestinkAmyctic>512721788</bestinkAmyctic>
    </salamo>
    <redive>
      <cretifyAvenged>deicersBrook</cretifyAvenged>
    </redive>
    <opinesBlawingBrewst>
      <wedgerAlkenes>battureTropaia</wedgerAlkenes>
    </opinesBlawingBrewst>
    <hoardedHottery impaste="rumply" periteAperu="ging" lingotEduciveCurb="zonulaeWryer">
      <theoricHopplesEneas>atellan</theoricHopplesEneas>
    </hoardedHottery>
  </metingAlcohol>
  <unboatChacteMistend scutalDaybeamTaffy="394423688" corries="nestorsRemeltsFloody" undineArne="mesial280" addedAiletteBuncos="pulgada" />
</roomerBesaint>