<?xml version="1.0"?>
<ollieKirmessYaffed>
  <devant bhowani="redden" urdy="agria">
    <clypeusSparesGoutish>
      <aliveDancesSades>ourebi</aliveDancesSades>
      <translModishYorkist>
        <bonerCoothay>dravidaMezuzah578</bonerCoothay>
      </translModishYorkist>
      <lateradJustler mannifyGrouts="bemail" jetteauSaddledShmo="heinzFly">
        <duikerClonusLoller>emulateKylikec</duikerClonusLoller>
      </lateradJustler>
      <hadean>
        <mouthSawfish>regardsOxwortFennel502</mouthSawfish>
      </hadean>
      <gumTsktskOnward>
        <croakerLensmen>dradInsultSaluted</croakerLensmen>
      </gumTsktskOnward>
      <bordel algedo="barkyPrevued18" gems="admove30">
        <rubibleTrismus>unboxJacko</rubibleTrismus>
      </bordel>
      <miffLeerilyDefamed>
        <samletTical>cineol</samletTical>
      </miffLeerilyDefamed>
    </clypeusSparesGoutish>
    <cmdgScragHamline>
      <acyetic>maysinZabianAeneas</acyetic>
      <few coliasSaner="ensoberPastingSuttas">
        <tellinaNongray>badder</tellinaNongray>
      </few>
      <lakhPlages>
        <decil>skeined</decil>
      </lakhPlages>
      <lambaleDivot facientAcheDegami="nurserySatorii52">
        <capletPhippe>bacaoDivinylUproot4</capletPhippe>
      </lambaleDivot>
      <amp>
        <sidlesEchedPaginal>smiletAbvolts35</sidlesEchedPaginal>
      </amp>
      <eozoicAcktonBearpaw slushQuarion="guniterCowalSkiff" fillerMaidly="bogeyLectorsNurture">
        <physicsYgapo>killerStooterUveitic</physicsYgapo>
      </eozoicAcktonBearpaw>
      <tassahSamir imposerAdopter="arbithDabs" jackedUpset="fambleHeathyFilthy">
        <ananasAmerindOrleans>cliftyTicunanParodus</ananasAmerindOrleans>
      </tassahSamir>
    </cmdgScragHamline>
    <wetsuit mimic="eogaeaOuches7" thawy="945764">
      <brickBurpedGibbert>sumen47</brickBurpedGibbert>
      <feagueGrogger>
        <kerril>poetly</kerril>
      </feagueGrogger>
      <pickaxeAmas mucopusNifeSunk="barbutSnaggerDrabs">
        <genal>dotsBrodCulett</genal>
      </pickaxeAmas>
      <atenistAqua bitypic="loquentIllest77">
        <fiorite>mexicoTurns</fiorite>
      </atenistAqua>
      <dauntonSharifsSorrily>
        <peagesDiscs>526</peagesDiscs>
      </dauntonSharifsSorrily>
    </wetsuit>
    <redbugs bobbing="2" rejournKekchi="wahehe" resedas="98766">
      <eavedThermo>arriverSnuck</eavedThermo>
    </redbugs>
  </devant>
  <johninZanjona>
    <jewlikeButted rochingPelopea="novateBeday" niblicAnoliCestas="caribeIritisDorbie">
      <cutsClashes>6</cutsClashes>
    </jewlikeButted>
    <orihon peachy="goutierFreetCryst28" loppersSlainteQuintal="cleuchExcud2719" almanac="596326888">
      <tereusBombLetches>skippedGlimes</tereusBombLetches>
    </orihon>
    <deafSumpmanKitties liccaSynaphe="hauyneSlyest">
      <alluresRugosaPokies>iranizeAscelliBejeled</alluresRugosaPokies>
    </deafSumpmanKitties>
    <chitaVergi>
      <outpath>matsuri7</outpath>
    </chitaVergi>
    <indole>
      <gestant>infos</gestant>
    </indole>
    <jezailsMoping>
      <gironnyUptube>tindalo2</gironnyUptube>
    </jezailsMoping>
    <tenuateStokeHummock tyrianFelidae="385056181" barrasMilages="unfoggy">
      <denudesUhs>bhpGingrasCarryke</denudesUhs>
      <divort tilikum="haireCumular" metwandSided="chuting">
        <fervid>muggersLeucousRoe9671</fervid>
      </divort>
    </tenuateStokeHummock>
  </johninZanjona>
  <spelledLasqueModer narrasCancel="eared663" />
  <colpeoScorse deloulPeytonStalko="blowupsLibrateKennedy" />
  <soojeeDuoviriQuippus whipmanObelusMediad="rozzerMzeePreknit6329" brott="revisitVampireWintun912" missusDainful="gox">
    <beduskSozzle kpcNicaraoNizamat="fahamHeavingCinct" harmal="88428517">
      <missendParisShad>pycniumEably</missendParisShad>
      <spruesGarbledGrecian>
        <begrimsDroving>plebesHeifer</begrimsDroving>
      </spruesGarbledGrecian>
      <skrikeCawky couldnaFrivolGimmor="pommiesRunnierRoadite" rerivet="bablahLoligo">
        <impliesSowers>visaya</impliesSowers>
      </skrikeCawky>
      <kimbang>
        <tunka>quicks</tunka>
      </kimbang>
      <kilpDukedom>
        <buggery>russian993</buggery>
      </kilpDukedom>
      <sluingAngakok>
        <siftage>7208</siftage>
      </sluingAngakok>
    </beduskSozzle>
    <cratesHaptenNutted>
      <formene>jaggsFlatmanTwistle</formene>
      <carrick>
        <petumDozent>598846001</petumDozent>
      </carrick>
      <listelDyingly weavers="swithinPanagia6632">
        <weavesHynderTupman>hoggetReavows</weavesHynderTupman>
      </listelDyingly>
      <peachCadwal sevumLiltingOutbade="insular">
        <oxenBegarieGolf>apoopDithion</oxenBegarieGolf>
      </peachCadwal>
      <attiresMods flutingStrobic="478">
        <scarletSpooledCommune>abjuredItll89</scarletSpooledCommune>
      </attiresMods>
      <fylgjurSeroot>
        <filliesEurasiaSkenai>flatlyGuasa</filliesEurasiaSkenai>
      </fylgjurSeroot>
      <tritoneBodword blindly="ecstasyAlengeAcanth">
        <sculped>kwanzaOnusesUppings</sculped>
      </tritoneBodword>
      <becramPahariRotguts moilersAcies="unsealGranam7427">
        <hagglyFits>madames</hagglyFits>
      </becramPahariRotguts>
      <erodingTonsorPig getspaSerrai="hatesDeistsCheeker4302" tuny="jack">
        <puelche>39</puelche>
      </erodingTonsorPig>
      <coopingBhungi>
        <stegLukemiaTeaze>9242986</stegLukemiaTeaze>
      </coopingBhungi>
    </cratesHaptenNutted>
    <haskardBasque skimmer="campana520" bemired="54" leefCattery="wattmanMammeys201">
      <nuke>mishipsYurakPed</nuke>
    </haskardBasque>
    <yuckHeilingIsohels>
      <kilp>addictAudad837</kilp>
      <gerfulTureenHooray scutalMacuca="ruffin21" hirerClerklyWhiter="charryGuarand">
        <propels>twofersJacchus</propels>
      </gerfulTureenHooray>
      <bairnCangan pyjamasLatona="71" kirk="autocarCobwebsPty">
        <calicleHotch>zonitesLusian</calicleHotch>
      </bairnCangan>
    </yuckHeilingIsohels>
    <smeekedHasped>
      <unbagOsirianLatimer>51984</unbagOsirianLatimer>
      <ramedClaypanGelled>
        <viaticaSneakedPatsies>burial</viaticaSneakedPatsies>
      </ramedClaypanGelled>
      <ovateCadged niataHarriesThrawn="circlet">
        <daubs>7377</daubs>
      </ovateCadged>
      <wrothy>
        <scarry>595644450</scarry>
      </wrothy>
    </smeekedHasped>
    <sulfaWitloofMisform>
      <skelpSewagesLamplet>hotched</skelpSewagesLamplet>
    </sulfaWitloofMisform>
    <ptinoidUkes>
      <saviorDidymis>easingFuguing</saviorDidymis>
    </ptinoidUkes>
  </soojeeDuoviriQuippus>
  <exedralPlagueySailors />
  <decalsBabrootFind spans="languorExports" perule="attntrpAvena258" />
</ollieKirmessYaffed>