<?xml version="1.0"?>
<ianusRoka>
  <lintieRappels>
    <glintedAmido propupaKecky="faiths" mandril="miurusCymbel6154">
      <splents>4735833</splents>
    </glintedAmido>
    <pourie>
      <hiram>pores</hiram>
    </pourie>
    <quais>
      <coarsenBehight>humidIndart</coarsenBehight>
      <testingIntrada strokesCalver="dictate68">
        <clarifyNiyoga>usneoidVaraDinkey</clarifyNiyoga>
      </testingIntrada>
      <hatbrimArkosic>
        <libantKilijChunter>71941</libantKilijChunter>
      </hatbrimArkosic>
      <hingleStandGraved>
        <isoleadShaheeMinimus>580</isoleadShaheeMinimus>
      </hingleStandGraved>
      <feintsLatinus dependsSissoneDrier="malleeHoller">
        <scaffleStimesTalkier>roupitWaddy</scaffleStimesTalkier>
      </feintsLatinus>
      <acushlaHilltop mero="lotusesContext" loofTrogon="domerWidower">
        <nankins>warundiRebuker</nankins>
      </acushlaHilltop>
      <broughtPullerRavioli>
        <askarisTonkawa>croonsVoragoLantana</askarisTonkawa>
      </broughtPullerRavioli>
      <degami redocks="begazedDial" againAffably="10">
        <voltizeWintles>4</voltizeWintles>
      </degami>
      <firthsAnahitaGoar>
        <foveolaWakemanRoral>everett</foveolaWakemanRoral>
      </firthsAnahitaGoar>
      <leuconLowsin sabianFugal="fullams">
        <polynoeEnisle>letWoundedRetenue</polynoeEnisle>
      </leuconLowsin>
    </quais>
  </lintieRappels>
  <bindleHalitus bedawn="psalisLoden" rice="cochEmf">
    <buffingSkeif nursery="zygion">
      <xebecHem>75245787</xebecHem>
    </buffingSkeif>
    <mungoDefused forstBalabosBadman="fenmen" yaponGroppleLewis="bunn" gitalinLeifKuan="dabuhGarstonLyddite96">
      <gittitePickier>rumblesBurkerVali</gittitePickier>
    </mungoDefused>
    <wichtjeStenJagging>
      <cabaneAlbuca>187959</cabaneAlbuca>
      <vexillaCayenne>
        <daddled>divinesMudroomDampne</daddled>
      </vexillaCayenne>
      <dnieperTolt coalizeKhula="livreOverfag">
        <relance>11</relance>
      </dnieperTolt>
      <faldageGirths>
        <gaugingRobes>destrerGunlineAbstort</gaugingRobes>
      </faldageGirths>
      <querela pupiled="shelves" guttersLuniest="datival107">
        <teedleLandage>plainlyBossetPawing609</teedleLandage>
      </querela>
      <okayingDustoor rebeginEyas="begroan">
        <boobyWallach>unthinkFatedGlucina</boobyWallach>
      </okayingDustoor>
      <cirrusLakish girl="kilnman" vizslasVelure="anglesDecals">
        <earVanman>osmiumPodatusChimar</earVanman>
      </cirrusLakish>
      <peba>
        <tezkere>washeryMasksCycloid</tezkere>
      </peba>
      <aquerne punecaEjidal="poa">
        <twine>3004820</twine>
      </aquerne>
    </wichtjeStenJagging>
    <puffedCutlas goofah="harang">
      <cheseTreblyGypped>rhonchiObelisk</cheseTreblyGypped>
      <abantesHoncho mispenWarl="vails">
        <plantFulgide>272667</plantFulgide>
      </abantesHoncho>
      <breezesWordsBlotted ebricty="etagereVivantLades" mulse="45216585">
        <hushoParkyMeio>simbaTsi</hushoParkyMeio>
      </breezesWordsBlotted>
      <airampo burglarCrasis="decokeDawishTimbale784">
        <hissersLogeumDash>crenels</hissersLogeumDash>
      </airampo>
      <makings kiosksQuaighsSmeeky="tissueyMuladi455" footleFanniaPudder="dulcets">
        <cabaret>boozed</cabaret>
      </makings>
    </puffedCutlas>
    <funny tollVivant="elymus" wuzzer="kotoko" cantareHerbary="septaGerip">
      <thoftOutspy>undular</thoftOutspy>
      <disbuds juvenalUndug="varioChasid" itelmes="3">
        <purauBlick>3742404</purauBlick>
      </disbuds>
    </funny>
    <sirky>
      <weenongSumpleExactor>selfsTestaScotchy</weenongSumpleExactor>
    </sirky>
    <fallalBegrave ordersProetid="togglesCuprateBevy9" updoDecodeDinka="smolt" lodgingRelacedGrun="silty8">
      <fidoGravelyDarogha>runerSuckler</fidoGravelyDarogha>
      <belayCahokiaEucti sights="592" prahuDefile="papuanMosks">
        <yeeuck>narcein</yeeuck>
      </belayCahokiaEucti>
      <quailsEperlan>
        <juniperCaremeSataras>circaea</juniperCaremeSataras>
      </quailsEperlan>
    </fallalBegrave>
  </bindleHalitus>
  <feazeSawnieBloomed gansyNicoloSour="sprowsyCombineDuchess7522" amakosaErgalTokopat="4250" ascitesLabby="finlandEmesis" />
  <shapers sadh="189267805">
    <vespinaXylyl>
      <charged>82769701</charged>
    </vespinaXylyl>
    <murut>
      <racker>737855</racker>
      <origGoofQuis>
        <wimpler>regmaSarrafDosinia</wimpler>
      </origGoofQuis>
      <tabbiesAvys scobbyHeavilyGordon="vivaxFortin">
        <subwinkAbeyant>unmanUnwombBaccar</subwinkAbeyant>
      </tabbiesAvys>
      <umbonicHighhatHookera paliliaOveringCiviler="earlessFlites">
        <seizesSensorSnit>6</seizesSensorSnit>
      </umbonicHighhatHookera>
      <manxmanHindi tortie="spooferEnslave">
        <wantLariat>65992</wantLariat>
      </manxmanHindi>
      <kormaDipso whorledWagerer="bypassCladsBombing">
        <ballanCarusMahsir>saps</ballanCarusMahsir>
      </kormaDipso>
      <kahar>
        <pastisBowlessZowie>judahHeroicsEmbloom4962</pastisBowlessZowie>
      </kahar>
      <cineoleJomonIdleful jathaYeh="insertsTrypsinNonas">
        <enemyBruzzScorser>45</enemyBruzzScorser>
      </cineoleJomonIdleful>
      <hadstWisse nurryLaudStipend="toorieQuebecDiscage" ingenuBreast="parkway">
        <coachee>cents</coachee>
      </hadstWisse>
    </murut>
    <nourice dobbingGravelsBerserk="dimoutSpig1">
      <lantumAlalusTietick>metrifyEstrous</lantumAlalusTietick>
    </nourice>
    <camelidJatniHosiery>
      <mumblesBireme>dotierFetial4</mumblesBireme>
      <boragoFiotCityish>
        <flewedChoanaVassal>pleated</flewedChoanaVassal>
      </boragoFiotCityish>
      <versorRecuseMeq raglans="3" rada="apices">
        <nebsSnoutMcg>86</nebsSnoutMcg>
      </versorRecuseMeq>
      <esoteryOatbin degerm="sassilyCouplet96">
        <logris>psoroid</logris>
      </esoteryOatbin>
      <uptuck stavePorailVentrad="serringBibber">
        <emelineKapoks>develinIllusor</emelineKapoks>
      </uptuck>
      <tritomaLawzyRfb plangiDisgood="tapalosUndateSkits9" barestRussetsTigella="almon8">
        <tyrosGhuzBehorn>toupeedPoulpe73</tyrosGhuzBehorn>
      </tritomaLawzyRfb>
    </camelidJatniHosiery>
    <triagesBusuutiGish>
      <needledBaculum>novoSteekedAttagen</needledBaculum>
    </triagesBusuutiGish>
    <unpinSabot joey="morgay" rah="wolfmenVoiderSurpass8" dowlLife="wjc">
      <loudish>wrangle86</loudish>
      <dlrAggry cafiz="3028715">
        <ouranosAcceptsVoteen>facierRetable</ouranosAcceptsVoteen>
      </dlrAggry>
      <diedBorasca recork="380599" frailtyCordal="pyrroleHirtch">
        <fardo>kith</fardo>
      </diedBorasca>
      <regrantTenutiDegases>
        <musieTourism>murexDeodara</musieTourism>
      </regrantTenutiDegases>
    </unpinSabot>
    <termiteStrettaTheme finder="beinSyreIleitis" maziestApodan="rytinaCopaene" djelfaReckon="vaguest">
      <ahrimanWedlockWanned>nidusesFreesp</ahrimanWedlockWanned>
    </termiteStrettaTheme>
    <rosesPlatineCepter>
      <pasengEructs>fuckwitUnsamePurpler</pasengEructs>
      <chonHexoneAlevins berchtaIrruptSeta="unbarkCraber" undid="872090938">
        <smeerForsado>seughFood</smeerForsado>
      </chonHexoneAlevins>
      <pareus apozemNoghead="5">
        <zymasesShelley>5715483</zymasesShelley>
      </pareus>
      <begorra quietiUpcurveMayeye="stomionWailUncoked">
        <patagonHuso>thymine</patagonHuso>
      </begorra>
    </rosesPlatineCepter>
    <toustTuskishCaribi viertelKitar="acatery" flyer="botoyanDossedPimpla" widgieRestyle="274">
      <outlastTalonid>stictisTimeous</outlastTalonid>
    </toustTuskishCaribi>
  </shapers>
  <asahelJami siphonsUsine="dhotiTameinSamuel9661" statize="trouperPickupCrannel">
    <glumesMuzjik>
      <upcurveFluidlyParen>6</upcurveFluidlyParen>
      <renewalTomfoolNevi>
        <martialWinked>miasRespray</martialWinked>
      </renewalTomfoolNevi>
      <promissClevis>
        <movantLancely>648690</movantLancely>
      </promissClevis>
      <evolveNebrodiEanling seiserGram="835" spile="vavs">
        <psendAlbergeSlutch>opera5</psendAlbergeSlutch>
      </evolveNebrodiEanling>
      <natural>
        <muguetChances>coccalFenrir</muguetChances>
      </natural>
      <dessus outingMarginTropine="limmerOlluckLupeose" outwentBendel="degamisImanSwitch">
        <bartramStumour>fiscals</bartramStumour>
      </dessus>
      <grouch bedpadUnbaled="withsayDustsHylas" belightCrotin="weenierBienniaMoujiks">
        <skeilyEidolic>47897</skeilyEidolic>
      </grouch>
      <luciteLepidGrover crazeRuxKohlan="berendWonkyGualaca">
        <lesions>289488973</lesions>
      </luciteLepidGrover>
    </glumesMuzjik>
    <balking>
      <bypassKekunaJaggery>30170</bypassKekunaJaggery>
    </balking>
    <cruetyBeeswax keypads="lairmanMarten" bristlyBabools="echoismCommode" cressetSubduer="tumpsLathingCapulin">
      <otomi>881</otomi>
    </cruetyBeeswax>
    <asiminaMontu thruoutVoled="citess" windwayBaba="80">
      <idyls>pietePanGnarred</idyls>
    </asiminaMontu>
  </asahelJami>
  <outpealCrocardDizain auntlyAudubonDements="514470828">
    <quader>
      <subpenaWhomble>barishFrumple</subpenaWhomble>
      <lierne ranked="dvorakGurr">
        <tebeldiSparpleAcholoe>springs</tebeldiSparpleAcholoe>
      </lierne>
      <uncosFerventLampmen diazoArchaeAbadejo="bugeyedSepsis">
        <ettling>pivotal</ettling>
      </uncosFerventLampmen>
      <botte slubbed="decklesRussWedders">
        <dillierKaingin>chicly</dillierKaingin>
      </botte>
      <satinetMisfireSoapers mahajanGrainCaltha="gagaku" yipesKolkhos="emforthEsmayleOsmite">
        <wrixle>sapa</wrixle>
      </satinetMisfireSoapers>
      <bunnGrontBoid>
        <remass>dustbluCringed</remass>
      </bunnGrontBoid>
      <abscissAnnetteNarciss>
        <agenize>bisext</agenize>
      </abscissAnnetteNarciss>
    </quader>
    <pultunRefurl>
      <intones>fennelsXylia</intones>
    </pultunRefurl>
    <diurnal>
      <gambleCoalbagSnapbag>48914</gambleCoalbagSnapbag>
      <enlimnPalatiaEthynyl eoleLambieParish="842050622" otaryRussellTimetrp="unzeAhsTailzee">
        <mimzy>topfullIii</mimzy>
      </enlimnPalatiaEthynyl>
      <incises yuckyTenonsGlump="worn">
        <pusleyBensheaSlipes>grosetNoilyReclama</pusleyBensheaSlipes>
      </incises>
    </diurnal>
    <laziesArmfulsQueller>
      <zendik>brushy</zendik>
      <visualIsaiah inv="dhundia797" alms="veneres74">
        <mennomConeys>72586</mennomConeys>
      </visualIsaiah>
      <wottingUre wheezerTamsEellike="3506495" flannelWipeBehen="16972324">
        <talletAlbi>brawny</talletAlbi>
      </wottingUre>
      <besmellTired>
        <airtsScrumpRedoubt>hemmingPeatmenTrymata4659</airtsScrumpRedoubt>
      </besmellTired>
      <dormer lieuStuntDankest="gyppery" squary="shagbagJimmies">
        <bedsore>vermix</bedsore>
      </dormer>
      <theoriaOvercoyNanaimo attery="mandrilCutletsWendy">
        <spankRioted>lassetGoffPhecda</spankRioted>
      </theoriaOvercoyNanaimo>
      <glyoximOxfordPrue aubainMajaggaMetwand="999">
        <decuriaIncused>markerTinaPreciso</decuriaIncused>
      </glyoximOxfordPrue>
      <return>
        <baboons>apianRoughly</baboons>
      </return>
      <smrgsInbowed skepsSauty="maximus">
        <subericPromptAbodes>oxhorn</subericPromptAbodes>
      </smrgsInbowed>
      <babesMeshech>
        <gleitEjido>55256017</gleitEjido>
      </babesMeshech>
    </laziesArmfulsQueller>
    <salugiPlods kullani="ados" pyrope="lesions">
      <islandyTind>isosterLeman</islandyTind>
    </salugiPlods>
    <dirledCaidPeuhl>
      <flypeCanzone>951</flypeCanzone>
    </dirledCaidPeuhl>
  </outpealCrocardDizain>
  <klippenDirl heliumLagendCroydon="bookersCultiveCowbell" paynims="mormaerCrojackEnation1" />
</ianusRoka>