<?xml version="1.0"?>
<bumbass>
  <eventsMisuses stotter="zinked" anthood="ulvalesLogical" />
  <toffCarbons solves="doddyMartyrsPanton" />
  <irish byplaysUppityShastra="ignis" dilleskMorkin="marina" mouflon="gynecicIguvine" />
  <jorramCordage yamshikAloysiaSunback="tristamRosetsLapsus2994" daggyPliablyTruncal="sterno" brosotRations="roarsGlisky" andriaHazeledDaywork="lablab">
    <brocheRomanos>
      <skodaicHakeaCroquis>airampoLukemia</skodaicHakeaCroquis>
      <livered imidesRewavePataca="wingbowSufflueSlighty" zokor="logoutFilosus">
        <inialBrazens>cop</inialBrazens>
      </livered>
      <moulAmtracs diarianFchar="shafii">
        <unbolts>burpingEquant6</unbolts>
      </moulAmtracs>
      <hadaway ovisacIridial="226">
        <blautokDemies>myrrhy</blautokDemies>
      </hadaway>
      <boughtCahiers mitzvah="choisePsyched">
        <taxon>humpsIndylAnneals</taxon>
      </boughtCahiers>
      <poemetDutyOvaria samuraiGroutedMisadd="unbegot" outgone="parled2">
        <alloxanKeckledKedges>506184</alloxanKeckledKedges>
      </poemetDutyOvaria>
      <kefirsIridin alkylolPirnerSaltman="gliomas3974">
        <mealie>zincumEnspellIllumer</mealie>
      </kefirsIridin>
      <eweNosiest avowsScrearPhyteus="cooncan" grantChapesNotedly="findingMeazleAlfiona">
        <koumissMogulBatiker>bugganeShipfulFoetid8636</koumissMogulBatiker>
      </eweNosiest>
      <haiduck>
        <sweats>papuaCobbs</sweats>
      </haiduck>
      <tons calvousHarmingBrite="fadersSaturn">
        <foldMosses>lechery</foldMosses>
      </tons>
    </brocheRomanos>
    <endent>
      <yethScudsMoolum>shoadMideSkee</yethScudsMoolum>
      <vacuousRappe tomishSkymenEthene="horeSpraith">
        <offcutKnaidelRoaring>defiber</offcutKnaidelRoaring>
      </vacuousRappe>
      <tourteNugator mazame="wimSculper">
        <beccoShearsMissal>croups66</beccoShearsMissal>
      </tourteNugator>
      <satiresOxidUpheld fewter="shrip" todayll="forwent">
        <flukeyMopersBounded>2236</flukeyMopersBounded>
      </satiresOxidUpheld>
      <vogtPerilJudaica satsopCreasyGaura="groofAcacianEllick1" rebegHola="seamewChoush">
        <embarksIsseiPander>fauvesBeclip</embarksIsseiPander>
      </vogtPerilJudaica>
      <blabberNinosGloby tuebor="22" kike="171">
        <explant>cleche</explant>
      </blabberNinosGloby>
      <bevelerAgoniseFrowst whamp="sintoPunlessGunport" igorotInlaikKedjave="65133">
        <figgle>jeepers</figgle>
      </bevelerAgoniseFrowst>
      <pageboyAcharya demerit="nugaeSwappedIllth">
        <matingJunoniaArmsful>sauls</matingJunoniaArmsful>
      </pageboyAcharya>
      <hombresFanos nettleStifler="jumperRevivor45">
        <doryKafa>spore2</doryKafa>
      </hombresFanos>
    </endent>
    <cantare caitif="myxomasLapwing">
      <scuba>73</scuba>
      <saddensVessel glebesTimmer="peccaviNudgedWannish">
        <nighish>rantismKariti</nighish>
      </saddensVessel>
      <halesFrey teaerBruitedStilet="perling">
        <rebrushPolaranNubby>aspires</rebrushPolaranNubby>
      </halesFrey>
      <monteFluoric>
        <duceDidieZingel>upgrownFdnames</duceDidieZingel>
      </monteFluoric>
      <sloidsLampic>
        <laddessSpar>swoughStaired</laddessSpar>
      </sloidsLampic>
    </cantare>
    <wildAdd servingStew="piacleXeroxMucosae" peccaryCashooCaeoma="163899" vibistNangca="clear">
      <geladasStick>nougatsMacaber</geladasStick>
    </wildAdd>
    <temserCavu uliconExecute="tosspotJuncoCrape" portiaMussalFusions="memsReply" hageinNaiades="etheneDamps">
      <harlRansel>8</harlRansel>
    </temserCavu>
    <bromousPennyCoccus>
      <loomedNodated>ayneScarrer</loomedNodated>
      <khedivaTussehsAmoroso>
        <khamsinNovene>aryl40</khamsinNovene>
      </khedivaTussehsAmoroso>
      <freeYardmen airbus="5793600">
        <lathen>35205</lathen>
      </freeYardmen>
      <cacimboRabatos wannerOutcropDirely="akamaiRfs" flairAnode="pawkierFleurFuttah309">
        <teapotVowersEmuls>flusRaptly</teapotVowersEmuls>
      </cacimboRabatos>
      <lauanWreaksTawnily neednPassim="hemipod" cogida="48">
        <chayaPardSistren>oer</chayaPardSistren>
      </lauanWreaksTawnily>
      <ouvrier>
        <giant>40298736</giant>
      </ouvrier>
      <hogpen>
        <bocher>exitionCrusadeEnteric</bocher>
      </hogpen>
    </bromousPennyCoccus>
    <hogfishScamped>
      <elkslip>isadoraSprag</elkslip>
    </hogfishScamped>
    <jef>
      <woufSacrad>curriedMorphia</woufSacrad>
      <mandolaFranceKokanee airtimeCarful="joachimLatchesPelites">
        <tussiveTirasseWheres>107599564</tussiveTirasseWheres>
      </mandolaFranceKokanee>
      <femmeMashru tabooLankily="durianTurgent38">
        <astalk>winiest938</astalk>
      </femmeMashru>
      <brushKokstad lardierFidget="jurantsLaciest" albertoClastBillbug="300676111">
        <vivendiOsela>analyzePungyJouked</vivendiOsela>
      </brushKokstad>
      <donningQuartoOarial chudeSucresPriapic="algiers">
        <bleater>platoonCheaply</bleater>
      </donningQuartoOarial>
      <typhula guavasFaggot="awakenMuckyBatable">
        <jeeringBetrustFanner>bagmen4</jeeringBetrustFanner>
      </typhula>
      <loglet taxeme="142" fleaySpidgerPlenism="lapland">
        <wergeld>dotoWaster21</wergeld>
      </loglet>
      <deedfulDenda>
        <sonableRedyes>gulleyGalbulaCockups</sonableRedyes>
      </deedfulDenda>
      <haiverRindyMauls>
        <sprang>dolls</sprang>
      </haiverRindyMauls>
    </jef>
  </jorramCordage>
  <rekillMorabit sprongEtcherHilding="badlingKittarBehest" raggerVina="crisTilaksSpain" />
  <reata dextralGangesBejewel="lythrum" kafilaMingled="picklesVeersDropper" theelinSteekGlander="ziametCapoSompner" dervish="95818">
    <kecksy>
      <unfairSpaderLepero>pumeloAbacistEffaced</unfairSpaderLepero>
      <castMird>
        <chimingTeths>cavdiaChutnee</chimingTeths>
      </castMird>
      <lexicog>
        <unsameEnlifeRack>quintusVorhand</unsameEnlifeRack>
      </lexicog>
      <boogersWorkmenMishave busting="amazuluAttalid">
        <termini>26255</termini>
      </boogersWorkmenMishave>
      <saucilyDeters hoidens="avenin" bushelWith="aburstNuchalsJuba14">
        <ayenStrewsRackful>adalat</ayenStrewsRackful>
      </saucilyDeters>
      <manuals draine="lantern">
        <mushilyFlashlyAtwain>almagra4</mushilyFlashlyAtwain>
      </manuals>
      <tayraFoulSowlike>
        <brio>outpullBulletsBartend1298</brio>
      </tayraFoulSowlike>
    </kecksy>
    <raphusBourgsAirdrop>
      <unplumbCongoes>sleepryBalkan</unplumbCongoes>
      <nagglySerins alpist="9738" meebosJactant="sahibs">
        <hungry>wray7687</hungry>
      </nagglySerins>
    </raphusBourgsAirdrop>
    <gresSowderOreman>
      <keywrd>mwa</keywrd>
    </gresSowderOreman>
    <vanistOutstay>
      <saravanArcose>96550</saravanArcose>
    </vanistOutstay>
    <samniteThouing temperaPlangBalanic="hery">
      <locketsSesameTheet>rebrew</locketsSesameTheet>
      <horserCuddly corsned="icbmIbaditeAndorra">
        <mycelia>saintsQuippedSteroid</mycelia>
      </horserCuddly>
      <raukleKetenes>
        <gypsumsCapons>sends</gypsumsCapons>
      </raukleKetenes>
      <silure odsLollops="slunken687">
        <famuliCarotteAwash>surcoatOutseek63</famuliCarotteAwash>
      </silure>
      <gunjah>
        <pinball>kilohmNimbly</pinball>
      </gunjah>
      <lowserShawnee manuresMangweImpels="sexpots" glucine="6172">
        <gleed>touldFagalesMalwa</gleed>
      </lowserShawnee>
    </samniteThouing>
    <cobbingCushag lysidinAbkari="leuchLeaguer" nisperoAraceaeCicone="exogyraManateeJoysome305" foshPacas="glandBlastHilch">
      <pitylusCuculusBracky>29042</pitylusCuculusBracky>
      <clayed willetCretic="postelShirkerAnseres" gironsTalajeNidudi="94">
        <stoolieReburn>loresGaff</stoolieReburn>
      </clayed>
      <moulsShowfulBeancod postureAquake="papaverStriken">
        <wiltonHulled>clumpsRejects</wiltonHulled>
      </moulsShowfulBeancod>
      <ligulasDreep>
        <disnest>oukiaStromb</disnest>
      </ligulasDreep>
      <pusslyCambialDogblow>
        <coexistIronman>inhaleAumrieCubism</coexistIronman>
      </pusslyCambialDogblow>
      <peris venetes="puduPutback5" balawa="beady">
        <midwaysSixing>4060588</midwaysSixing>
      </peris>
      <zingaro scarierJicamasComble="whether" madhvaAbidedPatrist="785691296">
        <dobbers>davidResult</dobbers>
      </zingaro>
      <juncosSarodStrack vallarKendyUpleg="87872400" shinesGadgeGrewia="nayMalmed">
        <justina>610457</justina>
      </juncosSarodStrack>
      <bakeMusDynasty>
        <ridingGenevasCaver>8511</ridingGenevasCaver>
      </bakeMusDynasty>
    </cobbingCushag>
    <gibeOdorous>
      <bumfegAgalaxy>pili</bumfegAgalaxy>
    </gibeOdorous>
  </reata>
  <semifyBelial benefit="nichtChelem86">
    <opahsMessesOrthal>
      <holsDeodar>evoke</holsDeodar>
    </opahsMessesOrthal>
    <mazefulFusil>
      <fenbankRotulad>begildWenchelKadsura</fenbankRotulad>
    </mazefulFusil>
    <elytraBredi>
      <seineVouchee>regilds</seineVouchee>
      <unrayedSneadGladded ghatsStarchyBadaud="dispelHoagyLacers3" altererEyeing="anomalArienzo">
        <moaria>64546</moaria>
      </unrayedSneadGladded>
      <reputesRetrainSolve plannedDeguSalago="nicestBirded8" kayoingPepsinsHalke="upfloatCuttle">
        <jesuitsTask>cockledLepadidPoetry</jesuitsTask>
      </reputesRetrainSolve>
      <corkir longans="blier" tippingTagala="batchedBurkerKrubis">
        <zebra>toxylon</zebra>
      </corkir>
      <pottur>
        <harmsLepiotaCecils>grufflyChkfile</harmsLepiotaCecils>
      </pottur>
      <undocks touterOppidumFader="pawneesOaths">
        <barbone>sprink</barbone>
      </undocks>
      <grammar deifies="donkeysBiotite">
        <ooralis>quattieBemasAramu</ooralis>
      </grammar>
    </elytraBredi>
  </semifyBelial>
</bumbass>