<?xml version="1.0"?>
<lagunasHilletGuaruan>
  <tagMambuEutony>
    <spinodeGrilse vivreKeglingMoocha="tupmanUrali">
      <achPomesMonsoon>sottishFlopperUnteam</achPomesMonsoon>
    </spinodeGrilse>
    <ziaraLeilaPorion>
      <spikes>436176498</spikes>
    </ziaraLeilaPorion>
    <blames>
      <mpangwePrelim>tarn</mpangwePrelim>
      <swathsVervetsNimbi bulgyScarersTanny="saco">
        <kechel>manurerSuk</kechel>
      </swathsVervetsNimbi>
      <khalkhaFink exergueFootles="budgesRemetalCowled" soireeTera="shirr">
        <kylikecStchiSplad>cruxBridelyIndoles</kylikecStchiSplad>
      </khalkhaFink>
      <hiroSails>
        <antlerLaked>chemin35</antlerLaked>
      </hiroSails>
      <gormedGervase fastensColics="nump" patroleAbelHouse="anoleFrawnPalank">
        <fashFiador>remassGorlingPlainy</fashFiador>
      </gormedGervase>
      <dopeGulfsCosmo>
        <okroKebob>gollerWoodsy</okroKebob>
      </dopeGulfsCosmo>
      <rinning anon="645134231">
        <nucleinPostwarAmidin>shedman72</nucleinPostwarAmidin>
      </rinning>
      <spiffDemigodWoolded drainBoloingFagott="heroes">
        <glackErminesBargeer>sprawlsSkilder</glackErminesBargeer>
      </spiffDemigodWoolded>
      <bromalsMindel andreaDecoy="calkins9469" motels="frontadBloothBarhal">
        <juecesOctopiRefute>sawnyBiblikeInctri</juecesOctopiRefute>
      </bromalsMindel>
      <sacradCycles>
        <amercerFerrier>rotes9</amercerFerrier>
      </sacradCycles>
    </blames>
    <tattva rescuesGoogolsComas="76824076">
      <kyloeBossy>fretishStepsonHalted</kyloeBossy>
      <unfazedSolidsMaitre cummers="tempehsStrowDivvies">
        <chutzpaVacatedItalics>safely</chutzpaVacatedItalics>
      </unfazedSolidsMaitre>
      <inwound folioseGerman="alignsScamell" silybumBallat="erikaLabrose">
        <hyllusCyetic>dohter</hyllusCyetic>
      </inwound>
      <filletsHaitianShiva>
        <robleLimliFinance>ladanum</robleLimliFinance>
      </filletsHaitianShiva>
      <twinCascromBurleys regrows="kissersSospiro" ibadite="broomedHoising">
        <naevusRebeatBayhead>yipes</naevusRebeatBayhead>
      </twinCascromBurleys>
      <hsuanPrides>
        <tooths>4362493</tooths>
      </hsuanPrides>
      <pawned portalInwickDislive="442297197" brevitMille="isthmicSpruceAiblins">
        <nashua>napperSomnial59</nashua>
      </pawned>
      <ebcascMasked begatGallowsNataka="yis" oakyPultun="hikes53">
        <slung>gizz</slung>
      </ebcascMasked>
      <alkylicOuthurl ledgetAjiva="8" denuderLulav="petChagrin97">
        <doestMuzjiksHidlins>athodyd</doestMuzjiksHidlins>
      </alkylicOuthurl>
      <bedsockTollsHagada momistTeraohmWant="alist">
        <batableWomera>clouded</batableWomera>
      </bedsockTollsHagada>
    </tattva>
    <ricinePeaty spannedDozesAuf="magnesVitry" rebrickAinus="hurterAwideTrooz" cobangRemovesMalacia="cascoNabla">
      <winsAlangBuchu>fetter</winsAlangBuchu>
    </ricinePeaty>
    <dismissBibberRidings parlaysPillar="deglory" ritsu="hapukuAures">
      <becrimeSiss>harn</becrimeSiss>
    </dismissBibberRidings>
    <vena hales="halvahs" lowell="9675">
      <reests>elishah</reests>
      <metzePomace kischenBuqshaMoriori="22870918" yoyCagy="poodlerBollies">
        <sharki>sableUrgeful</sharki>
      </metzePomace>
      <guaqueOutpaceDorobo anoesia="shimmed" upboundWaregga="nautiliAfenilCogmen">
        <klafterRamexCoves>74078763</klafterRamexCoves>
      </guaqueOutpaceDorobo>
      <entitleHutzpah jarabeLibrisLabrose="bastingParoles43" lonhynLampers="pitpit">
        <hayward>373718867</hayward>
      </entitleHutzpah>
      <tryChoroidFruz>
        <hexsub>60089</hexsub>
      </tryChoroidFruz>
      <therap>
        <spete>enclaspMishear9</spete>
      </therap>
      <crannogRonnels othelloPalls="serfsVarus">
        <gnideTextualRhombi>mahuaMilordScabrid</gnideTextualRhombi>
      </crannogRonnels>
      <mechlin epanody="armaria" silvers="bundaAmtmenTelurgy">
        <daffyPholad>shots</daffyPholad>
      </mechlin>
      <fiends manitusFaced="cheeksSaumyaPiths" noondayZonule="hunnerDunsterDucklar">
        <quotesPokableChuter>qanats</quotesPokableChuter>
      </fiends>
    </vena>
    <ditaliSparchDuma menyWilliamTideful="pegall" palishBrightsBlvd="diamatPergola" uphroeWaywodeDobbing="laskParietPollers536">
      <cohos>heizedAdornedStrawer</cohos>
      <bougeLoaner arauanCanjac="jacens" admanBarbletRefined="cogitoSanctae">
        <shunterOught>squitch22</shunterOught>
      </bougeLoaner>
    </ditaliSparchDuma>
  </tagMambuEutony>
  <battonArui lotmentUnhoaryReseise="cogmen" felloesTokays="39" syzygyDundeeFreeze="gunshot" peepedRaptusThig="aralkylFanionsLucet">
    <algae>
      <asculaUdos>stylion689</asculaUdos>
      <skef>
        <panelsMatzosHamble>luluai</panelsMatzosHamble>
      </skef>
      <balloneNaziism>
        <faucesDrooped>romaicLunetteKeslep</faucesDrooped>
      </balloneNaziism>
      <brooseMowburnChips>
        <enchairPicurisVannus>grousyChiel</enchairPicurisVannus>
      </brooseMowburnChips>
      <roupingSheepyReseed undelveCrippleThrummy="cerasAlexasMedrick" yelpsUpwayWahehe="seton">
        <bleauntCrassis>ogreSwalloAgist</bleauntCrassis>
      </roupingSheepyReseed>
    </algae>
    <jangles>
      <devolve>pyridyl</devolve>
    </jangles>
    <auxinicBestay orlopBertinKrs="sashoonRamlikePanders" titaniaGetspa="skeoPelewDeaner">
      <foulingZingelApicula>gemelIreland567</foulingZingelApicula>
    </auxinicBestay>
  </battonArui>
  <dawingHahAirflow dinning="absurdsSlakingMaut">
    <nale moither="damaRooks" marketsHazans="absiGuetarAffair">
      <wekaRecoast>crunodeAmativeBriered</wekaRecoast>
      <smitMangel>
        <oratingWarping>lhiamba</oratingWarping>
      </smitMangel>
      <akees icodCardingLotuko="sipeProwessBodgie">
        <stewpan>bimasty</stewpan>
      </akees>
      <quartanStrung>
        <dolmanOuzo>clysmic</dolmanOuzo>
      </quartanStrung>
      <doomed enlockTabard="doebirdHerb">
        <kipseyKamian>blagueCadelleUndose1881</kipseyKamian>
      </doomed>
      <rhexes impaintWarmed="sconces">
        <remoraGivey>gazook</remoraGivey>
      </rhexes>
      <kearnGuttyYerk pedrailOxyl="weakHypoxic">
        <truckieDessa>81407</truckieDessa>
      </kearnGuttyYerk>
    </nale>
    <acetone>
      <bufidinHackly>toplessNatoStomp</bufidinHackly>
    </acetone>
    <rompsRetryLukemia gnomidePorte="21" rheotanKivasQibla="bree" zarnecDaggar="78428011">
      <dehull>verminy</dehull>
    </rompsRetryLukemia>
    <bahoZenick erie="caryaMildest">
      <alpaxBeliingCamases>wootz</alpaxBeliingCamases>
    </bahoZenick>
  </dawingHahAirflow>
  <guianaLubraMuttons>
    <brettDeacons>
      <nayaritLithicTittery>fissionStanceLler</nayaritLithicTittery>
    </brettDeacons>
    <sudor>
      <restir>acholia5</restir>
    </sudor>
    <apepticEdiya>
      <ecarteKellet>spouts</ecarteKellet>
    </apepticEdiya>
    <sauquiMidget>
      <moroWalter>sawarraImpubic</moroWalter>
    </sauquiMidget>
    <janteeFourbLux>
      <charierExtremeMaleate>605548142</charierExtremeMaleate>
    </janteeFourbLux>
    <moho back="waker" kuvaszRiskier="korakan">
      <petting>roundel</petting>
      <unplumpPowitchPess>
        <khoja>156363</khoja>
      </unplumpPowitchPess>
      <liegeEnfirm>
        <bodkenScrodIridic>boranBaclinMonde</bodkenScrodIridic>
      </liegeEnfirm>
      <baneSondersFields sahoPasch="660558">
        <draggyBenciteBurglar>eveckPardonPetrog</draggyBenciteBurglar>
      </baneSondersFields>
      <patrialLobolosNope breardsBalutTrouss="1747" anorchi="beater357">
        <nipping>vulval</nipping>
      </patrialLobolosNope>
      <bilandHabiri anneals="26866202">
        <tarsier>scranchHowadjiTornus86</tarsier>
      </bilandHabiri>
    </moho>
  </guianaLubraMuttons>
  <avnInditer tendrelImpart="delicti" samkhyaSmervyBlet="962" keyholeSkylineInshoot="nare" nooksRagi="chirmedBonds">
    <looiesBandora>
      <foehns>croh</foehns>
      <broncAdjoins coraledRibosos="9867">
        <soogee>aspreadConderTrickie</soogee>
      </broncAdjoins>
      <quellioImbue grattonDrawExiler="adeadMauri" manessWime="flearShrinks">
        <baniladStibineDakoity>4</baniladStibineDakoity>
      </quellioImbue>
      <cantlet pearchFruited="installBigaeAgla" hankedHalingNobbily="ploy">
        <prolansAbyssalRewinds>staples</prolansAbyssalRewinds>
      </cantlet>
    </looiesBandora>
  </avnInditer>
</lagunasHilletGuaruan>