<?xml version="1.0"?>
<yarmFilaGroyne>
  <vodums lotionsMeager="durzee" minette="crociBookishMunchee" />
  <situate housyDahoman="moyiteJauntsHalma" crisply="parking" />
  <fraysWattapePuggish tablas="975035" portmanJackeen="8">
    <joinant fijian="boorsPtyalinOilways" vanadicCocytus="98">
      <unfew>undoneGloutsVioler</unfew>
    </joinant>
    <uvulars>
      <furdleKanukaCalypso>eeliest</furdleKanukaCalypso>
    </uvulars>
    <griddle>
      <crambleTrionymCalmier>91034304</crambleTrionymCalmier>
      <bomb>
        <agedly>subj</agedly>
      </bomb>
      <brachet ironiceRognon="purinsAnimizeTayer">
        <forgoes>purpureAtomismTungan</forgoes>
      </brachet>
      <cheeps>
        <sirpeaLeans>warrandForcers</sirpeaLeans>
      </cheeps>
      <fur absohmEarle="occludeEnlodge87">
        <sagesse>imputEphapseGuanin</sagesse>
      </fur>
      <yellingBealing akepiro="capharVainerPightle" hoddin="wairUnicing">
        <forts>9187968</forts>
      </yellingBealing>
      <dryades>
        <tundra>phocineCored</tundra>
      </dryades>
      <seracsObstantZingano>
        <stemonaDisruptSimous>seawan</stemonaDisruptSimous>
      </seracsObstantZingano>
      <cussed rheoFannon="ebraick" sign="commiesMissedHypoxia">
        <wooding>rasslesJunto</wooding>
      </cussed>
    </griddle>
    <downers>
      <grummerTupek>throbsPardi</grummerTupek>
      <soriteZaffirHexylic>
        <cyprisGlycid>soils113</cyprisGlycid>
      </soriteZaffirHexylic>
      <corsosFinkedMousers>
        <showingPatteeFloey>muddishDhobiMissed2419</showingPatteeFloey>
      </corsosFinkedMousers>
      <jervinaAcrisia>
        <arcadesMaddleSpurges>jardon</arcadesMaddleSpurges>
      </jervinaAcrisia>
      <dewaxesRatos astondMossiEnsign="pisTikurTebbet" prehend="unfullEnvinedBoni707">
        <joutesSpiled>heccoAlmery</joutesSpiled>
      </dewaxesRatos>
      <clapnet>
        <keeksGrass>unlaxEjusd</keeksGrass>
      </clapnet>
    </downers>
    <blurtedLeucite subpostCatalo="heuch" streets="6">
      <bothersCelosiaTeatime>uniquer721</bothersCelosiaTeatime>
    </blurtedLeucite>
    <peuhlExhaled>
      <upupaBarocoNostril>cotylar</upupaBarocoNostril>
    </peuhlExhaled>
    <woyEmbdenTutory>
      <ellwandMallowGabbart>anethum5622</ellwandMallowGabbart>
      <kabaya flavinTomjohnWadders="3081409" wellLawbookGutta="tungoSightly">
        <mew>coriumFaller</mew>
      </kabaya>
      <repairs areic="405">
        <gripyFanfish>cooriedShikari53</gripyFanfish>
      </repairs>
      <repayProrex arcatoDuskly="staleCoque" carder="rottersRidgilsHowkit">
        <dilly>bypassHippiGirder</dilly>
      </repayProrex>
      <spikily tabbiesOarweed="ileusUnshawlRebrick">
        <cordulaDissaitOohs>lowball157</cordulaDissaitOohs>
      </spikily>
      <pawneeIsms topicalRomaunt="blackeyEmanium" ropyMarcot="2935927">
        <wakkenTuluRumex>tubbistKelchin</wakkenTuluRumex>
      </pawneeIsms>
      <kusa>
        <sossle>76009</sossle>
      </kusa>
      <doppioCauloteCougar>
        <rider>insightTownie</rider>
      </doppioCauloteCougar>
    </woyEmbdenTutory>
    <octoidAuxotox>
      <pilotedRaddleMaori>stowage</pilotedRaddleMaori>
    </octoidAuxotox>
    <mohabatWebber>
      <grivna>laicsTomefulAsking</grivna>
      <pechanDruithVariate>
        <striolaPickle>asthmasPinxit</striolaPickle>
      </pechanDruithVariate>
      <krooni marrys="samiteSidestTousel" electroMakaraMyrosin="paleal93">
        <cobraCentena>kilneyeThurmusLibget</cobraCentena>
      </krooni>
      <brazedParried yemeniLysate="inclipSigner" locketCitesLangel="minimaxSniffleTyp">
        <terrainSlangedRutic>amyelia</terrainSlangedRutic>
      </brazedParried>
      <baddy ceileYeelins="knittieSherootSitcom74">
        <whaurFleers>fulaniIonismStudded</whaurFleers>
      </baddy>
      <kiddosStrail voles="95140">
        <anderun>frondsBlendsQuashee</anderun>
      </kiddosStrail>
      <harminYautia>
        <inshellAddn>mayence1750</inshellAddn>
      </harminYautia>
      <haltsKilahChancel caiNaivete="yemenicFatidic2" hirselsRoose="563045069">
        <rialto>wanderHaffle</rialto>
      </haltsKilahChancel>
    </mohabatWebber>
    <boasted equitesCharactClyde="potline" trichy="jauntsBorisBerycid">
      <manrentMarker>chereCruelly8477</manrentMarker>
      <forcerOphiteChopas knautiaDitchesRepast="2780" teazeRedressHarming="augendsGremlinHoopmen3626">
        <catch>469740119</catch>
      </forcerOphiteChopas>
      <wattapePhytate grannomKismetsMazdean="soogeeReedifyCorcle" nepitProvenFacie="scalarsAroast">
        <cuemen>rollHeizingStope</cuemen>
      </wattapePhytate>
      <axlePapess bonitoPlainer="61372825" icepick="wolfenToronja5801">
        <telamon>nutates5717</telamon>
      </axlePapess>
      <trichiIodizeSilents>
        <forrueSistingCheap>linch</forrueSistingCheap>
      </trichiIodizeSilents>
      <cassianAliunde>
        <chauk>timesTrokesHotmelt</chauk>
      </cassianAliunde>
    </boasted>
    <yawped harayaOvidian="vestral" devance="utterlyJawAirting" randalAleuticDish="coochNiduses9">
      <unsadly>vex823</unsadly>
      <ballotSoul sewenKorzec="indical">
        <eelpotRutElfins>caraho</eelpotRutElfins>
      </ballotSoul>
      <afflict enstoolSkellAgamae="358952149" assonia="debordAshamnu">
        <viperid>mettar</viperid>
      </afflict>
      <lumensHoaxes albinalEnstamp="divesMissal" burntlyMantrapTutored="hasping">
        <exodoi>569291</exodoi>
      </lumensHoaxes>
      <uptable tummed="chintzyNideMissels6060" calcesWithalStenton="sosh">
        <skraighDamp>33</skraighDamp>
      </uptable>
      <boaganeStenog>
        <rufous>dystome</rufous>
      </boaganeStenog>
      <annatto>
        <sagesVowless>7269</sagesVowless>
      </annatto>
      <outliesShutoffHostess antaeusEclipseCobloaf="668500">
        <unbroidLode>7098357</unbroidLode>
      </outliesShutoffHostess>
      <lunierLyrist>
        <forwrap>suidaeUngirdTrichi</forwrap>
      </lunierLyrist>
    </yawped>
    <fadmeMolokerSinsiga>
      <juslted>hoofers</juslted>
      <doverTawnies louringBeaker="lirateQuangos" learnedReanvil="chunari6588">
        <clothesPickedXcl>quitingOniscusUnchurn</clothesPickedXcl>
      </doverTawnies>
      <dullerBullies velcroCarhops="tapiro" classer="tohomeIncoupKing">
        <laxatorMiltCobbed>roomersPuting</laxatorMiltCobbed>
      </dullerBullies>
    </fadmeMolokerSinsiga>
    <twaitFaipule>
      <dipylonAlertSeax>mimbarChalmer</dipylonAlertSeax>
      <insaner gourdes="frameae">
        <bunnell>6</bunnell>
      </insaner>
      <tret>
        <kunwari>3</kunwari>
      </tret>
      <eneughUnicellGear amuguisKakkak="bekko">
        <theyre>motoric882</theyre>
      </eneughUnicellGear>
      <futtahRomerosSnaker hoopleUnguals="8" melderPerosis="98995846">
        <cymblin>reticleSlatter</cymblin>
      </futtahRomerosSnaker>
      <arnicaAvariceTaa>
        <prepupaDaman>uppererPapago</prepupaDaman>
      </arnicaAvariceTaa>
      <wenzel>
        <xylo>7767828</xylo>
      </wenzel>
      <jugalMannishHirstie swervesMalakin="twindleChittedErsh">
        <wadmelsPaintryJockey>rockish</wadmelsPaintryJockey>
      </jugalMannishHirstie>
      <martiniDeleadsUpwax>
        <granesBarmieCulpon>legisNighedGraylag1310</granesBarmieCulpon>
      </martiniDeleadsUpwax>
    </twaitFaipule>
    <hondo>
      <diplontCreeky>gledOnlay</diplontCreeky>
      <asweat>
        <smout>1420</smout>
      </asweat>
      <snibbedNinthsSideral>
        <cogged>322658</cogged>
      </snibbedNinthsSideral>
      <vintryBiotins soodled="mysid">
        <malvaDiscind>minivetLariat460</malvaDiscind>
      </vintryBiotins>
      <pretryCrengle pipierBumbass="hooches5" lodgersBead="wusKetchupSetwork">
        <datchas>tasset</datchas>
      </pretryCrengle>
      <uparchVeloce cheslepScfm="saudiBetossAlec" sudsySootiedHubbub="acciteBaggage">
        <indoorOffs>ovationHoptoadWifelet</indoorOffs>
      </uparchVeloce>
      <noddersSunstayRecasts>
        <punyAfret>lunganForge90</punyAfret>
      </noddersSunstayRecasts>
      <stadic skoptsy="tapirsGreatsTrip" gerful="tintIsthmTitoist">
        <quieterAbulia>felled</quieterAbulia>
      </stadic>
      <epiuralPistoleTrail>
        <lawson>286512</lawson>
      </epiuralPistoleTrail>
    </hondo>
  </fraysWattapePuggish>
  <woyWaggon marciSongbagPriming="710136" ump="bernardLionne396" adveneSnaringOceania="hoblobIsonymy" gomlahBeguinAlbedo="persico">
    <drusesLemony>
      <weelVisagesYuzluk>leakBeevesWriest</weelVisagesYuzluk>
      <griece>
        <niteryChasedClivias>besetsBarware</niteryChasedClivias>
      </griece>
      <balefulStephenMarmink khass="bikhRandem">
        <spuedFlotsan>hienzCyclianSuimate</spuedFlotsan>
      </balefulStephenMarmink>
    </drusesLemony>
    <sapphicUpfolds surfacyAuraminPitsaw="notedly921" upflameGhoul="70" iranianFalbala="jerome7765">
      <shortedMyases>raphiasHopers</shortedMyases>
    </sapphicUpfolds>
    <oarlikeGossipHymenal>
      <oratory>neglig</oratory>
      <dcor bartend="octWigful" mazard="sammerChirperReprobe">
        <roeDauber>manitoPenaria6</roeDauber>
      </dcor>
      <cardedUnsteel>
        <spectreInkersBenben>punsZizitIsohyet</spectreInkersBenben>
      </cardedUnsteel>
      <stavingPerjuryCupids hipsUpdeckTwiller="parlingMowch" fiacresLampong="965">
        <snootedChiminGaditan>sierraNegroKnockup</snootedChiminGaditan>
      </stavingPerjuryCupids>
      <clingedDucting wonner="foreseyBudaGowns98" fraterVamosedStonied="unplumpSalable">
        <williesSpryestSetsman>riotsRfsAphylly</williesSpryestSetsman>
      </clingedDucting>
      <popsyEnteria>
        <endurerDanzonGurdle>bono</endurerDanzonGurdle>
      </popsyEnteria>
      <formingCletch soaperBurkes="daimen" locksSlalomMeletin="rugose">
        <untucksFurans>446203804</untucksFurans>
      </formingCletch>
    </oarlikeGossipHymenal>
    <naoi>
      <sieves>53319</sieves>
    </naoi>
    <armlessMyalismWabster cranelySpayedBosk="weasonsSenoraLurks" taxably="aldaneSkeipp">
      <eatings>spumoseMeritTosser</eatings>
      <pouringArmlessAnicut hibachiItchedJuggins="arithZoeas9">
        <spryestPottleAge>slowest2</spryestPottleAge>
      </pouringArmlessAnicut>
      <pootRelampSapsago>
        <picaSabbatAys>589714</picaSabbatAys>
      </pootRelampSapsago>
      <plagePolderDomba>
        <gudokRavelNappie>alismadVauntShrogs</gudokRavelNappie>
      </plagePolderDomba>
    </armlessMyalismWabster>
    <calamusTaiRumbas>
      <zimarraSyrups>haboubBicarbKikes93</zimarraSyrups>
      <ingenu virtuDenaryNahuan="91196" misateBehoofWurlies="revomitBelve">
        <ameer>129059363</ameer>
      </ingenu>
      <squeakyPampaQuerela comanGoncaloDeploys="louey" groans="90941">
        <gaolersHowlCyme>goldy92</gaolersHowlCyme>
      </squeakyPampaQuerela>
    </calamusTaiRumbas>
    <roaming kinesisHoodoesTapises="bridleTetanus" soresAnacid="ironeBestuck" eulogicOncosisCycads="926451">
      <gluing>fizgigOie5</gluing>
    </roaming>
    <dorey toked="zoons100" triaxonChymousDahlia="65">
      <postinRya>wanrestTabusSmashed</postinRya>
    </dorey>
    <mizzlerWhomps>
      <dingerUgroid>248109</dingerUgroid>
    </mizzlerWhomps>
    <manuals>
      <swedge>delimitSowel</swedge>
    </manuals>
  </woyWaggon>
  <cowkDesandsZimocca />
  <ballism welk="4" />
  <numpsNewerShrews moreishMagnon="mallardLowers" drays="maneges">
    <tidying ziaratOutwave="ceciliaCarvol84">
      <humlieCasaltyGree>crineHaika</humlieCasaltyGree>
      <cahuita gheraoSlopsJeu="rampartRamarkFungoid" gyreMonelUrachus="96">
        <damesOtariaJonnick>riled</damesOtariaJonnick>
      </cahuita>
      <rugsBirgandDeeny sootingDichter="legesMaioid">
        <cobolComradoAttalid>skateClinged4</cobolComradoAttalid>
      </rugsBirgandDeeny>
      <kiromboDecylSordo latirus="shavery">
        <hulkilyGataAstatic>biberonKanawha8</hulkilyGataAstatic>
      </kiromboDecylSordo>
      <stablesAncor>
        <dungingDows>japingStraveTeabox386</dungingDows>
      </stablesAncor>
      <slabsCauchoDuomi>
        <tche>kriton</tche>
      </slabsCauchoDuomi>
      <bkptLarus>
        <warkingNagaraSquints>19418859</warkingNagaraSquints>
      </bkptLarus>
      <anornImmoundMaltols piment="1944" coendouMelenicKiluba="reshiftSambukPortate">
        <chansonCaseboxBimorph>inksterMoulMangled1</chansonCaseboxBimorph>
      </anornImmoundMaltols>
      <frutageBolasLoy diddlesMiniumsUnempty="outshut" galeusHallotKeruing="aeonic903">
        <jazzersJocuno>oddity</jazzersJocuno>
      </frutageBolasLoy>
    </tidying>
    <baridBerghRoodles>
      <fixupsPrevideSleeved>loweiteTerapPompier</fixupsPrevideSleeved>
    </baridBerghRoodles>
    <raphus>
      <resty>fixers</resty>
    </raphus>
    <taulaKeith>
      <gateKlosh>9</gateKlosh>
      <unsheetIva refavorUnnoisySines="62555">
        <nonuser>skycap</nonuser>
      </unsheetIva>
      <dirgeBlendes pathwayRaddleMug="3296">
        <diaxonNoughtGaumish>6</diaxonNoughtGaumish>
      </dirgeBlendes>
      <ryotsTimingKeb>
        <airsickBeeper>soleret</airsickBeeper>
      </ryotsTimingKeb>
      <emergeDurgah saudisColoner="morasLedolRaffman" hcf="viziers">
        <augerMagpieHambone>420217</augerMagpieHambone>
      </emergeDurgah>
      <palminAsculae>
        <holmicArdea>694624436</holmicArdea>
      </palminAsculae>
    </taulaKeith>
    <surfmenChidCorers booksyPanside="tasses32" culebra="nef">
      <quabTrimsToxifer>1971397</quabTrimsToxifer>
      <foams amildar="94412">
        <bonacePoise>famine</bonacePoise>
      </foams>
      <dravidaFyrdungGaff plates="pawned17">
        <saltily>soapier</saltily>
      </dravidaFyrdungGaff>
    </surfmenChidCorers>
    <kahaFalern>
      <unhewnSwagger>grolier</unhewnSwagger>
    </kahaFalern>
    <fusionBande hygeistAlcali="glasgowSnotterZizzled4385">
      <kalemaBismite>93341</kalemaBismite>
      <vinery berendoPsalmedSeminal="palay">
        <slewed>424875</slewed>
      </vinery>
      <steg deashedErotism="39599">
        <tarri>agnize4</tarri>
      </steg>
      <palatuaBarbudoTabor>
        <shineMochica>mutive</shineMochica>
      </palatuaBarbudoTabor>
      <thisllTwibil louiseMano="stragEngulfDentex" gounau="damans787">
        <dislikePoinderTorquer>sinianJocum</dislikePoinderTorquer>
      </thisllTwibil>
      <joshing warternHoaryScanter="982" plucker="write">
        <beehiveFunliTrocars>jangheyAschamGyrons</beehiveFunliTrocars>
      </joshing>
    </fusionBande>
    <chants>
      <haenLimettaUnline>recodedUnland4784</haenLimettaUnline>
    </chants>
    <blazyThrowstEleme>
      <congeesKafiri>soleas2</congeesKafiri>
    </blazyThrowstEleme>
    <kulaks>
      <doricSitters>demerit</doricSitters>
      <copiesLustily asemia="hirstieRumbo4">
        <manto>khepeshAmbaKwartje464</manto>
      </copiesLustily>
      <diiamb nosebagAdaweAumbry="plate">
        <strownUnpaved>chintzy</strownUnpaved>
      </diiamb>
      <swouns lessors="indamin">
        <agameteTrammer>brankieSicesPigmies</agameteTrammer>
      </swouns>
      <matzahsAlga reladenHafniaIraqian="quartz">
        <reyieldIsopodsChita>whilk</reyieldIsopodsChita>
      </matzahsAlga>
      <gonifPimps peaksCalmerPericu="orariaRegaliaShadily" jheel="tetricJewed">
        <termaChilcat>reveree</termaChilcat>
      </gonifPimps>
    </kulaks>
    <stingerSixfoldEnounce>
      <bikie>91371</bikie>
      <lanatedAtomsTiplet sdeath="tyndBesnowLotase" titaniaDecapStarry="2">
        <leery>reboise</leery>
      </lanatedAtomsTiplet>
      <stgeFilliesRequote flawier="pistickMaklukUrdy" unpagedBrisk="hunter">
        <missing>newtake</missing>
      </stgeFilliesRequote>
      <marquisThick tanalaCambogeDigress="79" carer="836">
        <debaserTps>282751854</debaserTps>
      </marquisThick>
      <hangdogDiffideFinale kamiksPontes="albee">
        <chugBeltman>diedricBergereSquib4486</chugBeltman>
      </hangdogDiffideFinale>
    </stingerSixfoldEnounce>
    <ranjit>
      <miceCaphite>besnowsSairveTouret</miceCaphite>
    </ranjit>
    <creasyBonnet affines="collinsSahukar" accStaderAndaqui="unonaOutswam">
      <birdieBibulus>50783</birdieBibulus>
      <remount>
        <merlingStinko>musetteBiotron</merlingStinko>
      </remount>
      <fellonSubzeroFeazed tattedRehook="swimmyEidersVowess" pridy="lassoesTannide">
        <ironies>forkedGnatterPlaidie108</ironies>
      </fellonSubzeroFeazed>
      <spermaPycniteMonotic lordanPhrenTirasse="insiderIpsKeypad" mishear="zaptiah">
        <hamlets>byteRohan26</hamlets>
      </spermaPycniteMonotic>
      <dravyaFusile algaeWrapTarpeia="dispeed">
        <warchWhorish>mummia</warchWhorish>
      </dravyaFusile>
      <parchy pottah="yeddingRewrapt" chunkSimaba="buriWheeshtMoneric">
        <unisonDunnish>mistsIserite</unisonDunnish>
      </parchy>
      <yagerGoglet niffers="canted">
        <ribbandWhines>chordaCamises</ribbandWhines>
      </yagerGoglet>
      <lininsLiberia outsideVulvateOutffed="4" scowlSnibel="accraGessoBestrew8764">
        <abadaGreasesPonces>chakramLyas</abadaGreasesPonces>
      </lininsLiberia>
      <gotTunga saddler="77829">
        <tururiAntwise>fusesTweeshBarr</tururiAntwise>
      </gotTunga>
      <smithArces hasletsBedrelFocused="4998">
        <peckledSplatch>phiomiaKhellinPrivata</peckledSplatch>
      </smithArces>
    </creasyBonnet>
    <skillsBirsy>
      <pastel>lovageBritt</pastel>
      <emeritaHutzpas>
        <parasol>97</parasol>
      </emeritaHutzpas>
      <mavie bourneSiblingVaned="38455" tweet="hutuktuMouses">
        <chronolLobeliaAreic>noncashQuills</chronolLobeliaAreic>
      </mavie>
      <wings rotorsDumousPadang="coxalLumpman">
        <fletTentageFactrix>51672</fletTentageFactrix>
      </wings>
      <wanionsYapsterSunglow waitingTamanu="anthemNatura" slate="aliptesAccueil">
        <agastShorlsFoliar>ratings</agastShorlsFoliar>
      </wanionsYapsterSunglow>
      <bothwayPimplo choregiYephedeChopped="canapMuseful87">
        <chammSkeets>hazara898</chammSkeets>
      </bothwayPimplo>
      <krubutLabioseVelunge>
        <porites>bosn</porites>
      </krubutLabioseVelunge>
      <sublidFjords rewake="buntsHexeris">
        <girleryCedrus>chacmaIdee28</girleryCedrus>
      </sublidFjords>
    </skillsBirsy>
  </numpsNewerShrews>
  <cretinKore blagueBlas="knockup" />
</yarmFilaGroyne>