<?xml version="1.0"?>
<sissooUnpotTanzy>
  <taxerPfennigStunsle girt="8" clowre="sprayerAcumenAlgae" dizzies="puky36" guazzo="durmastCovidoCagiest302" />
  <octants kierFizzlesKlipdas="muran" ferulicRots="mankind" irisherMeseHodder="mutuelKandjarPsycter" antrinEttaMantels="unopenCutifyEarfuls" />
  <zincoLow chirinoShammasNarrowy="8594790">
    <sanaiAnienteFlavian unclick="9">
      <showsDoriesVastate>39</showsDoriesVastate>
    </sanaiAnienteFlavian>
    <partageDasewe>
      <kookriLooneryPersae>copemanTutelaeMytilid</kookriLooneryPersae>
      <gibbiTepaHaiver alviteLexicon="56998725">
        <lurrierDevon>3684492</lurrierDevon>
      </gibbiTepaHaiver>
      <folksyFanfishShored typpsRomajiCacoepy="dubsWilesButtals" remiped="ploysAgiel">
        <ouvrageSulkingJacare>geeingDreichGrond</ouvrageSulkingJacare>
      </folksyFanfishShored>
      <prowsSoonly>
        <yucks>setaeTasterSansars</yucks>
      </prowsSoonly>
      <sideralSerenoaNieves>
        <seisingLopemanMurders>4230859</seisingLopemanMurders>
      </sideralSerenoaNieves>
    </partageDasewe>
    <bocardoBureaux immixt="risquGenghis">
      <aegisAlkyd>3706416</aegisAlkyd>
    </bocardoBureaux>
    <beverRouthy elbowySpeen="humors71">
      <belayerTingiSunrose>morulaAssert5855</belayerTingiSunrose>
    </beverRouthy>
    <urgineaRuddier>
      <whorlyBemixed>402</whorlyBemixed>
      <tapetiBobbiesOnement joni="evensTinterBewig">
        <scolderHagdonsSciolto>97</scolderHagdonsSciolto>
      </tapetiBobbiesOnement>
      <banishGaffed>
        <gests>hesterGaulinOstend</gests>
      </banishGaffed>
      <reprintRageUsager heehawsNaris="matrahSluicy" bush="334327">
        <furious>jabersQuaichsMoaria249</furious>
      </reprintRageUsager>
      <pricksBeauxFortier bohor="dusts786">
        <sesmaScooted>spoofDaffery</sesmaScooted>
      </pricksBeauxFortier>
      <varusesBerms samechsBashed="433117">
        <couponRadientClerete>wines</couponRadientClerete>
      </varusesBerms>
      <ymca witlessMissaidTarr="23089339" gobiaAcceptsEmend="shoyuRoving">
        <enlistsBosque>8</enlistsBosque>
      </ymca>
      <tasselsPlodded defineEmulsicCopia="daraf8">
        <cubaneCalicle>whewer</cubaneCalicle>
      </tasselsPlodded>
      <lusterHaltereDecenyl enows="fatwaFascias">
        <castroTrixy>263</castroTrixy>
      </lusterHaltereDecenyl>
    </urgineaRuddier>
    <lamiaBelick>
      <tympaniWeller>merger</tympaniWeller>
    </lamiaBelick>
    <allyouEstray felix="fidfad">
      <fleamyToothy>rekeyedAssents</fleamyToothy>
      <gaitsCoprose petreanFriezedSweath="chiru" windockTukulor="glister">
        <caffeic>hemlForbode</caffeic>
      </gaitsCoprose>
      <nagelIago>
        <recededCamus>adapt6327</recededCamus>
      </nagelIago>
      <ladybug inchHuffler="treppe">
        <cougarsCords>tarinWeaselElites</cougarsCords>
      </ladybug>
      <inarchOncia>
        <intend>21493</intend>
      </inarchOncia>
      <lipic toothsSueCattier="mocmainKantist" recatchTowheesShyam="3">
        <rankedDromond>terronBodegon</rankedDromond>
      </lipic>
      <tutee beltman="menschThadLaen" doebird="upleg">
        <weeningYcieMeropes>streitCopulae</weeningYcieMeropes>
      </tutee>
      <lowsedWeety>
        <parura>fatties77</parura>
      </lowsedWeety>
      <skyedCurerForwalk>
        <retsAdmov>amicousMidday</retsAdmov>
      </skyedCurerForwalk>
    </allyouEstray>
    <sapindaArion>
      <devolveLainerAmorosa>3878</devolveLainerAmorosa>
      <owlishLere glettyUnwifed="miched">
        <vesical>gaiassaBurLectors</vesical>
      </owlishLere>
      <theciumLullian>
        <plautus>4520526</plautus>
      </theciumLullian>
      <unkinkCapful deciderOutpass="durableSplice">
        <tacanaReports>mackleEzekiel</tacanaReports>
      </unkinkCapful>
    </sapindaArion>
    <davachBraveryKefti>
      <pingsWimbrel>abwatt7</pingsWimbrel>
      <agamiApothecMaydays>
        <drails>onrushMakuaBegreen94</drails>
      </agamiApothecMaydays>
      <toffsReddyHinner>
        <grammyGagerSexes>canidReflows</grammyGagerSexes>
      </toffsReddyHinner>
      <rawnessTipsy>
        <recited>carvers</recited>
      </rawnessTipsy>
      <waglingHazanimSkidoos hajilij="peeressRacloirGuiro28" connivePerpDevaunt="unsaintNormanQueach576">
        <arayneApiece>preknewCriboHalaka72</arayneApiece>
      </waglingHazanimSkidoos>
      <jeromeRoytMisery>
        <yourAnodicMunch>gorgeSubra</yourAnodicMunch>
      </jeromeRoytMisery>
    </davachBraveryKefti>
    <dorlot>
      <autocarScapeHaddo>bytes</autocarScapeHaddo>
    </dorlot>
    <ashes>
      <encoopOutletGondola>advertsStalag</encoopOutletGondola>
      <moca>
        <activesScaphe>mownRegularAidmen</activesScaphe>
      </moca>
      <clompDollars>
        <jalapsPhlomisDibbuk>curareRezonesBoonies</jalapsPhlomisDibbuk>
      </clompDollars>
    </ashes>
    <surv>
      <kizil>barosmaLinky</kizil>
      <muled humicOrbless="renu935">
        <bungey>masselBimboes</bungey>
      </muled>
      <ferison boukSouringBlancs="toshy">
        <violanOcneriaPiotine>cizeMiauls</violanOcneriaPiotine>
      </ferison>
      <hirableParoecyConite chasma="unfeed" cavemen="6489">
        <ensJested>3</ensJested>
      </hirableParoecyConite>
      <hackleRecarryEdmund>
        <trillTrumped>methaneSeabagEelfish1995</trillTrumped>
      </hackleRecarryEdmund>
      <bezzantAgmaMorose tirazGladwinBalneal="phonemeSanseisEnnui" hankyThymi="epist">
        <zooticAntsCorded>lodha</zooticAntsCorded>
      </bezzantAgmaMorose>
      <mynas rumors="dehache" puleyn="guggledHates">
        <manacusFeoffeeReequip>wyes1999</manacusFeoffeeReequip>
      </mynas>
      <allies>
        <olesBidar>submit</olesBidar>
      </allies>
    </surv>
    <kantism enowDamning="uspoken" fulthFlicky="furdel59" nitrateMust="deviGardenyUramido">
      <leteDecap>oltunnaCradockGlires</leteDecap>
    </kantism>
    <matelowRimose rimrockBarrasWhir="tieing" bryce="fug" hillersGourdyElicits="3379475">
      <puppySonovoxBamboos>claquerSeity85</puppySonovoxBamboos>
    </matelowRimose>
  </zincoLow>
</sissooUnpotTanzy>