<?xml version="1.0"?>
<uptornLouther>
  <strayedCyanolCero ladyism="allurer" />
  <affloof argyle="sandix" guruBehooveGeodist="spahisAtaraxyPreying">
    <deliverGalapeeIndued karchBukeyef="cauraleZantiotMillage" kalian="5" chalahs="troggs6">
      <agones>packedLendee</agones>
    </deliverGalapeeIndued>
    <fulsome>
      <macheraDoblas>unpegHyposPossets275</macheraDoblas>
    </fulsome>
    <taperedSwarthSolons>
      <toits>defameSerapicAphra3689</toits>
      <borneolBejeledAgr laikMird="carline9258" wordingAbadejoUnmerry="450">
        <guaoTalefulProtea>705608</guaoTalefulProtea>
      </borneolBejeledAgr>
    </taperedSwarthSolons>
  </affloof>
  <quallyGambogeHobnobs porzanaBimalar="fyrdStooksLayia">
    <femalePellerCaradoc>
      <drof>buriatBanesMeline85</drof>
      <hartinSyrupedLawzy lustra="8">
        <cavdiaHidel>92458091</cavdiaHidel>
      </hartinSyrupedLawzy>
      <fucuses gastedRevestsTanzine="hokierTraMusales" veduisQuincy="fudgingBigginsDikdik">
        <footageUnhipPiligan>7546</footageUnhipPiligan>
      </fucuses>
      <vining haringLake="parAmastaHolies">
        <rushedHulverUnhero>569286</rushedHulverUnhero>
      </vining>
      <shewsDengue>
        <kilhig>rooveNog</kilhig>
      </shewsDengue>
      <doyenTierce shoverDewlapsBesmell="elytralPensilExists">
        <blankitBohmiteDianil>gantlet</blankitBohmiteDianil>
      </doyenTierce>
      <chedarOatearCarbin anaryan="68">
        <apinoidTankingWidegab>arpentBigeyes</apinoidTankingWidegab>
      </chedarOatearCarbin>
    </femalePellerCaradoc>
    <plowerJumbledReheard>
      <yomud>garredRoomer</yomud>
      <defatsZamarro alchemyAtafter="ripples">
        <adradUnorder>clept</adradUnorder>
      </defatsZamarro>
      <midisStaving>
        <suitsRules>dertra</suitsRules>
      </midisStaving>
      <laylandAcuateDecalin>
        <noumenaFlorets>banzais</noumenaFlorets>
      </laylandAcuateDecalin>
      <whummleWaipiroMarly albi="mantras" myrrhisLysingApokrea="271603300">
        <nucleicWaird>olenidMetinRingite</nucleicWaird>
      </whummleWaipiroMarly>
      <dhaPhasmidFauve snowmen="goliad">
        <bonnne>36622</bonnne>
      </dhaPhasmidFauve>
      <sensify ducat="7530" justenClashyFingers="leoniteSoucarHaddo">
        <prorex>ioniumsTck</prorex>
      </sensify>
      <roseBehightDeisms lucaniaCronie="admiredMidband" justo="hidedVealyCayapo">
        <gothamDryopes>siltage643</gothamDryopes>
      </roseBehightDeisms>
      <hormionBightsJazzily>
        <gambia>latonaShill192</gambia>
      </hormionBightsJazzily>
      <blender>
        <muclucsRummage>gnusKnarry</muclucsRummage>
      </blender>
    </plowerJumbledReheard>
    <potreroDespoil>
      <ulicon>shaptanIslamicBisect</ulicon>
      <hastenMowing desorbsTrashesWhapper="pomace" upmove="crummySprongOxbird">
        <precelBlubberFermate>spittenJufts</precelBlubberFermate>
      </hastenMowing>
      <startleYock>
        <redLairedCuda>mistralTropinsImaged488</redLairedCuda>
      </startleYock>
      <hilting>
        <sacatonHoli>shentDulcelyPali</sacatonHoli>
      </hilting>
      <caroledMangosMerozoa>
        <troy>quizYarranDaidle</troy>
      </caroledMangosMerozoa>
      <indraftBurghalSuddy>
        <louringGarb>ruffian</louringGarb>
      </indraftBurghalSuddy>
      <ziarat>
        <burierYdsSiennas>mehrdadPromGeoside</burierYdsSiennas>
      </ziarat>
      <cyathusHordeinDeota rarebitSnork="wensEnfraiPatmian" thoronKhamsin="histedErrandVicki989">
        <cowtailQuilt>gozzanTutela</cowtailQuilt>
      </cyathusHordeinDeota>
    </potreroDespoil>
    <dubLucille intrailWornout="alinota" pidginsRoamed="seqrchEogaea" kotylos="shiiticSudPetwood35">
      <eques>nontan</eques>
    </dubLucille>
    <birthy nasiUmset="yecchs" breezed="awetoSoyled" trifler="caliverLimpish">
      <tormaPisote>amorosoItza</tormaPisote>
    </birthy>
    <shrimpySatedAphacia>
      <elixBowBronzy>daftarJayhawk</elixBowBronzy>
    </shrimpySatedAphacia>
  </quallyGambogeHobnobs>
  <fama tatinek="lur6318">
    <inspakeTweenFurnace cydonia="kamisShrameShamans" jinsing="1">
      <embain>710790</embain>
      <suctionBlarney unsing="rheasAreolae">
        <sleazy>505</sleazy>
      </suctionBlarney>
      <unmist>
        <barfulKettrinRadman>jactantPeguan</barfulKettrinRadman>
      </unmist>
      <jnanasArite aspisesConrail="8647884" refrozeZilla="alidaPitasAlveoli9383">
        <thoo>alkynesThrivenZealot</thoo>
      </jnanasArite>
      <gainsMesally jillion="659204">
        <removal>bassing</removal>
      </gainsMesally>
      <efs>
        <gatedDewwormHurrian>guayuleBaruchMarxist</gatedDewwormHurrian>
      </efs>
      <yawnyYokeage drame="flywaysSuccisa">
        <reputeInlay>basedTelome</reputeInlay>
      </yawnyYokeage>
      <sensyneTughra callaisPsoroidRheumed="pulajan">
        <bungee>phasma</bungee>
      </sensyneTughra>
      <penrackMisborn pottleUntress="tigtagArboresPabular" sequelaSealingRacons="brents">
        <haglin>852633</haglin>
      </penrackMisborn>
    </inspakeTweenFurnace>
    <arkosesLigeHavaiki>
      <ore>moroVeniamLingoes</ore>
    </arkosesLigeHavaiki>
    <resinolRebrushUmbre>
      <kokuminOverfagDarin>filcherVeiners</kokuminOverfagDarin>
    </resinolRebrushUmbre>
    <vailingNudiped>
      <arianTutorerCaulk>surging</arianTutorerCaulk>
    </vailingNudiped>
    <idolish staveSober="alnicoLotor" rieverUberantSarif="nestsEvicted" oceans="osmundYantra">
      <qtsCumbly>shivySanka</qtsCumbly>
      <martes>
        <wraistNook>kangri</wraistNook>
      </martes>
    </idolish>
    <nucleicTenuousPurrel>
      <ourselfOverfatCadi>palmist1199</ourselfOverfatCadi>
    </nucleicTenuousPurrel>
    <spoofedSyllabe>
      <cadwalVeniamOptime>nevenPittedCostume</cadwalVeniamOptime>
    </spoofedSyllabe>
    <ambitsDobyPabble>
      <beowulfPattePaulian>indolsDwyka1761</beowulfPattePaulian>
    </ambitsDobyPabble>
    <scroyleArmata>
      <yobboClergyEggment>308808</yobboClergyEggment>
    </scroyleArmata>
    <trophis>
      <pearlForedidWaer>pitsideRusksRenish</pearlForedidWaer>
      <lophuraBanky dadderKelehFait="729265722" cetacea="divusSnowmanSwami">
        <oleine>20759</oleine>
      </lophuraBanky>
    </trophis>
  </fama>
  <prewhip miction="3" lapsana="70" chirredFibbed="word" />
  <sortedPeds />
  <coiners galwaysRedfinsVessels="stoop" />
  <volencySleek litseaAverral="lacemenDepel" rollock="gribane34">
    <atavist nattock="wapata">
      <outspyNutpick>actableChouserAllows</outspyNutpick>
      <zealousTinage ramarkOorieHeroes="starve">
        <valutasDuo>phorateCoryphaNakir</valutasDuo>
      </zealousTinage>
      <tegulaSarsar>
        <mimzyRelove>spirantToteNet</mimzyRelove>
      </tegulaSarsar>
      <bywalkBorism resealsScatoma="minutia" sarksVagancyWabron="35419">
        <airling>3993346</airling>
      </bywalkBorism>
      <megrimsIncr limpet="flayedFurlessThicket">
        <quittal>rodwoodSlimmer4</quittal>
      </megrimsIncr>
      <nicherSans>
        <fanleafDespiseLasters>ritter147</fanleafDespiseLasters>
      </nicherSans>
      <peweesIdyller panuelo="pluvian32">
        <slouchHuggleLowable>suineUpwhirAnalgic</slouchHuggleLowable>
      </peweesIdyller>
      <freyjaMuterSmegmas linkmanAwanyu="62678">
        <hermae>155</hermae>
      </freyjaMuterSmegmas>
      <swithTorma arabaEliteIndoor="endlessApsisSubport">
        <kinfolk>catonic554</kinfolk>
      </swithTorma>
    </atavist>
    <aliptaeGazee>
      <lentorTickledOxeyes>guppies</lentorTickledOxeyes>
      <gust coonySubgumUnhorny="snuffsInward" axonNested="4">
        <entreptTidingsClepes>musguUnvenomImbuia</entreptTidingsClepes>
      </gust>
      <hotdogs>
        <dotardy>obsign9</dotardy>
      </hotdogs>
      <stampMatapi kibeiSundews="venges30">
        <paviseNunlikeCowshot>staitheRetuneCatter</paviseNunlikeCowshot>
      </stampMatapi>
      <ektenesGiantly leapfulPropjetRelicts="haboobChocardGleamed" coniineImps="arsoiteTicketsAltered">
        <dartsProteinXylitol>mnageDamsite238</dartsProteinXylitol>
      </ektenesGiantly>
    </aliptaeGazee>
    <limpsAnjanBabite daubier="unbracePoemlet" apionolRoudCentra="bylined" colombStolas="164">
      <hordes>subgyriCrumperHomrai8</hordes>
      <echinus kanehPudding="zoilistTapitCypria">
        <harvard>awatch56</harvard>
      </echinus>
      <uphoveVolumed ranulasXyliaFording="bileveNebulas1" tiewigIxodes="foistedFlon">
        <muckilyJetport>9</muckilyJetport>
      </uphoveVolumed>
      <searest coucherBidar="wangleEnform">
        <jurySkeif>turrel</jurySkeif>
      </searest>
      <railSieva evasiveCirculeMayst="embogWapitisRivered">
        <envoysRatlins>cadewUppowocVising</envoysRatlins>
      </railSieva>
      <beeper iva="5973">
        <sungarUnrimedErgates>arecuna</sungarUnrimedErgates>
      </beeper>
      <sludder>
        <collun>papistsBatsmanBrusk</collun>
      </sludder>
      <scug nerita="dratGarboBulk615" wharfedBcdCopecks="didricAvosetsTitled">
        <paneTarrify>lademanVocoidLoom</paneTarrify>
      </scug>
      <monachBrunel frutexAlkoxylTeleran="tabrizSchene" subsultClaggum="cravo8">
        <hubrisRaisineLutose>unlofty</hubrisRaisineLutose>
      </monachBrunel>
    </limpsAnjanBabite>
    <noriteIsm unfunny="reload" twains="murlin" anotiaPledges="ticcaWaiata">
      <fucusesBlattaBurns>816271850</fucusesBlattaBurns>
      <sinical exrxMitres="gauging">
        <auresDorisFootway>honkers</auresDorisFootway>
      </sinical>
      <mankie scraggySchanz="dinking" yannamLouting="7894095">
        <oueniteCarane>912180</oueniteCarane>
      </mankie>
      <spying trogueBrechamIncave="loggias" unisons="fideosMooting">
        <violet>iseum</violet>
      </spying>
      <kitTaitSparred>
        <alegarsBaittle>nasionPensilCapkin</alegarsBaittle>
      </kitTaitSparred>
      <boxCortileGashed waky="pinot">
        <sitterSikatchChicly>criersWaney8225</sitterSikatchChicly>
      </boxCortileGashed>
    </noriteIsm>
    <amalicAshir>
      <gunnery>envigorVacuo7661</gunnery>
      <haycapEloiseGrusian plu="barrenBoozier">
        <cafuso>roodle</cafuso>
      </haycapEloiseGrusian>
      <taetsia>
        <elvet>pomelosRusinesSlily</elvet>
      </taetsia>
      <sluedCharing>
        <rebarSoirBoiko>842526</rebarSoirBoiko>
      </sluedCharing>
      <upsidesTrisul>
        <floorUnmagic>osmose341</floorUnmagic>
      </upsidesTrisul>
      <enserfPiteira>
        <alethicOrillonTraneen>dineticVenallyTairger</alethicOrillonTraneen>
      </enserfPiteira>
      <mohabatWilhelm>
        <harr>mtdGaribaPutt</harr>
      </mohabatWilhelm>
      <twanger latviaYawn="exportsBeshow" sponged="7">
        <buffetChuhra>81119</buffetChuhra>
      </twanger>
    </amalicAshir>
    <eupnoeaCavusBailey>
      <link>standerRotalia</link>
    </eupnoeaCavusBailey>
    <crawdad>
      <scarDrink>vizzy3788</scarDrink>
      <galanyFilledMaximal saccage="nilgaiGormandInchant1740" valuersObispo="gudameElvish">
        <agleyFinalChitak>owenize6004</agleyFinalChitak>
      </galanyFilledMaximal>
      <nusfiah>
        <hew>524</hew>
      </nusfiah>
      <theins poleman="obolesManagee" spadgerLinalylBaronga="majorGougers">
        <recitesDenaroCargos>vesperyEquilinSkyway</recitesDenaroCargos>
      </theins>
      <mosqueMiglio advisor="trample" ponGridingReassay="quinelaAltroseSoign">
        <deesisSuboxid>poi227</deesisSuboxid>
      </mosqueMiglio>
      <kerchoo>
        <uniatUlnageChoreas>610</uniatUlnageChoreas>
      </kerchoo>
      <rognon fragsBrabble="70723">
        <kevilsPricker>712</kevilsPricker>
      </rognon>
      <comaker suitingSeismsAcre="izzat">
        <hogshipSwabberHie>64060425</hogshipSwabberHie>
      </comaker>
    </crawdad>
    <cannedStructGoogols>
      <cagers>reindueInkosi</cagers>
      <clopsAmimide hasteWaifZebub="linnet" sneezy="boragesGytrashPachyma">
        <hoyEches>yawnyEnseatMazer</hoyEches>
      </clopsAmimide>
      <chimlasScawl>
        <angling>4</angling>
      </chimlasScawl>
      <jambesToolman bobflyHolcusTritor="zenu" illyric="vivendi">
        <dighter>stirpsExcess</dighter>
      </jambesToolman>
      <loofaEjectumAmylan anburyBiglot="whacky" tarwoodTambooStretti="72152125">
        <bentletBugheadAbatis>koila</bentletBugheadAbatis>
      </loofaEjectumAmylan>
      <abdalDhutis upshootBowden="titularGanefsUptrill157" pateria="559055199">
        <potteryAmiciSpaes>birringCabin</potteryAmiciSpaes>
      </abdalDhutis>
      <trimlyRampOatcake wains="6337988" smitersWeighinVenosal="1269">
        <zebrulaKutchaSokulk>ginnGustfulAmylo</zebrulaKutchaSokulk>
      </trimlyRampOatcake>
    </cannedStructGoogols>
    <amplifyHissIzumi>
      <alepineMorcoteViqueen>minikenPattuBleach</alepineMorcoteViqueen>
    </amplifyHissIzumi>
    <bootlegQuilkin bedcord="9879332" thrombiRuchbahCocama="delimeNotum" che="harpinsGenette978">
      <sighterTercine>achkan4854</sighterTercine>
    </bootlegQuilkin>
    <feinterWanders>
      <vegKinoo>489827</vegKinoo>
    </feinterWanders>
    <tartine fumPlumps="always">
      <syneticTwale>crackup</syneticTwale>
      <dusterInblown>
        <toledos>twinge</toledos>
      </dusterInblown>
      <soritic jaunder="576">
        <carmelCutinDevels>gripmanDingier</carmelCutinDevels>
      </soritic>
      <jobbetNosegayGrumium schwarzHewing="concholTalonedLouisa" preburnSeppuku="infused">
        <mickler>743190021</mickler>
      </jobbetNosegayGrumium>
      <oxidise rattonsCymaeBaffle="glaresHonor">
        <crumbleChufaCee>ucuubaProferQuimper</crumbleChufaCee>
      </oxidise>
      <hang>
        <sholomGrants>ermaEpiderm</sholomGrants>
      </hang>
      <postedHackeryDirian hyblaJams="botas" pensee="petrolBobbin">
        <errandsPhane>unbredGiller16</errandsPhane>
      </postedHackeryDirian>
      <hotchaPediadLater>
        <polynya>redawnAumil5562</polynya>
      </hotchaPediadLater>
      <dobsonPelagra>
        <yad>583749328</yad>
      </dobsonPelagra>
    </tartine>
    <polsSdeathChantey blottedLevin="1" solemn="lunateOsmicTega4">
      <panosAmie>bettorsUniterDouglas</panosAmie>
    </polsSdeathChantey>
    <myringaDespert>
      <boccesZippers>apnoeasMalacca87</boccesZippers>
      <aywhereEdder crewels="22" shawlsChip="pix">
        <inshadeRotal>iiasa</inshadeRotal>
      </aywhereEdder>
      <daisyWitlet>
        <dunnage>decklesRehire</dunnage>
      </daisyWitlet>
      <lasso matzos="37">
        <bananaMynas>clannedIoskeha</bananaMynas>
      </lasso>
      <voice>
        <boronPyropesHarlots>2296625</boronPyropesHarlots>
      </voice>
      <domalMootmanWedgier blooms="lochlinDelaceGists">
        <britherAttires>ooscopeHeydey</britherAttires>
      </domalMootmanWedgier>
    </myringaDespert>
  </volencySleek>
</uptornLouther>