<?xml version="1.0"?>
<pennillFraplerCrafted>
  <unbloom>
    <unnobleSpaeman tega="waliesFerulae" rupial="rallierScorn" oralizeDameBlankly="spatted">
      <coppingUngrown>helps</coppingUngrown>
      <oaklandKaolins terner="java" tawsingTwistleEngarb="hoatzinBleck">
        <sourish>bethuelPulicat36</sourish>
      </oaklandKaolins>
      <gobbedBrankieTilters hoyle="beeherd" valutasKilnribHalas="sarpoAnymore46">
        <dominiCumble>resshotMarcos74</dominiCumble>
      </gobbedBrankieTilters>
      <whirrs antigun="tenla3">
        <talkersStanielGables>strikeCynicsJusto</talkersStanielGables>
      </whirrs>
    </unnobleSpaeman>
    <kana>
      <comodoRetoolEsloign>upsetsCapuche4</comodoRetoolEsloign>
      <nonic spradPairsDowery="daoine" arvo="conjGrekingUntrust">
        <brugh>dustuckForced</brugh>
      </nonic>
      <danteanCaudae ostitisGranes="loodOgling" pileataPokefulDarken="unarchLubbard">
        <exclVerbTapasvi>40702621</exclVerbTapasvi>
      </danteanCaudae>
      <yashmakGogoKnag paraphsUnwork="immyTorerosCadwell" shinedPunatoo="gunnarWouldRooftop">
        <ascriveAppay>costlyPayoutMajo</ascriveAppay>
      </yashmakGogoKnag>
      <pianinoBenchy daboiaCuratRimery="3433707" goma="upbreedChamoisBassing4">
        <unnetheStratas>eyelet</unnetheStratas>
      </pianinoBenchy>
      <territs isomeraLigable="quails" scrobMetring="britonsPosoleDebarks">
        <trangam>updatedApposerWearer</trangam>
      </territs>
    </kana>
    <cerasPerdix chottFeted="kalongSamani2980" emda="removedObstantSourock">
      <uhlans>tomand</uhlans>
      <gaeldomPhellem apparelAllyl="53">
        <picot>melinisDurumAstr</picot>
      </gaeldomPhellem>
      <dravidaAullayBhang mueddinAggersAlids="obduceMica" grub="farsang">
        <dogtieScutLathing>typicTarwoodMatkah350</dogtieScutLathing>
      </dravidaAullayBhang>
      <ferrean touseGraphs="lineups" congos="changes3136">
        <carian>unsoftGodownsNaker87</carian>
      </ferrean>
      <raymond iodizerTannaConstr="saivaRegenceSexily" mnageColpDobroes="wheneerThrawedAmimia">
        <centref>lamelHarem</centref>
      </raymond>
      <fence>
        <hereonPrys>5842</hereonPrys>
      </fence>
      <malpaisMadi>
        <envoisEntea>thermLazDithiol20</envoisEntea>
      </malpaisMadi>
      <rubigoQuoting lewth="65369">
        <workbag>4186565</workbag>
      </rubigoQuoting>
    </cerasPerdix>
    <getherFiantsOutdoes>
      <spencie>lulabsGlovers</spencie>
      <placersPortent>
        <redebit>argus948</redebit>
      </placersPortent>
      <favorerDiglyphNuraghi skegNogging="97133448" dearestSpoking="acari">
        <bahimaLois>maana</bahimaLois>
      </favorerDiglyphNuraghi>
    </getherFiantsOutdoes>
    <wiping>
      <fan>gunmen</fan>
    </wiping>
    <juverna>
      <intendNixerRousant>697498</intendNixerRousant>
      <chunner>
        <damarMuumuus>2</damarMuumuus>
      </chunner>
      <extacieAssizerLanding>
        <tarsiusBreyCaptive>seineChoisyaBoarded</tarsiusBreyCaptive>
      </extacieAssizerLanding>
      <coggedNoexWiddrim abloomHeeling="unmixLippierJunkets" smiter="6705">
        <queansCarers>hagadicDottrelDont</queansCarers>
      </coggedNoexWiddrim>
      <mizzlerAbluted amaniaChurled="52">
        <shackleCastile>1648163</shackleCastile>
      </mizzlerAbluted>
      <acerblyItalic turbethVittled="parilia">
        <hockingBrookySoteres>yuckyDyeable</hockingBrookySoteres>
      </acerblyItalic>
      <peeversWappetTimmer woolert="gaels" outlimbEuvrou="cava">
        <coaxedGiletMinims>ethersGuazuma</coaxedGiletMinims>
      </peeversWappetTimmer>
      <oundsElatcha moppersSprig="ananite">
        <griperKlephtSubmain>battuesMesas2118</griperKlephtSubmain>
      </oundsElatcha>
      <monachaAtokous methodyStuffyHombres="375" jiquiGrazier="apozemGrumlyNaf">
        <ashlarsConvive>82085848</ashlarsConvive>
      </monachaAtokous>
      <arrodeBotanyBoulder afters="barokoPopessPneumas" coulSettlesGlaik="12341290">
        <pulingLonguesRynd>upchuckEnemata532</pulingLonguesRynd>
      </arrodeBotanyBoulder>
    </juverna>
    <raouliaAnaxon>
      <hobbed>arrgtRighty</hobbed>
    </raouliaAnaxon>
    <virusesQuintsLitter>
      <peteredRustledOwners>8626</peteredRustledOwners>
    </virusesQuintsLitter>
    <rancor>
      <rasuresUnspit>yamanai62</rasuresUnspit>
    </rancor>
    <anychiaVisualsFingery wearerKauchUnn="diseasyAshBlueys" merge="42589659" toitishSpinetAlister="47663046">
      <kindest>8618</kindest>
    </anychiaVisualsFingery>
    <dipper>
      <heidi>qafPartonGytrash</heidi>
      <bambuco>
        <massiveFuttock>wagga</massiveFuttock>
      </bambuco>
      <chargeDartoic middlesFrothsChaccon="tombeAxemanDreamer855">
        <nannieMafooDrools>cooptWander5108</nannieMafooDrools>
      </chargeDartoic>
      <bhatGoitersJellied jutty="malmagPelite" tagrag="chester">
        <oboesScrotalShapier>32346707</oboesScrotalShapier>
      </bhatGoitersJellied>
      <larkyThinsWaives>
        <badlingRebids>lentnerBairnly</badlingRebids>
      </larkyThinsWaives>
      <tucktooUnladenDess troilusZitzitMaarten="althoMayst60">
        <qqvBroadaxAorists>769677</qqvBroadaxAorists>
      </tucktooUnladenDess>
    </dipper>
    <amour cycadCabbing="elyseeCoaged">
      <oasts>agendumLoadageTaber</oasts>
      <burnutTaperlyMastic boucherHoneys="cleekPiqure337">
        <ianus>49475</ianus>
      </burnutTaperlyMastic>
      <beamSconce tapisDribber="782741">
        <copingAweighHalidom>ausuTanwoodOocyst</copingAweighHalidom>
      </beamSconce>
      <junkie parableOmnesCoercer="bemuddyJobbedEpaulet">
        <armingUphove>reekyIntubeGrosse</armingUphove>
      </junkie>
      <ossificPlaceChaplin headleOkasHospita="gregaleNoghead61">
        <manksGazed>akka</manksGazed>
      </ossificPlaceChaplin>
      <jazzmenRanpikeFlinch giantSidebox="alchimyUnciaDroves" warheadEvacueCodical="bortz9">
        <baronyCtePloidy>coelianStoners</baronyCtePloidy>
      </jazzmenRanpikeFlinch>
      <ooblast macaboySugisPeplus="petunse">
        <iberesGorier>mimmoudAouadsBrindle9996</iberesGorier>
      </ooblast>
      <beeswaxRiser brevete="acinaryGhanianMutuels" onwardHengLapsful="dinting">
        <chomerEndjunk>cotoniaForebay</chomerEndjunk>
      </beeswaxRiser>
      <sonhood>
        <rhoecusExodus>dynamGocartHypos</rhoecusExodus>
      </sonhood>
      <virify>
        <slotAlumen>18</slotAlumen>
      </virify>
    </amour>
    <preeingWeasonWallets>
      <ergasia>ataiyal</ergasia>
      <etaerio nebiim="diamidoKusam" unjoyed="tuxPommey">
        <bumblerTomjohn>faitsFlyflapSkirred</bumblerTomjohn>
      </etaerio>
      <bedecksIndexUnfitly dioecy="cheezitAzlons">
        <rubific>deadsHakeDevex</rubific>
      </bedecksIndexUnfitly>
      <chiurmFulupHiren>
        <hempierBucksaw>eyelessFora</hempierBucksaw>
      </chiurmFulupHiren>
      <tingidZayin roustsAliipoePlisse="kissed">
        <cluing>caps</cluing>
      </tingidZayin>
      <simTraneenBooze mildly="timbalWittenAbiders">
        <poddies>brager</poddies>
      </simTraneenBooze>
    </preeingWeasonWallets>
    <onionsScatt aquakeTwinter="gyresLooksParry92" offcomeMulsifyDiacid="peelsVacanteDucts">
      <cowages>caramelMoiler</cowages>
    </onionsScatt>
  </unbloom>
  <nirlsChantryCeca forthyLust="epeesGaudish">
    <unneatUniface>
      <sighfulObscureMowers>5</sighfulObscureMowers>
      <bedeck>
        <incend>sahukarGump</incend>
      </bedeck>
      <seattleIsotriaRenege>
        <shacksOdder>uraeusOutsert</shacksOdder>
      </seattleIsotriaRenege>
      <diesesExtrudeMacule>
        <tragalDebile>triolet470</tragalDebile>
      </diesesExtrudeMacule>
      <guglioAmiable orogenTapes="mouthyDrownds" beltman="maioidYare">
        <chaldee>8615</chaldee>
      </guglioAmiable>
      <reframeWowsery rusin="biffFaitery" scogMas="226">
        <potoo>cosmineDiscostAcetite29</potoo>
      </reframeWowsery>
    </unneatUniface>
    <legionsErava>
      <unroomyDatariaJaragua>visiePoianaDayward</unroomyDatariaJaragua>
    </legionsErava>
    <presay fugard="sanzenCashawThenal" haratinMau="deciderDecrialScopes">
      <coaches>bandarRitualeGuddler</coaches>
    </presay>
    <guhaynaNete>
      <exhaleSnapoutAyenst>milkmenDronyRealms</exhaleSnapoutAyenst>
    </guhaynaNete>
    <clepDefatWourali>
      <soupled>76</soupled>
      <boasted>
        <basiateDinge>howliteFerling99</basiateDinge>
      </boasted>
      <giantsSpurns saripTwists="1106153">
        <alpianGreases>kippinUnsnow213</alpianGreases>
      </giantsSpurns>
      <cankersStrafesSeducee>
        <becuiba>2514184</becuiba>
      </cankersStrafesSeducee>
      <carverPurring tzardomSialiaDrawout="uphungSemitalDates">
        <endViscose>harbourPicolinTitians</endViscose>
      </carverPurring>
      <modestMinimum atis="970903798">
        <beewareReshipsThroaty>lacemanCadreNonfact</beewareReshipsThroaty>
      </modestMinimum>
      <sottery>
        <archaiIcones>subahs1</archaiIcones>
      </sottery>
      <emilyAeronatCentena ajog="yavapai">
        <ninosTimboSufflue>tirritNowther190</ninosTimboSufflue>
      </emilyAeronatCentena>
    </clepDefatWourali>
    <yurtsBehalf hwtPretorsDecyne="saultMumming" tenzoneReamerFlunk="diegoRating">
      <aracana>girt</aracana>
      <nicksPummelsSubedit>
        <estoque>riggingBorize</estoque>
      </nicksPummelsSubedit>
      <chounceProode troolie="dozenerSheave">
        <shoer>dryopesEnnuisUmbles</shoer>
      </chounceProode>
      <salable nichingRetoastSpatule="loppersEanling" sloaneaSpital="yahganSchanz">
        <cutesEffacedUpget>figaro</cutesEffacedUpget>
      </salable>
      <mappedDemure>
        <swazi>kelleg6</swazi>
      </mappedDemure>
      <groof bardeeArvelCrisle="movieProven" aptalGeishas="twankyRedyedBelime9">
        <enfumeElutor>ruminalTalonSolpuga</enfumeElutor>
      </groof>
      <dapicho adelges="zoonite">
        <inroads>chappow</inroads>
      </dapicho>
      <myosisCurersCuss kneziNoncome="fastens" mortarsHiking="75793">
        <chinela>enraptsSpicks</chinela>
      </myosisCurersCuss>
      <abeyantClashedFlab haveagePolisRegush="garnetzUnmitre" katyPoem="380887236">
        <pectousKinkier>utum</pectousKinkier>
      </abeyantClashedFlab>
    </yurtsBehalf>
    <adsbudElatchaDevonic>
      <gugglesStichCranage>pupoidAstrals</gugglesStichCranage>
      <saccage job="corollArtwork">
        <deedingUrushi>clubTesseraBiotic</deedingUrushi>
      </saccage>
      <permits breads="punctusPaulClanned">
        <givenOxidant>errandPegwoodReifies74</givenOxidant>
      </permits>
    </adsbudElatchaDevonic>
    <renga>
      <tanadar>gaolageScotale</tanadar>
    </renga>
    <byrledKentish twister="airiestFardsYawper1">
      <izumi>nachus</izumi>
    </byrledKentish>
    <tenInculkSigneur>
      <putrid>ephraimLollsAlteza</putrid>
      <goatyHawok peeningHurliesBottled="radularCroakedReddens6513" outsiftBodger="55291">
        <bendingCanines>upsolve</bendingCanines>
      </goatyHawok>
      <mayweedNasial>
        <dowitchWaggy>unroughMarsHoppet</dowitchWaggy>
      </mayweedNasial>
      <holkSinapisSnatchy twiceEaterAlcaide="ningBucrane">
        <wivedShoqRichens>unmiryNotaGabbing</wivedShoqRichens>
      </holkSinapisSnatchy>
      <cfhMutual ghessCiseInorg="uncoredBoobsSumbal9147">
        <nuzzer>compass</nuzzer>
      </cfhMutual>
      <heathenCrumped conteckPrenderEntomol="15">
        <founder>dennedPennia</founder>
      </heathenCrumped>
      <aculeiBergamoCauboge alsikesSalva="holiesLuwianReclass">
        <hebenDelistsYerbas>wyesUlsters</hebenDelistsYerbas>
      </aculeiBergamoCauboge>
    </tenInculkSigneur>
  </nirlsChantryCeca>
  <anthersXyloyl guarrauEthelWanted="capsidJewfishBravoed" bassiaCaduke="unbloom989" orgiasmLndg="theriacMatelowManhood">
    <bluest leoneseMokum="lawyersArchtClique" kybeleDustCroute="vegasCrackup" foesCollard="tuscanDiwansOutgain">
      <alnoiteBowet>rixFaailkBeshag</alnoiteBowet>
    </bluest>
  </anthersXyloyl>
  <joshRosier odzooks="savage" vidianSkieppeSiever="langate" incasHerebyJoan="snubbyPulment" rashful="afarsMothersGrype" />
  <aphesesVetusMastras gienMisformPau="milchyYhwhThroed">
    <wadderDryest>
      <rapiers>botchedIddhi</rapiers>
    </wadderDryest>
    <poligarOcularyWaiving>
      <suumAmatedFigo>5</suumAmatedFigo>
    </poligarOcularyWaiving>
    <omrahFeeVmsize>
      <maimul>carotidZiggerBardes</maimul>
    </omrahFeeVmsize>
    <lemelDigital>
      <glacon>8683</glacon>
      <chancoCinquesBonged tryster="dizoicDiseasyJuneau">
        <noncockRumaniaJoyce>pouffedPigwashMoa</noncockRumaniaJoyce>
      </chancoCinquesBonged>
      <poaceae basicBucklerTewit="hegiras21" ossiaTussledDeltoid="redoingGuarriBarbary">
        <cosmoidWharpMixy>arumUsneas</cosmoidWharpMixy>
      </poaceae>
      <dyinglyPyrene hoorooTawery="corrodeBacquet">
        <eastman>esture</eastman>
      </dyinglyPyrene>
      <unbesot>
        <hognoseGyves>ekenameBinodalTreey588</hognoseGyves>
      </unbesot>
      <fossulaPumelo sistineNiduli="cytol" guanyl="hengestTarponsLipoid">
        <sowarBodkins>tartlePowered</sowarBodkins>
      </fossulaPumelo>
      <tethsPrecox tacketsHymn="pawkeryGropple" poudretScaups="shudderMoormenEnseal">
        <caubeenGuttles>veluredPsalmed6505</caubeenGuttles>
      </tethsPrecox>
      <vicia>
        <grouzeFacondeMnioid>whirls</grouzeFacondeMnioid>
      </vicia>
      <frijolMinhagTylotus aliyosFribbleGorlin="623560">
        <barbalDaisiesMeader>sibiric4955</barbalDaisiesMeader>
      </frijolMinhagTylotus>
      <irpex>
        <nisaeanMiked>jeanAcerateAchates</nisaeanMiked>
      </irpex>
    </lemelDigital>
    <peineToitingAdience>
      <ablateNays>mimosasQuartet</ablateNays>
      <clonal knarl="bluefinCramboBenne113" repanelGreyishPropose="247927856">
        <bicolorTequila>14578</bicolorTequila>
      </clonal>
      <curpinEdiface pyralisRethank="unlucid">
        <stereumValesApeiron>vichyRipostePunches</stereumValesApeiron>
      </curpinEdiface>
    </peineToitingAdience>
    <kabuli>
      <amendeAsideuGybing>tittups</amendeAsideuGybing>
    </kabuli>
    <swedeRoutesOnstead>
      <acrylicOpalinaNile>ralliedLeakCubism</acrylicOpalinaNile>
    </swedeRoutesOnstead>
    <galeche>
      <noltBrierHabus>otosisPatten2</noltBrierHabus>
    </galeche>
    <erodedDiota>
      <grantsDewcup>imbandLedgingSkewing</grantsDewcup>
      <kootchaHajisSexual excoctGamut="fulgidShriner" jacklegScarfCodal="tweel961">
        <sunfallBombax>endogenCayuca97</sunfallBombax>
      </kootchaHajisSexual>
    </erodedDiota>
    <quimCozilyRepave>
      <thorny>peter</thorny>
    </quimCozilyRepave>
    <oxazinAgioCulbut>
      <gigasSpicers>20377449</gigasSpicers>
    </oxazinAgioCulbut>
  </aphesesVetusMastras>
  <knapePishuCombine whizTwanger="knevel" brazedSentiHulked="lintieManness" />
  <whingeIle>
    <pantle>
      <poucy>257718471</poucy>
      <bosomsSao anteactTunmootComplin="mahmalCorynid" turfsDingee="78">
        <tyrrWeiners>iridiumFloristIapygii</tyrrWeiners>
      </bosomsSao>
      <reidMusardSkellat cirquesPhytaseDiamat="imbibedScabies" eloin="jiffleSightInwall">
        <aposoroJehad>calmy280</aposoroJehad>
      </reidMusardSkellat>
      <nitwit kylieKurubaMainan="quininCheeroGorrel">
        <butanesFreebieIridin>enhardyDuanIntrine</butanesFreebieIridin>
      </nitwit>
      <earedDidestMengwe>
        <fliskPapyri>fleshlyClientsLamm</fliskPapyri>
      </earedDidestMengwe>
      <ficheKoiari virgosCaviaSwept="mirific">
        <salinesJohnnieGundi>779109</salinesJohnnieGundi>
      </ficheKoiari>
      <ollapodBlarnid cusie="esseeVoetsak">
        <sidlesPaying>775424094</sidlesPaying>
      </ollapodBlarnid>
    </pantle>
  </whingeIle>
  <puru curses="mice" ascelliGalera="531190">
    <femaleMalmingStimuli asinineEcbasis="tobyBacachDermad" bitoreWeepyElectro="mozosPulahan">
      <unthinkAmmines>skiingsVealingYad</unthinkAmmines>
    </femaleMalmingStimuli>
    <bastedFidessa>
      <sorting>nippingCitiedGritter</sorting>
      <gastButynePolary>
        <tosheryDingey>712</tosheryDingey>
      </gastButynePolary>
      <averyBoloing nooseStylizeDemoses="leafStickumVitric124" fakersHodaddyMitt="spitter">
        <moonackDataAdonian>wooshBasoche</moonackDataAdonian>
      </averyBoloing>
      <numb>
        <inlands>hed</inlands>
      </numb>
    </bastedFidessa>
    <barbulaBluing>
      <stadiumAnay>lawmenVirgoSpical</stadiumAnay>
      <chintzeGreit>
        <eimeria>cermet</eimeria>
      </chintzeGreit>
      <wayangEns borityManus="letticeThungFructed454" syntomyFidgets="lootedRelays">
        <harimLoket>mangesUtahanAccidia</harimLoket>
      </wayangEns>
      <pandarAflatRebuses acutestBowtieLacked="apodesZooksArverni" toffDhoorasRoyale="2">
        <niogSillerFlecks>6742</niogSillerFlecks>
      </pandarAflatRebuses>
      <soleasIndrawn swashed="aldmMealer">
        <mahaAmeers>flipper2</mahaAmeers>
      </soleasIndrawn>
      <automanTercetSweety blowupGashfulZapara="speal70" marcidHitoshiIsogony="87139708">
        <ungirdKishkes>3661</ungirdKishkes>
      </automanTercetSweety>
      <reddishLongedChess piasabaAah="banateAnodine" almudTayerCars="logeumCopiaUnobese">
        <unsootRobustCrakow>mirroryVatful</unsootRobustCrakow>
      </reddishLongedChess>
      <kirtle>
        <akoasmCablerOofbird>eupion</akoasmCablerOofbird>
      </kirtle>
    </barbulaBluing>
    <emptily>
      <canaan>huddlerZarpFibrose</canaan>
    </emptily>
    <bolty>
      <arietta>career83</arietta>
      <subsCambion>
        <knavishPotman>honkiesNiepaTenuit</knavishPotman>
      </subsCambion>
      <habab whorleMbirasAgete="2752674" murshidAdoxiesSorrow="sanghs">
        <ketone>wangaraHyaenidOrtho</ketone>
      </habab>
    </bolty>
    <coolungPavers churrsChace="nankin" skewlyPotline="vealed" ragi="niblicToluolsStripe">
      <mattin>grallicBaiter</mattin>
      <cnemic>
        <coagentUnlamed>drylotsMantidCueing6</coagentUnlamed>
      </cnemic>
      <aplace>
        <ceilers>discureSlewingMeconic</ceilers>
      </aplace>
      <wiser ravageDaukeUnlock="745302984" tagsZirconsTreader="bombace">
        <beckySlurb>dentexCopiersMetal915</beckySlurb>
      </wiser>
      <nervingSills urman="harlHomeridDaghesh">
        <stounHunterMediacy>8103</stounHunterMediacy>
      </nervingSills>
    </coolungPavers>
    <airifyForaged carpium="stuntAnnaleRambo" oppositMixedly="818173287" phemie="daiseeBettongUndee">
      <galeresBogeys>uteri</galeresBogeys>
      <oasean alveoliSatdRespell="molgulaPudicalLazied33" keeliePlanner="lowder">
        <ghanaPlacageDaylit>harrierStrataTacnode</ghanaPlacageDaylit>
      </oasean>
    </airifyForaged>
    <mameyesTouch>
      <certainCockilyRibbed>tyes4208</certainCockilyRibbed>
      <hypedMorenaChiver>
        <obtrudeHulkedLambie>chasseKwazokuMisrun</obtrudeHulkedLambie>
      </hypedMorenaChiver>
      <tophSitu midtapBusteeElastic="dittoPewdom" edoni="iodins">
        <leotardFurzyDroguet>nidget</leotardFurzyDroguet>
      </tophSitu>
      <davenedMownAkinete>
        <teleguPisoteEnvelop>chaymaAccolleAlvelos</teleguPisoteEnvelop>
      </davenedMownAkinete>
    </mameyesTouch>
    <papayasMaleeImidic>
      <vetustyOnlepy>562798500</vetustyOnlepy>
      <grasp stanner="2">
        <crimbleLobules>feuingOpaledYonside</crimbleLobules>
      </grasp>
      <irks ouzeUnform="ayahucaSnootedHoler">
        <moronsAssured>16952</moronsAssured>
      </irks>
      <barwaysNoughtHollin tonerKentishBurthen="beothukHelms" lentor="jelling">
        <molarVeri>streeks</molarVeri>
      </barwaysNoughtHollin>
    </papayasMaleeImidic>
    <ismy>
      <habitat>68961845</habitat>
      <teleutoDeadeye hubbobSiltyRefrig="layeryPinoKrems">
        <usureIdolGoumi>25694085</usureIdolGoumi>
      </teleutoDeadeye>
    </ismy>
    <subaPretty>
      <lobbyCloison>neumClickLongus</lobbyCloison>
    </subaPretty>
    <grisled>
      <digamma>78298010</digamma>
    </grisled>
    <rahdari himProgeny="crucily" skelEphaExpulse="frisksJoual" dirndlsBurnie="738665227">
      <outsigh>87245495</outsigh>
      <immindHaboobHima retinueElaeniaDubby="dirtyBoxingsUnmold9" anasa="grelotPiranasHonors6476">
        <afzelia>sanable41</afzelia>
      </immindHaboobHima>
      <menhir vouchLadykinSnoods="vertsHasnt" portway="839330">
        <oralFesterMinkery>cinqueCappedSoaps</oralFesterMinkery>
      </menhir>
      <upbuildHoicked>
        <beflagNeonThird>bailors</beflagNeonThird>
      </upbuildHoicked>
      <sabreurBebaitJiglike elhi="thymeleCayuga" rileScyphae="57662931">
        <ungetWhensPinic>cark</ungetWhensPinic>
      </sabreurBebaitJiglike>
      <lallandPlashed>
        <thram>aroidesLebensGunman</thram>
      </lallandPlashed>
      <prorumpLeapsChaleh flunkRoubouhUterus="obsessCaridUnoral8" acervalAnimSium="moarianBandel">
        <meselyJambosDaymark>unbliss</meselyJambosDaymark>
      </prorumpLeapsChaleh>
      <coilsPleroma embelia="snaresTrowsYair" dawen="reedingTorpors36">
        <bycoketShune>23067198</bycoketShune>
      </coilsPleroma>
      <rehboc ascians="6">
        <flappyTearersBases>darkleSynched</flappyTearersBases>
      </rehboc>
      <tibeySpret>
        <ideasCorge>blewPocosen</ideasCorge>
      </tibeySpret>
    </rahdari>
    <penuryForoldSmug>
      <estonia>isogam</estonia>
    </penuryForoldSmug>
  </puru>
</pennillFraplerCrafted>