<?xml version="1.0"?>
<nanakoIsdnBoches>
  <lawns reast="sloanea" birdedBibioRoubles="vaudouxMarko">
    <zephyrs>
      <erucin>muchesAcmes</erucin>
    </zephyrs>
    <pomoloBabuism>
      <knucklyHeizingAzoth>lorryAnlaut</knucklyHeizingAzoth>
    </pomoloBabuism>
    <cantoSlump>
      <stoverMaycockStogie>dagbaneChackCoccin</stoverMaycockStogie>
    </cantoSlump>
  </lawns>
  <maori furculaVinalia="426" sertive="ectally" hoopoeChalutzYunker="boxlike" abroad="holiesAmbassyDowdily">
    <chakar>
      <awnedBeknots>digyniaRedound</awnedBeknots>
      <enfonce>
        <pungey>conjury</pungey>
      </enfonce>
      <talooka>
        <wigeonsMonozoa>35773271</wigeonsMonozoa>
      </talooka>
      <nunniChagal hoolyFonder="orcin">
        <cromme>tiltyMoonman898</cromme>
      </nunniChagal>
    </chakar>
    <flubsOolliesFay blume="5" plyer="pecifyToll" ceriseVasclaPipid="karattoGinnedDimly">
      <repps>vitroAtrenne</repps>
      <belchesDasyus turacusGamerUrva="beakful" azulejoFilialUnhale="daratQuinyieTrains">
        <frust>dulcosePositorWamus</frust>
      </belchesDasyus>
      <florida lbf="mahdian" huspel="rexenTinwald">
        <osiersOutmode>84099083</osiersOutmode>
      </florida>
      <authJugular>
        <alluviaPhasmaYephede>chessomBersimTiercel</alluviaPhasmaYephede>
      </authJugular>
      <miosisClarkia>
        <sejeroUnwan>4600</sejeroUnwan>
      </miosisClarkia>
      <unnotedMuser fleecerSparth="alamire" wakikiScriverLingoe="eluteGoetaeHermaic9">
        <pieton>tritorPannelRumply</pieton>
      </unnotedMuser>
      <bhpSippingEvelong>
        <tahamiBugabooTag>446</tahamiBugabooTag>
      </bhpSippingEvelong>
      <jeffreyCrummie reboils="schelm">
        <axenic>8119020</axenic>
      </jeffreyCrummie>
      <pallallCocciPropos dryrotAstel="colpusPassay">
        <clavuviSpleensTinct>hooferPolewig</clavuviSpleensTinct>
      </pallallCocciPropos>
    </flubsOolliesFay>
    <cervusIncend>
      <simeon>nasoUrdFrija</simeon>
    </cervusIncend>
    <puffer>
      <casitasUvidOverink>zippierWamefouDecades</casitasUvidOverink>
      <cushiteCoalyUndon unmist="3350">
        <panesTweePinhold>jupe</panesTweePinhold>
      </cushiteCoalyUndon>
      <impugn farcesPiculs="hummumYocking">
        <posadaSludges>reimCasbahDroddum</posadaSludges>
      </impugn>
      <invalid>
        <jivatmaScramsCovey>arylToecapsZoogeog</jivatmaScramsCovey>
      </invalid>
      <sunnudThujone>
        <rilawaRudge>haiduckClosedLaudism</rilawaRudge>
      </sunnudThujone>
    </puffer>
    <spillyListers>
      <pearlsZoocyst>estopFormingSeconal</pearlsZoocyst>
      <qtdGenie syrupy="6" holists="premove5368">
        <dewoolNeossin>sudsingTasksAbaka</dewoolNeossin>
      </qtdGenie>
      <laxestLumbersChobdar rareyfy="wrack1">
        <plenyLetter>780945</plenyLetter>
      </laxestLumbersChobdar>
      <warseBursalGpd farmoutGromet="smellyCaffledBackjaw">
        <rowing>tomishDeckersNaives</rowing>
      </warseBursalGpd>
      <hambroRadeauMembers sensateFleapitClout="dialyzePatio">
        <septa>reifyGeomantCrazily</septa>
      </hambroRadeauMembers>
      <cloacal>
        <coccous>pickingIodizes</coccous>
      </cloacal>
      <sincereLinage pilcherSprightAmictus="tergiteGemoteAuras" ollapodRottaVein="mumnessAcritanTriatic">
        <jacobic>apposed</jacobic>
      </sincereLinage>
      <betingeOvalsSubzero purbeck="stullsSlicht768" rheumy="79">
        <armpitsOkerGrowled>5</armpitsOkerGrowled>
      </betingeOvalsSubzero>
      <hentedReverb jessicaHeptylQuey="689564487">
        <hawkersAminizeAditus>needle</hawkersAminizeAditus>
      </hentedReverb>
    </spillyListers>
    <areMisy ewersGoloeImmote="fumarinLear">
      <habenalShmoInseam>cunzie</habenalShmoInseam>
    </areMisy>
    <estriolGulonicVouched>
      <harlFuture>veeringAvysChirked</harlFuture>
      <planked>
        <encheatSassabyGlobous>plfHeaver75</encheatSassabyGlobous>
      </planked>
      <unbrent pompom="traptLaos" airhead="envayePaloma">
        <isogenArean>awink</isogenArean>
      </unbrent>
      <waywortSkepful>
        <poppas>unsharp206</poppas>
      </waywortSkepful>
      <swash pin="fangletKopek">
        <alchymy>aflatus</alchymy>
      </swash>
      <sotweedPrating clarionStoffRabanna="garredIodosoUlnar">
        <mulse>tumourGeladasWhalm</mulse>
      </sotweedPrating>
      <izardBarnman instr="zizitKedlockAslop" petitesKraversGigolo="papainUgli">
        <unmaker>yaruro</unmaker>
      </izardBarnman>
      <doglessUpworkDongon>
        <tosspot>dosagesActinia</tosspot>
      </doglessUpworkDongon>
      <skeneAttunedSincere seadogsEroding="heiiTwiddlyTormae2" schelm="89812">
        <hematid>jutty</hematid>
      </skeneAttunedSincere>
      <puchera molassy="akebiaGoveHarpago" berriLecideaEncina="boucher">
        <velateStaretsManyema>rewoken</velateStaretsManyema>
      </puchera>
    </estriolGulonicVouched>
    <robbins judoist="964" gadgety="78" subteenCannach="9">
      <somewhyResnapZowie>635</somewhyResnapZowie>
      <dorian>
        <salonAshlarsWeeting>hygeenBlanker</salonAshlarsWeeting>
      </dorian>
      <carnaryPott dhoolyKauriesLupin="aperch" dekeMatteryKalang="weakens882">
        <drabberDosselSpoils>chorogiCharlesLedger</drabberDosselSpoils>
      </carnaryPott>
      <boozersLopesBainite grafted="nodularAnlagen">
        <hobsWarsawsSmocked>195</hobsWarsawsSmocked>
      </boozersLopesBainite>
      <theolSquashy mooredWeel="instilPitawasRogan877" ashingResuckMetreza="3218">
        <mating>956</mating>
      </theolSquashy>
      <readaptSinsigaUnbusy>
        <cageyConceptGrabbed>phialae</cageyConceptGrabbed>
      </readaptSinsigaUnbusy>
      <doubtsEyassSundew digoxinCusie="ureicConfab">
        <decard>godivaAminsKorun</decard>
      </doubtsEyassSundew>
    </robbins>
    <slashCornelAptera>
      <teaishAlant>embloom</teaishAlant>
      <volantPulayanAgnomen teniaePricier="jicamasHettyTowered" pardieTriacid="hevea">
        <banging>dextrerUrus</banging>
      </volantPulayanAgnomen>
      <ferrugo seggrom="reeshleKhmerSoorawn">
        <lunata>larva</lunata>
      </ferrugo>
      <seisingPetaledAnnexe>
        <lucilleQuaMauser>rumkinUnrocky</lucilleQuaMauser>
      </seisingPetaledAnnexe>
      <jotter>
        <nudgesMarita>audioBuriels</nudgesMarita>
      </jotter>
      <wedana leagueUnblest="dakir" refugee="4426474">
        <besagueEthanim>detectsDragglePepsins8</besagueEthanim>
      </wedana>
    </slashCornelAptera>
  </maori>
</nanakoIsdnBoches>