<?xml version="1.0"?>
<flyby>
  <oside brummerKillersLion="caddedMopaniIncide8385" zebrule="748264" />
  <woolertUmbrageLyrated jeanPankInsipid="hubshi5800" seyMulvel="brackyEparchyManics" coddersNimkishAbbe="unicing">
    <dewaneePawnorRasers>
      <ardellaUnbank>7</ardellaUnbank>
    </dewaneePawnorRasers>
    <fuffAlibiesDaint>
      <lurriesWaybirdFarcial>nelkenHopi</lurriesWaybirdFarcial>
      <lipoidBalian coccalRebids="antealFlaffer72">
        <sickled>accepts</sickled>
      </lipoidBalian>
      <seaghanTweest zebroidDeckle="gibuses" cocoon="welshJellingPawk">
        <pontoCramponMeiji>semelSucrateRusks</pontoCramponMeiji>
      </seaghanTweest>
      <cavey misgrewExuviaHiphape="windingDizens" maistOresCajeta="horsey">
        <misbind>subaud</misbind>
      </cavey>
      <batak teuchLuckier="wirlingMinuend8" rakiHondo="fumoseTsungtuSmirchy">
        <undoseDehwarJaeger>88119</undoseDehwarJaeger>
      </batak>
      <diverseFizzleOpal>
        <pogyComrLedum>leucine</pogyComrLedum>
      </diverseFizzleOpal>
      <kittie>
        <unropeRobust>bewiredEchinal</unropeRobust>
      </kittie>
      <haab cobiron="dislimb" moaningMadoquaTalk="9379116">
        <sorchinLeds>furoic</sorchinLeds>
      </haab>
      <vocateGasterDotlet neighsScautKnouts="3351380">
        <acneCrayer>50</acneCrayer>
      </vocateGasterDotlet>
      <quizzesAssacuSillies prithee="5" smirtleRockman="7880833">
        <consterPoromaIodids>58</consterPoromaIodids>
      </quizzesAssacuSillies>
    </fuffAlibiesDaint>
    <mimamsaRacker>
      <hedgier>eblis60</hedgier>
    </mimamsaRacker>
    <hoggler sarodsUncaNewfish="educEtymon8603" acate="chakobu">
      <couches>orgasmsCajuput</couches>
      <defameCramponRoit sprouts="7359" snares="dooverTrainedExcuse">
        <locoedAthwartSuboxid>rhabdosMildly</locoedAthwartSuboxid>
      </defameCramponRoit>
      <haymowsPrimero jelskeUta="136513" formylWanapumAlgoman="taggleFunkia448">
        <japygidTappa>tombacs</japygidTappa>
      </haymowsPrimero>
      <foolUnnailsRuelike shoeingRub="blupSlogansSilurid4" macuteDwelled="739141589">
        <widNepman>sorcery24</widNepman>
      </foolUnnailsRuelike>
      <reshew blason="puckery725">
        <musters>agriaOphelia80</musters>
      </reshew>
      <riming>
        <pshawsOrkhonTobiah>simonSpoon</pshawsOrkhonTobiah>
      </riming>
      <veneros venally="7285" sinoplePlumes="cambalo">
        <laymenFootway>tankahSamhain</laymenFootway>
      </veneros>
      <horrorsPrevues bebilya="24904830" omegoid="avarExodistOutwale">
        <incudal>radiansBoltiLordkin9012</incudal>
      </horrorsPrevues>
      <criminePlashed>
        <masked>mowePonying</masked>
      </criminePlashed>
    </hoggler>
    <cajonesFreaky>
      <rezone>charkaPalatalPrehend</rezone>
      <rescindScuz allowerClyer="prisonAsaphus">
        <nogBabyish>nunlikeSavarin</nogBabyish>
      </rescindScuz>
      <fooyungDraggy yachterGlazingAdighe="boychikAtonySubvola">
        <skiersDurousElve>yawweed</skiersDurousElve>
      </fooyungDraggy>
      <woadsGrison flunkSoothes="culvertDotards">
        <alloteeTrinkumFloes>storksChoenixSandra</alloteeTrinkumFloes>
      </woadsGrison>
    </cajonesFreaky>
    <wearish>
      <balanidCellos>68</balanidCellos>
    </wearish>
    <roxSequinsAta>
      <shoofly>44051</shoofly>
    </roxSequinsAta>
    <adjuteSetule>
      <carpus>liers</carpus>
    </adjuteSetule>
    <dishley>
      <wooedDecuriaNonsale>pouringBonedKette</wooedDecuriaNonsale>
    </dishley>
    <fetted sunupsSpadKan="hubbySidewayArbour" roguish="mattaro" agibleClearer="eloined">
      <mussierYunkerOaritis>pik</mussierYunkerOaritis>
      <earleVinylsBorak glandMaragedPigherd="pritheeBuffbar">
        <hyraces>2223067</hyraces>
      </earleVinylsBorak>
      <ripostsFerules elamite="2405" adolphLedolEelworm="moraeaKnub">
        <immundAeneidStanly>30</immundAeneidStanly>
      </ripostsFerules>
      <await rerent="coracle">
        <bellySinsionCornify>untouchUnspeakStogeys</bellySinsionCornify>
      </await>
      <enliefKetonic receipt="falange5835" arditoArbacia="8994245">
        <sledder>hoopsSweer972</sledder>
      </enliefKetonic>
      <gorhenBalugaSafener>
        <toxiferGougeMound>agonic</toxiferGougeMound>
      </gorhenBalugaSafener>
      <leukoma lunda="caroliBrazee" arabine="speederTopaz9">
        <dallyPikesUterine>effects</dallyPikesUterine>
      </leukoma>
    </fetted>
    <subnode>
      <dolabreMissalsInjun>451</dolabreMissalsInjun>
    </subnode>
    <sandakTurfdomScone spireaLoutedVittate="boffsHuso" bottine="fenter" bogmireGamontToilets="ratableTewsApagoge">
      <zwitterTeatman>hibitos50</zwitterTeatman>
      <maray>
        <rimsRecramp>98987</rimsRecramp>
      </maray>
      <pestersHeilingEdana>
        <winbrowDye>3</winbrowDye>
      </pestersHeilingEdana>
      <bedwayVrilled grafts="skegAnnuaryAbakas">
        <malleusOintGreeney>419758613</malleusOintGreeney>
      </bedwayVrilled>
      <ictusesRinses kenyte="mygaleSiuslawAliped" bastRelumes="gesithOuteyedDisjune">
        <bargingRespiceRament>rodsmanKhariaPricer</bargingRespiceRament>
      </ictusesRinses>
      <lokshenTestate gadbushAndrewPerries="sparryFoxfireBitless">
        <copehanDimeraHowdy>bevvySnelly</copehanDimeraHowdy>
      </lokshenTestate>
    </sandakTurfdomScone>
    <sedumFlukeOveruse>
      <armorTpke>emprize</armorTpke>
    </sedumFlukeOveruse>
  </woolertUmbrageLyrated>
  <hospiceSambur ophrysRapine="couloirWawa6832" klatchGossep="unframeAreolae" oresMoanSaho="krisDuci">
    <knessetChria>
      <apiculaChivwBiolith>5428791</apiculaChivwBiolith>
      <ccmCriboSteele>
        <pedrosSoirees>kashmirMammeeQuais</pedrosSoirees>
      </ccmCriboSteele>
      <poseursWhitish lade="lampreyCalends">
        <tiglon>166579</tiglon>
      </poseursWhitish>
      <backrunFudSehyo allodsTaurinFlybys="somnialHatred" doupMozetta="lapserDingily9">
        <kelekPeonyUnsulky>mesoleOryPixes</kelekPeonyUnsulky>
      </backrunFudSehyo>
      <taxedMah>
        <scorerVeily>bruscusSlurbowLentor</scorerVeily>
      </taxedMah>
    </knessetChria>
    <curaras>
      <cologneKiblah>berrierFrazer</cologneKiblah>
    </curaras>
    <kgf>
      <yonCrapaudCantina>dagsTolstoyRaffish6988</yonCrapaudCantina>
    </kgf>
    <sternadWedana>
      <creolesShawwal>coshedBridgeBbls</creolesShawwal>
      <repours>
        <dyausItonama>sprackSaultsYang</dyausItonama>
      </repours>
    </sternadWedana>
    <factum>
      <choline>548302758</choline>
    </factum>
    <imaJere>
      <stivyPhlegmaKamba>chilean</stivyPhlegmaKamba>
      <origamiOsse ariasDisposeVolumen="lohanDidymus">
        <hyblaeaKludgesFetter>fugu</hyblaeaKludgesFetter>
      </origamiOsse>
      <nicolsGemwork kohemp="blading" typerTowableThesean="teloiBoyoFaipule">
        <howlersBudges>huavean</howlersBudges>
      </nicolsGemwork>
      <outeat seduced="speron" prosoKelkCretic="unflame">
        <gaseityFogus>revests</gaseityFogus>
      </outeat>
    </imaJere>
    <markman>
      <daywardDiploesGrue>subcoat</daywardDiploesGrue>
    </markman>
    <sqqCallsFrayne tippetBirkiesFoozler="brod" thunge="5" abidiArgents="enginePoyous">
      <hurliesOwlism>fewmandWhar</hurliesOwlism>
    </sqqCallsFrayne>
    <monax>
      <bodyingPronelyHopping>67972805</bodyingPronelyHopping>
      <yelekStubberHubert sethianDorsiGuester="289550523">
        <fiferTabberPesades>louryYelksLying</fiferTabberPesades>
      </yelekStubberHubert>
      <amasserErugoNgapi relateAnisal="spargerGobosKoasati">
        <typerPlays>diapir1168</typerPlays>
      </amasserErugoNgapi>
      <upfoldsPheealNatalia>
        <annona>subbaseAumbrySnifty</annona>
      </upfoldsPheealNatalia>
      <gamuts>
        <toughs>3</toughs>
      </gamuts>
      <reviews patoGestor="sacre" hunsHopakEtonian="amyrinAmoeba">
        <spp>visingGorgedRakily</spp>
      </reviews>
      <lisperRedrawBosonic pouchyTyloticCornus="vilayetAguise">
        <snuggly>etnaLackiesAnomie</snuggly>
      </lisperRedrawBosonic>
    </monax>
  </hospiceSambur>
  <damsels />
  <jebusMoutherReek helix="rounceAmplestEgling930" deicedKillickRon="78012" barmanInfarctAtavism="budgie" attagalCaptor="occurFluorInfame">
    <miloRippier>
      <sortedStrafedMugwump>larkWidegap</sortedStrafedMugwump>
    </miloRippier>
    <evestarTrampsAbn>
      <lyresVerismo>flouseBalkisSterad</lyresVerismo>
    </evestarTrampsAbn>
    <shizokuGullEathly papaloiEcgonin="3096" edgewayLycian="hastive" indnSwalletExtrema="blusher">
      <unstockSyrtic>barabra</unstockSyrtic>
      <oathayGiddied>
        <pittedAkim>panorpaOpiatesInfanta99</pittedAkim>
      </oathayGiddied>
      <mezzo>
        <bifteckAuthors>8349</bifteckAuthors>
      </mezzo>
      <thetasCysteinAverin uninert="protura">
        <chiro>didelphKhan26</chiro>
      </thetasCysteinAverin>
      <paviour parotidKansanTimelia="strepen">
        <bridge>glassedUngear</bridge>
      </paviour>
      <retrialAsmoke>
        <sansiFatwoodBigotry>unquiet</sansiFatwoodBigotry>
      </retrialAsmoke>
      <pectronKashas>
        <kalpasCogged>upbrimNudgers</kalpasCogged>
      </pectronKashas>
      <judgedGalleon tapuyanKetipicAtry="tuskierHenninPorail">
        <shrilly>holistsSigma32</shrilly>
      </judgedGalleon>
    </shizokuGullEathly>
    <flaking cymene="gourdedGalee" seamersLucklyTriad="donovan" deciderLardite="pollex89">
      <hellcat>pallorPresser9</hellcat>
      <gapperiCucumisFerny>
        <naaNozi>rigWhampee</naaNozi>
      </gapperiCucumisFerny>
      <tuppenyRupee muvule="septole" whereasBakal="ehuawaRussiaPodzol245">
        <dolphusLuciaSpavied>lasius</dolphusLuciaSpavied>
      </tuppenyRupee>
      <cypriotGainageIgnaro cretionKaama="blinksIndexer">
        <tinning>668142503</tinning>
      </cypriotGainageIgnaro>
      <bonedPukuBessel sergiuHormigo="dilogyThirls7811">
        <hyteDronedYedding>4724</hyteDronedYedding>
      </bonedPukuBessel>
      <oskarStash rouping="bartreeEscort857" basing="falangePentziaKlutz489">
        <refused>4006</refused>
      </oskarStash>
      <lavingMastoidLottie succumb="shopletSteveAthymic" yogasViolin="quibbleMyopias">
        <luiseno>aitis</luiseno>
      </lavingMastoidLottie>
      <oarfishBroggleSlumber fultz="phyteusLeeseButylic" outrickEcon="blabbyDolf3593">
        <nickery>spickBemixed</nickery>
      </oarfishBroggleSlumber>
    </flaking>
    <giggit fecialFillockWhoops="famDrossesNoose" seeks="omenedTrijets">
      <coluberHoveredFigworm>emissi</coluberHoveredFigworm>
    </giggit>
    <hurdled>
      <ambush>hydropsTedsAffrap</ambush>
      <caribesByrnieBlimey pondful="guguTractusMislen33">
        <sulpho>aginRetrot</sulpho>
      </caribesByrnieBlimey>
      <demodex>
        <exposedFesseLiberal>reslate</exposedFesseLiberal>
      </demodex>
      <dolcianLochan taischTorahs="antennaSocieteManges" jatiContemnExcess="21165">
        <shimBromos>667061</shimBromos>
      </dolcianLochan>
      <stimuli assurdGuasa="slovensLaunderDubb" rerentEmunctRibband="11680">
        <botargoVariedCasease>86129204</botargoVariedCasease>
      </stimuli>
    </hurdled>
    <buzzedJanes>
      <capelin>carboxyLoanin12</capelin>
      <selvage hameilRetaker="tapuyo">
        <ramplerCheeky>zosterShtickAnagap</ramplerCheeky>
      </selvage>
      <dunlap grafts="canalesBegnawnKipskin">
        <site>sails6</site>
      </dunlap>
    </buzzedJanes>
    <warmedExciton>
      <moule>gladiusSpuriae</moule>
    </warmedExciton>
    <smuttedBaleise>
      <embodyPrussin>coroll</embodyPrussin>
      <boyunaAlgazel>
        <turmut>cheetieBrowis</turmut>
      </boyunaAlgazel>
      <reviewDaweSynods spatter="kassite" socagerTuning="1085926">
        <dasypusLaunder>krooniTimarauParang</dasypusLaunder>
      </reviewDaweSynods>
    </smuttedBaleise>
    <agamete>
      <lowbredEmber>prorsad</lowbredEmber>
      <gorbalOogoniaHippier ledger="iodolElinvar">
        <gulySheerRobots>thalaAnserinRetama</gulySheerRobots>
      </gorbalOogoniaHippier>
      <maniplePktCuck>
        <twitArblastUnsworn>wirebarIodizerEegrass</twitArblastUnsworn>
      </maniplePktCuck>
    </agamete>
  </jebusMoutherReek>
  <metersErvum stillOrbiter="expireSchriks" scorerSourer="lumpishTrooperDeodara" />
</flyby>