<?xml version="1.0"?>
<ropedGeminis>
  <merges triplOxcarts="textsRefriedSure5">
    <cassius>
      <trutineVulgare>anaxAmenismFlanken213</trutineVulgare>
    </cassius>
    <alchymyModule>
      <whackIngoingStomp>tunes</whackIngoingStomp>
    </alchymyModule>
    <eyeboltSepium>
      <cruellyHutung>chielButleBefilth</cruellyHutung>
      <hingleFrisure argusGoo="91085098">
        <godroonCressy>bedellsLise3277</godroonCressy>
      </hingleFrisure>
      <morionsCauloteSlocker lanewayChironBides="wimpler" howfFraming="hagmane">
        <dhikrsCornetAnosmia>fyrdLuwianCicadae</dhikrsCornetAnosmia>
      </morionsCauloteSlocker>
      <agad plessorCinuran="spyer" stuns="minas">
        <samuraiWaiving>mudarResward</samuraiWaiving>
      </agad>
      <rarely>
        <cutieSkipway>velvetsArchers</cutieSkipway>
      </rarely>
      <clasticNerita macronsAppal="savoy6" capitle="fetal">
        <volutes>cory</volutes>
      </clasticNerita>
      <bhangi bazoo="bodword">
        <muyscaDaubsSylphon>349</muyscaDaubsSylphon>
      </bhangi>
      <befrillAnisal murmiPerpent="pushtuModally">
        <opalsDegermCycles>1777897</opalsDegermCycles>
      </befrillAnisal>
    </eyeboltSepium>
    <ungulp tissuesFisnogaShoppes="raphes" surmarkInchpinInhumed="3042">
      <humaSeege>920</humaSeege>
    </ungulp>
    <arkie chirataCussers="indaneDeprave">
      <ludlowHaffAerie>dograConvethTeheran7</ludlowHaffAerie>
      <harmPerchaAgamid>
        <elkumaBiddersDillies>abbasid</elkumaBiddersDillies>
      </harmPerchaAgamid>
      <florounBeadletMoiling primulaFirma="sargus" facierRearer="ananymLamed5">
        <howkerGonersChines>sitedPradoMortier</howkerGonersChines>
      </florounBeadletMoiling>
      <annuleAraru amirsMalign="59" mastyNetsman="52">
        <abroodPrimageParky>5928951</abroodPrimageParky>
      </annuleAraru>
      <afifiPokableKhasa triactPlotx="9818">
        <taringRodeoBoregat>unwaged2</taringRodeoBoregat>
      </afifiPokableKhasa>
      <saucy innuateMoonie="dantaRips" cogue="privyInletParpen">
        <deducedKsiUmpires>coxitis92</deducedKsiUmpires>
      </saucy>
    </arkie>
    <naperyIceleafMentary>
      <somberCochinsTux>swobbedCady</somberCochinsTux>
    </naperyIceleafMentary>
    <heynneSereinPoret tidingHeliastSahara="subduesIlliticGeezer">
      <hosts>79848</hosts>
    </heynneSereinPoret>
    <subjackSinjer>
      <brulots>gadbushChok</brulots>
      <sative frenneDromos="optiveSillsCaph42">
        <cauf>20954</cauf>
      </sative>
      <glazen indiansDuplexPrudish="78455" edenicTrochar="boxfulsTentigoSemiped">
        <pursedBedcaseSawder>rupiaTogue</pursedBedcaseSawder>
      </glazen>
      <impulseRupitic punyishToadess="thesisTrewageAristoi" urtiteCalvous="holmHorla">
        <barber>buzzsawHup</barber>
      </impulseRupitic>
      <arratel eggDauniiWayaka="spatulaTusherChoiler" onshore="snudgePeerdomCaftan">
        <agynaryArcform>41243501</agynaryArcform>
      </arratel>
      <gloriasPilosis>
        <gesso>skillsAbietinCopehan</gesso>
      </gloriasPilosis>
      <adoorsDungol georama="prolinBegloze1732" dryness="talitolEthions">
        <printedFriller>gorglinWangle</printedFriller>
      </adoorsDungol>
      <saltusWhelk>
        <musnudProctal>83</musnudProctal>
      </saltusWhelk>
    </subjackSinjer>
    <sakkosBucklesRenn>
      <feudist>beroll358</feudist>
      <shooled bandidoRiddenNooses="18300115">
        <censes>bunkosCouthyUhllo</censes>
      </shooled>
      <iteneanMeads chiller="6" butch="amorphaBobcoatTatchy">
        <bulbelsBalance>senvyJohnin2</bulbelsBalance>
      </iteneanMeads>
      <lynceusVisier>
        <nubbyPlainTeaish>erasersTcharikDiapirs</nubbyPlainTeaish>
      </lynceusVisier>
      <cliquyAnigh startupBreads="yecchsRozum" unipedSaktiOneyer="campagi807">
        <chopinMonism>meekly</chopinMonism>
      </cliquyAnigh>
      <carvelsTestoneForce shyish="sedgesNepaliAmbush">
        <hoggery>balsamy5750</hoggery>
      </carvelsTestoneForce>
      <poucerKidvidOnetime intakeRankles="cutiesSmirker" nongray="63">
        <alange>scolopsCurtisUmbriel</alange>
      </poucerKidvidOnetime>
    </sakkosBucklesRenn>
    <sharia>
      <cauldsGainRampire>ceruseArthelRekiss</cauldsGainRampire>
    </sharia>
    <tipheadUmbranaCassava>
      <balonAleikum>ghoulie</balonAleikum>
      <emboli setout="218216910" aulical="halving">
        <chiliMolderSemita>briaredBewornEmail</chiliMolderSemita>
      </emboli>
      <nouriceCoplots neapsGarotes="purpuraYokelsGeest">
        <poloistSquameAlmach>belgaSahibs</poloistSquameAlmach>
      </nouriceCoplots>
      <cyclicOleine toolman="wahooBeevishCohoba" ionomerBoubas="zeist">
        <bonnwisRumply>matsGlueingMajored</bonnwisRumply>
      </cyclicOleine>
      <deckingPmk steric="wonsDiapsidMowed">
        <dolvenDevilryEcesis>ordered</dolvenDevilryEcesis>
      </deckingPmk>
      <talukaReekerYamuns ballow="sorosisHantsKenmark">
        <risenFountZoaria>shielsJacinthPinatas</risenFountZoaria>
      </talukaReekerYamuns>
      <pockily yokCurseTarmi="vav8" astoundAdicea="cedarsUncasesMedius299">
        <neritjcComparEntal>dresdenArauan</neritjcComparEntal>
      </pockily>
      <tonikanUpdeck redroopFeuage="sancyIsander">
        <arishDerobeStagger>73145440</arishDerobeStagger>
      </tonikanUpdeck>
      <sepoy stickenSkolGamines="specks" miseatOughts="borine4">
        <genuTaximenGuineas>pinge43</genuTaximenGuineas>
      </sepoy>
      <flySwabberFuriosa variosApoiseWink="1478">
        <rearoseLinpinScarred>vibrantTrout5</rearoseLinpinScarred>
      </flySwabberFuriosa>
    </tipheadUmbranaCassava>
    <wounderAstrierMemoir cassianDrouketArrears="thomiteRonJaina1661" fornentBonds="815768808">
      <mottsKabobsGibier>alogiaEvils58</mottsKabobsGibier>
      <feering>
        <sabbeka>waxerHaltereTopmen</sabbeka>
      </feering>
      <beslapTensed mulettaTazia="duneBunty" diamideMethoxyKremlin="hopsageQuircal">
        <lishWrecks>amoralHektareFaceted</lishWrecks>
      </beslapTensed>
      <lakerAxenicEunomia>
        <unbias>eelierPupates</unbias>
      </lakerAxenicEunomia>
      <bodicesPalmingLongrun>
        <aborterDissavs>whudCachou</aborterDissavs>
      </bodicesPalmingLongrun>
      <springsSoloistVerver>
        <contin>reheels</contin>
      </springsSoloistVerver>
      <tactualPumper>
        <scampiStue>guyerUraniteCarats</scampiStue>
      </tactualPumper>
    </wounderAstrierMemoir>
    <moldyPrion>
      <soupierCrusadeLestrad>48</soupierCrusadeLestrad>
    </moldyPrion>
  </merges>
  <pleadElevensAbrash habBowetDishpan="naigieDuvet" maniconBugledYogas="unroveMahoesTruly" gingals="stichel" />
  <quitterRampler />
  <badaga sansara="whfSporontTeca" manila="369161034" pheneHoofTraship="66" fotuiGomaAdoptee="cozensHyaenas" />
  <beveledImpious malic="nighestYearockRecatch882" buffetScient="lovefulFluxing622" makouaDefraysZigger="rinsingTarbush" thickMaturedEctad="brahuiWaacVainly">
    <scovelPunnedAlkes>
      <jugateSafarisAseptic>19807539</jugateSafarisAseptic>
    </scovelPunnedAlkes>
    <siliqueJacensOakums>
      <catersTymbalsSarking>earbob</catersTymbalsSarking>
      <gropers>
        <twee>rearii</twee>
      </gropers>
      <catfoot>
        <dahomeyWaxerImprime>sesmaAlphas5</dahomeyWaxerImprime>
      </catfoot>
      <tubasPoebird graphedOilcampTainte="naricLicuriOutfold" madhabKharwaGauche="canelLamedTangler9036">
        <reposeAkimEnacted>crestsUncaria</reposeAkimEnacted>
      </tubasPoebird>
      <curbed>
        <mutaAbiezer>50</mutaAbiezer>
      </curbed>
      <arthronEtudes uranus="460946">
        <biblist>rials</biblist>
      </arthronEtudes>
    </siliqueJacensOakums>
    <sulphurKilningMozos>
      <differs>axils</differs>
      <platinaDep diosmaMicklesDimeric="frogeye">
        <amdahlAcheErrite>leones</amdahlAcheErrite>
      </platinaDep>
      <filchCatan lollardBathoolWeezle="calks8510" skeif="halibutTrailer">
        <astareRedock>norias</astareRedock>
      </filchCatan>
      <skatiku mannide="brier">
        <uncloudPolypsStupose>packallDerma</uncloudPolypsStupose>
      </skatiku>
      <vestsMoutonPupiled akiaFlagSompner="abhorToaMucoids" snathe="palierBerimes">
        <pettlesBarbingHowea>boundFaunuleHarshly</pettlesBarbingHowea>
      </vestsMoutonPupiled>
      <coiler buckingHoary="arengaUndressAweing">
        <rejoinWoffler>avahiHorror</rejoinWoffler>
      </coiler>
      <rabbits buncos="yacare" mitrerDurefulFlueric="bahutu">
        <zetasLupinin>finlessLierre</zetasLupinin>
      </rabbits>
    </sulphurKilningMozos>
    <tahonaGasifyNaggin>
      <addaxes>lustingKamminaMitua86</addaxes>
      <tronerGormanNomes delimes="elapsEelback2">
        <boyd>276520</boyd>
      </tronerGormanNomes>
      <tubae sexuousPleionSlopely="228273" marmion="780256">
        <daflaHauyne>dekkoTourers</daflaHauyne>
      </tubae>
      <scopetBear articleVetchLookup="19457133">
        <ghessWanhopeLoadum>224245342</ghessWanhopeLoadum>
      </scopetBear>
      <valhallVespery knacksSnipper="sclim9" nebulaeUltionSpeise="bashedCoachyUncome">
        <hewersIsletaApods>754</hewersIsletaApods>
      </valhallVespery>
    </tahonaGasifyNaggin>
    <tnpkStatist>
      <sneapLucrify>lateradSquealCrueler</sneapLucrify>
    </tnpkStatist>
    <collarsIndiumBoyer>
      <infantInweed>stripe</infantInweed>
    </collarsIndiumBoyer>
    <werefox tsarinaPartisJoypops="8180" acned="modernMotificProsar" skereMudwortCockily="tulsiRedbayAnglice">
      <scuppetCanikinRampart>pisky4663</scuppetCanikinRampart>
      <koppenEvanid>
        <sclatch>638449818</sclatch>
      </koppenEvanid>
      <wurlies primacyPonce="zootic">
        <sta>khatsGloam</sta>
      </wurlies>
    </werefox>
    <gaugers homely="abidedRotted">
      <soulzUrdsMalthe>resteepDamier</soulzUrdsMalthe>
      <mulemanCrooned sigmateOrfrayMucosa="tillerMooedSeltzer">
        <crin>112615805</crin>
      </mulemanCrooned>
      <yocks pewsCynaraAcle="slojdOstemia">
        <spryer>choresSizzlerTercia</spryer>
      </yocks>
      <bakerly debarsAswailCuing="sabbedShone" hackeem="jeepney">
        <prosishSequan>sackerLaziestBabion8198</prosishSequan>
      </bakerly>
    </gaugers>
    <andineAlcumy plackSlaeRaffias="viziersGlazes">
      <oversotBewater>sabbatsMyxaRisser</oversotBewater>
    </andineAlcumy>
    <jazzmen>
      <atropa>dewoolLoggias</atropa>
    </jazzmen>
    <rimiestCircletSaitic cutcherSmaltosUmbrate="adazzleEscroll" puttersTweest="dyked591" slypesSquib="rinkaDragglySwears">
      <riggedBromoilHyemal>shekels</riggedBromoilHyemal>
      <fatsosMandola>
        <clipperVintemAlar>disnestHaplomi</clipperVintemAlar>
      </fatsosMandola>
      <quaddle>
        <anthemRouper>arawa</anthemRouper>
      </quaddle>
      <piqueurJoanne kirundi="endingCanidDelible" mortary="stroysAzinesInbowed">
        <ellsGrunted>toolach</ellsGrunted>
      </piqueurJoanne>
      <thinksTeaware>
        <baileyGagrootDoux>7430</baileyGagrootDoux>
      </thinksTeaware>
      <argalaDother angled="saginaTittle">
        <bramah>muysca</bramah>
      </argalaDother>
      <mulgaUpstem hagglerLayawayBuckled="deedeedPresaDur">
        <dauntsMousersOleose>btu4</dauntsMousersOleose>
      </mulgaUpstem>
      <donjons greeterCorfPokom="banianMorate">
        <leggeYipped>lithify</leggeYipped>
      </donjons>
      <antickt emeras="scored" oreweedVowson="ichthysDartre">
        <kilnribInvoicePropr>gloomth</kilnribInvoicePropr>
      </antickt>
    </rimiestCircletSaitic>
  </beveledImpious>
  <telomesRyania>
    <kamaoUnbellKudu reedishOsmiumDote="shingleJarhead">
      <sedged>insulaPlacedBedoyo</sedged>
      <otiose>
        <kunkur>pashas18</kunkur>
      </otiose>
      <mowTangent curvous="cohornLouvre" gaskingAhmediVellums="jugsfulBlindsUndate6">
        <scythePotherbYaw>8146860</scythePotherbYaw>
      </mowTangent>
    </kamaoUnbellKudu>
    <cowalHantedGriding>
      <blimy>beliveHeresyPrat</blimy>
    </cowalHantedGriding>
    <insueRikshaw circsPlait="ketiminTawdry">
      <gnomish>wirersOrreryGas</gnomish>
      <endows boeotiaCunasLeucic="tankEnclaspLinus">
        <creptTrendelCommote>adodStartup</creptTrendelCommote>
      </endows>
      <maraBeniLiang>
        <dorsiCokesExrx>stoshSweese</dorsiCokesExrx>
      </maraBeniLiang>
      <bogierPenniesSeenu peng="saban">
        <fbi>41407534</fbi>
      </bogierPenniesSeenu>
      <fiddles>
        <dhauraRudolfWitan>3</dhauraRudolfWitan>
      </fiddles>
      <tazze>
        <vacandi>plisky</vacandi>
      </tazze>
      <calamarFusteeVoiture mocoRizzar="emeutesVulvaKirsch4" livensEdgarTaposa="phalanx">
        <tholliUnprimHogmace>mity</tholliUnprimHogmace>
      </calamarFusteeVoiture>
      <mergerElation astCablerBogland="botchEmbread" ilea="396737562">
        <cogueSakeretMomma>fowBostonUrchins</cogueSakeretMomma>
      </mergerElation>
      <airmailSeaghanBundts likerHorrors="potence">
        <cheeper>dahoman</cheeper>
      </airmailSeaghanBundts>
      <peeverAbayah>
        <scum>theineWebfed</scum>
      </peeverAbayah>
    </insueRikshaw>
    <greableUnwindCongers damaskRedoes="outlawsWalkedPlacers" reestedPyricReexpel="65225105">
      <runiteEmblems>67</runiteEmblems>
    </greableUnwindCongers>
  </telomesRyania>
  <emeerRococo subringDittedCortile="acacinGrylle">
    <copraTatoo>
      <woonsPailouReblot>sarongHazzan314</woonsPailouReblot>
    </copraTatoo>
    <petro damar="approTramcarShofar818">
      <retiralRevoir>mana</retiralRevoir>
    </petro>
    <humblesKhilatAshfall>
      <pipes>pollet</pipes>
    </humblesKhilatAshfall>
    <icecap>
      <gathers>106</gathers>
      <wheedleTipplyKetosis>
        <pechysSeisors>papessCoulterAye</pechysSeisors>
      </wheedleTipplyKetosis>
      <pastileIerne chirredEspanolBelton="sirkarTachyon">
        <kvasUnovertHexone>afoam</kvasUnovertHexone>
      </pastileIerne>
      <ophirRagee>
        <anuraUltimeDisnest>243</anuraUltimeDisnest>
      </ophirRagee>
      <syruperColog debaterSlowupSwards="maltsRyukyu3548" adcons="menat">
        <wingbowPunctumWovoka>poral</wingbowPunctumWovoka>
      </syruperColog>
      <raukChisledEmbull joyNonheroBogue="bantuJacktan">
        <bough>tmemataEkkaJamie392</bough>
      </raukChisledEmbull>
      <inducerStonerKarmic yipesCoriaCorr="unbeget">
        <septier>sixties</septier>
      </inducerStonerKarmic>
      <cabbalaDepe unstungDioxanOutvote="852">
        <chasmyDimpsy>fatimaUnwwoveUhs6</chasmyDimpsy>
      </cabbalaDepe>
      <railsNumericCrwth unnaptTingisIterant="266461290" battuteUnzeRoving="adays">
        <grolierCorsacDiapirs>725219002</grolierCorsacDiapirs>
      </railsNumericCrwth>
      <whackedIodate muruxiWagaun="guigne">
        <gowdFopping>69</gowdFopping>
      </whackedIodate>
    </icecap>
    <sassily>
      <todEnserfsPandies>limeanCompingIronic</todEnserfsPandies>
      <new nicaeanSudor="preview773" erthenHeriot="expendsPrefer">
        <metanym>5809</metanym>
      </new>
    </sassily>
    <muntinJulesBribery>
      <plosionFrowerEpulis>plywood</plosionFrowerEpulis>
      <sakelEmpiry>
        <aylessLiaises>leadmanBiprong</aylessLiaises>
      </sakelEmpiry>
      <woofersThymols lemursDipsie="omelieGiggetBenzoic" abide="417">
        <pundumGotched>unhewedRebrick</pundumGotched>
      </woofersThymols>
      <arabeskScaredSpeakie sunwise="indult415" bruntElboicLambly="flavour326">
        <kha>furrierOvigermMunsee</kha>
      </arabeskScaredSpeakie>
      <deer enolsCistaeLaertes="banigUnstack">
        <phonate>postersDeilsEat32</phonate>
      </deer>
      <foppyAbettal>
        <ciguaKeas>30</ciguaKeas>
      </foppyAbettal>
      <decarchUneyed uneven="stoperAnnetteNilgais" uplying="sampi">
        <knifersAweRondure>spiceryEosideZionist</knifersAweRondure>
      </decarchUneyed>
      <preculeFleshen coesTrysailDuffy="gannetStolesDowment" insoulCackled="3687">
        <bills>2422202</bills>
      </preculeFleshen>
      <gansyJobbery>
        <jincanJaobLatinos>gussies</jincanJaobLatinos>
      </gansyJobbery>
    </muntinJulesBribery>
    <cactalMogAltin quiina="9">
      <busticsPollensNombril>toxical</busticsPollensNombril>
    </cactalMogAltin>
    <chinker>
      <rebless>jokiestHenbaneDimming</rebless>
      <debcleVickie>
        <lister>testingNithingOubliet</lister>
      </debcleVickie>
      <jann>
        <begildHols>raphis</begildHols>
      </jann>
      <wearierUnhaspDrisk scurferPachisi="gingrasPubic">
        <yerksSpurt>thiazin</yerksSpurt>
      </wearierUnhaspDrisk>
    </chinker>
    <tourbe lamdanHotchesDrury="luggage">
      <equineLynch>6797</equineLynch>
    </tourbe>
  </emeerRococo>
  <refalls moltersDillueTiters="chawanEdestanShits" prillsClonosAlumic="noddiSord" decibelClaversDoko="50">
    <naikPuddockBaalism>
      <buckledMuridFoothot>cantabShamoy</buckledMuridFoothot>
      <ballardVeninsAfaced nilot="careerSereneRookery">
        <toyfulTartare>slidderSaa</toyfulTartare>
      </ballardVeninsAfaced>
      <bush>
        <prolan>5963</prolan>
      </bush>
      <inflowVesicaeLernaea glommox="prosarWingbow">
        <scurrilCooty>arsRoanoke424</scurrilCooty>
      </inflowVesicaeLernaea>
      <sawyersKernel shillukSememeSirra="obeysForest8" conacre="9">
        <sclater>lazier</sclater>
      </sawyersKernel>
      <rebeginRasennaFisted>
        <ethers>podware</ethers>
      </rebeginRasennaFisted>
      <diau machreeUpbreak="idyllerBlink" cycCandelaChiasmi="210">
        <endowed>depermsBeckonFormula</endowed>
      </diau>
      <essoinsSlath pointyBookmenYuk="1028" shwaHastensIvories="7">
        <ungual>souchieUppoise46</ungual>
      </essoinsSlath>
      <tutoyerIngrain amplifySteels="rejerkBesugo" iberismAxile="474">
        <viatorsMawedDuckish>earlap</viatorsMawedDuckish>
      </tutoyerIngrain>
    </naikPuddockBaalism>
    <khalatCarotolSextuor>
      <danceryPhrygia>cloutedFuel</danceryPhrygia>
      <neuraleSolid etouffeHushesBadger="witingBecolme">
        <caiques>physiolGypsy</caiques>
      </neuraleSolid>
    </khalatCarotolSextuor>
    <whitsunBeemenSeedkin>
      <firebox>bibblerSoekoe</firebox>
    </whitsunBeemenSeedkin>
    <jazzbowMandyiCassida>
      <dewoolMayduke>bumpyFinedAtwind</dewoolMayduke>
      <cancerNoummos logIodismsMaidism="85820">
        <sclaffs>mensaeFable</sclaffs>
      </cancerNoummos>
      <unhuskFeased lensedHydatid="386135412" frowsDugdug="vendues">
        <couping>achechAffirms</couping>
      </unhuskFeased>
      <oatyMacedonRemedy>
        <cablet>589</cablet>
      </oatyMacedonRemedy>
      <dognap odoured="8406" amercedLapfulsIonizes="ogler">
        <sorbian>manpackVoice</sorbian>
      </dognap>
    </jazzbowMandyiCassida>
    <detenuCasinaClewed>
      <cabbledEmerodDosing>quackPartiteTripody</cabbledEmerodDosing>
      <ataxias yakala="seedsUnskillNepit" jitroThananEpist="17">
        <entrec>scaurieVection80</entrec>
      </ataxias>
      <birdEuchredHelleri pisacha="sursizeSneapMorian">
        <clintonGaskinPummice>pathwayOboes</clintonGaskinPummice>
      </birdEuchredHelleri>
      <quaveMingoReplays staynilPasteup="hel" salsoda="crwthsHomeletPusley63">
        <ribsDilos>torousLirothHitters4</ribsDilos>
      </quaveMingoReplays>
      <frija spise="wheezle" stappleUlmate="erasingHoofish">
        <mussing>afritsChilly219</mussing>
      </frija>
      <bead>
        <sunnilyTubefulEndites>ignisBubalis</sunnilyTubefulEndites>
      </bead>
      <fuidhir>
        <tubigBos>agleyMarhalaCharily392</tubigBos>
      </fuidhir>
      <tuthNeossinElsehow>
        <galeusShick>stagy</galeusShick>
      </tuthNeossinElsehow>
    </detenuCasinaClewed>
    <uncoverHurrahArpens genear="monaseBlatterCowheel" encreelBolled="sepiumAnahauMucose">
      <campaYagger>airwayGrinder622</campaYagger>
      <glyoxylVulcanoGlibber dolent="frownySfoot">
        <upmove>nouilleAmberyAsana</upmove>
      </glyoxylVulcanoGlibber>
      <albiziaBaclava neb="offingsTuracoTibetan" tearers="32">
        <talkerSennite>upshootMuscariFlue782</talkerSennite>
      </albiziaBaclava>
      <tuftingParableHerbous>
        <deputedEscrollAsker>oaring2</deputedEscrollAsker>
      </tuftingParableHerbous>
    </uncoverHurrahArpens>
    <togtSleeNutrice>
      <hearsedCahill>5</hearsedCahill>
    </togtSleeNutrice>
    <ictus>
      <churner>rectaGerkin</churner>
      <benzene>
        <exasperFicary>loitersBisonKosin</exasperFicary>
      </benzene>
      <loweryMealy cholApresHeeds="48262" nooningCanelleAbroma="elocute">
        <gieselFlenses>bodegonArake</gieselFlenses>
      </loweryMealy>
      <guineanSkilty lisp="lyophilMyst" witty="62300501">
        <hummusSloom>haws11</hummusSloom>
      </guineanSkilty>
      <ballo yowleyGrouchyBrasier="cantinoHoys" kreese="83">
        <walchia>caserioStrook</walchia>
      </ballo>
      <ashkeyBunns>
        <zoners>budukhaWhitens</zoners>
      </ashkeyBunns>
      <nets cognacDonzel="niasPagina1807" missish="mohrGigasBuzzes">
        <parisii>237743828</parisii>
      </nets>
      <celliRheneaWrothe>
        <mimerChicaShirvan>sejero</mimerChicaShirvan>
      </celliRheneaWrothe>
      <berthasEmbrave chromid="3586988" estriolRaiyat="dogearsMocaSarape">
        <hatched>grassiePinholdCholo8985</hatched>
      </berthasEmbrave>
    </ictus>
    <doesntPicoid spaceRatifia="carkled" belloCerumenFreaks="uncrookTike34">
      <babismMyoidTrina>reoils</babismMyoidTrina>
      <wodgyEndore abonneLoeRowths="unsnaps">
        <poiana>chackerGaiassaSuaver6</poiana>
      </wodgyEndore>
      <obtrect>
        <facadalToisonPulment>silvas</facadalToisonPulment>
      </obtrect>
      <kansanDialyse>
        <rwoundGoupenKalium>figury3</rwoundGoupenKalium>
      </kansanDialyse>
    </doesntPicoid>
    <boorgaChinoisPrich>
      <podeonLudgate>crudityLeefRooed</podeonLudgate>
    </boorgaChinoisPrich>
    <whapuku>
      <plumpedParadosThumps>250822</plumpedParadosThumps>
      <segouPerdix>
        <balladKnagFifes>6229</balladKnagFifes>
      </segouPerdix>
      <rappeeWithery>
        <cactoidTruddo>copied</cactoidTruddo>
      </rappeeWithery>
      <feu nagObolaryMoneyer="siphonsLunt23" bagmen="devises">
        <jakobBlooie>salute</jakobBlooie>
      </feu>
      <felinesGhis loyal="rephase" maciesPeavineBowling="18508033">
        <aureitySeiner>yirkDaftest346</aureitySeiner>
      </felinesGhis>
      <crakeGleds sucksTauts="peppers">
        <cokerDuranteCiruela>649284</cokerDuranteCiruela>
      </crakeGleds>
      <soneriFerrier>
        <holisms>amply558</holisms>
      </soneriFerrier>
      <bassoonTzolkinNesting muktiTsuma="nievesOphitic">
        <dupedGriddedPublice>feroherStrokes</dupedGriddedPublice>
      </bassoonTzolkinNesting>
      <iten>
        <mwaZooidChaetal>sokokiCaseicJerreed43</mwaZooidChaetal>
      </iten>
      <hadjiStogeysResever wig="preuxWombat" courantIncurveAboon="lowable40">
        <benuNableRampire>apioidDoulce</benuNableRampire>
      </hadjiStogeysResever>
    </whapuku>
    <manwayAfaced banal="114" doses="daver" nixon="acaridBicronsVibrant">
      <anorchiGudokBisexed>79797508</anorchiGudokBisexed>
    </manwayAfaced>
  </refalls>
  <albugoSpastic burmeseRaisersDozener="gaudsMyriadElean" oorial="ciliumFleysEvulse" />
</ropedGeminis>