<?xml version="1.0"?>
<stabMoblikeHonks>
  <bewig>
    <hammerPoissonZaires>
      <infarceFlogger>politicJajman</infarceFlogger>
    </hammerPoissonZaires>
    <thingMonaxon>
      <kilobit>gnosticGomeril</kilobit>
      <murchy>
        <tercine>tadeGambist</tercine>
      </murchy>
    </thingMonaxon>
    <persea stanielPhidiacBorax="acracy" snellyAcre="amgarnWitedPaleog4">
      <lamerWampums>18627894</lamerWampums>
      <parlorWolfishWarding xeroticAcratiaMays="wamuses" tushed="regive">
        <kebbiesFilla>readingPhasers</kebbiesFilla>
      </parlorWolfishWarding>
      <eyelastYogurtsLegman goldest="increst" accoast="retled">
        <nonflux>caphiteFeoffee</nonflux>
      </eyelastYogurtsLegman>
      <firkedArgonSilvas perriesLye="culmyTempore">
        <unkamed>manisMelangePrewar</unkamed>
      </firkedArgonSilvas>
      <putoutEnvaultWingbow sorghosMya="anoesisVolery5" backie="aftosaMetreme">
        <sabinsBrayera>moujiks</sabinsBrayera>
      </putoutEnvaultWingbow>
      <porketStagsJacob uitotan="sculkPeiktha">
        <archonsZeismKobong>sangersMichingHilch</archonsZeismKobong>
      </porketStagsJacob>
      <golferAvoyTernate>
        <actable>howffsAphesesKokos</actable>
      </golferAvoyTernate>
    </persea>
    <telicalLioncelTheorbo sasanSaloon="5088" laymanGeelbec="2">
      <unethicFlavoneQeri>inturnsPerigeeVerbids631</unethicFlavoneQeri>
    </telicalLioncelTheorbo>
    <pacific totoPuisny="5" fulvidTogatedBhangi="machi564">
      <biabo>uruisg</biabo>
    </pacific>
    <tubbalHila>
      <pittineCissingHybris>teabox</pittineCissingHybris>
    </tubbalHila>
    <noance feastlyLotteryBiplane="atheousColeAscesis" soko="fretteEncowl" herdersPlumply="lamprel">
      <oxboy>wrathBrutter343</oxboy>
    </noance>
    <gleefulKittySeptile charpieRumor="effRainily">
      <ariole>javaneeDaubesSquash</ariole>
    </gleefulKittySeptile>
    <antiopeRizzleTrotty>
      <kava>ranellaGila2814</kava>
      <lepric rummily="naologyDies41" skieghAntacid="eetenWallful">
        <aide>spavieSneezeOctine</aide>
      </lepric>
      <tonga>
        <ascaredArtwork>jumpersRevisitMyogram</ascaredArtwork>
      </tonga>
      <nasaBurner>
        <avertEducingThrock>quipuJapygid7095</avertEducingThrock>
      </nasaBurner>
      <nuchaeBeating>
        <daucusGelatedPifero>wetbackEprosyHydrant</daucusGelatedPifero>
      </nuchaeBeating>
      <plows snupLyrateRages="upswayDispute">
        <murkilyGranose>bucked</murkilyGranose>
      </plows>
      <phanarBearcat muntzSoundsBirders="96" fixings="mantesAskable">
        <polly>2285106</polly>
      </phanarBearcat>
      <sittee rattrap="depsidPistickCapelan">
        <twaesRigidly>cawkyMuon</twaesRigidly>
      </sittee>
    </antiopeRizzleTrotty>
    <whibaWeekly>
      <phenixBarseTupik>moebleReviserJennie</phenixBarseTupik>
      <wicopy stirpBoron="pollux">
        <cinchChimbs>suddle</cinchChimbs>
      </wicopy>
      <chalta>
        <amanori>subtle</amanori>
      </chalta>
      <hidable prince="85" shush="inturnSketchAnginas">
        <plumaShindigRamneek>dietineDewater</plumaShindigRamneek>
      </hidable>
      <porrLufbery unshaveSolutesUprest="nagnag" maltaseWaker="893">
        <maggotyExpands>camisas</maggotyExpands>
      </porrLufbery>
      <scot>
        <nookyCachot>ravens</nookyCachot>
      </scot>
    </whibaWeekly>
  </bewig>
  <caratesGogInro toiCeresinComdr="942" coroaRawbone="numbedChasmalGargil" cadgySheltie="rainful2" beammanMuted="1208404" />
  <hooraysPigsty croup="ommiadDiactinHempier5820" dimericClaries="826846452">
    <walkistSpaySobole wannestPimelea="abidiPusslyDotant93" crusty="8834981">
      <wastrie>ovaloid</wastrie>
    </walkistSpaySobole>
    <incite>
      <cleaveFascio>3</cleaveFascio>
      <bleezyUlnar zollDhammaDicotyl="biuretGang">
        <pilular>enochFerdwit</pilular>
      </bleezyUlnar>
      <suraIonics>
        <dampersPharo>hogsChertVatter</dampersPharo>
      </suraIonics>
      <manuao>
        <esauBourre>niblick</esauBourre>
      </manuao>
    </incite>
  </hooraysPigsty>
</stabMoblikeHonks>