<?xml version="1.0"?>
<ottroyeSicarii>
  <potooKneecap reave="emgallaImper" carlish="sinful" acceded="42599249" otalgy="boserShaleGteau">
    <bullpenTahitiBayonet>
      <reboilsSkeelyRanine>escapeeDunnestWispier</reboilsSkeelyRanine>
      <bahtUnnapt taphria="aces5723">
        <monistsHasheryHolcad>29774714</monistsHasheryHolcad>
      </bahtUnnapt>
      <lampflyItdApiolin buyableJugate="uncialElderGateage">
        <devoiceAssamarGlike>favismGimmerSpall</devoiceAssamarGlike>
      </lampflyItdApiolin>
    </bullpenTahitiBayonet>
    <loxes payola="rhe">
      <mannifyIloko>hangarBaking</mannifyIloko>
      <anaxonParrots>
        <succorsUnhooks>79223</succorsUnhooks>
      </anaxonParrots>
      <melangeSockeye plout="tiltBorwortCodilla">
        <macaca>56</macaca>
      </melangeSockeye>
      <unhullDecem anchusaFollis="vent">
        <maizer>keepersPallid</maizer>
      </unhullDecem>
    </loxes>
    <scabiaSaganSool>
      <cedar>weapons</cedar>
      <dartledWiringsDobbins dreadedRicketsBaburd="enarmeSlipmanBatted" warreeOrientDorse="leonatoSamielGratis">
        <linkupsGallateRenews>331217</linkupsGallateRenews>
      </dartledWiringsDobbins>
      <fratch>
        <staabRefuel>83889318</staabRefuel>
      </fratch>
      <sestinaSnowcapLicked laddess="tyne">
        <feudaryJungliMoraea>274808</feudaryJungliMoraea>
      </sestinaSnowcapLicked>
      <saps pleadedUnbase="mangona" cereNgweeIortn="polyCepter">
        <cannersLaksaBowyers>disbodyCarneolPacquet</cannersLaksaBowyers>
      </saps>
      <mediad bolloxDotkin="execs53">
        <condorsPaw>pubbleLaymanPalma</condorsPaw>
      </mediad>
    </scabiaSaganSool>
    <mundleUmbunduUnmolds>
      <qurshesOweStylus>bembexCheek</qurshesOweStylus>
      <listersAlaGlim deft="bardashAnanasPerosis" pudsey="boothesHunchyVeenas">
        <perillaSabines>traceryWashoan</perillaSabines>
      </listersAlaGlim>
      <hazzanAweing>
        <refeignMumble>hypogea</refeignMumble>
      </hazzanAweing>
      <unbeTrokes kandeCapsianFawnier="bigasPauliadJock">
        <macaoConal>snails3276</macaoConal>
      </unbeTrokes>
    </mundleUmbunduUnmolds>
    <cynebotWantingDeja>
      <litiopa>855626</litiopa>
    </cynebotWantingDeja>
    <jitneyPoleaxRedfins lepomisRemaps="4201" behaves="tankah" rammi="madroneSneezy">
      <booleanFewmetsAphodi>jumpEryonSeizes</booleanFewmetsAphodi>
      <alvine>
        <dromondDree>germainConvertThralls</dromondDree>
      </alvine>
      <puffinsWeazandIntuit jocoqui="brubru" sifts="scapedGolpeSowel6158">
        <elvanBegowk>medusas</elvanBegowk>
      </puffinsWeazandIntuit>
      <maulDeices gaposisLollops="lardry" acocotlLosang="pelopidTunmoot">
        <william>ashcanUntimedSloper</william>
      </maulDeices>
      <adoxa scythicSook="ked">
        <droplet>nepidaeOdyles74</droplet>
      </adoxa>
    </jitneyPoleaxRedfins>
    <erthBeteKhakis selion="coronisDialogs">
      <udallerParsic>sheugh</udallerParsic>
      <siletzAzotine grumoseStyletsImp="manbaDacoit" buyer="pyalAvoke">
        <fixesExtentDavid>665794</fixesExtentDavid>
      </siletzAzotine>
      <exults beatenBarker="740273">
        <sloppyForefit>mucoseNamedAloof</sloppyForefit>
      </exults>
      <syphScamles>
        <markisTaischCintre>40518599</markisTaischCintre>
      </syphScamles>
      <schoPalletGobbing>
        <wortsBurls>80475252</wortsBurls>
      </schoPalletGobbing>
      <surra slidedMidi="snock" tchapan="togatedBellota8004">
        <ripoffGobetRenove>80035</ripoffGobetRenove>
      </surra>
      <juicyOreganoRix>
        <willowy>inark</willowy>
      </juicyOreganoRix>
      <scrodsLyraway penancyRoseine="canabae" saaSequelKiver="torulaViolandRegna59">
        <norite>seversRancid</norite>
      </scrodsLyraway>
      <tickersAyuyuEclated surmark="strepenMammyAcerber">
        <groppleLacunes>deismColorsUpbrow8</groppleLacunes>
      </tickersAyuyuEclated>
    </erthBeteKhakis>
    <peaceDalkCequi vomityStorey="dongonLicking" asthenyContune="mammees" tashlik="revampUltrasThos">
      <jmsTalced>farerKhandaTorrid</jmsTalced>
    </peaceDalkCequi>
    <mimmed>
      <cryptalGambled>codwormPreemie</cryptalGambled>
      <typingNonoily faintsEvirato="bemusesKumaraCracowe">
        <casasHassels>shilluh</casasHassels>
      </typingNonoily>
      <turcian dong="cliveMimly" alquier="lawedUnlove2280">
        <phloemMentis>kuficBuskersGrimme</phloemMentis>
      </turcian>
      <woodedCental metely="triedlyEsc" repineDoloseHerpes="smilerThumber">
        <dagon>thirams814</dagon>
      </woodedCental>
      <dayalPoduraTrashes>
        <troupeExr>telleeBunko221</troupeExr>
      </dayalPoduraTrashes>
      <eggars>
        <souslikTravels>4489513</souslikTravels>
      </eggars>
      <spilerCater wifelet="thurseThoriaAug" ratafeeFrisianFermage="arba">
        <arilsPopper>eatery</arilsPopper>
      </spilerCater>
    </mimmed>
    <tobymenAbettorEveweed strueKettle="fallersHumblie" poopsWype="63821" nappie="lauansBloaterTole">
      <awned>intuitoDucking</awned>
      <scrumpyOswald>
        <truffesMooleysHowea>96</truffesMooleysHowea>
      </scrumpyOswald>
      <hexdraSealerObverts nursedMayey="flywayPurveySeizure233" rhyptic="inflateInteind">
        <alesanAidable>muscovi</alesanAidable>
      </hexdraSealerObverts>
      <disallyApollo yamulkaSmee="suffectAnguriaFirster4985" lobosaAdventsDancy="8828750">
        <pinusCronelDoug>431</pinusCronelDoug>
      </disallyApollo>
    </tobymenAbettorEveweed>
    <dedimusParasPharaoh>
      <dodger>mispledGyralChillum</dodger>
      <whiz>
        <emblaze>69</emblaze>
      </whiz>
      <greylyTrotterUirina>
        <primateNutwoodOrology>hobbing4278</primateNutwoodOrology>
      </greylyTrotterUirina>
      <hotchaStowerCobbra bagnesPersistChoughs="prosarAseptolCambial" glideSaviorNandin="lintels">
        <pinenesTauri>gibbert</pinenesTauri>
      </hotchaStowerCobbra>
      <slaverBogScurdy aerierCarannaEtching="936">
        <leglike>levying</leglike>
      </slaverBogScurdy>
    </dedimusParasPharaoh>
    <lambliaScarphs floushNuttilyAladdin="suppnea" reckUnclip="lupins">
      <sumless>gaggedSoom90</sumless>
    </lambliaScarphs>
    <castanaKnickMimbar wielare="parrallFluff" carvone="teihte24" lowwoodPotshawLulav="evasionIrisherRip5">
      <facebowSeraph>kabikisTrashedTerrain</facebowSeraph>
    </castanaKnickMimbar>
    <pneume mawp="stress" dehwarWaw="9">
      <triolet>ululuSkers</triolet>
    </pneume>
  </potooKneecap>
  <changesMusrolZibetum />
  <appaleTim />
  <legiferDuskly maces="samkhyaHandbag6" tivoliSaiid="misbindMootsSwertia" hexanal="koolau" assurgeCoctionCrumpy="7235" />
</ottroyeSicarii>