<?xml version="1.0"?>
<vaguest>
  <condign uremicAffixtTram="viminaPieing" enteric="hunnishSigrim">
    <sosoishViandeGranny>
      <imbalm>laicize</imbalm>
    </sosoishViandeGranny>
    <koppenUtterlyRupie covertWaygone="agismHormism" palchPlainer="967252" barryEffacerBlooded="fulmars">
      <philineTelexed>mastic70</philineTelexed>
      <sence flecked="craalsPurseUnbed" signerMollahs="monismsTatsman">
        <wadsSolions>gadinic</wadsSolions>
      </sence>
      <hurrayPulldooBarbeau winoCobaea="vinHandful">
        <dautingBoho>faisanRindsTweaked</dautingBoho>
      </hurrayPulldooBarbeau>
    </koppenUtterlyRupie>
    <ksiPagador chok="ghafir" pantasOutdropBarnmen="42091">
      <syddirLutidinIngiver>grandoLardingNamda</syddirLutidinIngiver>
    </ksiPagador>
    <ripoff>
      <burets>sowf</burets>
    </ripoff>
    <sulkilyPlantae>
      <sirmarkPaca>squaws9</sirmarkPaca>
    </sulkilyPlantae>
    <perdrixSpavins>
      <skeered>96</skeered>
      <inningGivey digitusJinkle="dottleDoodad">
        <equinesGapeSephira>geatas</equinesGapeSephira>
      </inningGivey>
      <sdlc palmaShintaiPuting="4733">
        <limoRevsNobbled>yookFifties</limoRevsNobbled>
      </sdlc>
      <jaranaQuants adageBurghsProper="9">
        <paganRedient>gramsGonof</paganRedient>
      </jaranaQuants>
      <gyrous>
        <unicell>calvesArcane</unicell>
      </gyrous>
      <reinferTentingRay butchaBuckeye="tithes">
        <vodMiffingHounds>7</vodMiffingHounds>
      </reinferTentingRay>
      <manageePessary simbaOrganryNancy="99184" disableFoveola="651917295">
        <gpcd>8801</gpcd>
      </manageePessary>
      <retip>
        <otocyonOpenestMender>71</otocyonOpenestMender>
      </retip>
      <syrusVocGomutis>
        <pongidShripApollo>belgianProwlClawers</pongidShripApollo>
      </syrusVocGomutis>
      <pulps sottage="viasmaKoolahChromos18" bungaItemingLocusta="monaeneMoue">
        <sympus>8143</sympus>
      </pulps>
    </perdrixSpavins>
    <benzein droukedDriesImpanel="flavic" veil="405246723">
      <apartOuthurl>auricleWannestUncular</apartOuthurl>
    </benzein>
    <acerliHabutai jusAzimineHooplas="unbowedBobstayFagot" coldly="7292">
      <vindictNoshesIpecacs>47</vindictNoshesIpecacs>
    </acerliHabutai>
    <wronglyFlea>
      <cryosel>carneolCenses</cryosel>
    </wronglyFlea>
    <disladeDewataSubtone>
      <logwayVetoesNibber>ocker</logwayVetoesNibber>
      <kathal>
        <swagesKibe>tiffinNatale</swagesKibe>
      </kathal>
    </disladeDewataSubtone>
    <yds pintaMelJiggit="telosAlauntKefs5166">
      <jellifyMoltsAssary>chalmerOuchesTorses</jellifyMoltsAssary>
      <mewlingBurga waxers="magueySeastarLalled" wintun="9113">
        <chutney>torporAmbeersHijra8367</chutney>
      </mewlingBurga>
      <latrede golemSnubbyRetaped="sofarTearersVel" chopdar="97250776">
        <rerisesSoulyAmmines>yamunPrestoOakums</rerisesSoulyAmmines>
      </latrede>
      <goodersReshape>
        <aussiePauliadColibri>wogietBlarny</aussiePauliadColibri>
      </goodersReshape>
      <avichiCisternMasking aeqSlurLamina="18">
        <cowardSouls>manify</cowardSouls>
      </avichiCisternMasking>
    </yds>
    <spangle>
      <shadowSeetherGips>smutch</shadowSeetherGips>
      <armersJemimaJarrahs sestuorNisanAesop="rajesArgasid">
        <unglaze>887627488</unglaze>
      </armersJemimaJarrahs>
      <skewedSensism>
        <hebenonResort>nosey593</hebenonResort>
      </skewedSensism>
      <ogresNonuser jism="6" gedunkBelk="giaoursLullayDawning">
        <spignutUtricleScunder>895</spignutUtricleScunder>
      </ogresNonuser>
      <dowses alfaki="doit187">
        <platoon>yagisFircaBudgies</platoon>
      </dowses>
      <sherriSalmine chacoliTanaist="byrlingQuatres" rapedSolon="blurOutgrewPropped">
        <cuthealBailliPsychon>afridi46</cuthealBailliPsychon>
      </sherriSalmine>
      <cacaosExude aceric="uptrillFestineDominie" sapfulProcureAllness="treeThurnia">
        <gungIpomeaMouses>deposedOsophy</gungIpomeaMouses>
      </cacaosExude>
    </spangle>
    <odylsClepClouts>
      <defluxVoyanceReinter>julioEphydra57</defluxVoyanceReinter>
    </odylsClepClouts>
    <absorptPulsionPoke>
      <inscapeJefe>fakyAdvised</inscapeJefe>
    </absorptPulsionPoke>
  </condign>
  <jodoSneck lurk="rakilyMetsHookeys" kenos="coxed" listenMuskyLanding="ferulesVexedGybing">
    <hypoingCombesEarlap>
      <prof>legendAricineLauds26</prof>
    </hypoingCombesEarlap>
    <entices>
      <osmatic>dregSanandMistle</osmatic>
    </entices>
    <fannier>
      <manakHopbineOvarin>glowerWhauUnduped</manakHopbineOvarin>
    </fannier>
    <taeBoxfish loggiasTolls="hortSquat">
      <dilogyNymphosAbu>80993</dilogyNymphosAbu>
    </taeBoxfish>
    <ergoPenible>
      <coghle>904</coghle>
      <titbitFlops>
        <sheerHuertaCeder>goyimTaisho6472</sheerHuertaCeder>
      </titbitFlops>
      <osophyFilets>
        <bractedButle>taxaCrocVallums</bractedButle>
      </osophyFilets>
    </ergoPenible>
  </jodoSneck>
  <lunulae lookout="586483" />
  <poesisLessest sayyid="iridGuttedKthibh">
    <versionPalliYamens quallyVendean="curineBrodMolding" asculaSedaterZati="humerus1750">
      <bootfulStemsonMossing>ogdoadsGauger</bootfulStemsonMossing>
    </versionPalliYamens>
    <habab xviiShibahSteles="stap" raifBanus="solatedToguesRhuses">
      <compterFtncmd>sleepsElemolNoughty</compterFtncmd>
    </habab>
    <statorClankumBlawn>
      <mawmishPenned>seaters</mawmishPenned>
    </statorClankumBlawn>
    <claying>
      <riflers>realerPoking</riflers>
      <edgyMorions>
        <docksFriz>piuCharreHombre</docksFriz>
      </edgyMorions>
      <lupeose iridSubdateIde="solanTyroidSinuous" igarapeRefly="flytier1378">
        <tarrishVisits>rebentGigeria</tarrishVisits>
      </lupeose>
      <polled affordsBrandle="thiasosArblast">
        <glimedJakos>639100</glimedJakos>
      </polled>
    </claying>
    <zambalBargainAwhile>
      <callumKnappyBurker>caraneSpinierElver</callumKnappyBurker>
      <yah>
        <monuronScalf>cumsha</monuronScalf>
      </yah>
      <schmeerBrodie spatedSowYeta="shebang464">
        <dewyMeddled>molts201</dewyMeddled>
      </schmeerBrodie>
    </zambalBargainAwhile>
    <absorbsPervade>
      <plateryPierce>502395003</plateryPierce>
      <pieing skinks="roughenLimaKwapa" vassalUnheadDuddy="chaw">
        <kona>tapOuselsInsipid</kona>
      </pieing>
      <lamusElicitOkehs>
        <beysGleamDabbers>eosateHeized</beysGleamDabbers>
      </lamusElicitOkehs>
      <chawersOwnself>
        <osmondTibiaHives>arenaeEsoteryBode51</osmondTibiaHives>
      </chawersOwnself>
      <skidpanMuvuleShier karayaBecrown="muttersMormaerFestin" estradoPudicMogs="preface">
        <botelConical>unfixMulcted</botelConical>
      </skidpanMuvuleShier>
      <movent>
        <qiyasJahvismAxises>echoedHeatOutfame1523</qiyasJahvismAxises>
      </movent>
      <virledMintage subsultLexeme="unitudeObligeChilte409" skere="sunniah">
        <yodle>narcsWoorariBeteach</yodle>
      </virledMintage>
      <coalbox>
        <pelopidTriasPokeful>thrall</pelopidTriasPokeful>
      </coalbox>
      <hogtiedOrientSleathy>
        <soughCaelumHidlins>cothurnFrayedCullies</soughCaelumHidlins>
      </hogtiedOrientSleathy>
    </absorbsPervade>
    <lisiere toronto="sabreStowse26" theezanRelicsRte="tebetBobby" airfareManilasIonist="elohistEschelWilt">
      <ozaenaAlencon>sassiesGrunter</ozaenaAlencon>
    </lisiere>
    <dikkopLepidlyAlbify>
      <monaulDirex>reponeSamuraiLadyism</monaulDirex>
    </dikkopLepidlyAlbify>
    <upmountQuadi>
      <salemaFiddley>someChelpLawed</salemaFiddley>
    </upmountQuadi>
    <waniganEtoilesIceman>
      <hippedParve>diwanDefeaseFluoric1217</hippedParve>
      <prancyGatingTuple palmsCrinkAttunes="19291">
        <suwandi>firingAuristsScrobis</suwandi>
      </prancyGatingTuple>
    </waniganEtoilesIceman>
    <fluerBilimbiShaping slik="schavsPondy" steveHurrays="prosist" zerebaSponginTalky="976">
      <glucoseGreyish>punnetSkidooCantish</glucoseGreyish>
    </fluerBilimbiShaping>
    <unarmedSynochaCurua>
      <faggot>regaveAmpNursers</faggot>
      <junius sagsGalileo="leudes" padsUnplowSnores="gramsTomjon">
        <shona>smectisWhapukuLigator</shona>
      </junius>
      <heftUpbank>
        <wallowHapliteDorje>dues</wallowHapliteDorje>
      </heftUpbank>
      <osmiousBewigsActory waits="muladiPicary" galleonMutters="257336562">
        <puranicSetier>402</puranicSetier>
      </osmiousBewigsActory>
      <pavings girted="seggyFainThorp">
        <ruga>romeHarman</ruga>
      </pavings>
    </unarmedSynochaCurua>
  </poesisLessest>
  <hereoutGriddle rantoonOleins="claps5324" landlerOrientsCoalier="sindleRaphusNectria">
    <virlsVesting>
      <doubletWoodlot>seawan</doubletWoodlot>
      <aedilesTerbia rampierKerseysAgapai="persia">
        <ammuStarts>athymicJama</ammuStarts>
      </aedilesTerbia>
      <winklotSylphy cestrum="606443">
        <fligged>godheadAdactyl</fligged>
      </winklotSylphy>
      <ominaPellock>
        <galletCatkins>clingedGallachLatex</galletCatkins>
      </ominaPellock>
      <reagentCovinAroynts>
        <rallyeLowers>wheyey7337</rallyeLowers>
      </reagentCovinAroynts>
      <thiaminRepeatsUnfain ereptic="quirtedTahin">
        <throbsKenyte>cluckBoweled</throbsKenyte>
      </thiaminRepeatsUnfain>
      <hdkfBowlyHousy>
        <shunter>176005</shunter>
      </hdkfBowlyHousy>
    </virlsVesting>
  </hereoutGriddle>
  <jujitsuKeenaForwear>
    <cachrysCuissenBohor>
      <garbedGateman>tanegaReengeTweet</garbedGateman>
    </cachrysCuissenBohor>
    <sextoMacaucoProlog>
      <dhoniComers>5</dhoniComers>
      <eireIdletyUlnad wickers="missiveAlcesCleft">
        <adet>tray660</adet>
      </eireIdletyUlnad>
      <cliftHassarGift uzanDucape="affinalIntinePallors" eddoesScant="cliche">
        <values>assith4</values>
      </cliftHassarGift>
      <dimmetLynchetElect pillule="tuteesTroakAminize" fallwayHurtleTetryls="9212">
        <drailThetic>houdahsLance</drailThetic>
      </dimmetLynchetElect>
    </sextoMacaucoProlog>
    <lectern>
      <middenSimplumTopper>merelyPonceauHareems43</middenSimplumTopper>
      <likens oppugnsQurti="estevinChuhraRanches">
        <driesTaldJanice>694714</driesTaldJanice>
      </likens>
      <tingent>
        <shapesAuklets>riddledAddled9</shapesAuklets>
      </tingent>
    </lectern>
    <mooleys>
      <kittieShorl>whatnaRusting</kittieShorl>
    </mooleys>
    <milchy>
      <stiverSickenChit>rioterMisdietCroci</stiverSickenChit>
      <cokeney vacuefyOilmenHefts="osteomeLivers" waldorfFlocky="favi321">
        <unjointDabble>execsSinopic</unjointDabble>
      </cokeney>
      <pentad utrubi="azollaVases">
        <reastySexistsBunkie>7367</reastySexistsBunkie>
      </pentad>
      <psiaBerylsFlabra coldongPloceJoylet="leguaScalpra" broncShrews="mooniteDrinks30">
        <hipnessSubjeeStadie>nandinSpurred65</hipnessSubjeeStadie>
      </psiaBerylsFlabra>
      <speen seaside="69">
        <thornenScars>kniferDecadicBossing</thornenScars>
      </speen>
      <cofane gileno="4">
        <paroli>westyYcladMoonrat41</paroli>
      </cofane>
      <achen lockman="budgetsJerkierSlavian">
        <colunarDinnersDayboy>cimbri</colunarDinnersDayboy>
      </achen>
      <weakenSimas crileBan="toyfulGablockOmelet" roadDilated="airbagsChile503">
        <brownyPropterFlidder>yontRerollsGuaiac</brownyPropterFlidder>
      </weakenSimas>
      <undried earleRedouts="biskMauledGestapo97">
        <fathMesole>burtonAcnode</fathMesole>
      </undried>
    </milchy>
  </jujitsuKeenaForwear>
  <edaphicAvataraPoy>
    <shemAnthillVouches>
      <hackGraip>155810084</hackGraip>
      <bedamns kogaiReifier="overlapCaphtor5">
        <eloinFleyedSubiya>vowerCaftanHereto33</eloinFleyedSubiya>
      </bedamns>
      <uranousTuffing pungie="gagor" inachusWaves="tabiAmic">
        <tasselsBantusPhut>crainKwazoku1121</tasselsBantusPhut>
      </uranousTuffing>
      <sly goalers="reladen" duntedChipperBuffone="opedTammieTagalo3">
        <hackingYachan>milldamFlushes</hackingYachan>
      </sly>
    </shemAnthillVouches>
    <quahogsNiffers>
      <mucific>grangesPlumpsBonnier</mucific>
      <nascapi pilerImbredLambale="shalomSpirt">
        <mammeaMoguls>wryingPlasmas</mammeaMoguls>
      </nascapi>
      <bathed>
        <bolted>2829314</bolted>
      </bathed>
      <dasewe starky="aurigaLango9358" dovish="dupletTurnera">
        <unmewed>46840</unmewed>
      </dasewe>
      <berideDeducedFlyover chromedGelatia="subtile" scyphoiVivres="viably">
        <quailedWarkingHyalin>dennisTuring</quailedWarkingHyalin>
      </berideDeducedFlyover>
      <creolinSwapper>
        <saggarRusky>podatus</saggarRusky>
      </creolinSwapper>
      <teaboyExaltSees dazedlySoritesStail="acronymFenite" tonguedStaidEnse="endevilRandans">
        <bedwarf>euros</bedwarf>
      </teaboyExaltSees>
      <teared aflatusSkillZithers="planter">
        <paisaScathedWindsor>lapisGreking</paisaScathedWindsor>
      </teared>
      <spier peace="cocytusNef">
        <cermetShiel>unspot</cermetShiel>
      </spier>
      <shewersPotholeSkerry pyemiaResiledKalpaks="adoreSwabbleOtology">
        <temiak>29</temiak>
      </shewersPotholeSkerry>
    </quahogsNiffers>
    <browedTotaraTrav surmiseScutesSartish="skylook" scogganSita="flicksHalas">
      <naziRabbit>1171899</naziRabbit>
    </browedTotaraTrav>
    <founderScaryGanoine oxcartsSclimDairt="zymic551" foliosPodgeDiols="crumpedTandemTammie" oldenCarlingBridler="851528">
      <racedElderFelafel>avestan</racedElderFelafel>
      <kabab>
        <restep>tricon</restep>
      </kabab>
      <latsRummagyDoddery>
        <matresBiallyl>rayahsWhsle</matresBiallyl>
      </latsRummagyDoddery>
      <buncoLegis>
        <abantes>cleruchSta</abantes>
      </buncoLegis>
      <nervuleLantana suluanOzotype="capric">
        <axemanNilgais>thalli</axemanNilgais>
      </nervuleLantana>
      <parcookBollox belayPhloxes="soloing15" menkindRedye="hilumSpeltsSurrah">
        <fieldieHomagesTenoner>cirusesProart</fieldieHomagesTenoner>
      </parcookBollox>
      <eelwareBalza arglingFameXicaque="9567">
        <ush>mawmish52</ush>
      </eelwareBalza>
      <notoireSolanum colaneTriazinGeodesy="yakinUnalistBivane" iowansGaspingArion="footleThumped352">
        <thyselfGoniaJhuria>lionlyUme</thyselfGoniaJhuria>
      </notoireSolanum>
      <laylockJarbird yorLidia="78830" depsidClamped="332056">
        <suomiAbidiTragal>21089</suomiAbidiTragal>
      </laylockJarbird>
    </founderScaryGanoine>
  </edaphicAvataraPoy>
  <orgyiaSennits />
  <abduces hashtSquirk="rewidenOmbersNeurope" draconeJumelleUproar="becramAnepia" campoutCanopid="kulakExtbookGowlan2706" bharti="salonsRehire">
    <plaguesLoggerProsper>
      <mousleShindys>lavage</mousleShindys>
    </plaguesLoggerProsper>
    <jerseysEnatic cicalasGoopy="bactrisCoffeeHaustus" bulkinArrided="yeniseiBoleticBaxtone5738" kafirEverse="6343">
      <bichosBangles>barongUnrobed59</bichosBangles>
      <abulicDubheTiros briersParled="492971124" whetileLully="renkyWisshe">
        <wilful>7</wilful>
      </abulicDubheTiros>
      <wedeSipped>
        <arrant>clapper</arrant>
      </wedeSipped>
      <upstirsMeager mynahs="ciscoesCaecumPenal" julepsAldeaKuichua="74094">
        <agamisRawer>21</agamisRawer>
      </upstirsMeager>
      <piaculaMotte>
        <silkerCoateeSitu>waysideOmitisTow</silkerCoateeSitu>
      </piaculaMotte>
      <botargoSkymanSuecism fuegian="rikkRhodaCawl" agynicDead="parling">
        <pampaUfs>upthrewPottiesTinpot</pampaUfs>
      </botargoSkymanSuecism>
      <injuriaSamletsTelium abashedSiwanBallet="sheathSnacks44">
        <milkedReamerTournai>nearNatuary</milkedReamerTournai>
      </injuriaSamletsTelium>
    </jerseysEnatic>
    <submitsEpitaphPalmar becarveSeamen="zonicAbluentRupitic" outbookGayish="ombre">
      <morsalGreeted>semnaeWering38</morsalGreeted>
      <diquatBunionsTook>
        <ooziestCotesSornare>3682</ooziestCotesSornare>
      </diquatBunionsTook>
      <certifCoolish>
        <fedayee>decarch</fedayee>
      </certifCoolish>
    </submitsEpitaphPalmar>
    <hebenPechtBooming foulderRebrew="3" kiersObscene="crackup">
      <penesPlagaCanakin>sella</penesPlagaCanakin>
    </hebenPechtBooming>
    <cotypes collab="rats" lowanMammula="ovensNagaika">
      <figwortPrunusPyal>popularParsingRigsmal</figwortPrunusPyal>
      <umiacsGingalsUpdries milor="donnockNuagist905" fumetsTaking="cacajaoSkivies">
        <swill>howksVardaWart</swill>
      </umiacsGingalsUpdries>
      <dinkly>
        <tutenagTivyTowered>ketoleSulfite</tutenagTivyTowered>
      </dinkly>
      <koorhmnAtlantaDiarch mufflesLinoxynMizen="2248669">
        <sinjer>uvalhaRetimedMyrmica</sinjer>
      </koorhmnAtlantaDiarch>
      <usarAdjigaLysol decamps="5" unshipsPipped="hyppishMorish">
        <tanhSpoffy>moocher</tanhSpoffy>
      </usarAdjigaLysol>
      <wallopReplaitCoenla fuggierFulnessDrabby="zyryanSobber">
        <jingalUnrocky>marrons3325</jingalUnrocky>
      </wallopReplaitCoenla>
      <quidam irohaTurnwayPiepan="sooterBowelsFarinas">
        <catalosGebang>bieldLibs</catalosGebang>
      </quidam>
      <affaite bovids="untuck">
        <ostrea>tushieJacksonOvonics</ostrea>
      </affaite>
      <hieronSamson attackSzekler="buccateUncrib" clouts="limpidPaut">
        <senecas>distilsXeric</senecas>
      </hieronSamson>
      <tacsoDemistCharpie fuhrerEarths="globinsFiliety" killyEmpest="outmoveLuller">
        <slunkBombsFart>uzarinArmidaBayou</slunkBombsFart>
      </tacsoDemistCharpie>
    </cotypes>
    <thrailStema>
      <russiaFriskleGradual>mufti</russiaFriskleGradual>
      <hilloedPledgeeDaying>
        <update>agla</update>
      </hilloedPledgeeDaying>
      <nifeTathataZoeform>
        <puistNuggety>avertRegnal8187</puistNuggety>
      </nifeTathataZoeform>
    </thrailStema>
    <gliff>
      <cadgesLimiter>deskRecourTechily</cadgesLimiter>
      <pinking blocky="notaliaPinbone">
        <feuedCotinusCrith>ersesGrindle</feuedCotinusCrith>
      </pinking>
      <insunk exudateReseek="coveredThymene8088">
        <khatriTertial>75</khatriTertial>
      </insunk>
      <levyist>
        <fanciedKoinesSouari>came</fanciedKoinesSouari>
      </levyist>
      <modicumOspore tiver="erecterGarrot" steenthSpryly="shrewdIsolomaFural">
        <chekeStereom>molders</chekeStereom>
      </modicumOspore>
      <polyene>
        <saxonicAstroid>flongs319</saxonicAstroid>
      </polyene>
      <spancelArilliSquash>
        <tala>dolfSeiren</tala>
      </spancelArilliSquash>
      <danderLice>
        <incubeMartian>vamfont</incubeMartian>
      </danderLice>
    </gliff>
    <leaksSleepry>
      <geomBurro>nolleNodders</geomBurro>
      <hedersIntimal>
        <zyzzyvaGonapodJustly>hund</zyzzyvaGonapodJustly>
      </hedersIntimal>
      <mahraTollingAssured paellas="biassesMissary">
        <waesome>576</waesome>
      </mahraTollingAssured>
      <tatty>
        <perhapsEncratyFades>walkerVesuvinRetests</perhapsEncratyFades>
      </tatty>
      <resumeEnnageGirthed heartyUriah="dirgy" pentziaReaveSoiree="451">
        <piusTweezes>curtedGecked</piusTweezes>
      </resumeEnnageGirthed>
    </leaksSleepry>
    <cervineArguers khatriLimmata="dummiesPolaxis" signedDarac="microbeCusieBalei">
      <emmies>gtdKippingSizzles</emmies>
    </cervineArguers>
    <brechanSisel>
      <esterosSkeichMasarid>pork48</esterosSkeichMasarid>
      <couxio mainpinSecyLys="unmarry1960">
        <spieredGalanyMungy>89807</spieredGalanyMungy>
      </couxio>
      <untunes pleckPeelerReplead="recallDiskerZoogamy" faggotMeguilp="tensesJakos">
        <weldorBaffingCertose>332414</weldorBaffingCertose>
      </untunes>
      <lucarne>
        <kanchil>97417209</kanchil>
      </lucarne>
      <khalsahHowfingAventre planets="52699" urari="prepink">
        <volsci>oakwebTintieCasavas</volsci>
      </khalsahHowfingAventre>
      <ergatesPasquil ppb="inthral3921" brumesItherVicar="sniped">
        <becomes>decima</becomes>
      </ergatesPasquil>
      <mashesBekingGeejee>
        <nidder>16452395</nidder>
      </mashesBekingGeejee>
    </brechanSisel>
    <pararek goingsWisha="13">
      <tinaja>ute</tinaja>
    </pararek>
    <midgardMilted>
      <sistraRelets>agonizeTuring</sistraRelets>
    </midgardMilted>
    <inflateRumeDouane inlyingBetellLienor="69619" myomas="brow7434" roinishEyeless="osmatePlagued">
      <shabbyGaeSabicu>reposes</shabbyGaeSabicu>
    </inflateRumeDouane>
  </abduces>
</vaguest>