<?xml version="1.0"?>
<magi>
  <igloo firmityAtsaraEnflame="exudesUpbyKea">
    <sailourClitiaSabring>
      <uncloudUnfolds>8</uncloudUnfolds>
    </sailourClitiaSabring>
    <unfeltRotseOsselet>
      <passadeEelbob>hamitesGuran</passadeEelbob>
      <culbutKhutbahMuggers>
        <nidedOldland>26720613</nidedOldland>
      </culbutKhutbahMuggers>
      <jokeyBegums leechHarts="taenHalifaxForthgo49">
        <chousDiomate>eludeKurgan</chousDiomate>
      </jokeyBegums>
    </unfeltRotseOsselet>
    <ryotwar gravestIdlePrevost="6417" hagmall="listed" dodded="adenase">
      <vateriaWordy>scissil</vateriaWordy>
      <ausformHandset rogerMonades="mulmullCrank" maistryBerunScats="urfFlong">
        <michaelReconBawds>possie</michaelReconBawds>
      </ausformHandset>
      <dower softnerGangionFlemish="trooperLepteraRefine">
        <mogging>6929354</mogging>
      </dower>
      <diggerSilviaTossy nichael="staunBozalLaurels" manacleKefsPimping="arcadeSlothToady3">
        <roguingQuokkasSkiey>melsHenceCharter</roguingQuokkasSkiey>
      </diggerSilviaTossy>
      <dionaeaGaelsOctaves ruffBerk="399532">
        <forbareBeworryLeaped>kellockDonatedPanfil</forbareBeworryLeaped>
      </dionaeaGaelsOctaves>
      <fumeuseLinnetFaunish timerBarmenTsking="wurleyFustianDroll" aspringPoustie="estoile">
        <muntTilthChincof>playaCetiCoaches1200</muntTilthChincof>
      </fumeuseLinnetFaunish>
      <aboleteCacumen>
        <defenseSpillsEuonym>bateauAtule</defenseSpillsEuonym>
      </aboleteCacumen>
      <puermanGugu shiatsu="sennitsRestripSharker">
        <ownnessPaijama>kobirdEnwood</ownnessPaijama>
      </puermanGugu>
      <clown furores="mosesInstarNymphos">
        <tabagieArgotsGuidman>bari</tabagieArgotsGuidman>
      </clown>
    </ryotwar>
    <unsealNth oathed="slee">
      <outtrotCanallaSquare>2</outtrotCanallaSquare>
    </unsealNth>
    <korakan>
      <haftsSplurgyBougie>ingressSixmoJambee</haftsSplurgyBougie>
      <dolce peludoBangled="89552">
        <seemersQantar>19</seemersQantar>
      </dolce>
      <frowardRelose pullBaptist="obtusePlumist2016" abwattsLawnerRedefer="digestsCagnAlme95">
        <vizslaUnringGeta>82680</vizslaUnringGeta>
      </frowardRelose>
      <bilioEbonite>
        <evertorDraineSheets>contdStalingKankrej</evertorDraineSheets>
      </bilioEbonite>
      <scannerNondoPearl epactalLiefest="accurseGelosie">
        <guacho>mysostsTurkana</guacho>
      </scannerNondoPearl>
      <ciergeTendre>
        <anglishBricksScabble>56</anglishBricksScabble>
      </ciergeTendre>
      <bodying>
        <betting>warison2</betting>
      </bodying>
      <plightEjusdemAnaemia megrezDemeter="akinBoteinPoon">
        <biggety>1517285</biggety>
      </plightEjusdemAnaemia>
      <luther yoven="hoeOuttopFlunks" exogamyPanurgeJackrod="abbyTellers8690">
        <oilcamp>aspergeRingWronger</oilcamp>
      </luther>
      <bingle arling="pinklyUnlist" setousGliffsHanked="duffers">
        <kanga>sterinManhood</kanga>
      </bingle>
    </korakan>
  </igloo>
  <alexis quidditGlobule="unreadOstler3" louversDownedAsuang="1918" />
  <cancansSorgoMembers galutRacking="oecoid" amentalChoisyaSuction="modulet" waupOuze="121129" youpSandhya="bacileRichest" />
  <messingNebular />
  <crummer fettingChariot="seekersToniesCymas">
    <cadsBespeakUnriven>
      <rebeatSerape>agamiSided</rebeatSerape>
    </cadsBespeakUnriven>
    <charpieWeekdayRebreed>
      <duaneTilterSwarths>yawweed9667</duaneTilterSwarths>
      <bustoBaronDunnish>
        <guestedWeer>haffitTyranny</guestedWeer>
      </bustoBaronDunnish>
      <oniony>
        <usuals>jibbSchmearPajama</usuals>
      </oniony>
    </charpieWeekdayRebreed>
    <felted dirigeUnclesSock="78968320" breadenDhoorasTierer="robbingMuseist" drawersCarverKiblas="unpiled7">
      <bonanzaAdweschBurnout>hamaulAbortCorrel</bonanzaAdweschBurnout>
      <limuKeeners moulin="8984748">
        <tonjonCabasa>currierSctd6262</tonjonCabasa>
      </limuKeeners>
      <poods expoundSadite="7" kitlingAssyriaTabers="aboundSpa">
        <doyenWalling>filibeg</doyenWalling>
      </poods>
      <leavesTrifaMammees>
        <slavesBlowsedOxidant>warslesAxisesCrampy</slavesBlowsedOxidant>
      </leavesTrifaMammees>
    </felted>
    <cageotWilroneCrappie>
      <inspeakUpsteamStanes>garboil38</inspeakUpsteamStanes>
      <endotys yearthSeeker="deunamZanonia" intubeOvenmanTyking="guhrSpain">
        <fausantAscriptAhura>bardy53</fausantAscriptAhura>
      </endotys>
      <ironmenCultRewhelp culgeeVahini="51776" scotino="2896">
        <sidder>gynura</sidder>
      </ironmenCultRewhelp>
      <thermeFungalsEssenic tachiDaimon="98">
        <tarandCorries>2</tarandCorries>
      </thermeFungalsEssenic>
      <apiolinOtiose>
        <shippo>reaumurPifineYez2844</shippo>
      </apiolinOtiose>
      <skepAtmoPeglike detacheSubecho="synoeky" sectionSulfineOverran="chirmsPuffingAmiloun">
        <ferreanCohert>845851108</ferreanCohert>
      </skepAtmoPeglike>
      <roue>
        <toryess>cachuaCeltishBeady</toryess>
      </roue>
      <sherFated>
        <ecgoninAdown>iranism</ecgoninAdown>
      </sherFated>
    </cageotWilroneCrappie>
    <anger>
      <swizz>recedesBromals8572</swizz>
    </anger>
    <steelenOffs bravishSlushedVolow="700" waco="chunOverlip" thyrsus="ecarte">
      <honily>lazule</honily>
      <knubletLongbowPaba>
        <debtful>gauche</debtful>
      </knubletLongbowPaba>
      <alinotaMutsjeRakeful babineUnstop="duralHosedYeply6252">
        <hatteryDistyle>estateFrist3</hatteryDistyle>
      </alinotaMutsjeRakeful>
    </steelenOffs>
    <xenopusSlutter tillySiriusEmerges="woom" chokeJowterBakatan="exhumed">
      <estmarkIgneous>hypoedSofts</estmarkIgneous>
      <dualize>
        <caecumUrsidaeSeconde>senecioRoodles</caecumUrsidaeSeconde>
      </dualize>
      <stoicExceptBemadam oii="83">
        <unungunKoprino>259728355</unungunKoprino>
      </stoicExceptBemadam>
      <prepnAsorAlody snathePieman="cindy" hevea="ritusTonnageCudweed6841">
        <objetCheckyWooly>rewaxesKlnNoctule</objetCheckyWooly>
      </prepnAsorAlody>
      <tremexUnttrod>
        <caddyTorse>firebug1423</caddyTorse>
      </tremexUnttrod>
      <whizzesEnzymicHimati>
        <serosePinnasTara>kisra</serosePinnasTara>
      </whizzesEnzymicHimati>
    </xenopusSlutter>
    <jingoesSubpimp>
      <nep>cookery868</nep>
    </jingoesSubpimp>
    <utrechtCalmed>
      <oneyerSarcine>skawOffload</oneyerSarcine>
      <kercherSedgy enfiefShibarRuses="321065">
        <tickingFameuseGraal>sucksShowish</tickingFameuseGraal>
      </kercherSedgy>
      <vestureLugesDown evacueeSprengBand="odyls" bourkhaOse="araraMadlingDiscos">
        <witneyEdnaAker>wafters464</witneyEdnaAker>
      </vestureLugesDown>
      <saite glenSquark="8467228" bulkEthnalUnfaith="170">
        <jarlessBlartGregory>creasot</jarlessBlartGregory>
      </saite>
      <damperTumming tinamouAntiqRefixed="tangramPlugger">
        <retitleDaoPlumbed>ekron</retitleDaoPlumbed>
      </damperTumming>
      <chasseSlices hammingUnerectEroded="decMeddler">
        <rivagesHexarch>visards</rivagesHexarch>
      </chasseSlices>
      <fazingDojosHaptens unplan="shrogLusianPissing" vitalsPegShansa="laziedTebbetHumidly">
        <fungals>mogdad</fungals>
      </fazingDojosHaptens>
      <matteCalkerDudler>
        <yurtGlidersNougats>kvasWisenOopod</yurtGlidersNougats>
      </matteCalkerDudler>
      <bowssen aranga="funkierTroilusTatouay" aueto="espigleManxman">
        <clarinaDirkingButler>lutewayWeighin</clarinaDirkingButler>
      </bowssen>
      <vitryFonnish actaeonLogiumBehest="tinniTonkawa">
        <sprad>comdrOldness</sprad>
      </vitryFonnish>
    </utrechtCalmed>
    <ganyie>
      <stacksAbwatts>pannum</stacksAbwatts>
    </ganyie>
    <bimahsBoobilyBootle whiny="718">
      <hurkaruSniggerNudely>triform</hurkaruSniggerNudely>
    </bimahsBoobilyBootle>
    <anienteGalaxyCarrys journTonedLinaloa="hoagies" missals="77083243" bowpin="strouds">
      <cierzosPorcateBrevit>8169766</cierzosPorcateBrevit>
      <wacksWastery planerGuttler="50673269">
        <puppetsPegs>wunner</puppetsPegs>
      </wacksWastery>
    </anienteGalaxyCarrys>
  </crummer>
  <rusot gesithUrvaOutride="112987" baffEnhedgeAloetic="spivvy41" />
</magi>