<?xml version="1.0"?>
<almondyChetahs>
  <capuliSnakier clinal="tulaYawney" negoceFreyErasing="bugle" almaineCachaca="496" />
  <ostmenHulsite>
    <rander>
      <colons>muleyGabblesVermian3536</colons>
    </rander>
    <legreteBepuff hogling="actionsHigglesHanker">
      <salung>91244</salung>
      <waymanShrillsRapido effume="slurbFalsen">
        <halkahs>622454802</halkahs>
      </waymanShrillsRapido>
      <reverbClapChicest>
        <drubbleScarpedScarrer>8099922</drubbleScarpedScarrer>
      </reverbClapChicest>
      <reded lukelyCoholDipolar="410" contrib="sweltry">
        <sailyeNearly>2059645</sailyeNearly>
      </reded>
    </legreteBepuff>
    <karlBonzery>
      <lathierSlane>akontae</lathierSlane>
    </karlBonzery>
    <sundog>
      <ware>indabasUncloud</ware>
    </sundog>
    <cantinaCorialEche spender="refuterCidarisQuelite" hastishAbelianInwinds="churl">
      <hieland>pretiumOddOdacoid</hieland>
    </cantinaCorialEche>
    <seizor marlWadiSitars="compeerPomes55">
      <avantPetalon>chuting</avantPetalon>
    </seizor>
  </ostmenHulsite>
  <andasteScreetSuccess aigletsWoubit="wakikiBibles" street="5">
    <augustiAeridesDeigns>
      <itsy>8993</itsy>
      <navajoSixteen acronalGothic="doddart193">
        <hectic>haggle</hectic>
      </navajoSixteen>
      <gunlineWaymateZincum cattilyDaftar="ascyrumQuilled" taxesHowletEngs="hoult">
        <maidy>rishi</maidy>
      </gunlineWaymateZincum>
      <dumbed>
        <yeller>252629</yeller>
      </dumbed>
      <hassletBlintz>
        <fishierAmhran>voilierCompassRoundup201</fishierAmhran>
      </hassletBlintz>
      <lanius smoutCurls="cabezonWrabillVerging37" ladanumUlulant="degged">
        <halibutComalsDido>girsh</halibutComalsDido>
      </lanius>
      <shaktisSolidly>
        <cusso>poleyn</cusso>
      </shaktisSolidly>
      <dwaleSartainWarily>
        <vegeteReals>429</vegeteReals>
      </dwaleSartainWarily>
    </augustiAeridesDeigns>
    <squealTweezes>
      <koodoo>sumbulKirtle6</koodoo>
    </squealTweezes>
    <logy>
      <corey>64055</corey>
    </logy>
    <upbuoyBlarnySkids macuta="foundry">
      <tummy>firring</tummy>
    </upbuoyBlarnySkids>
    <benzin diurn="focusesAcanaTyroma">
      <lamblyRoquetsDaeva>inial55</lamblyRoquetsDaeva>
      <torvousCapa sylvasRetore="manfish20" urachusAgeism="tushery13">
        <ticchenHonk>testerPluto8159</ticchenHonk>
      </torvousCapa>
      <bangosViolate impedor="717">
        <swarthsDiverse>purree</swarthsDiverse>
      </bangosViolate>
      <decarch>
        <tabbisNaskhiNeter>89336</tabbisNaskhiNeter>
      </decarch>
      <zorgite hallo="parkedDuende">
        <momentoPanisk>rubicanGlover</momentoPanisk>
      </zorgite>
      <lovatGapedLimes bren="smuseJozy" tanbarkLaydownPhallus="36">
        <orpheum>palisDartled</orpheum>
      </lovatGapedLimes>
      <lassuConveneSurra scovyAwacsCivic="paulClique">
        <nubbierZygiteMiriest>thawing</nubbierZygiteMiriest>
      </lassuConveneSurra>
      <dotterRevisorYan>
        <hawerSheogue>4909266</hawerSheogue>
      </dotterRevisorYan>
      <halers phonies="bugbaneArgenolSullens1" hommage="rhexia">
        <borsSealer>veep</borsSealer>
      </halers>
    </benzin>
    <octoylChookLowered thrower="76432" milty="aubainEast">
      <harlingAfresh>71091</harlingAfresh>
    </octoylChookLowered>
    <melam>
      <wheal>adonist</wheal>
      <sammelWormierLooing>
        <yearned>djinClupeinHacek</yearned>
      </sammelWormierLooing>
      <areaway subduceAthenor="massyNewburgDarren">
        <limenGrecing>689</limenGrecing>
      </areaway>
      <mayacaBasil>
        <learsRappees>twierComdgAppends</learsRappees>
      </mayacaBasil>
      <sagaiPilloryLacoca mogueyCotuit="guild854" simurgParsCread="87828">
        <abyssaSpriest>914123557</abyssaSpriest>
      </sagaiPilloryLacoca>
      <volutesPkwySnit>
        <stlgChac>slittyWeevily</stlgChac>
      </volutesPkwySnit>
      <markisCombure offbeatSnumSandbox="vidduyCriantGrowler" deviseAcates="nidgetEtapeColdly">
        <apair>769</apair>
      </markisCombure>
      <bantoidYams grabs="90">
        <cainginCallWoke>polioDeflore</cainginCallWoke>
      </bantoidYams>
    </melam>
    <goglets bisporeCapsulaMalty="cloned" bannock="5">
      <eviteAmorosoCulvers>besetCrankly1</eviteAmorosoCulvers>
      <outlimbGuleSoddite>
        <upwindRilawaSheenie>undimlyFestersSamaras607</upwindRilawaSheenie>
      </outlimbGuleSoddite>
      <entrada>
        <tolylsPtereal>permiss</tolylsPtereal>
      </entrada>
    </goglets>
    <kichelMotif siouanDamson="depair">
      <beguileTrapped>44112</beguileTrapped>
    </kichelMotif>
  </andasteScreetSuccess>
  <sepgGobbeDryest />
  <givinCnicus smeekChucker="likest" triplumLancerHarding="aymaraWorthedMulier" uncake="752493" semirawSandpitWilted="bridalsDiddiesMate" />
  <dustbox enodate="escapeDump" philicPravity="studderTephras">
    <reavowsPiccage>
      <kaingin>waferer</kaingin>
      <tutelarJestPaulina hurlock="snazzy" glostsTurpeth="shools20">
        <baskedTreeman>grimedAleutic</baskedTreeman>
      </tutelarJestPaulina>
      <wise cassada="79744541">
        <shicksaDelightBlam>7592487</shicksaDelightBlam>
      </wise>
    </reavowsPiccage>
    <lagenErmit>
      <effusesDeyEffigy>caguiAlypinePingos20</effusesDeyEffigy>
    </lagenErmit>
    <liquory>
      <otariaSephenJetbead>cintreObiism</otariaSephenJetbead>
      <peartly hunchet="getfdAbdomen" lucigenTuscanyCroton="eucriteDukkhaJuntos">
        <baluga>basylElevato</baluga>
      </peartly>
      <angola frappes="975377563" palmier="venetiAladaLinseed">
        <calls>149606</calls>
      </angola>
      <robbingForsadoHunker kowbird="surveil" fatlikeFlaws="591527096">
        <sienna>dugoutsUnvalid</sienna>
      </robbingForsadoHunker>
    </liquory>
    <tungaRasslesDillue anthelaZocaloUnstrap="unmeedyErrs" plaice="spadeAlifeBing">
      <upgrowsCustardPua>porinaMiaouWomanly29</upgrowsCustardPua>
    </tungaRasslesDillue>
    <portendDestuffAbraxas nonnantChide="dings" miranhaArabesk="bepunKumari" guttledTartarsAsk="gooldeElixCyathos">
      <bawlerNival>porellaCarson</bawlerNival>
      <slurbanRelayed>
        <muscledFala>surg600</muscledFala>
      </slurbanRelayed>
      <shredBestad benameAtamansBeydom="nitoMoilerChancer">
        <spicedVicugnaMuter>ailingFolksBalder</spicedVicugnaMuter>
      </shredBestad>
      <eftsYardman wisha="575547494">
        <proseOglalaBatete>deedful</proseOglalaBatete>
      </eftsYardman>
      <sodGemlessSabik>
        <muchly>fibNucleic</muchly>
      </sodGemlessSabik>
      <butyrinUmbrina lithely="solymaSprew">
        <nodders>478</nodders>
      </butyrinUmbrina>
      <catwalkPasesCoulie dolesCarnac="leucinsPistole">
        <choaty>debtfulTomiaShrover</choaty>
      </catwalkPasesCoulie>
    </portendDestuffAbraxas>
    <upseize>
      <jarls>54844</jarls>
      <alkyls ganglia="auletaiAttalea81" geggeryMnium="3">
        <demeterHulled>ctoTivy</demeterHulled>
      </alkyls>
      <teapoysUppilesIsohel>
        <gaelicBauckiePsoae>pone</gaelicBauckiePsoae>
      </teapoysUppilesIsohel>
      <cornierCurverRamplor jct="987747622">
        <lapinsUnmade>alkoranBeothuk</lapinsUnmade>
      </cornierCurverRamplor>
      <gealCalumba poperyFourrag="heavensTarwoodThaws78" eroticFermiSpeave="sidder">
        <roovingVertusMegaerg>ursukBolesPercale</roovingVertusMegaerg>
      </gealCalumba>
      <paying>
        <moroccoBikersPardon>26015472</moroccoBikersPardon>
      </paying>
      <delugedDimples cullaBiters="rangey" kulangInowerBirk="94518">
        <trummel>librasExudes</trummel>
      </delugedDimples>
      <uspokenRepanelShirpit pyroticGreceCoryza="4499" undinesOurMyxemia="moca">
        <leckerSnowie>martinEboeNastily</leckerSnowie>
      </uspokenRepanelShirpit>
      <hiroFrigid cenote="wosbirdPawing" laxnessPlashet="phrColts37">
        <awaterBiomass>tainosSmeeky</awaterBiomass>
      </hiroFrigid>
      <headway fusula="wurleysKoorkaFishpot">
        <oakletLittlinBuran>pimelicSteenHydroid</oakletLittlinBuran>
      </headway>
    </upseize>
    <bluelegOakboySquelch gleekBarfs="pursiveSchepelRerises" hulky="haemonyWellsOutfed" handierSivan="misterm">
      <aristaLustick>okta</aristaLustick>
    </bluelegOakboySquelch>
  </dustbox>
  <sackedElopeAlberta cumuliGamierGroser="prosaicAcari1" lubesNephriaSyll="taumOogamy">
    <furiosaIndiana>
      <bonging>puntoutWinnard</bonging>
      <passenOcarina tartlet="3" cluff="2496">
        <boid>jgerSlorp</boid>
      </passenOcarina>
      <lopedGebangGrind oblong="yannam">
        <agorasLampers>memoryJawfallSmidgen4</agorasLampers>
      </lopedGebangGrind>
      <picolin kirsen="sentsDhootie" parisiaBeno="creedIndices">
        <descentRucky>tussahReburyUnoily2</descentRucky>
      </picolin>
      <kantelaOselleXeriff numble="13">
        <aface>kieffer</aface>
      </kantelaOselleXeriff>
      <dureDinting>
        <tercer>froeFetalFleeces</tercer>
      </dureDinting>
      <zooms>
        <swervedGoaTmesis>brogans63</swervedGoaTmesis>
      </zooms>
      <vixens misbusy="whoMowing7988">
        <dioxan>pigginWinkersRyke</dioxan>
      </vixens>
      <capellaCoho intrail="4632998" liliumSkunk="tetraCogonal">
        <thicker>revieKammeuMarques</thicker>
      </capellaCoho>
      <shegetzIhrams calyon="amselPiffle">
        <tipisFuguing>entrapVeenaScarab</tipisFuguing>
      </shegetzIhrams>
    </furiosaIndiana>
    <bedlessGuyChumble>
      <unhardBungee>dvaita</unhardBungee>
      <isobar niters="mannoseKildee">
        <belikeZoonsStrings>sibberKetimidUpsilon</belikeZoonsStrings>
      </isobar>
      <acnes alphornEluatedEthanim="836714">
        <unsunk>13</unsunk>
      </acnes>
      <arbela subgyriBijoux="40624170">
        <loxotic>moodsHurtedRelais</loxotic>
      </arbela>
    </bedlessGuyChumble>
    <cueca>
      <baisPuddlerSextary>porchesKevalinKid</baisPuddlerSextary>
      <mullasAeolicCerilla riddingEriaCaphite="zimbRangoon">
        <toteAunt>wedgeGaming</toteAunt>
      </mullasAeolicCerilla>
      <merlonsOverpayScouts>
        <jarmoDebar>powdersFatuismWhod</jarmoDebar>
      </merlonsOverpayScouts>
      <rasenRelinedGassers aedine="kophCoyer">
        <spadedLaertes>inlaut</spadedLaertes>
      </rasenRelinedGassers>
      <gnaeusDebitsCarped mussukTroakedSpaders="4565">
        <gargetyTrendelGanton>quetchBible</gargetyTrendelGanton>
      </gnaeusDebitsCarped>
    </cueca>
  </sackedElopeAlberta>
  <gingeliMosque seines="themesCrusilySpeaker5" alrightPeracidRabatos="benshRewallAmbits1963" />
  <laithe ashlerStalkedSsi="trixieBandidoAculei" earfulsRoadwayClagged="indefSoaked">
    <streyneStenchSpinets shakoes="sepiola" manhunt="5478" tikesSnogaPiewipe="sonshipBunny7184">
      <caicVolency>vriddhiNoticed4</caicVolency>
    </streyneStenchSpinets>
    <maisonGeltJosie>
      <galeeRosarioAvision>22806</galeeRosarioAvision>
    </maisonGeltJosie>
    <jatakaCattalo>
      <gibbet>beswarmRancho</gibbet>
      <misdidJuries>
        <bromesSpurges>pollen</bromesSpurges>
      </misdidJuries>
      <vivace maddishUranion="embers19">
        <bavian>ishimeAlgeticCommem</bavian>
      </vivace>
      <outbulk yowed="sparkle12" doldrumMudarUpped="unrun">
        <hoarily>bawledPaegelLambent4</hoarily>
      </outbulk>
      <corpse saturnRebates="hewnUtensilCleg3">
        <muspikeFennecs>caesarVanmostPastern</muspikeFennecs>
      </corpse>
      <parraMbuba>
        <mantlePitris>keach</mantlePitris>
      </parraMbuba>
      <pirrie ladedRaiment="matrice">
        <jimperMisrelyEnduro>449626</jimperMisrelyEnduro>
      </pirrie>
      <jubilesEquable>
        <trompeFluing>fiordedSenlac</trompeFluing>
      </jubilesEquable>
      <measledRamous erode="morindaDemitsAkmudar">
        <tankfulDeutonCyl>placageBatatasYeldrin</tankfulDeutonCyl>
      </measledRamous>
      <tortorBethel tongueySkyed="silkman" muckedOleronCuprous="vahineAboveKobold">
        <unfrost>trikerRepipe25</unfrost>
      </tortorBethel>
    </jatakaCattalo>
    <ironice jarsAnosmiaLink="chervilMauveComfit8597" harlotVines="chamise">
      <samps>ramaismEthal</samps>
      <repelBemuses kipe="32">
        <ornith>sprite</ornith>
      </repelBemuses>
      <ptaInsular cythera="aporose">
        <normanSplungeWrongly>pistYetaRosular369</normanSplungeWrongly>
      </ptaInsular>
      <jambartShawmsPodal>
        <pbxesDauded>gadinicMiaotzeWhumps</pbxesDauded>
      </jambartShawmsPodal>
      <yeoMalie hussiteFays="dairt">
        <abate>9839912</abate>
      </yeoMalie>
      <wherebyMusico fettledRepaveUpwinds="socagesBagroom" doabUnwebOverfee="lettrinGygesJagless">
        <potshotJokiestDumba>deciare</potshotJokiestDumba>
      </wherebyMusico>
      <waivingCinchaRetling adorantPreacid="gunnies">
        <pupilsBursch>32997167</pupilsBursch>
      </waivingCinchaRetling>
    </ironice>
    <oilcansRuff rillettGussiesCoker="anconeOutseamGenghis" byrniesKentishAnchors="152515621">
      <suricatZingani>dabbledKarateSuperb76</suricatZingani>
      <fady fogsBirlieTwa="4">
        <helicedReratedAmbles>940913</helicedReratedAmbles>
      </fady>
      <gainfulEftest lakedFlaps="coolung" dropout="tersestLager">
        <towser>flabel</towser>
      </gainfulEftest>
      <deixisOutpryAlruna ziramsBeltway="nibbleCronetSallowy">
        <themaButlingSnurl>wouldn</themaButlingSnurl>
      </deixisOutpryAlruna>
      <boring>
        <natrTouscheCreeps>distrPalfryBorzois</natrTouscheCreeps>
      </boring>
      <debel>
        <edificeCuritesMercify>chevreLeggin</edificeCuritesMercify>
      </debel>
      <abraser>
        <hasBaginda>521133425</hasBaginda>
      </abraser>
    </oilcansRuff>
    <waitGoteAzimuth>
      <varaBatsmanBrisk>fenchol</varaBatsmanBrisk>
      <ufo>
        <ennoicStyrene>camacaMezoSeskin</ennoicStyrene>
      </ufo>
      <ficoes>
        <jurists>mopped28</jurists>
      </ficoes>
      <illust parsecAssumer="callboy">
        <nephricLeftishFuran>smilingUnmastCaracal470</nephricLeftishFuran>
      </illust>
      <trogonsTipmostVac coolthDumkyCeps="pryersMadrono" looseSkedTilley="quinyl">
        <upspireUnroof>ragbagSeetherOpuscle</upspireUnroof>
      </trogonsTipmostVac>
      <flavonePreensEttarre pikakesBine="68517702" khvat="havenetIneri">
        <noticer>seawife</noticer>
      </flavonePreensEttarre>
      <twainOxid>
        <alularGlarilyRollock>cathaSubtly</alularGlarilyRollock>
      </twainOxid>
      <stirps saugerMilium="pautMajoredMaselin" totemsDentalsHamitic="eudoraKokilHecte1722">
        <footmenKoiNiata>jaggingFreebeeHalving</footmenKoiNiata>
      </stirps>
      <roomyCowfishTheedom adornoGyrinusHydnum="purreeAmyrol">
        <moonal>reccheUnbased</moonal>
      </roomyCowfishTheedom>
    </waitGoteAzimuth>
    <inopineRhizineThous>
      <nyanjaHatlike>squashs</nyanjaHatlike>
      <codonAphides>
        <spilerPanfulsJorums>489</spilerPanfulsJorums>
      </codonAphides>
      <bravado techieSaify="beatingPalealFracas">
        <cowererIsolomaWeal>chopins</cowererIsolomaWeal>
      </bravado>
      <ubangi graters="abramCausesRuntish" friseSigher="711413747">
        <bankmenNayaurDesume>1465380</bankmenNayaurDesume>
      </ubangi>
      <iambic>
        <yearful>tabella3</yearful>
      </iambic>
      <sinzerKhar flutyCoquetsEpimer="winer" adopteeRachis="crimineDionym">
        <ethylinIsnt>trulliBietle87</ethylinIsnt>
      </sinzerKhar>
      <repealCymbaloPannag redatesMahuaSvelter="seelilyPotiferHogsty8397">
        <siddhi>gateauxMisactsLugged</siddhi>
      </repealCymbaloPannag>
      <fiestasDecedeGeorgia youstirAhsan="life" feedReatus="hemmingCarotic845">
        <mealockDonnickWiny>qasida</mealockDonnickWiny>
      </fiestasDecedeGeorgia>
      <nota plumerFeigher="tumphyOncetta" namaShivooAngelo="blanch">
        <commies>willawaEaringsBuccal</commies>
      </nota>
      <illfareSatdMastaba bankYoi="warslerDurraAimable">
        <rasterRiver>jefeBroo556</rasterRiver>
      </illfareSatdMastaba>
    </inopineRhizineThous>
    <harmelGledy snasty="topoRecours1953">
      <gilourMaill>envaultGroused</gilourMaill>
    </harmelGledy>
  </laithe>
</almondyChetahs>