<?xml version="1.0"?>
<pukekaTressedCalaber>
  <ynambuLoppier gobletYabbieDigests="swillsAreawayEffet">
    <ferahanQuinetMurines>
      <slumped>364735355</slumped>
    </ferahanQuinetMurines>
    <hayeyRailmanPes defraysWeirds="capitan" hazel="6481" camionRetasteSkymen="sesames">
      <ridotto>skoptsyCosmos</ridotto>
      <entrep>
        <augusti>45196066</augusti>
      </entrep>
      <clinRogan hushfulSidebox="seriemaBurbark" writAdsum="522377">
        <lid>exedentZenithCetene</lid>
      </clinRogan>
      <mafioso musicsPilleryToru="bombersHubsFolate" flynessKukiBolar="quakesJesus72">
        <septumPulgadaBundu>esculicSennits8790</septumPulgadaBundu>
      </mafioso>
      <jagrata>
        <disbandSusuDienes>urticaLuxes</disbandSusuDienes>
      </jagrata>
    </hayeyRailmanPes>
    <shuff>
      <septier>sipple</septier>
      <foci bronchiBestore="variersAnalogyPlacet">
        <forkedSaucingMincio>spigotHantleThuja</forkedSaucingMincio>
      </foci>
      <hookersMohican>
        <kvasesSeginus>winesapBrimingRelicti</kvasesSeginus>
      </hookersMohican>
      <anguid>
        <menison>forbar</menison>
      </anguid>
      <nirls woolersShoves="arouseOlepy163">
        <martlet>ailedRoutingPyloric</martlet>
      </nirls>
      <lucky bedotMaids="41631" burgess="782851140">
        <sclaterWinsomeLombard>tattiesQuashy</sclaterWinsomeLombard>
      </lucky>
      <sacry quadric="depel" birlieAsidenDowress="dorsale">
        <assumptSiusi>requestMoonite</assumptSiusi>
      </sacry>
      <lepusTippierTwizzle jubate="monotic1">
        <courtbyKorahSensize>27021424</courtbyKorahSensize>
      </lepusTippierTwizzle>
      <floppyGarths nogginsKwazoku="pilageDormerNitres">
        <scuttySkibbetOolak>iberi96</scuttySkibbetOolak>
      </floppyGarths>
      <demihag>
        <eliasDissue>natronsGnus</eliasDissue>
      </demihag>
    </shuff>
    <sheelyLucres>
      <tufaShrutiAntdom>8</tufaShrutiAntdom>
      <thixle bespellMatted="griftedEmesBiblic">
        <trowthFrightyKodak>sandyxCoggle6</trowthFrightyKodak>
      </thixle>
      <paeonin reddlesEmmett="tapirsAmalgamEmerize" alesanConst="akashaEsseeLunaria">
        <yangtao>beglare</yangtao>
      </paeonin>
    </sheelyLucres>
    <casavasSerfsShives>
      <malati>disrankCogger2158</malati>
    </casavasSerfsShives>
  </ynambuLoppier>
  <complinDoughty dealtBilled="pieticUglifyQuartet" relictiHunder="roeOutran" towmast="7721393" hat="kirkingBoughsRewore">
    <misture>
      <impugn>30487</impugn>
      <anmia>
        <bridleBakundaChou>badmashSergiu</bridleBakundaChou>
      </anmia>
      <claymanMisteryUptie flutinaGalenasWilk="admiEnamorVans">
        <bumbassWaffled>toluylNullumNoyades6091</bumbassWaffled>
      </claymanMisteryUptie>
      <cathaVeldmanGansey essenceBlowgun="lustre" tarrify="tommingOutjumpAsoak">
        <ciliateZiamet>701664497</ciliateZiamet>
      </cathaVeldmanGansey>
      <raphesAgonies crony="chucksHarmonyDeriver" blissChunterDirt="93867">
        <popeyed>virgas9</popeyed>
      </raphesAgonies>
      <colmarNunc>
        <ridderAnuricHawsed>50</ridderAnuricHawsed>
      </colmarNunc>
      <englute loosest="stoatFiches29" albetadKebbyShelve="spurdogIjithad">
        <follesWigwamAbasia>phellum</follesWigwamAbasia>
      </englute>
      <mammonsNappierBoorga>
        <grutchSacralsKorait>42</grutchSacralsKorait>
      </mammonsNappierBoorga>
    </misture>
    <lairmenTzimmes>
      <unwrestHeighth>propel32</unwrestHeighth>
    </lairmenTzimmes>
    <thalami>
      <soxAisledBident>whauPintScapha9110</soxAisledBident>
      <romaneUnepic caudata="roosterDrinkySlung">
        <wheysSalivaSextus>73</wheysSalivaSextus>
      </romaneUnepic>
      <ghawaziBeylics contectSpeeceBalon="erectorGarrick8" herniaeAria="hausaPinuelaUpseek7738">
        <ailltMome>eardrumTiddlyXeronic6</ailltMome>
      </ghawaziBeylics>
      <apoious>
        <rouen>510</rouen>
      </apoious>
      <quatchBiohermCaaming marquee="592">
        <sentArctianUndeft>streenGremmySalpae</sentArctianUndeft>
      </quatchBiohermCaaming>
      <twitch misjoinKnownsUxorial="ravage" fincas="soaks889">
        <coastPuggree>syntanPhocineHale</coastPuggree>
      </twitch>
      <pacedAuantic enstampEvejar="13" gawceyFelloesKhat="quittorDigress">
        <scads>puluGrist</scads>
      </pacedAuantic>
    </thalami>
    <refeignMumpish>
      <zymurgy>quintMaltaJubbahs</zymurgy>
    </refeignMumpish>
    <smutchKnocks>
      <carpalsPadrona>alodiumBenzolLockrum</carpalsPadrona>
    </smutchKnocks>
    <puton>
      <cawlBettina>updragShalom</cawlBettina>
      <bhajanAdorno>
        <adoze>coparty54</adoze>
      </bhajanAdorno>
      <mussesYasna sealch="galanasDegermsBeparse" jotnianHidingsAlgae="tiddleSkiechSeis">
        <lunatedWadable>liggerCruster</lunatedWadable>
      </mussesYasna>
      <novemZoocystPalaka serumalBlendsPuget="344333008" glecomaJubardyFiliety="chronal">
        <gassy>persiaVersify872</gassy>
      </novemZoocystPalaka>
      <hippie tommerTaiyal="airish">
        <swagmen>baldribSpeck</swagmen>
      </hippie>
      <sheolsPinkest>
        <scrunch>strag</scrunch>
      </sheolsPinkest>
      <matokePouty handoffSchmeer="mikvehsUnheavyChoate" aralieExsurgeSwilkie="riatas">
        <sampan>kamePowsTeds</sampan>
      </matokePouty>
      <bebaronAerobeBoder yonicOyessesAerogen="745991" goonieEmpalesMahmudi="929515">
        <spears>aromataNotekin</spears>
      </bebaronAerobeBoder>
    </puton>
    <mackleChauriSextuor>
      <aphraRomykoSpoorn>verminy</aphraRomykoSpoorn>
      <deepingManitu>
        <noint>29776</noint>
      </deepingManitu>
      <azoles jaysMines="7" messierGualacaHorser="sailFeudingDebeige">
        <febrileAlcaic>simultyGaum</febrileAlcaic>
      </azoles>
      <altered>
        <illume>unkeyedNahane</illume>
      </altered>
      <rescrub>
        <bedpanCenotes>78</bedpanCenotes>
      </rescrub>
      <grecingQtr>
        <gigeriaSerowJoyant>78</gigeriaSerowJoyant>
      </grecingQtr>
      <sorrilyCorbeilVamping puttyZamang="giddilyPointy" tawingDecanol="feijoaCodicil">
        <aveugleStinksNum>contraSetsClimber</aveugleStinksNum>
      </sorrilyCorbeilVamping>
      <keyways faitourNovenasBeebee="288225">
        <noddi>albion</noddi>
      </keyways>
    </mackleChauriSextuor>
    <unwagedModalClaxon brayers="dowels" epeesCerago="loedPoteen" durziFaq="calking">
      <poncaClowder>67845382</poncaClowder>
    </unwagedModalClaxon>
    <ungirdProfaneLocule>
      <samoryCoofs>hippiaToniteChowing</samoryCoofs>
      <orcineGiustDumdums pensionSalsola="5663665">
        <amara>saltie</amara>
      </orcineGiustDumdums>
      <promove bield="baizes">
        <sculpedNaleOes>utuRamaite</sculpedNaleOes>
      </promove>
      <shoughXenyl jestersBirlesIrenic="83">
        <hymns>tenpinsPanmugTapes</hymns>
      </shoughXenyl>
    </ungirdProfaneLocule>
    <wittolSorgheOtyak fakeerEmersonLuxes="gulleryEnd">
      <phymata>diamideOilierVishnu</phymata>
      <humpyGaskinsGamash>
        <sstorDelphin>eustaceTristGrails</sstorDelphin>
      </humpyGaskinsGamash>
      <voodooLungie suistPahari="tatarTranvia">
        <coacheeAphyricFleche>nautherGeneatBlens</coacheeAphyricFleche>
      </voodooLungie>
      <spicksThiolic rillowPrecept="620">
        <molalaStrumas>9</molalaStrumas>
      </spicksThiolic>
      <mornayBacilliScawd sangh="meatmenLenesImpasse" mousing="fetwaSetTzontle">
        <snoops>55695</snoops>
      </mornayBacilliScawd>
      <decided jaygeesAlody="sambursCeratin">
        <biotope>swackenMariouWrought</biotope>
      </decided>
      <anorchiCaysBarons>
        <opaleyeLairdSibbens>sesutoExhumerCompos</opaleyeLairdSibbens>
      </anorchiCaysBarons>
      <scollopSmokily budgeVestasYobbos="acuerdoMemoire2" hadithsRennase="urogramBrides69">
        <midland>dahlinGrape</midland>
      </scollopSmokily>
      <ursoidBorylAddy damaged="bolledAcrite" mowch="toys9">
        <ashpitTaipoGinkgo>farmoutJeep</ashpitTaipoGinkgo>
      </ursoidBorylAddy>
      <stobNatl>
        <godlierMurthyWaky>clumps</godlierMurthyWaky>
      </stobNatl>
    </wittolSorgheOtyak>
    <runners escuage="citrine" cormusFoxskin="665">
      <hamularAffixal>odiousJaupedChukars</hamularAffixal>
    </runners>
    <thinksCymriteStech sective="wrensMonimiaCladode" pukuReadd="thwacks" bootedMizpahRome="whoosis43">
      <elegitPioneer>1</elegitPioneer>
      <asquare recanesAmyclas="cadie">
        <ducalOutwallOutwing>pulajanKickupsShuba</ducalOutwallOutwing>
      </asquare>
      <lucyGimlets gruffedSoily="lauds">
        <frereTrucing>excitorRooving</frereTrucing>
      </lucyGimlets>
      <waiveryCedaredKibbutz>
        <pyocyteObarni>frontalStook</pyocyteObarni>
      </waiveryCedaredKibbutz>
      <carrell phemieBawtieReimage="40" doodabPiannetTriceps="seaworn">
        <cschCombindPlenity>monadicTurnups3</cschCombindPlenity>
      </carrell>
    </thinksCymriteStech>
  </complinDoughty>
</pukekaTressedCalaber>