<?xml version="1.0"?>
<snuggerKiltersSperma>
  <kerogenOunds radding="viesConandSalem" manjack="68" striverUncoopOpp="973870" kitchenOmaguaJulidae="airify">
    <whupCavallyAutoput>
      <betracePleon>janua225</betracePleon>
      <chaLoftierDawed nave="dekares" viscid="soller">
        <enspell>shawls</enspell>
      </chaLoftierDawed>
      <feudalFunds>
        <dontRagusye>977660455</dontRagusye>
      </feudalFunds>
      <noncockWriedNasaump>
        <popalSergioNudnik>67436037</popalSergioNudnik>
      </noncockWriedNasaump>
    </whupCavallyAutoput>
    <minchah dograPledgor="quackySculkerSlabs" semifyRosineAliunde="elrage">
      <latsSiliqua>infern</latsSiliqua>
      <pyladesFrapler lither="hableOshacNapless7812" flanked="umiacksCarlesNanking">
        <apodanKloofs>retledMashed</apodanKloofs>
      </pyladesFrapler>
      <autoingCharcia triumph="sassierHabitat">
        <sabella>tollmanRamneek</sabella>
      </autoingCharcia>
      <bombicAlloysHaleday bundistWheeler="arsheenAnguriaCibory" sepgAgarwalMasaris="2955935">
        <scobs>417</scobs>
      </bombicAlloysHaleday>
      <samStewartRivage ungulaeEthel="gharriReffeltFlowe" endmost="7556">
        <wedeled>reparelMoliere</wedeled>
      </samStewartRivage>
      <unhandsLimbaGalluot torulin="doblon">
        <kelvinEsprits>brahmi</kelvinEsprits>
      </unhandsLimbaGalluot>
    </minchah>
    <warison>
      <secparVolyer>parolSyllogeOrectic</secparVolyer>
    </warison>
    <revivesChookie wendJawrope="legreteLousier">
      <scaddleOutled>fuguist</scaddleOutled>
    </revivesChookie>
    <whenasHominal>
      <gunshopOdell>crimeOnefold9</gunshopOdell>
      <yohimbiBedbugsWallop withoutSapsago="giveth9" petite="larkySerment">
        <bauk>urosis</bauk>
      </yohimbiBedbugsWallop>
      <uncharmAvourEagles marsh="7265249">
        <zealfulPlayers>charkedAkmudar</zealfulPlayers>
      </uncharmAvourEagles>
    </whenasHominal>
  </kerogenOunds>
</snuggerKiltersSperma>