<?xml version="1.0"?>
<chit>
  <dynamicTymbalDerner eleanor="banaba" arbitre="772243791" />
  <teeteeAsquat faienceWhoopsCervus="obadiahPogy" />
  <apnoeaCyc first="923985" biriArtizeNudger="quoting" weesheeScisselFaisan="hydraulFasciae" drouthGlidder="enukkiOtterBandy">
    <maedCaulkerBasils>
      <ergon>151242</ergon>
      <sprigsSturnusHutuktu>
        <salinaInfos>tabaccoBiggy</salinaInfos>
      </sprigsSturnusHutuktu>
      <eschar>
        <sodyPinwale>534221</sodyPinwale>
      </eschar>
    </maedCaulkerBasils>
    <yinstMasdeuHailing>
      <concion>41</concion>
      <rupiaAspredoPreachy lepSeljukJimpest="amadanInsinew789" carpoolRegiltLogged="eidersJihads">
        <eugeInsteps>76715</eugeInsteps>
      </rupiaAspredoPreachy>
      <rest legroomKommosHaddin="4182187">
        <leveful>613893622</leveful>
      </rest>
      <fuckingScotia muffetSmoked="thankee824">
        <avoidedApache>brinjal</avoidedApache>
      </fuckingScotia>
      <harvestFoliaryTypees rampickGoggledKrait="4512">
        <adrenchPdqFipple>godiva</adrenchPdqFipple>
      </harvestFoliaryTypees>
      <ngweeThriftsAndrea balanteEncamps="kyats" inchain="darby">
        <readmitHognutNeglig>306667941</readmitHognutNeglig>
      </ngweeThriftsAndrea>
      <bashawsAfarsBelfast>
        <tyg>buruchaRecur</tyg>
      </bashawsAfarsBelfast>
      <fortinAslopeCrimine roadbedLamany="foxfire">
        <mastics>aumailForchesWadies</mastics>
      </fortinAslopeCrimine>
    </yinstMasdeuHailing>
    <diets argema="7460" uphaleCello="helenCajou9155" thwartsSnathes="kiwaiGarigueRinse">
      <makutu>meneSublateLourie</makutu>
      <emittedNannieDumpled hipshotAethers="okayingHalmsIrish">
        <tresche>rwd29</tresche>
      </emittedNannieDumpled>
      <sill>
        <engladTizwin>serviusTaihoaAriels3622</engladTizwin>
      </sill>
      <shakers>
        <physiol>portendPedBarouni</physiol>
      </shakers>
      <boidEadi soignComedyGromil="jinxingArabianCholee">
        <chymicSemesDebauch>blunnenHippiaScenary</chymicSemesDebauch>
      </boidEadi>
      <lootSitrep>
        <bernieYob>softensMelasmaKittar29</bernieYob>
      </lootSitrep>
      <goyimSamisenCratons mishnahCajanusBirred="repour66" koranMoochaWagged="agaoWoosterSerule">
        <prajnaIrregClarini>drailedEpizoal</prajnaIrregClarini>
      </goyimSamisenCratons>
      <azilutUnclipMetabit avengerBrushTabued="yorkistChelaeGraphis" karen="82089">
        <gamedIracundBact>kedgyVoyagedInjust3630</gamedIracundBact>
      </azilutUnclipMetabit>
      <hattersPedee>
        <omphacyClasp>917</omphacyClasp>
      </hattersPedee>
      <lowderRoomingBlist codrus="uprushCukeVocally" lenosPachonsPruigo="liaisesTombe">
        <slatierZoarite>venery</slatierZoarite>
      </lowderRoomingBlist>
    </diets>
    <billie sluggerTreget="immote" hemmel="60">
      <aliterLogicsNucleal>15</aliterLogicsNucleal>
    </billie>
    <raspierUntrigBrewery skives="4736916" augererFifthly="shedmanLanternOutlove2951" otkonPearten="gobby">
      <hert>boatelsBasting9272</hert>
    </raspierUntrigBrewery>
    <glime cahootEvector="alaeDuomosOlibene" scape="lookyTaivertReburst" hirplesTamber="175258954">
      <nearPommeStephe>wiltsRennaseDhurry3</nearPommeStephe>
      <uraliPurlRearm submitsCanham="cutsCosse17">
        <knave>1112</knave>
      </uraliPurlRearm>
      <zaparoMiscook batinoScenaBopper="hopbind">
        <svelteFortify>5682915</svelteFortify>
      </zaparoMiscook>
    </glime>
  </apnoeaCyc>
  <tronTow senorsRoutine="joggersEnsuite" libels="verby85" topmost="822637672" />
  <sedumsPovertyCreeshy swagUseful="explees" slumberAnomies="drools" dotlessFarhand="sendal">
    <toluFrugged claresRoomedCissus="strainsNiveau7944" gweduckShooterAlhena="kakarFlavorySkiting">
      <diswarn>abluteVictim</diswarn>
    </toluFrugged>
    <immask>
      <lucreWarling>spladCraals</lucreWarling>
    </immask>
    <indolsDoeglicGhost secableHordeumVerts="udish">
      <dermDearth>prayful</dermDearth>
      <developBoronia>
        <nudnickVectorSaktism>kyoto</nudnickVectorSaktism>
      </developBoronia>
      <robinsAlevinsGar>
        <kosherBarkerMudflow>rone</kosherBarkerMudflow>
      </robinsAlevinsGar>
      <jarvyBerhyme siroc="yeasts" dewfallLouversCarya="coolenAndirin7">
        <clupienCousinSwabbed>polandSlavsQuoiter437</clupienCousinSwabbed>
      </jarvyBerhyme>
      <luciteYoteGimbri bludgerOttomanAaru="bribed" spotBasosPoudrin="simmon">
        <twinlyHairpin>ondyChippy</twinlyHairpin>
      </luciteYoteGimbri>
      <wray mahatmaLucked="piperFinalsAtretic">
        <demarksAyuyuFetlow>pithful</demarksAyuyuFetlow>
      </wray>
      <coneletGaily>
        <roarsAgnizesFikh>suppos</roarsAgnizesFikh>
      </coneletGaily>
      <rimbaseChedarDonee>
        <nutriaGeistVioler>uncored</nutriaGeistVioler>
      </rimbaseChedarDonee>
      <dobbersCrazedLocules>
        <comida>1</comida>
      </dobbersCrazedLocules>
      <naukrarBaratte opalIncorpBotony="clyZambia">
        <muting>prunus</muting>
      </naukrarBaratte>
    </indolsDoeglicGhost>
  </sedumsPovertyCreeshy>
  <ileus pian="20" korariLinalylAryan="unavianRechainCraizey" icariaStippleGuised="gingham" />
  <iodalAdminDieter sererNetops="glassieCooriesGuarea497" densify="waniestFlogs" potato="370329" />
</chit>