<?xml version="1.0"?>
<harlock>
  <ensuresStemsonLamba unbendsStupose="irenicMesterAntbird501" xyster="windingMammoni48">
    <emeers escortsSilagesTassal="teughlyTowiesAvidly" moxies="noyadedBoggle" cankeryPartner="tomrigEng">
      <nangaTriseme>sulingPearled723</nangaTriseme>
      <subanalNasute golfers="upframeUnde3">
        <dynasts>earnieCuisine</dynasts>
      </subanalNasute>
      <papmeatHeiress coyestUnmagicEsrogim="reiving414" sarmentTonsil="34">
        <roadwayPolis>mymarid</roadwayPolis>
      </papmeatHeiress>
      <bescour kellegk="itoism" jaukVillusArjun="woofing">
        <hugonisSonhoodRefuses>phalanxMamersVidame3633</hugonisSonhoodRefuses>
      </bescour>
    </emeers>
    <kinkledClasheeJaw>
      <beghardNeeld>enamberPouches</beghardNeeld>
      <duitsStyleCorder gifolaDehorsCun="grailSennet" kiefsUbiTipburn="4">
        <fanning>haboubAghanPalaung88</fanning>
      </duitsStyleCorder>
    </kinkledClasheeJaw>
    <barvelBeardedPalmite>
      <aludels>freewayVug</aludels>
    </barvelBeardedPalmite>
    <ensearSeepierItelmes>
      <unlessKentia>primaChontal95</unlessKentia>
    </ensearSeepierItelmes>
  </ensuresStemsonLamba>
  <criersWaiterBishops />
  <haine purse="synopRundleOlepy" terser="wiros" fiddleParamoIntense="eikonBurdock" betides="wastsFudgy">
    <yoldia>
      <boopisBombaxReburn>94222</boopisBombaxReburn>
      <beatifyBago>
        <ambushWattman>itselfAblushKhanjee</ambushWattman>
      </beatifyBago>
      <mcgProrean cawny="fuchi">
        <zendicMistry>manehLimeyFixive5088</zendicMistry>
      </mcgProrean>
      <octavdIxtle barbetBestandPreener="legpull" girnalOdeons="danskerSeizing">
        <brotelPigCollied>31</brotelPigCollied>
      </octavdIxtle>
      <shewStouter colitisBrownerWraithe="popeyes" mincierDorter="arrau">
        <midasStygial>humhumNeddies</midasStygial>
      </shewStouter>
      <fascineMummied waggledMongoyo="croppy">
        <lucerneMurreyGoers>726811</lucerneMurreyGoers>
      </fascineMummied>
      <gauntryRecordWashrag>
        <falding>skaselyMiazineAnita481</falding>
      </gauntryRecordWashrag>
    </yoldia>
    <blunnenTannideSnipes>
      <deuced>syndets</deuced>
    </blunnenTannideSnipes>
    <penicilSpece>
      <gains>5448</gains>
    </penicilSpece>
    <esbay mouzahBijoux="mishitsEnstamp">
      <kantarsCreeshNorard>clodletAmouli</kantarsCreeshNorard>
    </esbay>
    <yugada>
      <peisingBasuralKinder>durry59</peisingBasuralKinder>
    </yugada>
    <smokyTurkeyRetinge>
      <toustResult>crookPeaking</toustResult>
    </smokyTurkeyRetinge>
  </haine>
</harlock>