<?xml version="1.0"?>
<cancWombPopeyed>
  <cajoledRomykoPlumete dybbukCajou="swabberTellus">
    <heroicDerobeRests flunkedTrowelsTubby="draine" khaya="opinersCatgut">
      <patnessBordman>barbera</patnessBordman>
      <bilkedBraceryClamer>
        <mariet>recond</mariet>
      </bilkedBraceryClamer>
    </heroicDerobeRests>
    <upatticTrashipBalk alosa="bedroll" marciteMobleFustics="cindyAllicinCoarse" upsuckBilayerFatales="trapanHorral7299">
      <proagon>4</proagon>
      <enhalo unqueenFellaniRillett="bagsfulJegInkman" angeredDaurDopper="499020">
        <koolauTuskerLeste>sunsuitDollie405</koolauTuskerLeste>
      </enhalo>
      <egrettaBlissom>
        <chanceyChgWen>wamfleVintem</chanceyChgWen>
      </egrettaBlissom>
      <adeste doxieOfter="jobble">
        <pasteup>floor</pasteup>
      </adeste>
      <unovert boswellPiannetAcreman="forweanSuretteTropeic4">
        <embraceVenieParoecy>pinnaeBellic</embraceVenieParoecy>
      </unovert>
    </upatticTrashipBalk>
    <elleAker inwalls="annieLimas" pendingRooming="iwberry" rehoistLoathInstr="hagglerDouceCypraea">
      <ungrand>35576811</ungrand>
      <ruelle patcherBestsFinises="5193">
        <snakey>mercyTreaty</snakey>
      </ruelle>
      <bewakeTiraz>
        <sundar>jawlikeConquer</sundar>
      </bewakeTiraz>
      <koraTorahsSimious sneakedCivicalVavs="glubDungierPithily">
        <warrand>outhueTopfull</warrand>
      </koraTorahsSimious>
      <upoLensSchedar wungeeHaybird="79" dryableSussex="6401251">
        <korhmn>cunetteSmeuth</korhmn>
      </upoLensSchedar>
      <isthmus carrSchmeer="sadhesKhirka">
        <dutcherCrustedLill>seatedDibber</dutcherCrustedLill>
      </isthmus>
    </elleAker>
    <lambingMusard spinnerRadulaRaze="panoche">
      <hantingMahzorsSnapy>4524</hantingMahzorsSnapy>
    </lambingMusard>
    <unitionRammedGlanced lunyQuadrelNursing="tavellWarbiteLobuli">
      <mayan>fliggerPopperAzotate</mayan>
      <wambubaRampionFol surdAllboneLoco="timoPanisc">
        <iconsStarchGlucide>ably</iconsStarchGlucide>
      </wambubaRampionFol>
      <bink hooveySteamsSlutter="agonizeHectare" slatyQuoin="beckett">
        <tahrSaccoonShaming>98366</tahrSaccoonShaming>
      </bink>
    </unitionRammedGlanced>
    <volley brinersNonfatUtah="barbletForerib" snecked="demiramMilletsRevenge">
      <ketiminGreasedWastine>3410217</ketiminGreasedWastine>
    </volley>
    <swimyStager barlowsFashing="cyclerWaddle" maddenPrimarBooted="agletTophous6564" lauans="dismarkPygmoid">
      <sullowCutcher>idiotry5</sullowCutcher>
      <ticulJalurRustic cuffMotilesRongeur="leprineHwt" expectHopingTaupes="eelierFrockSamara">
        <rettore>7</rettore>
      </ticulJalurRustic>
      <liquefyMungo>
        <wokSosie>irs</wokSosie>
      </liquefyMungo>
      <moory>
        <outfaceEgyptViseing>42393970</outfaceEgyptViseing>
      </moory>
      <scrimpyTaluses>
        <cloueeDolcinoTurncap>lubra</cloueeDolcinoTurncap>
      </scrimpyTaluses>
      <earl entries="253" wrayful="ploceTriage">
        <durbar>snigged630</durbar>
      </earl>
      <flidgeClinty teneralAcrita="motif" humean="yevenDured">
        <obey>perperaNucelliHaboob</obey>
      </flidgeClinty>
    </swimyStager>
    <kayoesInroll>
      <wither>97402364</wither>
    </kayoesInroll>
    <rakuEulalia scruntHasn="23641144" zocaloGlisAlloys="organy4072">
      <pissantBaluchiPricing>11</pissantBaluchiPricing>
    </rakuEulalia>
    <jaranaCanopy>
      <rowteRhombosWittily>67326268</rowteRhombosWittily>
    </jaranaCanopy>
    <mesillaSocmanJellica baconyNielsenBarrera="3990526" bridalBoxwood="1731146" bolelia="foppingLucia">
      <wamefouPiff>kylikecMetalerTilapia</wamefouPiff>
    </mesillaSocmanJellica>
  </cajoledRomykoPlumete>
  <nielsenLappet weirdo="cetoniaOpened" flintySinhsAzilut="75111" dory="douche" />
  <isurusPortail sprose="unwraps">
    <proode>
      <martelJocoqueGlassin>maintMispens</martelJocoqueGlassin>
    </proode>
    <amhranAncileNoctua>
      <welcherIncasSarcel>loomSycite</welcherIncasSarcel>
    </amhranAncileNoctua>
    <lyttasItea onoBiglyCorn="infumeScoldedGerate">
      <murein>cosetsSineScantly</murein>
      <tenaimForwarn>
        <purred>armuresUrostea71</purred>
      </tenaimForwarn>
    </lyttasItea>
    <cumhalNovels gowpenBuntine="359603567">
      <friggerTowner>sewers</friggerTowner>
    </cumhalNovels>
    <jeuColmose>
      <acceptBurnieHusked>ooscopy</acceptBurnieHusked>
      <sexuousTubbal pecosDias="oastMorpionUnion" poverty="apium">
        <planked>merismWabbled85</planked>
      </sexuousTubbal>
      <laudsSneapedBedrug beeleSafiNostoc="entrezZoonite">
        <shrupsTeet>934718508</shrupsTeet>
      </laudsSneapedBedrug>
      <marmGlommedProdder spongesReshine="peakedKiby">
        <cowpoke>fittingSooter</cowpoke>
      </marmGlommedProdder>
      <jowelSapaYwca>
        <gros>860241</gros>
      </jowelSapaYwca>
      <grams untoughIdlebyVowels="110" thewEtheriaVodun="craniolFaceted">
        <nascapiSkinfulCornus>turnkey15</nascapiSkinfulCornus>
      </grams>
      <rakeeSeedierPegged gnabble="823598379" enactorSmalto="cambogePlaceLuwian">
        <dolorsKeymanQuiapo>bitt</dolorsKeymanQuiapo>
      </rakeeSeedierPegged>
      <helloTelesmBigae aranga="suredFey">
        <idolous>47</idolous>
      </helloTelesmBigae>
    </jeuColmose>
    <beverGerardCarabin>
      <picolinSavorlyPitchi>limpsyOviductMalitia</picolinSavorlyPitchi>
      <cruddleCrozingSizz monachi="decreetNovHaust">
        <amiaGardnapPuss>curse</amiaGardnapPuss>
      </cruddleCrozingSizz>
      <aladdin auneSkatistKikar="wobblyOnaMarilla">
        <carf>churroEighthCahoots</carf>
      </aladdin>
      <apacheSwoonedLeaper ceciliaSelleNerita="arousal">
        <colcineTarau>evovaeInvidiaCradge</colcineTarau>
      </apacheSwoonedLeaper>
    </beverGerardCarabin>
  </isurusPortail>
</cancWombPopeyed>