<?xml version="1.0"?>
<disbindKitesUnhands>
  <stealyToquets davitsElsa="upshotsCushie" />
  <hirstieShallyCantic mojosFoamersGurjun="arming" nursleGriotOoglea="danteBurst" sandbur="visonAlces" huntedWarluck="tailfan723">
    <disobeyAtma>
      <climataPropel>495499767</climataPropel>
    </disobeyAtma>
    <shivooBuddhic>
      <secern>809825425</secern>
    </shivooBuddhic>
    <teledus>
      <tapeatsBraingeChaus>stowpDepleteRemetal</tapeatsBraingeChaus>
    </teledus>
    <alcovedLigatedRerope rumbled="9393">
      <sewsSwinney>sumpsTardoTotora</sewsSwinney>
      <slavey>
        <wearied>recederPennameDieties</wearied>
      </slavey>
      <modiliFeat drupelMuons="capital">
        <tantrumDrubberDaisee>leysingOxetonePynot</tantrumDrubberDaisee>
      </modiliFeat>
      <tabeticKimZeuxian>
        <bulger>410775</bulger>
      </tabeticKimZeuxian>
      <guslaDumGallic druxy="daises">
        <woolyBulAstron>whiteysRamseyForego</woolyBulAstron>
      </guslaDumGallic>
      <godlike heroifyKellion="842" iacchosBesmell="warworn">
        <ozoned>earnestEarlsSacela</ozoned>
      </godlike>
      <splats ninthly="cackle112" journeyAcoma="ulexComtes">
        <chesounShroffs>88814085</chesounShroffs>
      </splats>
      <pupilGentyDedit smitingStorerGhawazi="avaniaUngamy">
        <oaklingTrophicAeronef>cheeros</oaklingTrophicAeronef>
      </pupilGentyDedit>
      <wirableZoogeny miltySodas="minted">
        <halpaceZibet>balloenAngkhak</halpaceZibet>
      </wirableZoogeny>
    </alcovedLigatedRerope>
    <harpier motHelotDeviler="gipsiesCobossOutdid" laurQuibus="guillem">
      <lectualInsteadPyocele>9</lectualInsteadPyocele>
      <camasesDinaric>
        <oileryCassenaWonnot>deric</oileryCassenaWonnot>
      </camasesDinaric>
      <mammin>
        <siros>agnosySoledBenched</siros>
      </mammin>
      <costive>
        <blackie>digit</blackie>
      </costive>
      <didna>
        <sanghs>spumousGalleta</sanghs>
      </didna>
      <arkabSondageSibs violsPlisses="courtbyReport" presoldNotan="enchairAnseresBecuna">
        <deboistPaleog>3</deboistPaleog>
      </arkabSondageSibs>
      <anezeh sleekedLawsone="hydropsElfwifeAmylate" geodesOstrya="672">
        <nacrousDinkies>sordiniStaled</nacrousDinkies>
      </anezeh>
      <schavs embossIndoleFranker="feeded" bushpig="guavaBrahui">
        <yaruraPsaltryOxamic>svarajRahdar</yaruraPsaltryOxamic>
      </schavs>
    </harpier>
    <aconiteIdolaMommy sporoidJollyer="798" chimps="2" togaedYaourt="98994656">
      <plankyBorago>equalRailing</plankyBorago>
    </aconiteIdolaMommy>
    <godetiaWarningAthink>
      <sourerNeroli>ferfelCaryotaMistold</sourerNeroli>
      <ganzieCajaput nockerlChuddar="grahamsGuitars" plenity="bogum">
        <rufousDiddies>jibstayZaniest</rufousDiddies>
      </ganzieCajaput>
      <idorgan apellesStreakyKoruna="smudger">
        <wilga>9467</wilga>
      </idorgan>
    </godetiaWarningAthink>
    <leyBlucherFascism>
      <twaddlyAlmiraBaring>unslow</twaddlyAlmiraBaring>
      <oopodPylonsIrous>
        <finishTeetanDaemon>cogwoodBulimusMethods</finishTeetanDaemon>
      </oopodPylonsIrous>
      <anions lawksPreed="airtTechiesInone64" nettingMyogenMarlier="357188">
        <eyresCampaneLolled>angryBeliing</eyresCampaneLolled>
      </anions>
      <langretTrowthPapal>
        <gleeful>braky</gleeful>
      </langretTrowthPapal>
    </leyBlucherFascism>
    <simoom plainlyGaderGoad="sodditeAchuasCracket" earldomInviteeZymes="cyan">
      <incurs>balan</incurs>
    </simoom>
    <parbateAidmenCogman>
      <decnetPuzzledEgoizer>coelomLectual</decnetPuzzledEgoizer>
      <mansMegbote erses="gowdnieCamlets">
        <justinMisbusyHoverer>acubensDungasMusers</justinMisbusyHoverer>
      </mansMegbote>
      <hele>
        <sneakedInfileEmbosk>embalmsMoped</sneakedInfileEmbosk>
      </hele>
      <attalidEgadLegions rillockWhimsicAdverbs="zymosanWorry">
        <cassheGyppoAurated>ogonium</cassheGyppoAurated>
      </attalidEgadLegions>
    </parbateAidmenCogman>
  </hirstieShallyCantic>
  <seisers laminaPomsterSari="jinkingFoeless">
    <subet>
      <boba>dioticFitched</boba>
      <tulipyPatagonWunner sulphoHeinie="agyieusWooledAlleyed">
        <nausity>grivnaDadasGuesten</nausity>
      </tulipyPatagonWunner>
      <sorbedAziola>
        <albataPorkishGalany>shadfly</albataPorkishGalany>
      </sorbedAziola>
      <barbasDikageBlames>
        <wartier>tylotus</wartier>
      </barbasDikageBlames>
      <dentexWhities>
        <asemInvar>cagnBalant</asemInvar>
      </dentexWhities>
      <montana kompowTriaticAbrupt="biontic">
        <adeps>547163</adeps>
      </montana>
      <donny>
        <chequerZingariMouly>cynicsMalitiaFirefly</chequerZingariMouly>
      </donny>
    </subet>
    <esth diedralDefail="15172" tientoGloried="lutesKinkyToning5" scadsMoistlyAsbolan="retimeDeed">
      <tegmine>entreGhettos</tegmine>
    </esth>
    <walpapi>
      <skeezixBrawlerElixirs>dewretPikers</skeezixBrawlerElixirs>
      <occupy schemeHouss="gusty">
        <khatinSparsim>2382</khatinSparsim>
      </occupy>
      <carroll>
        <lowlandZamorinPuri>atingle</lowlandZamorinPuri>
      </carroll>
      <oleousSetbackGavages>
        <yarkeWinrace>planulaDihalo</yarkeWinrace>
      </oleousSetbackGavages>
      <gaz waggersCove="pasteGussied" lupeol="filmerSepioidFuchi">
        <subwarWhuther>dib</subwarWhuther>
      </gaz>
      <mask chopProdsJinks="trek2">
        <pukkaBocci>sidyCondoSlakier</pukkaBocci>
      </mask>
    </walpapi>
    <hydeQuark organs="5">
      <signet>wlatful75</signet>
    </hydeQuark>
  </seisers>
  <bluetop mummeryArchilsDorey="corrode">
    <dirdumWishing>
      <capperEuriteTended>cottonsPria</capperEuriteTended>
      <juftsJogsKernel ketalHersheyMatra="showyLockpinFrivol">
        <lyrurus>51384</lyrurus>
      </juftsJogsKernel>
      <rerakeDivasByssoid>
        <trawlsJerib>flisky</trawlsJerib>
      </rerakeDivasByssoid>
      <camasYaguaza drouthy="cahoot">
        <eagledDieses>3051</eagledDieses>
      </camasYaguaza>
      <slidersProkeCourlan>
        <spouses>cynismDumasImpost</spouses>
      </slidersProkeCourlan>
      <sebasic wrongedCongeonImbute="yarranAcumble" doodia="isocolaBonedry">
        <kasturaBaleare>juglone6</kasturaBaleare>
      </sebasic>
    </dirdumWishing>
    <knessetBeearnWenlock diving="271">
      <illumeSignateDrosser>regentKantars713</illumeSignateDrosser>
    </knessetBeearnWenlock>
    <oreweed>
      <flemer>257575</flemer>
    </oreweed>
    <arbustFervorOwsen wournil="joubarb" towagesEyeboltPatch="bylaw" aconine="thyiadHoblikeWarray">
      <aah>pacayaTanzySerting6399</aah>
      <hurlpitImidesBallade>
        <tautsJudex>poseCalcifyPackage</tautsJudex>
      </hurlpitImidesBallade>
      <torousDisorbOutbray>
        <paludal>matchetRabbiCunila</paludal>
      </torousDisorbOutbray>
      <sagesseArcesLaminae rappel="atmans">
        <menhirsSmoggyOghuz>nonform</menhirsSmoggyOghuz>
      </sagesseArcesLaminae>
      <vughsVarvel>
        <gruntMirak>sebificStocksBrokery</gruntMirak>
      </vughsVarvel>
      <prewhipRepDrumble whimsey="teianSortingCreates" varusFurans="aradSols">
        <snakilyAnobing>unkidMangonaAlberta</snakilyAnobing>
      </prewhipRepDrumble>
      <cliveExactor jackingBebedTensure="hynd">
        <lofterAmeiva>sharplyNicoticGlary</lofterAmeiva>
      </cliveExactor>
      <porks>
        <nonjuryTropins>obliqueMirzasSune3952</nonjuryTropins>
      </porks>
    </arbustFervorOwsen>
    <scawFloozyRudesby>
      <sambal>grimilyRear</sambal>
      <tonkawaPelonSoe>
        <glis>5125717</glis>
      </tonkawaPelonSoe>
    </scawFloozyRudesby>
    <haughtySowersSlashes>
      <puistGogoUpspear>lemuel</puistGogoUpspear>
    </haughtySowersSlashes>
    <wolfer>
      <tandan>709</tandan>
    </wolfer>
    <logoutTirr>
      <zenaidaCausalImbarge>8744</zenaidaCausalImbarge>
    </logoutTirr>
    <massaTommiesLaus tawseHydroneAlya="shoddenWahinesFurify" cilium="semidryClatsop">
      <ginwardPortifyWinevat>adsorb</ginwardPortifyWinevat>
      <harpies gurgingDispondLads="3" peckierIsopyreViolino="yizkorBogardTaxus">
        <diskery>rudistaOutrun</diskery>
      </harpies>
      <planetaWhereas>
        <spumoni>surgedBillerGorsier</spumoni>
      </planetaWhereas>
      <sahliteIschiacPhrased immaskPruntAlerts="jarbirdPusgut" khakied="boxcarsSapwoodDilluer">
        <criniteBorscht>dadCowroidFussock</criniteBorscht>
      </sahliteIschiacPhrased>
    </massaTommiesLaus>
    <coaitaPon behindEntasisTwofer="198259">
      <bonairKhakham>uphaspPutidLitoral</bonairKhakham>
      <muddenLatentWacks crottal="flocoonCheater" maxima="lirellaRetheEssency">
        <faunch>abraum5</faunch>
      </muddenLatentWacks>
      <unhoop faltersScalarSmelled="profile" bhutanZeroethApiose="6614">
        <vouchedUnurn>chessomMaimers</vouchedUnurn>
      </unhoop>
      <awlessAinsell sievingRearmed="retwist3" jestfulHeroine="kragMoolvi67">
        <anneals>39532</anneals>
      </awlessAinsell>
      <congaTowhees>
        <mimmed>ladiesAmicronSlinky4096</mimmed>
      </congaTowhees>
      <camaronCrozedGilgai>
        <hittite>eardrumUranicDaitya</hittite>
      </camaronCrozedGilgai>
      <dayingHartly crickeSoss="othello" chesset="287136793">
        <voiceHamuleAtlases>fuzzingMilldamDabs7787</voiceHamuleAtlases>
      </dayingHartly>
      <blackitCro holed="26118521" routes="2281778">
        <whiffed>ripalAmouret</whiffed>
      </blackitCro>
      <kainynAgeneSwooper>
        <nix>pallasForma</nix>
      </kainynAgeneSwooper>
    </coaitaPon>
    <iodo>
      <crookYeniseiTecuna>sheeElysium</crookYeniseiTecuna>
    </iodo>
    <coverAddn>
      <purviewOxtails>dearlyElemiDehwar</purviewOxtails>
      <scriniaCholers lobsterOctavos="4" agalmaConeine="citBanchi860">
        <chaganMock>lassesCozzes</chaganMock>
      </scriniaCholers>
      <sunsuitNebackTivoli resmeltEmbedAralie="assary">
        <cleadedFlakageOwenism>pranktAmuletBigam</cleadedFlakageOwenism>
      </sunsuitNebackTivoli>
    </coverAddn>
    <cootieMuted>
      <spuddleAsarin>conidae</spuddleAsarin>
    </cootieMuted>
    <vittaEldin basenjiPrawnedTracker="spotted">
      <ozanNighingJacker>blaySuccous</ozanNighingJacker>
      <spak>
        <walkieBegemArzan>822</walkieBegemArzan>
      </spak>
      <cattailGnomide fibberGeonomaGlob="excudit">
        <turpsCloths>poyouAtopicSmeek</turpsCloths>
      </cattailGnomide>
      <emetics rammingSyndet="copprasStopes">
        <cimicesKhella>clawk</cimicesKhella>
      </emetics>
      <clovene>
        <sardarTamer>vulcanTuyers332</sardarTamer>
      </clovene>
      <feigned rekey="cosin" subfuscAnunderPagedom="fascesChelloViron">
        <incased>jeanyFeezedNowaday</incased>
      </feigned>
      <cantuta gamePorkoltObelial="deairNan3375" gangeMeller="refSolums8">
        <antdomMauvineHeadful>leef</antdomMauvineHeadful>
      </cantuta>
    </vittaEldin>
  </bluetop>
  <glutchUchee>
    <ephapse curatic="warehouPadigeMegrez">
      <cummin>tenorsSmeerBindlet</cummin>
      <shunner>
        <winna>merestEssene</winna>
      </shunner>
      <lessonsChaped>
        <aziola>wartier362</aziola>
      </lessonsChaped>
      <unfill waylays="oxidVaranidSerose">
        <wizardIllbred>lanes686</wizardIllbred>
      </unfill>
      <ucheeSeres>
        <tangent>tanking7</tangent>
      </ucheeSeres>
      <acouasm assamar="spumoseAhumOtocyst" cadlockJazzilyAikane="6">
        <dowdilyUpriverTardo>jaguars</dowdilyUpriverTardo>
      </acouasm>
      <sunkets door="214">
        <eledoneHegemonEyas>bewendCarpetsMachine</eledoneHegemonEyas>
      </sunkets>
      <hollasIliaRabot enlifeExactaComism="336955" whortle="208623213">
        <cabullaTherebyMarital>yeastKomatiFatal</cabullaTherebyMarital>
      </hollasIliaRabot>
      <lagenAmylateWerf>
        <aminaseAtaxia>pontine</aminaseAtaxia>
      </lagenAmylateWerf>
    </ephapse>
  </glutchUchee>
  <cousinyBargir bifoil="6092" amex="chudicBodock" croakCredosGoldeye="olm" bingeeAxmakerHowfs="beewareDormRipe">
    <kalong>
      <enterer>heugh</enterer>
    </kalong>
    <faceteSeedman>
      <hansardPpd>sturk</hansardPpd>
    </faceteSeedman>
    <squawlRetted hashiya="jiggleWoolly">
      <dolineBrowsGenetta>2893062</dolineBrowsGenetta>
    </squawlRetted>
    <crewingWeskitsWannest lixivia="algasWackily">
      <leepBursas>ensaint</leepBursas>
    </crewingWeskitsWannest>
  </cousinyBargir>
  <remsAlhenna />
</disbindKitesUnhands>