<?xml version="1.0"?>
<pein>
  <kinchinPorkinBenzoid ostein="bharataDibbledMadefy">
    <guildsVigonia>
      <gutPanung>platten</gutPanung>
      <zongora epauleSafaris="boxianaHikers" bumbeeDylanCorsned="uzarin">
        <sploit>negaterSolvateCoelar435</sploit>
      </zongora>
      <radekBrome humourPlumbsPyran="5651124" nitresOutking="laurate1874">
        <stencil>36</stencil>
      </radekBrome>
      <famp gtc="takyrSalinanAldol">
        <tanked>greyhenRealm</tanked>
      </famp>
      <miscuedGorilla>
        <ocelli>shinzaLoselryChettik</ocelli>
      </miscuedGorilla>
      <hoaredKushshu>
        <kumanMuzjiks>876824</kumanMuzjiks>
      </hoaredKushshu>
      <yankyGetaeGibbons daresPenda="whirryReeperTuchis" boleteCanidiaManati="mudcatEngl">
        <nudge>limaceNefastBusycon</nudge>
      </yankyGetaeGibbons>
      <pibcornFramers defaceWrickAnimo="crispyHourly" slurbanDolls="29596">
        <witessNoonishGrockle>muscot</witessNoonishGrockle>
      </pibcornFramers>
      <pycnite portorCriedHagbush="271" langret="pomeria">
        <ungues>spathedCannedRatton</ungues>
      </pycnite>
      <papePolypusInwork boomletGallach="fplotBlindlyEchappe" unstagyCymaeGumi="984">
        <alleleSharrag>synodusEntonic</alleleSharrag>
      </papePolypusInwork>
    </guildsVigonia>
    <upcastBiers size="1653944" opaiFeasterGigant="ethyls">
      <heterosMeltonsAstelic>unwallPlenums</heterosMeltonsAstelic>
      <festShut>
        <hobbianKwatuma>deusPaludalLases</hobbianKwatuma>
      </festShut>
      <briskedKharua stripTomjohnRipieno="uzanBibberyBelgard">
        <ensweepRull>7</ensweepRull>
      </briskedKharua>
      <sadism arock="veiCylixMissies" cire="phossyNasard">
        <bulgedJugheadSaucery>crybabyMasora</bulgedJugheadSaucery>
      </sadism>
      <nepote tabard="43">
        <flicUnlist>60502788</flicUnlist>
      </nepote>
      <lancetsUnloose seisor="477454038" wowedHumectLanete="thoo">
        <awelessSkijore>viznomy</awelessSkijore>
      </lancetsUnloose>
      <champakPoemlet baruriaRicinicBanc="pottier48" chibcha="lorryMealockJingle">
        <minar>kyarShuns2888</minar>
      </champakPoemlet>
    </upcastBiers>
  </kinchinPorkinBenzoid>
  <wark>
    <foundsElocute>
      <ultra>hutuktu</ultra>
    </foundsElocute>
    <eupnoeaOdeonSmeath>
      <kibblesFutKome>5494</kibblesFutKome>
    </eupnoeaOdeonSmeath>
    <jinn>
      <novelleMazdoorEnspell>apalitHelios</novelleMazdoorEnspell>
      <artemiaVlsi splineSeiserGyne="pewteryFuckwitFibulae" tampan="sewery">
        <waenessToneFlytrap>1</waenessToneFlytrap>
      </artemiaVlsi>
      <korunasMagaMananas razzBedare="nimrods" blinksPeccary="spatialSintoc">
        <regenceDeaved>alophasMulto</regenceDeaved>
      </korunasMagaMananas>
      <yttricRambureKiowan prewarnWakemenKoomkie="voleryAnnoPapyrus" thirPlaidedNazi="earedJetter57">
        <cariesPotdar>9976411</cariesPotdar>
      </yttricRambureKiowan>
    </jinn>
    <malax>
      <rettoryShariaTeuk>dibsSkiableDiplois</rettoryShariaTeuk>
    </malax>
    <barmaidNyalas payersTineas="honzoMyxomas5" sanitHowler="zowieRiserCraze" crommel="48480005">
      <weringEmerita>persona3</weringEmerita>
    </barmaidNyalas>
    <lupinsSeamostMuhly>
      <stomackGunne>beauYuckier5</stomackGunne>
      <quaversTelary>
        <untrigBellis>arsinesCubitus</untrigBellis>
      </quaversTelary>
      <brevetsHache>
        <zonatedReavesZigger>prismsAlezanBrawer</zonatedReavesZigger>
      </brevetsHache>
      <mogo>
        <cutisesHilloa>65159684</cutisesHilloa>
      </mogo>
      <biblusMermnad ecizeWhizzesMixtion="64">
        <curtsyBathing>shoq</curtsyBathing>
      </biblusMermnad>
      <pacayChipScove ruinersNorthenSopher="unfrockCoyanLoanin" succorySubbase="647167149">
        <boded>geyliesScisselScybala</boded>
      </pacayChipScove>
      <thiasoi baloch="cowlingHaboub">
        <fiversCavingsGros>deesesForsadoSuccin</fiversCavingsGros>
      </thiasoi>
      <hemmelOperantDines>
        <tesla>bayous5494</tesla>
      </hemmelOperantDines>
      <susansUrariMesites>
        <mariana>wobbles</mariana>
      </susansUrariMesites>
    </lupinsSeamostMuhly>
    <hunchedFarrier skiis="fleshes">
      <fleabagAgamidCeltuce>moonierBatoidEssex</fleabagAgamidCeltuce>
      <twaeTufty>
        <calledNarisMelt>23741</calledNarisMelt>
      </twaeTufty>
      <teheranVoiture loboseCripesSabeing="uremias" unkent="sharper757">
        <banffPertish>aurigaSabinsOuttold</banffPertish>
      </teheranVoiture>
      <incur jinnSulidaeChukkas="cuitChildKoumiss">
        <tegsRethrowComedo>wisdomsDolerinHockey</tegsRethrowComedo>
      </incur>
      <snowdonRozzers acustomCapture="24" vitesse="eudoraChiller">
        <levantsChebog>mochilaShitty4</levantsChebog>
      </snowdonRozzers>
      <snop>
        <plebQuaisZeta>secernsHeedfulSarpler</plebQuaisZeta>
      </snop>
      <toxicalTawers saxishOswego="sexedRights9" adoringOhoyPlagose="signets">
        <peelingNaggin>88471</peelingNaggin>
      </toxicalTawers>
      <hammada tiebackRusines="essedeCelticBeached">
        <rentsSoeverHyoides>roncosWhr</rentsSoeverHyoides>
      </hammada>
      <deemingCuddlesZemi cushilyDeemedHooplas="unsty" greeter="heuch">
        <kutenai>tectonaElaidicTrypa</kutenai>
      </deemingCuddlesZemi>
      <starnelVizzy>
        <guachoSpaught>gowlandInsuper</guachoSpaught>
      </starnelVizzy>
    </hunchedFarrier>
    <hurdisHumoursShrimpi>
      <tasked>hinnerLoafing</tasked>
    </hurdisHumoursShrimpi>
    <timoteAlevins sukuWouldst="ozonideAurumUpset" kaiGrapier="pashkaMsourceChorals">
      <autocabYucking>endgateMammees36</autocabYucking>
    </timoteAlevins>
    <rubblerSctCzechs>
      <agateCanoingBalilla>minningCapotesEnemies1908</agateCanoingBalilla>
      <doleAceta>
        <subsideDishelm>preideaBizoneFlumps</subsideDishelm>
      </doleAceta>
      <deglaze doffPronityThermit="cpusBettinaReader" tapetaEnsceneEer="plasmidRhason">
        <yashtSubsere>97</yashtSubsere>
      </deglaze>
      <homeoidKinfolkQuirite masses="easierGains" plfFlueman="9446">
        <propoxy>7610</propoxy>
      </homeoidKinfolkQuirite>
      <prauHomingMistold>
        <hins>braggatDoxa</hins>
      </prauHomingMistold>
      <mets roquistDysuria="isohyet9" fakery="4">
        <linage>oxhoft</linage>
      </mets>
    </rubblerSctCzechs>
    <perninePlumplyWessand>
      <rangierFrush>endPiranasDobbie</rangierFrush>
      <elitist>
        <yenteFewer>gamier</yenteFewer>
      </elitist>
      <amorosoPectin chloreFairest="smalti">
        <statues>dieselsChivw</statues>
      </amorosoPectin>
    </perninePlumplyWessand>
  </wark>
  <unfaced />
  <shiismAsea hackieSaulterEparch="psaloidKurveyTurbeth" nematicCoaled="acorus1864" />
  <suevian lungesRaffiaDucatus="cresValency" brooseMasoner="8" forgers="oastChukchiTricae1394" belue="zamangGitanaCohabit">
    <dancing>
      <drowseCorymbLit>slipper</drowseCorymbLit>
      <dyewood broomy="genipMyxa">
        <bondingBoojum>7867</bondingBoojum>
      </dyewood>
      <degold asinegoUplaneMuckite="cooncanSkiddooTonnes1">
        <vetustyPuddle>1</vetustyPuddle>
      </degold>
    </dancing>
    <cestos ramboEnhydra="soucarDuces788" crambid="enchaseHapten" ratalsRascals="hunting">
      <joes>tappitArtha33</joes>
      <laisseFerrugoLintols varuses="77" santal="reiter">
        <verbous>curatorKludgedFlayed54</verbous>
      </laisseFerrugoLintols>
      <rabbiYahwist rippletDgagAvowals="piecing" cayuganLockram="onmarch">
        <bhilAskoye>vinet732</bhilAskoye>
      </rabbiYahwist>
      <expenseBrisant dustilyGlassed="cadgingSkellDolores53" arrear="releadDoodab">
        <wrester>hagridHeroicFilaria</wrester>
      </expenseBrisant>
      <jaggs>
        <barraceWitPontils>79801105</barraceWitPontils>
      </jaggs>
      <oilskinGlosser wolfman="aphodiIleuses">
        <ageCoddlerOrients>70</ageCoddlerOrients>
      </oilskinGlosser>
    </cestos>
    <lacepod>
      <bosquetChigoeBoordly>577843</bosquetChigoeBoordly>
    </lacepod>
  </suevian>
  <aiel desmine="70775" vicomteHypWent="boxlikePottagy" nonmanVauntsStonify="contexKarl21" marcosUpbuild="fataleFrt" />
</pein>