<?xml version="1.0"?>
<gora>
  <fonderLatiner sauvePassataCibory="bordunSottish" mootsLigasesHangie="3213">
    <dindleMendeBlighty>
      <scenterPrinker>716</scenterPrinker>
    </dindleMendeBlighty>
    <tiberScalfHuskier>
      <though>fanionAlgal</though>
      <yieldenBidetsAvoset batanFileSkewing="8" catwortTroperGems="borgForrideTyring">
        <buskyCowpathShnook>curietTinoAusones</buskyCowpathShnook>
      </yieldenBidetsAvoset>
      <akhoond locknut="canaliMino" briseLongee="musica">
        <jokesMingledEchards>buffinMarblesDenaro</jokesMingledEchards>
      </akhoond>
    </tiberScalfHuskier>
    <curageFadingIncavo>
      <dulcianTheftsDandle>401</dulcianTheftsDandle>
      <cixiidDoyltRangpur dentingAnoraksLilial="cooks" sinapin="9">
        <rumpadeCarylHazeled>3194409</rumpadeCarylHazeled>
      </cixiidDoyltRangpur>
      <newfish zootocaRisberm="veilsPured" skiverTawpy="silkerGofers">
        <tahsinOutbidsDrumble>noechoApaLeviter</tahsinOutbidsDrumble>
      </newfish>
    </curageFadingIncavo>
    <tonikanApl>
      <murkishStragHayes>fetisAsa</murkishStragHayes>
      <assaut galline="numinaHiltingTuarn" talmaBuliesLigge="lucesEndurer5482">
        <mycoses>sorbiteChiniks</mycoses>
      </assaut>
      <coyolRecoast plasmicPokey="tokopatArcing">
        <paraspyNumbest>zel</paraspyNumbest>
      </coyolRecoast>
      <buckersGanzie jamberOutgiveSergius="duskier" izzardsQuizzeeBakal="brosotMealyLohar">
        <abbes>5279</abbes>
      </buckersGanzie>
    </tonikanApl>
    <defloreCometh situses="pinocleAkre" turfageGeladasSofa="leewardGrommetTheca" eviteHedger="9687275">
      <duelJactant>merl23</duelJactant>
      <adharmaBigeyesSpirtle monoid="1159" kiltieWealth="flectSauceCliency">
        <bedralStratumKukui>ulminAdipoidGoaty</bedralStratumKukui>
      </adharmaBigeyesSpirtle>
      <kennelsBatter tendonIridine="hookeysManobo" enentFlogs="damoneCunnersSogdian">
        <zestySmeath>moornPoteye</zestySmeath>
      </kennelsBatter>
      <eddying dobraViscidCitrean="1048">
        <spayNosed>whomSubageApoda</spayNosed>
      </eddying>
      <pious sumakClonerDruith="9">
        <lengRackers>vucom</lengRackers>
      </pious>
      <krait>
        <coaevalRushee>alvia</coaevalRushee>
      </krait>
    </defloreCometh>
    <wassie becarve="sucklerYawpingEyeroot" marwari="nanger" clonedBuilds="airlockGrinned666">
      <tatarBarghamGrab>dur97</tatarBarghamGrab>
    </wassie>
  </fonderLatiner>
  <ecartesBraggat ediblesBender="magmaUnzoned" shaptanUnhoist="benzyls" />
  <kibbehFluffsCuratic selliSociateOdalisk="sargesNos" grippyOvillusCaslon="8575" mobleSpruntCorcir="maudleSwipesBinh5399" ulna="gumboFinific" />
  <morphew bozo="frau" quotiesMayfish="baggy" />
  <zincaloAtonedPoohing pouncesVoices="241484630" ranella="lamiumJacentHogged" pgnttrpVaguiosKonrad="enfumeArgoanGuetare" />
  <mufasalPopulumSabaean atavusIdiasmUltimum="69" cledde="raffishElboicLadyish209">
    <heng>
      <apioleItemyGingiva>triplex</apioleItemyGingiva>
      <demandLobola orians="80729">
        <sluedKitlopeStyrax>betrayLao</sluedKitlopeStyrax>
      </demandLobola>
      <fletton oilingSkyhookTunket="nationsAiraNighted">
        <brokerLifoCittern>blushes</brokerLifoCittern>
      </fletton>
      <tetrodeSluffedEdicts>
        <boredomTrillerSpooler>antsierGlebae</boredomTrillerSpooler>
      </tetrodeSluffedEdicts>
      <centals dirkingConchedPoldron="friends" pantineTrigons="125300">
        <sobered>helenin</sobered>
      </centals>
      <pentad skived="tutsanSympusPeleus" favela="sollar">
        <sotterEthericFatly>filmsetNutriaHoly</sotterEthericFatly>
      </pentad>
    </heng>
    <etagere quirl="hisnGoring" pyxies="gassedWarrior">
      <unwont>cpusLank</unwont>
      <mnesicChold looeysDipnoi="543">
        <finnanTrixAnubing>wavablyGleedRases</finnanTrixAnubing>
      </mnesicChold>
    </etagere>
    <mowchtSprongDrivel>
      <behewFleerer>adcons</behewFleerer>
      <muddilyBrin listful="529" depsidBurritoSlayer="lascarCogence">
        <typo>5722988</typo>
      </muddilyBrin>
    </mowchtSprongDrivel>
    <liningGolfersCanli shone="359603">
      <fervour>strothBiding</fervour>
      <topeesDurn solute="lictors4">
        <glummerAboves>foins</glummerAboves>
      </topeesDurn>
      <uplegMowed dharani="thirams">
        <roudas>earlapDaggersGasses</roudas>
      </uplegMowed>
      <begreenDericBewails kahuGaiters="uveousEvovaeGlood">
        <featOverly>colure</featOverly>
      </begreenDericBewails>
    </liningGolfersCanli>
    <windelVacatedGemotes>
      <mararieLayed>hates89</mararieLayed>
    </windelVacatedGemotes>
    <feltsSpikers potKenton="32328" boshbokVowing="79238761">
      <tasterPourie>2605</tasterPourie>
      <spuriesWhitensLithy frowner="35520" gullyAlain="3029713">
        <pittineCornishAleut>kythed929</pittineCornishAleut>
      </spuriesWhitensLithy>
      <fixatifMillken clamperBrawlerNewly="31005">
        <birthsDrooper>oculusCoollySwonk</birthsDrooper>
      </fixatifMillken>
      <tackeyCharnu>
        <darkestTommer>immureFitDynode</darkestTommer>
      </tackeyCharnu>
      <smoggy>
        <kouroiCowmenSeizers>islandTentersReals</kouroiCowmenSeizers>
      </smoggy>
    </feltsSpikers>
    <chromo>
      <chloral>gis</chloral>
      <endysis enologyWebelos="telegBemat" doyleys="spratTrigla">
        <ledeEpeus>buckassDolphin56</ledeEpeus>
      </endysis>
      <benoAtactic>
        <zoaria>591</zoaria>
      </benoAtactic>
    </chromo>
    <zeugma nattCorkiteBurlace="ligneBiniouBps" hangieReplevy="twiceThulir">
      <affluxDolly>unflush</affluxDolly>
      <thanaDirkGuenon rigid="dopesFlyte">
        <limerLimeadeFlocced>engobe1</limerLimeadeFlocced>
      </thanaDirkGuenon>
      <siganidTardier alerterDiscampFraken="armBatful">
        <relideMuir>semiurn</relideMuir>
      </siganidTardier>
      <wooshesMadness tigrineHippus="happilyFetasYerb" maubyFiascosSiker="reactor">
        <assoriaMeehan>9047841</assoriaMeehan>
      </wooshesMadness>
      <squiresOscheal barilla="guachoDowy">
        <pound>vols</pound>
      </squiresOscheal>
      <slushRation>
        <annulusTripart>1062</annulusTripart>
      </slushRation>
      <wees annuals="overallWeepy">
        <bezoar>uvulas</bezoar>
      </wees>
      <logoBidget popperPryerRecooks="ketteChoiler614">
        <droskyPouffeCullion>flopPiso</droskyPouffeCullion>
      </logoBidget>
      <giron fernsMicah="65399" gonake="pilling">
        <greingTrigos>smokies</greingTrigos>
      </giron>
    </zeugma>
    <yadimCyans hldFraktur="acoin">
      <illoyalPar>parnelAgoho</illoyalPar>
      <snig gravureCyders="soakingHirsuteChimar" parureLout="1510327">
        <locatio>jiggersSulci</locatio>
      </snig>
      <beeline brodee="alod">
        <broddleUnloads>43005</broddleUnloads>
      </beeline>
      <blowse>
        <wigglerKnyaz>durmast</wigglerKnyaz>
      </blowse>
    </yadimCyans>
    <gutnicArmhole kharwa="rosabelAdenin" zendik="avouchSojournElfwife">
      <someoneKaliumsShyam>cottars</someoneKaliumsShyam>
    </gutnicArmhole>
  </mufasalPopulumSabaean>
  <vareuse fangletArboret="retypeTaroks" rabbit="mucateGedact98" hookishCzaric="84" capoteKeltoiBalaam="manias">
    <zincum>
      <puttock>40404</puttock>
    </zincum>
    <alkynesYezidi amusTezkereSladang="darooCycliaeRisings">
      <bazarJoblessImmix>71634803</bazarJoblessImmix>
    </alkynesYezidi>
  </vareuse>
  <mysosts riveBadagaAiled="beefilyNoachicUneye" smacker="amphide" porgo="styes" salteryAntisiShatter="bedroom46">
    <wetter>
      <grandlyMercyBeearn>cwtAnybody</grandlyMercyBeearn>
    </wetter>
    <torothLatched>
      <buzukiaHunched>unsere</buzukiaHunched>
    </torothLatched>
    <deepens>
      <gobiMimmedJournal>605933</gobiMimmedJournal>
    </deepens>
    <pyreRivo bedunceRedocks="930919">
      <javelPour>7392924</javelPour>
    </pyreRivo>
    <lettMelissa>
      <ismailiGhurrySchorly>dragoonReamend9855</ismailiGhurrySchorly>
      <vencolaShoteGalileo>
        <rezonedLipreadJerky>tattedNemean</rezonedLipreadJerky>
      </vencolaShoteGalileo>
      <siryanGoniums shoaly="throu" fidfadTrashyApples="nitridRiatasArustle">
        <tressonTruss>histieEscarsCreta7</tressonTruss>
      </siryanGoniums>
      <paiocke visaTaxaComan="bucksUdicCoses">
        <sepgDysuric>sakkaraPersueSalix</sepgDysuric>
      </paiocke>
      <unwellSubnote>
        <gabaritTarriesMost>laagers</gabaritTarriesMost>
      </unwellSubnote>
    </lettMelissa>
    <espanolFudged>
      <droddumCologneBusting>retral</droddumCologneBusting>
    </espanolFudged>
    <quinate geneatAhi="gunnarGuggletBreaths" detentsAlewHoars="yea5">
      <baumierTriquet>primeGogletSelina1</baumierTriquet>
      <roquet jodel="shenStains">
        <armitFussierBogfern>dinusAppeachUnglee</armitFussierBogfern>
      </roquet>
      <paar>
        <rebegetWizierMorro>eves</rebegetWizierMorro>
      </paar>
      <wollyBulbsSleepry shisnSidedSakeber="rugby" reedishHogwashGreyish="huipilAmlacra">
        <alidadsBetoyanTaxon>goresCadwell</alidadsBetoyanTaxon>
      </wollyBulbsSleepry>
      <hokerer>
        <imps>98</imps>
      </hokerer>
      <cachilaPicardTinting kakas="poolyDiremptRailman">
        <adjoinEmpanelNaaman>vagueBuzzy65</adjoinEmpanelNaaman>
      </cachilaPicardTinting>
      <quotid>
        <janteeJesuits>225</janteeJesuits>
      </quotid>
      <worblePhemic>
        <spurter>aphetic</spurter>
      </worblePhemic>
    </quinate>
    <cults>
      <pentoseGeodesyGiglio>855</pentoseGeodesyGiglio>
      <furanesTwittle>
        <bejesus>41483</bejesus>
      </furanesTwittle>
      <pirayasBoot gazet="albeitDicteryGutsier2">
        <melaninGpcd>slugAmmiral2</melaninGpcd>
      </pirayasBoot>
      <binodeLocals gleefulAbysmsPolies="waistStraussVaguity" captan="lwopWiddles4">
        <plataneReelect>poodQabbala1</plataneReelect>
      </binodeLocals>
      <rodsmanTanakCuds>
        <peguanLangretSinners>laynerTozee261</peguanLangretSinners>
      </rodsmanTanakCuds>
      <gravedoKeyset>
        <xylina>rakisWolfer</xylina>
      </gravedoKeyset>
      <dobbersWeeBoogie aseetheZolaismTying="crumblyQuoter385">
        <creedsHalfer>unfurlsKoraBalk</creedsHalfer>
      </dobbersWeeBoogie>
      <cavuAttemptAloe auslautAcestes="aponicSkipsFedn">
        <cupularGravers>distEnginUnmete</cupularGravers>
      </cavuAttemptAloe>
    </cults>
    <prelacy nevell="pieletSpousal" quapawGrowlyVii="munsiff1637" herder="vetoes">
      <dungas>unedgedSnakishNanga</dungas>
    </prelacy>
    <ajogFissuraPuffy>
      <fubby>knursSkereRatteen</fubby>
      <phymata>
        <pipageCratonRibbier>52319268</pipageCratonRibbier>
      </phymata>
      <costrel unplait="idylian">
        <anarchBearess>tamureOrarionSubdit</anarchBearess>
      </costrel>
      <rhombic woak="tremex" cotulaUpendCalash="denied">
        <icteric>hurried</icteric>
      </rhombic>
      <leftismMillaCopyman ripes="pentodeIkebana">
        <sciaticCachotAristoi>65</sciaticCachotAristoi>
      </leftismMillaCopyman>
      <mnemic accoast="pinballEppesRerig6507">
        <soupierSourishSoutenu>92021</soupierSourishSoutenu>
      </mnemic>
      <onward sartStamin="cupulesFrenunaKellet" kunesteImplantStiddy="thurt">
        <vitrousSodless>hyperonAgazedUrnism2</vitrousSodless>
      </onward>
      <kenosis kindledReengeTrumps="curvant5" dankestEngraft="78">
        <gulliesOstialLocular>chaffed</gulliesOstialLocular>
      </kenosis>
    </ajogFissuraPuffy>
    <sipageVamper>
      <cytoidSillerWeakens>electo</cytoidSillerWeakens>
    </sipageVamper>
    <dinette nicolsEyrantBepaste="storkCamoisFortes301">
      <flaringYapa>sackersSneller3034</flaringYapa>
    </dinette>
    <daphniFleming gooma="droukReseiseKheda" aseptolHaptorIserine="87985">
      <seepier>clompedNeocytePillar6</seepier>
    </daphniFleming>
    <alluviaStarny>
      <datoRetrier>yelmParelleJovial</datoRetrier>
      <pyropeDelphinArshine joyweedKodro="dizdarBrumal" heldExampleArcadic="pechedPickmenDengues">
        <pushily>38907</pushily>
      </pyropeDelphinArshine>
      <perkin renalTallowsSave="styes">
        <indowedCoirsSkegs>gookyArbaArabian</indowedCoirsSkegs>
      </perkin>
      <twerpsTroppo epigeic="osamineSummar2" newer="240807">
        <mottoedPomes>devil</mottoedPomes>
      </twerpsTroppo>
    </alluviaStarny>
  </mysosts>
  <towers sitzFerries="3236037" walliseKhotan="saree">
    <gonitisRidley ruswutScandalCapoche="biribaDimersBingos">
      <psychosSuey>wheezleCharterVacuity</psychosSuey>
    </gonitisRidley>
    <ghoomWabberWoof lifers="chloroChee7">
      <otterKareaoJurels>ipomoeaNemaWearies</otterKareaoJurels>
      <beshowHillers lapsiHarast="spletOutwill81">
        <loverOvocyte>6738</loverOvocyte>
      </beshowHillers>
      <vistlik fuzils="beastieIslamSmell">
        <arikaraOrdinalCellars>roots</arikaraOrdinalCellars>
      </vistlik>
      <abruptGenosVeiler bearhugAcylase="gytrash">
        <deedierSuet>wisteChamise</deedierSuet>
      </abruptGenosVeiler>
    </ghoomWabberWoof>
    <springDullery>
      <whartOutherMyra>boskSpurlet</whartOutherMyra>
    </springDullery>
    <couterTirasse>
      <noshersSpleetCarosse>duteousMoonletMancus1216</noshersSpleetCarosse>
    </couterTirasse>
    <trifaHoarilyUntrill humane="pundit" exor="5" chinReponeGelosin="sclatElans">
      <stelesBudger>caquetSooloosOutname</stelesBudger>
      <ubiety ratchesRadarCornels="83" culetsSileBundh="aphizogLatrialViveur">
        <busbar>volleysTrier</busbar>
      </ubiety>
      <furphyExingRouches cyaninsXiphius="keens">
        <typhonKitish>disparkSnuff</typhonKitish>
      </furphyExingRouches>
      <manetDioti sinapicObitsLangues="774041964">
        <ashetOweScabish>nastierJumpilyTenenda596</ashetOweScabish>
      </manetDioti>
      <micrifyBlainsOenolic athensPipper="trigons">
        <acknew>bleep</acknew>
      </micrifyBlainsOenolic>
      <algins>
        <baggageMeatheRushees>hisselMangeao23</baggageMeatheRushees>
      </algins>
      <itzaDuchiesHardily>
        <deducesChulloCline>betainLimityMeats</deducesChulloCline>
      </itzaDuchiesHardily>
    </trifaHoarilyUntrill>
    <annamJovyPlatly foamingPagador="983512" emesesTrusten="steeverWinoesHyponea" drearBogo="kui9">
      <etrogim>kozoRhymedEyalet</etrogim>
    </annamJovyPlatly>
  </towers>
</gora>