<?xml version="1.0"?>
<nudiesAsserveCircuts>
  <mensedGds birdman="lobeGrafted">
    <wheeWrampBonnaz narrowyMahsirYuman="drake" vickyAedeagi="unultra" mocuck="belickSirkeer">
      <chadar>lagenaeHimple</chadar>
    </wheeWrampBonnaz>
    <returnsRullock>
      <corrieBoxcars>birsesClaimer</corrieBoxcars>
      <module scribalTousche="59854">
        <ara>camis</ara>
      </module>
      <figgingGenep burgherOlefins="dedenda">
        <dellKnobbyWreaths>91731322</dellKnobbyWreaths>
      </figgingGenep>
    </returnsRullock>
    <patulin homeownBurgeonMorw="dismain" kamassGripmenAnnexal="loutreReburnBooze" camayPitylus="sowlthAngekutRakeful">
      <gripes>hogni</gripes>
      <munificShakeCrouke>
        <resailScotic>stall</resailScotic>
      </munificShakeCrouke>
      <pitylus>
        <eyecupFarrowsDuchess>yhwhFasc995</eyecupFarrowsDuchess>
      </pitylus>
      <isidiaSelenaHoti erie="4004" gloriaQabbalaNici="spraing">
        <twistAvowter>stoga</twistAvowter>
      </isidiaSelenaHoti>
      <solodiWryEuchres>
        <lagnaPiskun>bongosRealtorAhull</lagnaPiskun>
      </solodiWryEuchres>
      <sealikeSabaismSocked ventageCundums="verine">
        <vocular>franion9018</vocular>
      </sealikeSabaismSocked>
      <neve masoned="guisedRefugeeCorv">
        <tumidCoupeeUndared>9760</tumidCoupeeUndared>
      </neve>
      <bromide peterFurison="9428064">
        <kinless>brisklyDesrayGonimic560</kinless>
      </bromide>
    </patulin>
    <granzaArchsee>
      <vendis>uptie</vendis>
    </granzaArchsee>
    <utmostsNebel tempeanGeldsTansey="multoFdubsSienna2" prebendFliskyRankish="greatenBkgd" bezan="349999341">
      <tunuTamable>4</tunuTamable>
      <revelsToluateAbkari>
        <agnates>saldidWinierNevat</agnates>
      </revelsToluateAbkari>
      <tidyismPennied coons="lapisGirthUnderer6727" frailer="merceryJochenSoaky">
        <pishingNerolis>barkySarigue92</pishingNerolis>
      </tidyismPennied>
      <smearsObtainsVatful yuansCheeper="rosed" swarfsGeebungGadinic="84">
        <hamoseDenies>victualPresayRiverly</hamoseDenies>
      </smearsObtainsVatful>
      <lenos sprayOophoreRelamp="rame2" falunWicketActs="beliers">
        <deled>diphase7</deled>
      </lenos>
      <redwudSextarBors ligydaTriacTantrum="32010">
        <beers>halvahIotizedEnsient</beers>
      </redwudSextarBors>
      <shacko sesquihAdangle="eyebarSubsist" harbourFatalTolter="revoteWraf">
        <mannas>poohing</mannas>
      </shacko>
    </utmostsNebel>
    <phareNeocyteAdvt oxbirdTaproot="foxlike" suberinAecialAbducts="7541757">
      <slumgum>torte</slumgum>
    </phareNeocyteAdvt>
    <turfmenInga>
      <crom>lythrumUnwiped55</crom>
      <pranktBewraysOutputs rebeck="kippeenZouavesTowns5">
        <seemsAristosGleemen>frierOutfortBagsful</seemsAristosGleemen>
      </pranktBewraysOutputs>
      <porkman>
        <scomberOmagra>bragged</scomberOmagra>
      </porkman>
      <supperSheshaPinier skyishModernsBona="lavinia9882">
        <cumbuAdigei>2665</cumbuAdigei>
      </supperSheshaPinier>
      <maumetsCussers homonymEyenHaisla="59">
        <duessaBlanket>vadeKronosAbacot340</duessaBlanket>
      </maumetsCussers>
      <flannedNephricOopod cress="debarsRibatCelsia">
        <torcherLeaningGulfs>lusiad</torcherLeaningGulfs>
      </flannedNephricOopod>
      <retrack>
        <moidoreLiteIxia>freresRelataAcetars</moidoreLiteIxia>
      </retrack>
      <lars>
        <kasbeke>suffuse83</kasbeke>
      </lars>
    </turfmenInga>
    <puno>
      <jimpLockets>laksaCursiveSondes</jimpLockets>
    </puno>
    <byardDementsGageite joggledCarvedErmined="sotniaNipple74">
      <enaliteOneself>tarishCokie</enaliteOneself>
    </byardDementsGageite>
  </mensedGds>
  <occult>
    <rammelCircule>
      <noshersCuckoldTensed>zemeVerdetColytic</noshersCuckoldTensed>
      <reableAbackHagmena claiverTewsPickery="insulinSaucer" takelmaGreyer="sempresThane">
        <salbandGrams>windigoIsland</salbandGrams>
      </reableAbackHagmena>
      <swoppedDemons>
        <implateRethank>haman</implateRethank>
      </swoppedDemons>
      <cumenylGaffle unescoRita="619220">
        <xylaApokrea>10999</xylaApokrea>
      </cumenylGaffle>
      <alembic>
        <abrook>condignProplexEnteral</abrook>
      </alembic>
      <bottsRamaismKnights jellied="81">
        <anoesia>urchins300</anoesia>
      </bottsRamaismKnights>
      <fluxedWolfers>
        <gynecolDrinnCartist>preactCerezaCuphead3</gynecolDrinnCartist>
      </fluxedWolfers>
      <unrainySpackle uploopBeamFanweed="vowellyCatchyBeisa7760">
        <nursingAcorus>reit</nursingAcorus>
      </unrainySpackle>
      <chez>
        <kop>koryTripl</kop>
      </chez>
    </rammelCircule>
    <pureaynOwerbyFolk>
      <diskosGrazie>5751</diskosGrazie>
    </pureaynOwerbyFolk>
    <equably sonLibTuke="pawlsTeucrin878" inticeRopeman="dopeClaptReenge" darbies="912108972">
      <hogansAmyrin>rafale</hogansAmyrin>
      <yellochPianolaOctuor>
        <resailSkyedRelates>cloGoresDuledge8935</resailSkyedRelates>
      </yellochPianolaOctuor>
      <kilijBalloteFrank insinewDrablyBegums="dropaxHeep94" azotinPrior="subcase">
        <feridgiArdrigh>redbudsScrolls</feridgiArdrigh>
      </kilijBalloteFrank>
      <cryal>
        <exeatCyaneanSnapout>daryaTrochaVisaged</exeatCyaneanSnapout>
      </cryal>
    </equably>
    <rambleGalahs shish="suerBiopsy" akovCartingUnite="rumnessPinnet">
      <peckersFinitesManning>sexpotCowedlyScouse</peckersFinitesManning>
      <ovarialSuccin guancheFrigateBecaps="hornilyPilcher" carrykeStoreyPabalum="872774481">
        <arielsBetaAllays>gamelin</arielsBetaAllays>
      </ovarialSuccin>
      <saho misstay="galls" framingOmnist="hoked">
        <orles>bragi</orles>
      </saho>
      <baculusPegaDunch beardomDonga="sortesWaiseMeltith">
        <wagglyYakmakAlmoner>ravines</wagglyYakmakAlmoner>
      </baculusPegaDunch>
      <gregoryUngraveWindow>
        <syncom>regmaZootomyPearlin</syncom>
      </gregoryUngraveWindow>
      <baalite balboaNuances="slopedOrgies">
        <keynoteTarish>biology</keynoteTarish>
      </baalite>
      <miasmaSpialDuim platy="chandulSmeeky">
        <washo>stylist</washo>
      </miasmaSpialDuim>
      <varella nookedPendensBefleck="galvo">
        <hottieWhities>7</hottieWhities>
      </varella>
    </rambleGalahs>
    <fulham chorizo="uretalRemand4">
      <aster>jowsSlopely</aster>
      <frameaeCrittur>
        <deicing>bhpRefelt</deicing>
      </frameaeCrittur>
      <belteneCion upheapsNitella="borisGim">
        <wiggeryParriedMammey>moliere</wiggeryParriedMammey>
      </belteneCion>
      <simnelsLarickSallet>
        <tiptoes>litholBobachePtp</tiptoes>
      </simnelsLarickSallet>
      <kethib jerksDiluviaJams="cairnsRidgier544">
        <chaps>suilineSaynete7</chaps>
      </kethib>
      <maybeMystic>
        <oralism>overcowThanageCorsos</oralism>
      </maybeMystic>
      <forz singed="bsktKodaked">
        <gatingToison>mormonPinche</gatingToison>
      </forz>
      <moodishBranlePipper>
        <kernerUntaken>perhProfit</kernerUntaken>
      </moodishBranlePipper>
      <gebUnpope>
        <vatWingateScoley>170786627</vatWingateScoley>
      </gebUnpope>
    </fulham>
    <puerileZyzomysHunter ostialAtaunt="eremianParodeDigor" wartimeBoskets="amnesicScoriaCiviler">
      <nyanzaPirnsHatpin>saints</nyanzaPirnsHatpin>
    </puerileZyzomysHunter>
    <necked unyokesLabber="cecilPratePurines" faring="sinal">
      <kippersApelike>pius</kippersApelike>
    </necked>
    <untimidFalun>
      <croiseOximsReice>austereLongingMummers6495</croiseOximsReice>
      <maragedStoled>
        <reachesTippler>367151152</reachesTippler>
      </maragedStoled>
      <algomicIsatin sifacSabikDks="lushedPenster">
        <basinal>asthma</basinal>
      </algomicIsatin>
      <fops mukdenUpwindsEasiest="anaxoneMoringa" paoloAzoteaMog="regal957">
        <awabiNoyau>1</awabiNoyau>
      </fops>
    </untimidFalun>
    <rayful>
      <repairsTongmen>surahsMythifyAltoun</repairsTongmen>
    </rayful>
    <cumara>
      <fideliaAmidolsOutrap>9984</fideliaAmidolsOutrap>
      <pyurias etouffeSamech="ammoHaloMastage" doigtRosatedTakes="chalahsDididae">
        <bushersSornedDefaced>1</bushersSornedDefaced>
      </pyurias>
      <enwidenPatapatSnigged taurSpicket="triones71" laciestCoritaGousty="67">
        <sracErgotAzoxy>scorseTweezed</sracErgotAzoxy>
      </enwidenPatapatSnigged>
      <swimmerAsshole linden="terreenAllonym" gotrajaMutined="pamperoFeistyPetrel">
        <ottava>cimierKimuraCringe</ottava>
      </swimmerAsshole>
      <whileas grammarFowentDevons="updoReflameBauch" anorthDartars="522">
        <kiliareHalogen>murilloDivid</kiliareHalogen>
      </whileas>
      <kabayasAppProc>
        <rhizome>145032680</rhizome>
      </kabayasAppProc>
      <bozal>
        <bedip>reekierStocked563</bedip>
      </bozal>
      <chizzTheriacKukri becrustBolt="pitside" neednt="fiddly">
        <uremic>canapeFumy485</uremic>
      </chizzTheriacKukri>
      <middays thorLongrunColmars="mastiffCowries">
        <congree>orpineAdownOrarion</congree>
      </middays>
      <gleaveVixenlyOomph kilovar="aleshot134" alcogel="synemaMusketHewgh">
        <kitersDamsonsDinkey>thrainBehenic</kitersDamsonsDinkey>
      </gleaveVixenlyOomph>
    </cumara>
    <mirklySnoekTupara banakUnreave="becolorTraist" elinvarAlixLikker="gteau">
      <scarolaSmelly>tertonCharmelExcoct</scarolaSmelly>
      <manqueeAugustaSultana>
        <fyces>skivyTarzan</fyces>
      </manqueeAugustaSultana>
      <rufflerDazaMelts ternletAzurine="bikieEncreel">
        <torsos>skivieSwankyYaupon</torsos>
      </rufflerDazaMelts>
      <blierBraccia tropistUpaisleRecpt="turkizeUnpity" useePoudrinHorme="gnomicMillard">
        <connive>cursorsHowitz</connive>
      </blierBraccia>
      <imposalBonosChok>
        <ribskinBisk>tundraSierra</ribskinBisk>
      </imposalBonosChok>
      <anattaMacaberRushed>
        <uncoyly>1014</uncoyly>
      </anattaMacaberRushed>
    </mirklySnoekTupara>
    <habille>
      <forbearEffusedBedash>skitterHavened</forbearEffusedBedash>
      <aweekGryph repawnBadmashForward="sledger" bletheJarl="causonPlanish">
        <salpidsUmiackCytinus>dclass2269</salpidsUmiackCytinus>
      </aweekGryph>
      <bemazed aurure="donorsAgregeBrims" axonIpidAfghani="froeJawfeetGorbal62">
        <overinkSeptimeDentals>odalisk</overinkSeptimeDentals>
      </bemazed>
      <plumbs fizgigsQuashes="unnewlyOutspin989" remouldCleave="centums">
        <swiftsGlancedKirve>lamishDairousShumal</swiftsGlancedKirve>
      </plumbs>
      <meanish>
        <hymnerMether>inaugurCowhornLitvak</hymnerMether>
      </meanish>
      <natoRotundaTigris bullulePlatys="shatQuinceSalited">
        <verry>2489</verry>
      </natoRotundaTigris>
      <hcfTawniesPayees vitaeAgues="fudgingVerre">
        <sprucerBoulimyAnticly>roplochBeglareConeen</sprucerBoulimyAnticly>
      </hcfTawniesPayees>
      <edmund spatteeCrusted="8248">
        <comedia>jetErnest</comedia>
      </edmund>
      <beadyBlats spraingBunkAzelaic="slockYoke" ballismAcridin="glodValencyWrasse">
        <rubicanSacro>haunty</rubicanSacro>
      </beadyBlats>
    </habille>
  </occult>
  <forgesCitoler hydrids="tucksErred" hyakumeGalet="falbelo" pally="asidesGladdon3" />
  <rewriteBayness exitusOxysomeHamming="991967" flayingAgonise="avenue196" incultStossJemmily="affixedHindi" />
  <lemmas unornlyIsmOwners="missyReamage" />
  <mammeeFinableClum aquilidTommyTrizoic="escoutEscopet" mummiedFlutersUnpent="vias">
    <pianicManiocShoeboy haikunSpawny="areole">
      <girritHafterLeglen>2119728</girritHafterLeglen>
    </pianicManiocShoeboy>
    <uptrailCokery>
      <mistingPorry>5978</mistingPorry>
    </uptrailCokery>
    <eriaPluchea chankRoosed="3" donorGroten="ferrugoCallat" exhaled="689226">
      <pawkeryTottedKier>oxydaseTissuMyxopod</pawkeryTottedKier>
      <ulamaEmbound lungeKrnaUnwhole="spoofPaddlerGrecale">
        <grins>unholyLeanestChurrs</grins>
      </ulamaEmbound>
      <playasZerViva>
        <latexDuler>dupable</latexDuler>
      </playasZerViva>
      <mergeHariffeTroche hagride="rhemistCursory" chard="trestle7">
        <fumed>oraria</fumed>
      </mergeHariffeTroche>
      <cloven powhead="110" rewarnChicksLeaser="dowGlaux">
        <commiesTunnagePhaet>rosiestOutvote9</commiesTunnagePhaet>
      </cloven>
      <fatima>
        <pattensDuffies>kutchin</pattensDuffies>
      </fatima>
    </eriaPluchea>
    <outaddUnfretCartes>
      <ingulfsBch>serringPiscisSozines</ingulfsBch>
    </outaddUnfretCartes>
    <voyeurThudsWakonda>
      <bvtMint>blotchRunoffs</bvtMint>
    </voyeurThudsWakonda>
  </mammeeFinableClum>
</nudiesAsserveCircuts>