<?xml version="1.0"?>
<kibblesBoomah>
  <shorDeliver serenesUpscrew="95" perbendLugmarkCarrier="trankumCavia" lobbed="hoosierAtavicStaying7858" />
  <operantProlate dadoingSeisesEngrege="86" oxcart="1938">
    <gingkoHizzieRefunds>
      <leks>penbard</leks>
      <amalgAmasserFalx epipanyTutele="erucinRepoint" headendCrambleNaker="47">
        <shottRushen>stratusWeiTuftily</shottRushen>
      </amalgAmasserFalx>
      <rightenDulc>
        <ixil>strothDentexButin</ixil>
      </rightenDulc>
      <tuxedos>
        <stonkMuddedDingus>ragingLithiasReynard</stonkMuddedDingus>
      </tuxedos>
      <knevelDonzel topmaul="basogaLeggins">
        <becksNempneUtu>tileryProve</becksNempneUtu>
      </knevelDonzel>
      <bongosBatzKirsten>
        <masaiBryoninUnness>frenumInwoundCurran</masaiBryoninUnness>
      </bongosBatzKirsten>
    </gingkoHizzieRefunds>
    <pilluleCowroidNegator legreteAussie="kerugmaWhooSeve" rulyJuralEarhole="118058">
      <kotukuFrog>cetonia</kotukuFrog>
    </pilluleCowroidNegator>
    <rareyfy>
      <frow>4291501</frow>
    </rareyfy>
    <dixitWhiffetCans>
      <dasyus>semipedSpirous</dasyus>
      <baluga olympicMongoyoExsolve="benny" helewouTyddynBernese="wournilFatuous">
        <peisedAnonad>19</peisedAnonad>
      </baluga>
      <btlAril>
        <resat>lizzieBeckerGleety9</resat>
      </btlAril>
      <obrizeHaffleMarmit fubbingNumisAgoho="albireoBowshot1">
        <pterinsDouping>vented</pterinsDouping>
      </obrizeHaffleMarmit>
      <iambe keldSpileWorm="eos" labiteKhanjar="furoidPupiledClupien">
        <myowun>bygoRotalaLalang</myowun>
      </iambe>
      <pentiteSemisesArtels audianTipfulSwigs="arundo" mopersLine="gurlet897">
        <pouleDraffyNeared>shovePheal</pouleDraffyNeared>
      </pentiteSemisesArtels>
      <boldin gulp="sigmasSimbil" patin="priapus">
        <winderGessoesBearm>39966931</winderGessoesBearm>
      </boldin>
    </dixitWhiffetCans>
    <cardelWoenessGreats>
      <aviticWarship>achokeWaxes</aviticWarship>
    </cardelWoenessGreats>
  </operantProlate>
  <thirstLoftyTrucks kuskosKiddingStrobed="fashingBalita" glucid="rubican" mugil="mixingMartyr" />
  <loamFacing yelped="mecon" pattaraKonde="igraine9" dilemi="indwell1" />
  <ruptionFolie malleus="47" papa="clypeUprearMyrrh">
    <situsesCompoFluxing>
      <hirslesMenkar>howesUranist</hirslesMenkar>
      <rectusPlages ritualPiemag="tentingRorty" unplace="50462">
        <ebbing>bumbeeAhmet</ebbing>
      </rectusPlages>
      <pickleRapeoilOrdo babka="301928" unmoist="48697985">
        <plumes>4455</plumes>
      </pickleRapeoilOrdo>
      <nulledSergiu articThwarts="benzene">
        <stiedBinderVendee>matacoWhitedScavel223</stiedBinderVendee>
      </nulledSergiu>
      <litsSlewed loosens="hoblikeModena" alansPietoso="caponeFlingProleg">
        <welted>sulcusFurlana2</welted>
      </litsSlewed>
    </situsesCompoFluxing>
  </ruptionFolie>
  <hoagie>
    <lownly>
      <tempreArawak>eupneicValving</tempreArawak>
      <pythiasUmistOutlier adonist="colarinCaplets" nymphetFarrageDaven="engoueSauchTossup">
        <squadResink>ibmAffiedVisor</squadResink>
      </pythiasUmistOutlier>
      <aclydes begrimKamass="3225847">
        <ontoNestingPfund>dertraDungedCone</ontoNestingPfund>
      </aclydes>
      <xenic>
        <lycine>alcheraTrifa</lycine>
      </xenic>
      <automanShrug cabbies="cutletSalic">
        <dorn>passiveDimorph</dorn>
      </automanShrug>
      <bancaDilutorLond monsoni="26305">
        <arainIgnify>66462863</arainIgnify>
      </bancaDilutorLond>
      <empallSowder tassahPatwin="barbaraWartier" criboseDeiaAthrill="hydCongeal">
        <ciliumZaparan>scatPrecoxCoix</ciliumZaparan>
      </empallSowder>
      <pursRifi hakamimEmpall="croslet4674">
        <cabbed>warnissNatalGridder</cabbed>
      </pursRifi>
      <tokingBdeSols anuryWedgerHyphen="legitimSalverOurangs5442" unfitCowlikeGilds="815612421">
        <wrasses>gourySilicoDft</wrasses>
      </tokingBdeSols>
    </lownly>
    <serring>
      <plumateRecoups>33</plumateRecoups>
      <kuskusSeaware malee="816088" poseyBouncy="lanierWarCariban">
        <ancille>grufSalmo</ancille>
      </kuskusSeaware>
      <braided violand="bribri">
        <amimide>74079</amimide>
      </braided>
      <byworkJibba hurtledUnbay="leetmenVrbaitePyxidia">
        <bedown>1</bedown>
      </byworkJibba>
      <heredes kaverOink="disyokeTaisho8256" gaggersChiv="bitoreCringesHecks8">
        <venularXrayBeflea>recrank</venularXrayBeflea>
      </heredes>
      <doudle>
        <gelding>solyma</gelding>
      </doudle>
      <barkLeyden cattabuFlyover="boopis">
        <ditched>laiserPhobies</ditched>
      </barkLeyden>
      <franticLaceWelf epicurePlurelYeah="engluteSpritz" belock="kudzu">
        <ketipicKawika>fanjetsMinnow</ketipicKawika>
      </franticLaceWelf>
    </serring>
    <tagmeme>
      <octopus>34893</octopus>
    </tagmeme>
    <openersUnwindSatanas>
      <lentorMacchiaPandas>franca67</lentorMacchiaPandas>
    </openersUnwindSatanas>
  </hoagie>
  <walach habitueGosUltras="argolet" />
  <corpus questedSynoviaDock="damnedGorble" alemiteMarillaAnnuent="7">
    <helluo soaping="titrant" wampishPariansUhuru="unciteHausa">
      <protoma>wispedPedlarGeonoma</protoma>
    </helluo>
    <pridyAppeaseFluxure bagdadSolfgeBaffeta="nunningSquaw" drool="funderPlagalPowters977" tushsHessite="growersSaladsRectors">
      <cantarAbedgeHacksaw>439169320</cantarAbedgeHacksaw>
    </pridyAppeaseFluxure>
    <ridiestCooleyTempos claque="teaming">
      <damning>98922716</damning>
    </ridiestCooleyTempos>
    <replans ajowanAwkMawmish="higgled" tesuqueBier="tonnaWriest" portly="996">
      <teleSquozeAmmino>dhurnas</teleSquozeAmmino>
    </replans>
    <cookish itaves="paenula">
      <choppinOpeletHumulon>basiateVialful</choppinOpeletHumulon>
    </cookish>
    <oxidantLenders fryNitrianScathes="gusting" eutociaAbbie="tewter" rainily="dissavsTwereLosings">
      <winger>nebaliaNomade</winger>
    </oxidantLenders>
    <cytoneEscoutMegger>
      <coptAdmire>89</coptAdmire>
    </cytoneEscoutMegger>
  </corpus>
</kibblesBoomah>