<?xml version="1.0"?>
<erucic>
  <guyotsWarbleGroose dungedMuscae="31996557">
    <startly>
      <riches>cadwellShends</riches>
    </startly>
    <snakeyAsocialMeiler>
      <molochs>genres</molochs>
    </snakeyAsocialMeiler>
    <yoreBedlampSampled>
      <titty>tommyOyezSicc4</titty>
    </yoreBedlampSampled>
    <smearRegetFoyers>
      <gunzianTaino>oxidize</gunzianTaino>
    </smearRegetFoyers>
    <retemptDystomeLamna>
      <carnieKillow>ardeaRiboses</carnieKillow>
      <havings>
        <valse>dropman</valse>
      </havings>
      <koppiteOutrangPerty>
        <outgazeCrakeMicast>829656170</outgazeCrakeMicast>
      </koppiteOutrangPerty>
    </retemptDystomeLamna>
    <disliHeteric>
      <ererReseed>halm</ererReseed>
    </disliHeteric>
  </guyotsWarbleGroose>
  <hillelJointy waddySlaved="encyst" barraceMalayic="gellingOncostAvars4" dallackAttaJupard="tritomaPlenity1" steevedCyanidTeecall="viroled">
    <camions>
      <romney>menoUprush</romney>
    </camions>
    <arriero>
      <sheerlyExon>163</sheerlyExon>
      <ramousHamsa kunkur="yauperNimble" klong="490296068">
        <sewsCookMyalgic>duscleDiaster</sewsCookMyalgic>
      </ramousHamsa>
      <halte>
        <refl>mirk</refl>
      </halte>
      <darnelsBecrown millingSemballDeliria="hazersIncurseDevour96" chiliesMurly="cly">
        <boomedYabbers>leander</boomedYabbers>
      </darnelsBecrown>
      <gyriMessage dynelDrudger="redried" stogTelegasDebt="manurer">
        <lorries>9</lorries>
      </gyriMessage>
      <fewnessAparai dcor="45">
        <napoohKhassQuashy>nebulyAbwab</napoohKhassQuashy>
      </fewnessAparai>
      <ulonataHexedClasses riservaTrymaFerity="34160" shirty="51168004">
        <radianAiderQuins>898718898</radianAiderQuins>
      </ulonataHexedClasses>
    </arriero>
    <strumas>
      <shang>landaus</shang>
      <ruticFern absurdsTibicenUrology="impoundHarpist92">
        <dweeble>ovistEcphoreSaron</dweeble>
      </ruticFern>
      <buckpotAirns osmolsHourful="cinched73" crambosPentose="nymphon6683">
        <cyanus>vigiasRitualeOptions</cyanus>
      </buckpotAirns>
    </strumas>
    <lutesBelliesTorchet>
      <unode>19367</unode>
    </lutesBelliesTorchet>
    <moche>
      <crocutaHahKabukis>lecthiForbiteForhooy9861</crocutaHahKabukis>
      <outedKorova lentnerKrimmerRelight="syntholBullaryForetop">
        <codsStoppleBepaw>pedaryToylandGanevs972</codsStoppleBepaw>
      </outedKorova>
      <turneraBontokAvarian>
        <pickle>bemuckYoiGumi2</pickle>
      </turneraBontokAvarian>
      <endictAlphornTessera tholiDromic="cordons">
        <tenuisTepaUsual>regaledArghoul</tenuisTepaUsual>
      </endictAlphornTessera>
      <morphewLargishBirring>
        <tetotumScops>decodesTasseAerie</tetotumScops>
      </morphewLargishBirring>
      <felledGotha>
        <unstiffCrome>apologBurweedNecesse2</unstiffCrome>
      </felledGotha>
      <barter acrasyCzaric="calabaAssamarWesley">
        <huemulNupeWampum>klickDinkey</huemulNupeWampum>
      </barter>
      <rileyLocularPurist fittersCokersFerulas="6604685" artisanPluckColeen="achime">
        <galerieFesels>665</galerieFesels>
      </rileyLocularPurist>
      <duala sergiusStyed="muscles" exhales="inbringWorrel">
        <crises>naiverDumbcowInsider</crises>
      </duala>
    </moche>
    <unbuildAngliaeNuzzled pretzelIridous="vivider" warinePoyouRawnie="596457905">
      <astuteStumBaubles>chaseFulupTrypa</astuteStumBaubles>
    </unbuildAngliaeNuzzled>
    <scarabBarbraTussles coenuriDhutis="knorhmnSlokenShikker">
      <devvelCutes>watchedTriolDicolic</devvelCutes>
      <pedaBarihGamone>
        <odaxNasardOxids>capsulePeatmenApulse</odaxNasardOxids>
      </pedaBarihGamone>
      <margot auscult="truancyLeisterStaling6196" clinesHeadle="knox">
        <blksizeDerve>phobiasYagnob</blksizeDerve>
      </margot>
      <hiltsBelchedCheater jigglerGluey="corydonButenyl">
        <spotter>ateleneUlitis</spotter>
      </hiltsBelchedCheater>
      <isotopeHousyPiraty coof="merceryOutpryGimped8414">
        <spueBeddedEtta>swacked</spueBeddedEtta>
      </isotopeHousyPiraty>
      <deiceHallex eyecup="zemeismLibraryPolygon">
        <spitedJoshed>878</spitedJoshed>
      </deiceHallex>
      <penanceThorn moolviOutblotBluing="probitySwinge3" lingsRuddReviles="lesseeStookerAnuloma758">
        <replume>90</replume>
      </penanceThorn>
      <lyasesPeugeotSnively>
        <sylvasSmocks>40397565</sylvasSmocks>
      </lyasesPeugeotSnively>
      <lateWriteup>
        <reliant>macadamCalvaryCleans</reliant>
      </lateWriteup>
      <frimMeleesPreship>
        <rudasGaleage>stomodeSaltly2</rudasGaleage>
      </frimMeleesPreship>
    </scarabBarbraTussles>
    <rewwove>
      <paraphSindoc>narcissTunnerPhene</paraphSindoc>
    </rewwove>
    <yayDrucken>
      <piuriDeedfulLories>tostadaFoils7847</piuriDeedfulLories>
      <yomPlashetBhangi blinker="wimick" sitkaPealedDrafts="zechinCongrid">
        <appdPatinFollies>79163</appdPatinFollies>
      </yomPlashetBhangi>
    </yayDrucken>
    <hornletJoubarb bewrapsDrubblyHeroin="flurrWalkingWuss" jeed="pulings" mismoshSacringApitong="8309">
      <kelpie>udasiBaiter</kelpie>
    </hornletJoubarb>
    <cashierAgelessZebrina>
      <lintern>scenicGolpeUnrived</lintern>
      <ladikTensestPhoto marrowAvowers="noxalEdoniConduit" montem="wharfChuseApardon">
        <tete>spulzie92</tete>
      </ladikTensestPhoto>
      <hethingRottaTeenish uniaxal="hostle" locnTousles="peopleUpriveRenamed">
        <zecchinPulled>43</zecchinPulled>
      </hethingRottaTeenish>
      <uranMottosHandel toads="noticer" westGospelsSemimat="fittersBoulderHefty">
        <cusso>nakulaSeah9088</cusso>
      </uranMottosHandel>
      <draveDola cavalTropalPaggle="goustyPudsKeld" sawbackAdiabat="bugled">
        <picaros>vumTeaseTriform</picaros>
      </draveDola>
      <ganchFrailes>
        <paysageVernonLum>proagon</paysageVernonLum>
      </ganchFrailes>
      <hubcapsUnrung colonelIratestVizslas="5109033" ravishCloamOutly="sallEquablyOverby73">
        <noll>raffleTangUgt2</noll>
      </hubcapsUnrung>
      <tiribaCarinasIreland>
        <palmiraUncinusTee>afeared</palmiraUncinusTee>
      </tiribaCarinasIreland>
    </cashierAgelessZebrina>
    <keresan sap="almas">
      <regle>38</regle>
    </keresan>
    <fogyismLanker loutherPavane="olchiChinwagDishpan" agamicUpswellPorkolt="misleadAmatory" bignou="squizRuddleHanoi">
      <hakeHippiaInaptly>scouthMawks</hakeHippiaInaptly>
    </fogyismLanker>
    <motif geneticWhervesLouch="tattooHylodesCotuit" tacklesCookerAvert="moulder" doitedKittens="hingingHohe3">
      <rebob>336785538</rebob>
    </motif>
  </hillelJointy>
  <stuntyKeeled>
    <mazhabi baruchConinesBestead="limoVersual" clisere="roo">
      <orangerLulavim>scyphusTampala</orangerLulavim>
    </mazhabi>
    <picardTanburXerox>
      <lonersFunkedForking>kotwaliWenchedCorning</lonersFunkedForking>
      <paegel>
        <catodon>hagdon</catodon>
      </paegel>
      <alaster uvellaAgentKansa="267803" holes="kettler">
        <unsidedVolenteNother>munify</unsidedVolenteNother>
      </alaster>
      <swagRecoin>
        <acastSkiddyHoldout>lentosNasuteRaja</acastSkiddyHoldout>
      </swagRecoin>
      <adjBeknotUpcock>
        <ospreyTattledSexless>2722</ospreyTattledSexless>
      </adjBeknotUpcock>
      <italaCrockedBemeal>
        <terrorOuter>steerer</terrorOuter>
      </italaCrockedBemeal>
      <nickelsSnarers suddenFol="caggy" louder="studiosTrochesItems">
        <durrinTungaUndam>inermiStanlySaman</durrinTungaUndam>
      </nickelsSnarers>
      <jivatma>
        <mubaratIlion>abattuBobs</mubaratIlion>
      </jivatma>
    </picardTanburXerox>
    <eschewPausedSowlth quartosParsersAxiom="pattStickup5898" bobache="kadisCordialSooth" islSpewersDogdom="sippet">
      <daemons>adzLissesSwobber</daemons>
    </eschewPausedSowlth>
    <undrewSwoonySpurl>
      <aphesisDualaJenson>robbinsReck</aphesisDualaJenson>
    </undrewSwoonySpurl>
    <calombo>
      <neseRespanSleided>townmenOutlerForum</neseRespanSleided>
      <brochJen bridgerUnhumid="clattyBark921" idioticCauld="reagreeNiagaraRamesh">
        <unfoxedDecianRearm>7365</unfoxedDecianRearm>
      </brochJen>
      <mintageDudeensForwalk balers="estatsMowraWhiny">
        <audingCtgSmoos>514</audingCtgSmoos>
      </mintageDudeensForwalk>
      <depermOcypode adjured="limen" tapling="wattage">
        <roveMaes>enwisen</roveMaes>
      </depermOcypode>
      <strode locked="busbiesCathetiBedlids7" swound="kokama7822">
        <loathy>plushesCondogFragged</loathy>
      </strode>
      <codingsFezAlga>
        <blitzesGimmals>regaveMartyr</blitzesGimmals>
      </codingsFezAlga>
      <pruditySplicesSufism>
        <thrawIlianKorwa>bireme</thrawIlianKorwa>
      </pruditySplicesSufism>
      <nuggetsVicuaCroton garvieReechy="degami" seamusBeeswax="6">
        <gashestDjinn>dayboyMandyai</gashestDjinn>
      </nuggetsVicuaCroton>
      <wynnNawobAmyclas lustickBanjara="cutwormCressyCount">
        <toffyRemblaiZoon>dualistChalcis</toffyRemblaiZoon>
      </wynnNawobAmyclas>
    </calombo>
    <blattid>
      <jackmen>palsifySeropus7</jackmen>
      <fanworkTyponymEnform>
        <madronaArcusesKazoos>doffGaurs</madronaArcusesKazoos>
      </fanworkTyponymEnform>
      <roofyArefyPloys auristsStanek="13132019">
        <grufLallanKilters>valium</grufLallanKilters>
      </roofyArefyPloys>
      <yellingRecaneEveline micra="40431901">
        <peggleUnblockPieris>forcive78</peggleUnblockPieris>
      </yellingRecaneEveline>
      <dasturiNylgauFlaccid>
        <serenoSochtZubr>regreet</serenoSochtZubr>
      </dasturiNylgauFlaccid>
      <nonsine>
        <automen>trpset</automen>
      </nonsine>
      <parsingPassu opiates="subfaceInsorbBeldam" menkibMiomboWieldy="49810">
        <keena>dramasSealchJadedly462</keena>
      </parsingPassu>
      <memoirViolentMagahi hoydensMassoy="96746644" sillockBuried="pestleIrs">
        <rocherDialledGibbets>mujikWiikite</rocherDialledGibbets>
      </memoirViolentMagahi>
      <recrownScreak splenic="482211">
        <archUsancesPolacre>mazic</archUsancesPolacre>
      </recrownScreak>
    </blattid>
    <khariaCarahoQuadi biddyAscot="skiwyCosiestWining" huttedKeddahPeerly="88075633">
      <gulonic>bainiteRavel77</gulonic>
    </khariaCarahoQuadi>
    <friskedPedial>
      <belgardDisfenSoapy>fikhProtegeReeshle2</belgardDisfenSoapy>
    </friskedPedial>
    <hols ovisticAspiresOutwar="tumbled" sendalGhazelDigamma="gunneraGossardHurrays">
      <slapeTreille>hillmenHenbill</slapeTreille>
    </hols>
    <extaticScleraeBezzle>
      <ulsterFlooey>204314</ulsterFlooey>
    </extaticScleraeBezzle>
    <vesicleBedaubWalkers gleetTyking="whereofTholli" intrant="foysAdance" venlinSum="fugardScarceAptote1">
      <naifsXystos>exilerRouthie</naifsXystos>
      <crestsPudSmirker diphyesFlorae="lithiasAroon10">
        <duelsBreezed>fallGrampus58</duelsBreezed>
      </crestsPudSmirker>
      <wascoGlamor>
        <retouch>shermanSpeave</retouch>
      </wascoGlamor>
    </vesicleBedaubWalkers>
  </stuntyKeeled>
  <sacatra betide="hippiKirombo" />
  <deroHalch>
    <tinglyFalserSalome>
      <backen>nixesCanroy</backen>
      <halifaxLimiest kintraGuilt="mottoedSkylessHyperin">
        <gossipSpl>blokesSix</gossipSpl>
      </halifaxLimiest>
      <hanged eliteBronchoEdith="retirerFilasseUpcity" baregesOdacoid="tablets">
        <seiren>repletePolskaRestir</seiren>
      </hanged>
      <spadoneBosks aerogenEmotingZuleika="todeSilages" studiesFuroinBetwixt="rescaleErucin">
        <lappersOolong>leasingAnconeRetzian</lappersOolong>
      </spadoneBosks>
      <harpyia natchTikur="anademMidwife">
        <poikile>lingtow5</poikile>
      </harpyia>
      <colicinRescuer>
        <spaniolHumbirdRoupy>nimshiParrock</spaniolHumbirdRoupy>
      </colicinRescuer>
      <kookySar dorseEpinine="62365">
        <cukeHushing>57095</cukeHushing>
      </kookySar>
      <affy>
        <cohibitAirt>ladyValgoid</cohibitAirt>
      </affy>
      <siddurSteroidLuthern playletLingas="bantuUnslyly">
        <realign>pliskieGlazen</realign>
      </siddurSteroidLuthern>
    </tinglyFalserSalome>
    <argandPuneseBendy>
      <annerrePottery>emissiPmkMongol</annerrePottery>
    </argandPuneseBendy>
    <dottingBooted velalOxygonRattail="micasts6" weedfulChapeFirmest="lough" macrura="headingGoran">
      <bibioSkewed>fucosesKickoutAlethic</bibioSkewed>
      <solodi pantryIoditeFango="49211092" randn="8735">
        <heben>haggard</heben>
      </solodi>
      <gibberHobDumba>
        <mentha>grootGebangYigh380</mentha>
      </gibberHobDumba>
      <tetanic>
        <manbotPinkest>lys</manbotPinkest>
      </tetanic>
      <pinturaPromoTeviss>
        <machHellyCeromez>priers</machHellyCeromez>
      </pinturaPromoTeviss>
      <winnardSabian jinkerCedrineAtomist="actinicPanurgeTour" cul="spreaghCapelin">
        <angelon>662061</angelon>
      </winnardSabian>
      <chalcon>
        <encoopJelloid>hyoidOligistCuculi1942</encoopJelloid>
      </chalcon>
      <sinkerOfferorBailie putoffs="50522" forfexLimpsey="coenobe">
        <aesture>textualChagulSwisher5</aesture>
      </sinkerOfferorBailie>
    </dottingBooted>
    <skouthEscudo>
      <pastileSerinsLogres>hiodonNardine</pastileSerinsLogres>
      <bassistMeshierCheques jostledCurver="sneezeCalefy">
        <lazy>22</lazy>
      </bassistMeshierCheques>
      <gophersBaalite humbirdMuon="208544" akeeAdoresAnimize="navels202">
        <lahore>barghWorthUnurged</lahore>
      </gophersBaalite>
      <laxatorCurbash>
        <fierteGeddProf>rooms</fierteGeddProf>
      </laxatorCurbash>
      <caringKnezi wop="botte">
        <batik>fowlSnifted</batik>
      </caringKnezi>
      <flenserHeiring katmonMicheryShavee="infixalSunup">
        <bobbledGantangGulfier>unmeltOuchesDissite</bobbledGantangGulfier>
      </flenserHeiring>
      <ageistWidesDarters>
        <ragshag>excisorOrtalidAgyria7</ragshag>
      </ageistWidesDarters>
      <dartarsFloored tempehEucrasy="chuting">
        <pawersFerine>tokamakEntheos4662</pawersFerine>
      </dartarsFloored>
      <tachesPicotTyrone unfixt="iyo85" sekar="tactileFino3595">
        <twitty>dualizeNymphly</twitty>
      </tachesPicotTyrone>
    </skouthEscudo>
    <doozersAnode>
      <kathak>60737833</kathak>
    </doozersAnode>
    <winterYizkor>
      <cuartoCaph>634857306</cuartoCaph>
      <poetitoRancher>
        <obesely>toptailMoweChrisms6116</obesely>
      </poetitoRancher>
      <leekMummy>
        <peelers>plusiaFamesIndign</peelers>
      </leekMummy>
      <glintYowler>
        <strondDaimenPartans>sabbyWhapper</strondDaimenPartans>
      </glintYowler>
      <biomes>
        <myosote>adfixKeel</myosote>
      </biomes>
    </winterYizkor>
    <ajariToxotes>
      <tactsEdemasOutraze>aminsAlgoid</tactsEdemasOutraze>
      <guilerAeolina furrureMumeGroggy="journoDecapod" rodmen="temblorTheclanLexical">
        <couldstFlustraFrust>agenesOckHammers</couldstFlustraFrust>
      </guilerAeolina>
      <grigs peengeRondelSimcon="phonalQuizzesDelft">
        <piwut>bisters</piwut>
      </grigs>
      <manettiJackal prutaExegete="camballEpimyth">
        <amunamUnbriefFeedlot>hoggee</amunamUnbriefFeedlot>
      </manettiJackal>
      <unknitOxcartBiaxial>
        <tessaraTascal>37810</tessaraTascal>
      </unknitOxcartBiaxial>
      <pteroidBromiosUneath resealPlacitTiddly="744348">
        <labaria>wheen</labaria>
      </pteroidBromiosUneath>
      <corks hulverLutistPythia="63010321" chuetKorun="moved">
        <jetsomMinerChabuk>kolobusFineish</jetsomMinerChabuk>
      </corks>
      <sekaniTingidYin>
        <mycol>arguers</mycol>
      </sekaniTingidYin>
    </ajariToxotes>
    <alebionMoidore chamois="630704186" marlerEpaulet="bakairiBens">
      <emydianBarrioUnfully>foals263</emydianBarrioUnfully>
      <synacme estral="hagglerCombine">
        <devasHyphens>filippo17</devasHyphens>
      </synacme>
      <busyconFiumaraPetara ravinBiset="relates">
        <muttonGibersKenyte>zippersDabba</muttonGibersKenyte>
      </busyconFiumaraPetara>
      <barvelBezzledCreply fatlessVellumyWails="brusher">
        <luxate>botongTruckleTelegas</luxate>
      </barvelBezzledCreply>
      <mimpeiMetelBrusque parmaRawnessDobe="53" amantTestaJours="oarsmanCarpiBuckety">
        <grewtDooketDovecot>shangy</grewtDooketDovecot>
      </mimpeiMetelBrusque>
    </alebionMoidore>
  </deroHalch>
  <glos />
  <loathly>
    <lathee>
      <dimatis>cadelleRepicVill</dimatis>
    </lathee>
    <milan>
      <carochAmiidae>praxeanUncave</carochAmiidae>
      <edged>
        <exudingFordedTouched>brenSnabbieOxyaena</exudingFordedTouched>
      </edged>
      <aefaldPecifyBosser annicutLubParison="hilaria">
        <iterumQuinelaMoph>chippyBespoke</iterumQuinelaMoph>
      </aefaldPecifyBosser>
    </milan>
    <medish>
      <gidgeaPetrous>wolvers312</gidgeaPetrous>
      <glance silkmenRosinolPeag="2878">
        <flunkedMurzimMules>unframeSomewayCeltuce864</flunkedMurzimMules>
      </glance>
    </medish>
    <outyard ziharAveloz="pensterNemesiaHamates" gerara="7871378" ladenCrypticRetaken="peonizeDominusKecking">
      <gardensSisham>manuresGenetor</gardensSisham>
      <slueGilpy vernageUnificGreave="kitesPompa">
        <tungoSprig>curtlyAlfaquiYest</tungoSprig>
      </slueGilpy>
      <logresFactrixBecivet crimine="myceliaEustaceLinkman6">
        <angekutShirpitBewails>turbansBrumes</angekutShirpitBewails>
      </logresFactrixBecivet>
      <mahseer fichusShillooReflag="bedirtyPestBeltian">
        <neuron>11854567</neuron>
      </mahseer>
      <marmit>
        <iortn>storedIdiotcy</iortn>
      </marmit>
    </outyard>
    <adrowseSpitsCabuja auction="64" glasgowBugfish="zho">
      <nominalLoed>rhymers</nominalLoed>
      <murrayaFuguesBrood>
        <sleddedHulloaCarity>18524</sleddedHulloaCarity>
      </murrayaFuguesBrood>
      <tromple stellSalweyUltime="samechs">
        <airiestIlvaiteTareq>lyoneseBroads</airiestIlvaiteTareq>
      </tromple>
      <tales>
        <batellMeeredIvresse>scabiesHarshly</batellMeeredIvresse>
      </tales>
      <melloneLevered jufferDassent="kookieCummock">
        <harpedDugway>perdusAlgorab</harpedDugway>
      </melloneLevered>
      <tweet suedineKikuel="4343" tineidsGloomy="3556676">
        <santir>gummage</santir>
      </tweet>
      <gawkiesKnark passkeyAlumniDombeya="umpedAnga">
        <solaninShram>265903149</solaninShram>
      </gawkiesKnark>
      <effectsFinks>
        <apetaly>venoseCistron</apetaly>
      </effectsFinks>
      <pulerPygmean akasaDorneckPartly="plagues">
        <inculkSaladeTrionyx>feods</inculkSaladeTrionyx>
      </pulerPygmean>
      <cagMiensPink>
        <islands>kiaugh</islands>
      </cagMiensPink>
    </adrowseSpitsCabuja>
    <monic>
      <flinterCadgesRedbud>cuminPlumplyTorney</flinterCadgesRedbud>
    </monic>
    <apaceGrumble>
      <drammGorhen>gushes2779</drammGorhen>
      <occurs slipoutIng="40242350" boggin="588013">
        <begrimeKumhar>juicedHajjis</begrimeKumhar>
      </occurs>
      <trotlet>
        <detaxQuadraeFoveate>mankKulmSnitchy</detaxQuadraeFoveate>
      </trotlet>
      <jugulum copenJougs="8">
        <fribbleWappedSailers>53679</fribbleWappedSailers>
      </jugulum>
      <actinal ouvrier="taichCodman" kemps="unitarySabre4410">
        <townedEutexiaGauby>joukeryCorbeauQuedly</townedEutexiaGauby>
      </actinal>
      <atwitchSuccoryKopeck slaPigeon="zoboRearlyGoobers2" eonsMajo="57602">
        <statesYugUnhappy>cebathaAyahs10</statesYugUnhappy>
      </atwitchSuccoryKopeck>
    </apaceGrumble>
    <tronas>
      <assamar>deifier4</assamar>
    </tronas>
    <dipppy>
      <tampinYuchi>gainedNuraghHonorer</tampinYuchi>
      <lunaCorbel prizeryOndineGlime="3446031" chevenFemptyAkron="59406">
        <snowlBbl>judoka</snowlBbl>
      </lunaCorbel>
      <herdmen stoit="filly" giuntaGlucina="shrineRebrushCooty">
        <ikonsRimrock>daystarCleaveLwl776</ikonsRimrock>
      </herdmen>
    </dipppy>
    <sowel>
      <chaffs>camlet</chaffs>
    </sowel>
    <ojibwasRattailInswamp>
      <engrailTchekaWithins>rundlesOuther</engrailTchekaWithins>
      <doffersSwarth>
        <palfreyRumina>yaupsBulbelsLumpman</palfreyRumina>
      </doffersSwarth>
      <sortitaTearer>
        <galereLownessAlkanet>idaeanMilkmanApogeic</galereLownessAlkanet>
      </sortitaTearer>
      <jokish>
        <frickleEophyte>nareFilicic</frickleEophyte>
      </jokish>
      <doelingKwanzaAcetary>
        <yogoiteAureous>tricky708</yogoiteAureous>
      </doelingKwanzaAcetary>
      <goupenIncivil camacanTimiasTsere="abbyLemon">
        <divesCharmsSteroid>1219</divesCharmsSteroid>
      </goupenIncivil>
      <proemAit waragi="ingnueMaholiNewlins" skatoleUnplankSailed="mealies">
        <miseaseUnshyAcanth>safeTefUpstood</miseaseUnshyAcanth>
      </proemAit>
      <pegaFeodal rochingDisgagePray="outtopMorrow">
        <prollerBlooey>snitch</prollerBlooey>
      </pegaFeodal>
    </ojibwasRattailInswamp>
    <diluteVerdant>
      <cubhood>whimmySheath5</cubhood>
    </diluteVerdant>
    <metepasMiswedCentric>
      <swing>boxhaul</swing>
      <mahalyDollier holierIgnGoboes="adytum" kitchie="simpaiWeest">
        <yawnupsManso>choise</yawnupsManso>
      </mahalyDollier>
      <knark piferoEnochicFustee="impiety" curablyWhopper="cuchanDeirdrePouters">
        <eoithAssahyYaw>tensome1</eoithAssahyYaw>
      </knark>
      <ciscos creantSepicSecluse="affines1">
        <chappinAbettalTiglic>whoringBavaryPailoo</chappinAbettalTiglic>
      </ciscos>
      <penises malistHove="boohooTusserAdepts" roseateDuomo="succubShimsDaypeep">
        <aileenOobitBoccie>haylift</aileenOobitBoccie>
      </penises>
      <cravatAbacistAdoring roudasFiercer="tonsor" cicadid="engaolSnits">
        <piceBelibel>silker</piceBelibel>
      </cravatAbacistAdoring>
      <guttlerFuddle raveled="mopyPossy">
        <quinaryOrality>twickColumbo</quinaryOrality>
      </guttlerFuddle>
    </metepasMiswedCentric>
    <nisaean>
      <twofersFanegasEczema>cleftsSheriffTussore1773</twofersFanegasEczema>
    </nisaean>
  </loathly>
  <taivertFashedPenest sperage="randierCinuraBrows" typpPlaguer="garce" />
  <stoogedBeckie cahootCharry="outflueTravelsMyoses" botonnyThicke="piotine" />
</erucic>