<?xml version="1.0"?>
<volentBerretGuessed>
  <bloats>
    <spackleReforgeWellmen>
      <eddishVibrant>101</eddishVibrant>
      <fantasmGagaku>
        <piaffedMauserChabouk>abider</piaffedMauserChabouk>
      </fantasmGagaku>
      <rowensMorule attics="nighedSylvansBlind8" troakAgistedOverfat="pahariaRetdAfshar">
        <shikaraPaversLagunes>divert</shikaraPaversLagunes>
      </rowensMorule>
      <kozukaWhsleSike crownalTalcherCoking="benumbRecoupsCalp">
        <macabi>canaliGrubber8548</macabi>
      </kozukaWhsleSike>
      <shoolAubadeDampest tublet="4242250">
        <reweighOutslip>10699431</reweighOutslip>
      </shoolAubadeDampest>
    </spackleReforgeWellmen>
    <conveysRules>
      <bodikinLacepodVetust>hailed</bodikinLacepodVetust>
      <cadmicDeiparaEffare cladineWajangAdv="8" culgeeLunger="mouchesGotched">
        <bedwaysEtagre>niggledArboralKennet</bedwaysEtagre>
      </cadmicDeiparaEffare>
      <reagan>
        <radicesTerse>82480</radicesTerse>
      </reagan>
      <poochCloningGyrons>
        <slotmanLoomerRincon>kthibh</slotmanLoomerRincon>
      </poochCloningGyrons>
      <pet>
        <ges>653415</ges>
      </pet>
      <acinic>
        <sophemeCern>crabberApyoninJasey</sophemeCern>
      </acinic>
      <pectoseOrtman boraxStoke="sipage">
        <insipidPelts>6280187</insipidPelts>
      </pectoseOrtman>
      <corcassCoralla>
        <cindieExolete>kenteMondays4671</cindieExolete>
      </corcassCoralla>
    </conveysRules>
    <imp>
      <jarldomBrikeTowbar>sherpaBulking</jarldomBrikeTowbar>
    </imp>
    <timed prokerKapaiLyken="32007" spair="sauteur">
      <calili>gameteEmotes</calili>
    </timed>
    <prancerBegohm rekhtiAkepiro="8">
      <codeineSassan>574</codeineSassan>
      <sucury cupfulParazoaMaxima="loungesPhocoidVergi">
        <ambers>smirchAtavismHead</ambers>
      </sucury>
      <jinnZincs size="stereoLardon" solv="whelped">
        <haloes>civilerWatt</haloes>
      </jinnZincs>
      <ringsPammentRestant>
        <flubJubili>quoins</flubJubili>
      </ringsPammentRestant>
    </prancerBegohm>
    <sestetBirma>
      <lumbarsDrooledAnimism>stoush</lumbarsDrooledAnimism>
    </sestetBirma>
    <subgyriTanglesStrome>
      <gurniad>pieceLamdanRokeage</gurniad>
    </subgyriTanglesStrome>
    <silurus povertyBringedFulgour="lobale" strawyUnnasalRepound="67" vinitorProvers="capaxLenapeSpathe">
      <relapseLechweLots>buhlsYarphaAcopic</relapseLechweLots>
    </silurus>
    <gaizeGalPopped>
      <courtinTelevox>cleftedOxymoraSawyer</courtinTelevox>
      <rex giglotsCrambid="darinPajockCreches" trior="essency">
        <canKexAfgod>569595723</canKexAfgod>
      </rex>
    </gaizeGalPopped>
  </bloats>
  <foyerGulchIntent santal="sldAddio7813" wifedNext="cushagAngekok">
    <uspokeModenaTrysted subhero="dimbleLividly">
      <yardingUvid>value</yardingUvid>
      <sobbedHypoidGoaded sociate="sinhsStetsonWonky">
        <splashsBefist>gabbackFraySuppos</splashsBefist>
      </sobbedHypoidGoaded>
      <mornUnshop>
        <flowsBreamedUmbers>7710</flowsBreamedUmbers>
      </mornUnshop>
      <otozoum>
        <quam>squiret</quam>
      </otozoum>
      <preemptTypicon>
        <algic>nayarit</algic>
      </preemptTypicon>
      <emptioTranse graze="islandPlatly">
        <muricidUnafire>glovedTushery</muricidUnafire>
      </emptioTranse>
      <cystoidBeeherdTineal>
        <tess>uayeb</tess>
      </cystoidBeeherdTineal>
      <urus dextrer="1" owrelayBibbing="8742535">
        <unoften>hyppedCoaxerBotoyan</unoften>
      </urus>
      <waggonsEyebeamBaratte longuesStalag="furoleClunks">
        <emperil>75380</emperil>
      </waggonsEyebeamBaratte>
      <unsold>
        <iguania>36847</iguania>
      </unsold>
    </uspokeModenaTrysted>
    <magpiesSixthUnpale crankerUnplank="steererFanamCyanin">
      <doorboy>bungleUxoris</doorboy>
    </magpiesSixthUnpale>
    <flatcap endrinBelugasBonk="weilang">
      <bindlet>766</bindlet>
    </flatcap>
    <guidons>
      <sandboxMossesSemikah>beadletFurnage9</sandboxMossesSemikah>
      <unwildBienttCommon hippoidSwales="268304" corita="89468607">
        <leptomeNigrifyBaignet>iowaGuaninsCulot</leptomeNigrifyBaignet>
      </unwildBienttCommon>
      <prutotSkeined>
        <baybolt>91</baybolt>
      </prutotSkeined>
      <unrra>
        <engraceFishy>lufferYukeEngraff</engraceFishy>
      </unrra>
      <cockshyBrucine tuck="goldurn52">
        <ratify>unzeLaidly</ratify>
      </cockshyBrucine>
      <leapersUnmaker whemmelUvateHuskers="sclav793" boylasPrehaps="emperilDishyChetahs">
        <squailsBagful>96598118</squailsBagful>
      </leapersUnmaker>
    </guidons>
  </foyerGulchIntent>
  <jocasta>
    <balasFraeLatens>
      <vaagmer>biontUndog</vaagmer>
    </balasFraeLatens>
    <royetHays>
      <peaks>89596</peaks>
    </royetHays>
    <edwina alteredCinch="verbifyHowlite">
      <africanSaxhornHastif>slain</africanSaxhornHastif>
      <dalethsBartramEleme spumonePuttsFiscals="khamsin">
        <aginRamaism>komatikErastusSkys</aginRamaism>
      </dalethsBartramEleme>
    </edwina>
    <rictus stylePaizing="cassidaBaetuliBagnut">
      <daemonsDiastem>335353</daemonsDiastem>
    </rictus>
    <jesteeSquinty balladDerivesLairy="eroticEvadneChannel3574">
      <duffiesPoshly>4139</duffiesPoshly>
    </jesteeSquinty>
    <aspreteHostel>
      <aguada>wabberBataanCircus</aguada>
      <extaticAidanceKiddish tonette="92689619">
        <kye>tawpyBudworm</kye>
      </extaticAidanceKiddish>
      <clypeusDesmids popian="7774915" bedustChandui="khatri">
        <tilaks>cruisePolewigMam</tilaks>
      </clypeusDesmids>
      <burnedUnskin scena="pawnors">
        <amalicAfrit>gester</amalicAfrit>
      </burnedUnskin>
      <paizingYuppie smartedPoralGandum="vomitsDrublyAred594" enent="prudentInfuses">
        <buncoed>ampyx</buncoed>
      </paizingYuppie>
      <ryasFuidhir didicoyBathmatEpaule="daysFlawfulLoony">
        <lummoxClasp>venges</lummoxClasp>
      </ryasFuidhir>
      <subfileZaffirCyke cessantPunchyEchidna="829847">
        <poryPrimage>ostreaRodsmanPlaners</poryPrimage>
      </subfileZaffirCyke>
      <dielikeInbeingGageite>
        <vasconsVenin>phocean</vasconsVenin>
      </dielikeInbeingGageite>
      <craggyHeydey>
        <sparesOrbs>892</sparesOrbs>
      </craggyHeydey>
    </aspreteHostel>
    <flitWaragiSilures thecoidVeritasGyrosyn="yohimbeFieldieBrunet">
      <duntleKormaGiaour>rumbasUterineObelize62</duntleKormaGiaour>
      <tailory bilatiWoods="ency">
        <stride>precel105</stride>
      </tailory>
      <whissTapioca>
        <testacyUpridgeLipic>nuggetyFarfaraWindz4</testacyUpridgeLipic>
      </whissTapioca>
      <cynipid>
        <cummer>argufy3</cummer>
      </cynipid>
      <muse>
        <pesade>cuspGruffly</pesade>
      </muse>
      <wicopy kinlessChowing="59531352" yarningTicklesQuilted="nestyShiers">
        <storer>iffyDickiteSexton</storer>
      </wicopy>
      <fiordedUpstealJamb>
        <dildoeRetradeConoid>nestlesBaalist</dildoeRetradeConoid>
      </fiordedUpstealJamb>
    </flitWaragiSilures>
    <aholtKerriesFilmdom secernAttabal="bilders" exclaim="9452111">
      <latheryUntelic>remimicJamaLegific</latheryUntelic>
    </aholtKerriesFilmdom>
    <freenOle>
      <rebore>wereass</rebore>
    </freenOle>
    <twibils>
      <snagsAglintMascle>smotter</snagsAglintMascle>
    </twibils>
    <agaveTasker tenuateCanaba="stoepHugy" peat="422">
      <unurnedStegh>suerte</unurnedStegh>
    </agaveTasker>
    <novumZarnecMiladis>
      <mewingWarrish>afeardHinch</mewingWarrish>
    </novumZarnecMiladis>
    <kuaBaddestChape>
      <votableAdjunctZee>dongola3412</votableAdjunctZee>
    </kuaBaddestChape>
  </jocasta>
  <babus tibiae="195" limpish="mignonsReruns" />
  <tearing vein="4451655" carafonWattisTines="dawdles" vendueZechinsCursive="leafdomUnsaferPricket" />
  <brumousPunters gnatooZande="apogeal185" glent="doodlerFumes3">
    <vergentVertMonied>
      <ferulicMiscite>mitis73</ferulicMiscite>
    </vergentVertMonied>
    <chane>
      <azotinPortioManitou>agaspBetoilAttache</azotinPortioManitou>
    </chane>
    <frounceBarger>
      <subness>plowterYuccas</subness>
      <bosqueZaddick>
        <fusure>asperWalterLactide</fusure>
      </bosqueZaddick>
      <furivaePilawAeolist obit="kwanPuttan3043" karling="letchyAskosModus">
        <riotersAbattueEpigene>decanol</riotersAbattueEpigene>
      </furivaePilawAeolist>
      <goombayHosels commo="skyThwack" unact="sunland5012">
        <mundariGirkinTatamis>76</mundariGirkinTatamis>
      </goombayHosels>
      <oxeyesMummers>
        <tripletRehiredUtchy>cuppy</tripletRehiredUtchy>
      </oxeyesMummers>
      <mochaCombineSap liesSafelySuccous="30">
        <unit>lacernaMiniousFeatish</unit>
      </mochaCombineSap>
      <cacanHallboy rivMacaboyVina="10856121">
        <popshopKoipatoChawing>18</popshopKoipatoChawing>
      </cacanHallboy>
      <augends>
        <carolanUndergoSulphas>scyeDivotsGuanyl</carolanUndergoSulphas>
      </augends>
      <newingsCopymanSulked>
        <squawsWartsXeres>kendnaConster273</squawsWartsXeres>
      </newingsCopymanSulked>
      <metraEvited>
        <snurl>sorobanEnscene</snurl>
      </metraEvited>
    </frounceBarger>
    <fondouk>
      <misdealBirdy>53981</misdealBirdy>
    </fondouk>
    <dalerBrigand>
      <battlerCucule>cannoliSamucuNewgate</battlerCucule>
    </dalerBrigand>
    <illamonPees>
      <pallasViminalTrammie>mildredNobler</pallasViminalTrammie>
    </illamonPees>
    <margentTethers>
      <ampuleSanesPicture>verdeaPoney14</ampuleSanesPicture>
      <furlanaUpfill deveMalagmaQed="eosideKrubis7">
        <withnim>alalus208</withnim>
      </furlanaUpfill>
      <plockBim>
        <leon>rielPelletsFussers</leon>
      </plockBim>
      <corralsSuddenForseek>
        <yakamikHanaper>pleuronBudlet</yakamikHanaper>
      </corralsSuddenForseek>
      <holing cowpoke="420906995">
        <sokeFlocker>grizard</sokeFlocker>
      </holing>
      <ischuryOutflyInheres refreitCodenPostals="dhoolyCanyonsHonest">
        <fires>tatteryCunzie559</fires>
      </ischuryOutflyInheres>
    </margentTethers>
  </brumousPunters>
  <sunniah imelleBuxerrySpiff="turkanaReamed" lop="defog478">
    <sotolsNippingSodwork strumas="charterSougan" lakyBiogMired="curtaxeDiploid3628">
      <woldyCradlerFussock>bannack</woldyCradlerFussock>
      <tenoursNiccoloAngelon>
        <dagesh>63</dagesh>
      </tenoursNiccoloAngelon>
      <kachari alphyls="777348">
        <gumbos>regrate</gumbos>
      </kachari>
      <stokedPostic ashir="551310618">
        <mallearCornsEmptory>waveryJungleJameson</mallearCornsEmptory>
      </stokedPostic>
      <denariDenyer gaussAkeakeTotum="3592172">
        <battish>ronnelTract</battish>
      </denariDenyer>
      <redefyMohawks squissKokoAirthed="cacheHadjiManage16">
        <hormonePixAmomal>platerScorer</hormonePixAmomal>
      </redefyMohawks>
    </sotolsNippingSodwork>
    <epicismLaxismProd>
      <buggiesCrams>rantismEddoes</buggiesCrams>
    </epicismLaxismProd>
    <minniesForeby>
      <turkey>rampingHaem</turkey>
    </minniesForeby>
    <dawdlesOufAmbrica>
      <tartarWadis>obelismStaggy3</tartarWadis>
      <treaclyCunetteSpial minded="joukedLagersMoiety">
        <pirotPfx>270354075</pirotPfx>
      </treaclyCunetteSpial>
      <eringos hookDryfarmSoundly="joinersCivieGutsily" utricleTchiTheism="1">
        <taluk>prosishIodideTunney1358</taluk>
      </eringos>
      <miffsGiojoso>
        <wace>37</wace>
      </miffsGiojoso>
    </dawdlesOufAmbrica>
    <weentJoys remitsSterol="1">
      <bemistSpodiumTepa>slish</bemistSpodiumTepa>
    </weentJoys>
    <beezersDev>
      <kerchug>lowyKisraCabbed</kerchug>
      <cunyeYadimAlroot sing="pomaryMoop5" bardashFructedTonous="rundale">
        <calorisMisbiasMarcite>peeCuraSevere71</calorisMisbiasMarcite>
      </cunyeYadimAlroot>
      <rasersFrogeyeRoomer revsDigressEmbelic="wisureNunquamCatwood">
        <muterMusitGecking>305496</muterMusitGecking>
      </rasersFrogeyeRoomer>
      <younglyEmil>
        <mussier>atrialAchiganGestes</mussier>
      </younglyEmil>
    </beezersDev>
    <laquear paybox="peins91">
      <sabaismGemmeryEluvies>fabledFolding952</sabaismGemmeryEluvies>
    </laquear>
    <thieflyJaghireEvelong>
      <elechiSkatolHave>scutchAcocotlCust</elechiSkatolHave>
    </thieflyJaghireEvelong>
    <chemung>
      <seqence>acerinSitcom</seqence>
    </chemung>
    <caskNoduli>
      <henbits>apianSoarers</henbits>
      <vacuistMadmen physHilsahKojang="bowsedFouett" vexersGarniUnmeted="artly">
        <sachets>chlore73</sachets>
      </vacuistMadmen>
      <cundHogbush>
        <plumulaTourt>blazer</plumulaTourt>
      </cundHogbush>
      <egrettaParvuli sycock="deseretCharmer" bealingTornado="240">
        <teenfulTariri>castles</teenfulTariri>
      </egrettaParvuli>
      <burntExodium leveche="clites">
        <lenoTringleRasion>kronurTechies</lenoTringleRasion>
      </burntExodium>
      <doglegsVamoseAgnize idrosis="2032">
        <trollSadhana>tjositeBraingeBalmony</trollSadhana>
      </doglegsVamoseAgnize>
    </caskNoduli>
  </sunniah>
  <mysostsAbedeHarish barytic="98358138">
    <oughGrinny pigwashPuererMasses="pergola" gibbous="snooperPrimpDungier454">
      <aghan>19</aghan>
      <flickBastian birriAmedeo="880717520">
        <looneyPullock>cariole</looneyPullock>
      </flickBastian>
      <pilulaAbider cobitisTearyAmbries="hawkey">
        <hematidKhanjarStares>unbaseAugen</hematidKhanjarStares>
      </pilulaAbider>
      <ceibo rebore="boskageYam281">
        <gashesAmuses>hainedScreams</gashesAmuses>
      </ceibo>
      <grailUproot phytinsMoleismVil="658657" snicketNits="1">
        <tangramSlokenSubsept>croisadIagoParotid</tangramSlokenSubsept>
      </grailUproot>
    </oughGrinny>
    <muras>
      <stanedFroglegElve>fibrine</stanedFroglegElve>
    </muras>
    <gipons>
      <pituitePropago>proverbPates</pituitePropago>
    </gipons>
    <almsman blurt="marlinsRebbesNumbs" elusion="74723">
      <torridEyedot>hostessGeddDecenyl</torridEyedot>
      <folkmotClitHulloas>
        <slarthVigorCandiot>bicker</slarthVigorCandiot>
      </folkmotClitHulloas>
      <cochinBenzoinFating rhamnFianna="emusiveCates">
        <nephews>59898442</nephews>
      </cochinBenzoinFating>
      <salvoes cronusEver="unsweat61">
        <wolfishCamelsBeinly>852341585</wolfishCamelsBeinly>
      </salvoes>
      <taros anoplaKitting="ductule">
        <triperyMappingCluniac>8077</triperyMappingCluniac>
      </taros>
      <overlowCillPrases cysteinFlewSalay="chiruSnawScorkle" others="wieniesKinos">
        <leches>heaven</leches>
      </overlowCillPrases>
      <dele riataDuennaExpert="halosTolylsGurnet" sedang="enwraps">
        <muggier>alidada</muggier>
      </dele>
      <uveiticMetopic helperEosinsHobble="cherteDayal" denarMien="686973569">
        <sethianPollerDeringa>secondiSlayingOutlean8442</sethianPollerDeringa>
      </uveiticMetopic>
    </almsman>
    <bewhoreGybeResides>
      <reno>6</reno>
    </bewhoreGybeResides>
    <pharynxBagnutWined>
      <turksUswardsEatings>bimasMohegan</turksUswardsEatings>
      <exilicWintry moe="peruleDirian65">
        <megaradSquaccoCyclase>sifePinnal</megaradSquaccoCyclase>
      </exilicWintry>
      <deringaHyleAminate danishToity="pyrusZygotic" boatelsDerryBkpt="chkfilKhojah">
        <frithFitty>anima</frithFitty>
      </deringaHyleAminate>
      <reginasChakarStolons metayerVerzinoParmack="downyMar" glacifyKneeingFerulic="untewedMemnon">
        <diamyl>byelawsPerchTanner</diamyl>
      </reginasChakarStolons>
      <coadapt thereupUraline="chaksi">
        <perates>goglets</perates>
      </coadapt>
      <souledWelcome ragedMermaidFurores="untunedResawed" curetsSafiniMinie="genitalUracils">
        <osmesisFstoreInduing>stichoi842</osmesisFstoreInduing>
      </souledWelcome>
      <dappedMaintop>
        <pariahs>brum</pariahs>
      </dappedMaintop>
      <astrainAcetaryBateful attireHarb="haytimeAdipylEffront">
        <itsyMildewsPassout>41897375</itsyMildewsPassout>
      </astrainAcetaryBateful>
    </pharynxBagnutWined>
  </mysostsAbedeHarish>
</volentBerretGuessed>