<?xml version="1.0"?>
<aeolicThyrsus>
  <aphoticDacron graver="970323761">
    <heavensNun>
      <biogasAlohaRevie>phocian</biogasAlohaRevie>
      <unopenPurslet gibbing="sorgoBoppedWesters" mustardLongus="gaveletStubbed">
        <banandeCatboat>shrabUnlimed</banandeCatboat>
      </unopenPurslet>
    </heavensNun>
    <velvet>
      <gaoledAusubosBelait>dharnasSlidage</gaoledAusubosBelait>
    </velvet>
    <gaultsLoxodonBhikshu>
      <pole>platoUnhillyFipples</pole>
    </gaultsLoxodonBhikshu>
    <emmerMelanicLiparid>
      <hectareWaffiesQuilkin>feminal7866</hectareWaffiesQuilkin>
    </emmerMelanicLiparid>
    <growledHogwort diecaseBlowupsBavette="866158" rangingCawingEtiam="jemimaDurSteed">
      <coaters>stadesRebathe</coaters>
      <stiffsAldayFoveola thiazinWorralAnight="tabours" plaiceRuruOaks="hapaleMagenta9322">
        <millmenAdielBagwigs>dharma</millmenAdielBagwigs>
      </stiffsAldayFoveola>
      <albinalQuininConvito nagsItemise="orion" wayaoKierLimital="epitelaFilices">
        <orraStylo>ladangJingleFreaks</orraStylo>
      </albinalQuininConvito>
      <pumpersVitasti setupEnraptsSodium="cirrusMydausDiff" mammateVikingRiddles="4105807">
        <spyrosDitchGaiassa>meles</spyrosDitchGaiassa>
      </pumpersVitasti>
      <shrug>
        <parvuliSht>caranxStets</parvuliSht>
      </shrug>
      <sarcastAnura>
        <segueKingToling>preesShant</segueKingToling>
      </sarcastAnura>
      <merd miauler="mattaroDooja">
        <ebraickPlagueyChakobu>serversWynne</ebraickPlagueyChakobu>
      </merd>
      <fifing>
        <onboardSenegas>makuCreepyTelopea</onboardSenegas>
      </fifing>
    </growledHogwort>
    <boralCelite>
      <cableseFubsierStemmy>stourlyWoolenRebuke</cableseFubsierStemmy>
      <manlessEmotedSkink>
        <tindersResorbSpat>412</tindersResorbSpat>
      </manlessEmotedSkink>
      <kiboshPinasRellyan castedVenomed="vaguioMatchMiscues">
        <stoury>swa</stoury>
      </kiboshPinasRellyan>
      <unletUptie flybaneHoaredGenetic="ruxShairds15">
        <jour>740</jour>
      </unletUptie>
      <siltingGarsil sottishWendi="htsGleaner" zaramoShirred="varkasPatsy">
        <helmsMeldsPeltae>pansied</helmsMeldsPeltae>
      </siltingGarsil>
      <bethump>
        <niduli>upwells</niduli>
      </bethump>
      <hunJobsonJapan weentLiman="moterCeibas" avanceMazeOpacity="bipacksOriansSwami">
        <breveteGhaffirWatts>23</breveteGhaffirWatts>
      </hunJobsonJapan>
    </boralCelite>
    <viroses>
      <hexagynHyaenidMisborn>mockersTrottieTahina720</hexagynHyaenidMisborn>
    </viroses>
    <crabs stupent="bidriPaegle" morselNodulus="cymolRearoseChopper286" shaughBasions="lerretPresesScolb">
      <erratic>ashwort</erratic>
    </crabs>
    <guserPoplinWhiffet siftersDrossy="spheralHebamicHaiari" stageyShackos="woodierMiddlerRerose">
      <bnfKoodoo>dortsHenpeckKlatsch8626</bnfKoodoo>
      <hexineAmasses moulvi="ipomoea">
        <popessVajra>nogai</popessVajra>
      </hexineAmasses>
      <yapness grylleKavas="snibelFudgy6426" dictyLagoon="6731">
        <tanrecsZimmis>toothsRanales</tanrecsZimmis>
      </yapness>
      <pasang>
        <lysineStopper>17703596</lysineStopper>
      </pasang>
      <views doucelyAddy="bemiresSpermZostera">
        <acedia>beinlyPorions</acedia>
      </views>
      <palmar ghborIvanCaser="razeUralium" vowelsSlurban="durrin">
        <zequinSternum>teemfulCitrusMurther</zequinSternum>
      </palmar>
      <wasnHaemArrises>
        <defyAswayGambes>snoops300</defyAswayGambes>
      </wasnHaemArrises>
    </guserPoplinWhiffet>
    <canzosPangweQuiddit>
      <chookGayestAneroid>argante</chookGayestAneroid>
    </canzosPangweQuiddit>
  </aphoticDacron>
  <fairily modernsRedroveCoppers="pugdogMargay">
    <demodedPeens>
      <situalHoping>angulaThudChallis</situalHoping>
    </demodedPeens>
    <sainingBraker>
      <maughSquaredArent>mimedGreg</maughSquaredArent>
      <gomlah trama="pinworm3">
        <grinnieScabble>cyclosSpinsCharrs</grinnieScabble>
      </gomlah>
      <gpsCracklyRiflery splaySalomon="stakesCircles">
        <honedPelops>overgun</honedPelops>
      </gpsCracklyRiflery>
    </sainingBraker>
    <shaleeTruancyVexedly troch="62" dickyLambda="554161" lewd="gecko7">
      <lairRattrapRecumb>cubby</lairRattrapRecumb>
    </shaleeTruancyVexedly>
    <letheLuxesTaos>
      <armenic>modal</armenic>
      <scrawly tittlinIsopoda="76742">
        <aroMimus>guidesBrayera</aroMimus>
      </scrawly>
      <tumultsAubin fizzer="dalSlooshGroined" gauraSobbersTeenier="curchef5">
        <unwheelLengths>kryptonScarpa</unwheelLengths>
      </tumultsAubin>
      <dees livorAhypniaCricked="fixage" friezesTabacinUnjuicy="adageBurrelPollee3">
        <easeSplinesGrizard>hirer</easeSplinesGrizard>
      </dees>
    </letheLuxesTaos>
    <brere jakoCorpseCumenyl="donutsCreemScrat" pastorRheumy="803821" encrispBeraked="233358380">
      <quetschBecomes>74105756</quetschBecomes>
      <breirdAngkaDiamins bekah="hameltCpt" kelpsPappierCrottal="prillsKyloDoer">
        <soleaArrived>4075</soleaArrived>
      </breirdAngkaDiamins>
      <pipa foussaWaubeenVulgare="sintoc7" wendy="kingdomZonatedArmers">
        <angsts>amulet</angsts>
      </pipa>
      <bowelPoufAdempt alodianSpute="5020" babistShivySlive="952023">
        <nectronCypraeaAmakebe>9136</nectronCypraeaAmakebe>
      </bowelPoufAdempt>
      <aureliaTelevoxUnpray>
        <cocker>368242690</cocker>
      </aureliaTelevoxUnpray>
      <taberedMir suchosCoulee="hoopmen" saddik="physcia">
        <basilRockatKayward>burls420</basilRockatKayward>
      </taberedMir>
      <iced aculeiSerowParti="7224" mudderKathalVisards="808">
        <egriotCroukeArisard>18921636</egriotCroukeArisard>
      </iced>
      <lawAssizes>
        <swipingMerci>bialy</swipingMerci>
      </lawAssizes>
    </brere>
    <glueyTaredAlpid boniataDahmsViandry="tiglicUnfusedEuvrou" dredgedGyne="savior">
      <rebososEgested>13</rebososEgested>
      <aes limpish="1710">
        <jinxes>molucca</jinxes>
      </aes>
      <oximesAchill loveful="8" centra="kanae">
        <bellon>courlanObelial</bellon>
      </oximesAchill>
    </glueyTaredAlpid>
  </fairily>
  <eczemasAles />
  <cottrelHurkaru rantersConey="daystar" emraudCornageMotels="stratiCupular" callanNeedn="6486061">
    <bummleAxons>
      <ouzelRuddockLopeman>enraptsInverts9640</ouzelRuddockLopeman>
    </bummleAxons>
    <ffaOuttoil>
      <oustitiAgoneForgie>coohee</oustitiAgoneForgie>
    </ffaOuttoil>
    <shalee>
      <mulleinAcquistBegarie>equerry</mulleinAcquistBegarie>
    </shalee>
    <moormen>
      <outbowGauzilyMaholi>joinderHorstes</outbowGauzilyMaholi>
      <bonnie>
        <bawling>shankMidgetEbcdic</bawling>
      </bonnie>
      <satietyMatka snorter="barbary" lagan="armadoSirop">
        <enhalosMusumeeKiki>noteman</enhalosMusumeeKiki>
      </satietyMatka>
    </moormen>
    <didineReadsNol>
      <albinesChondri>fohnsWildingIntake</albinesChondri>
      <midgetsRecessBallan>
        <glitnirHippySerenes>rabbitsGenio747</glitnirHippySerenes>
      </midgetsRecessBallan>
      <senegalLubaLemmon>
        <chasingAscitb>hairst</chasingAscitb>
      </senegalLubaLemmon>
      <kipsRebuses>
        <wanelyEgenceTabloid>18040018</wanelyEgenceTabloid>
      </kipsRebuses>
      <clines outeatNimblySussy="1615144">
        <crowhopFunctor>69</crowhopFunctor>
      </clines>
    </didineReadsNol>
    <exodium>
      <upwaftWealth>sulfiteHartallHobbly</upwaftWealth>
    </exodium>
    <pausersCoenla>
      <novoPulvSubgit>sulks</novoPulvSubgit>
      <klezmer huacaSicked="tolly" haptene="tampalaCheeZirak52">
        <alcorHerbish>tiptoesPaopaoMorcote</alcorHerbish>
      </klezmer>
      <trowie>
        <agcy>quilletAsprete36</agcy>
      </trowie>
    </pausersCoenla>
    <opifexBurry rubidicWabron="nazimGenesisGrunt">
      <vishal>seabankSareVagient10</vishal>
    </opifexBurry>
    <yodlingCapered unwilyAdeleaChrisom="nobis" nahum="35">
      <thicketTenners>dedanimRebeginAnaces</thicketTenners>
      <vesbite>
        <acronyxValgoidTerpen>birdiedEpinaoi5</acronyxValgoidTerpen>
      </vesbite>
      <auntyDisruly pralineAnoa="kneed568" luctualTureens="841">
        <kintryDonmehMiglio>ontario</kintryDonmehMiglio>
      </auntyDisruly>
      <citrusViewyHaloids axisesStoun="coarbPillShelvy">
        <affloofGarooMissis>chindiPrise1</affloofGarooMissis>
      </citrusViewyHaloids>
      <koeriTsarist>
        <vallarRechose>nosegay</vallarRechose>
      </koeriTsarist>
    </yodlingCapered>
    <ribosoCards>
      <probityVale>couterAnapesWilli</probityVale>
      <snivelMarbledSaudi>
        <silicicMoodierBulimia>4115</silicicMoodierBulimia>
      </snivelMarbledSaudi>
      <cordax banians="gauClombManser" dobbinNonplus="morPlashedXiphias">
        <lexicalZootic>latomiaParbleuDubbins</lexicalZootic>
      </cordax>
      <feddans>
        <doven>mavieReveredOctavic</doven>
      </feddans>
      <prependDjukaSwick kilting="gryphonTouche76" egolCourbeWimick="3624499">
        <cheaposZoeticLitu>diluter</cheaposZoeticLitu>
      </prependDjukaSwick>
      <kanapColony unprimeTheronMarnix="samaj" calverLamestPinatas="skippetReetamTickers158">
        <farciedSlyer>funkerUnsnap</farciedSlyer>
      </kanapColony>
      <abludeWeaningMeccas>
        <chizzelJoggled>decamps</chizzelJoggled>
      </abludeWeaningMeccas>
      <elapineBilkis sadoEtherinTheroid="curlily2149">
        <homeridAjowans>sulksTastes728</homeridAjowans>
      </elapineBilkis>
      <spitkit>
        <storiedUpscrew>foreactUnwadedGavials</storiedUpscrew>
      </spitkit>
      <ganguesOkruziSomet>
        <caraco>thwack</caraco>
      </ganguesOkruziSomet>
    </ribosoCards>
    <weewowJammedKunai kurdish="scatted8">
      <battierMestizoAmurru>vendeesJurator</battierMestizoAmurru>
      <toomlyGradingHelped>
        <soapingHousal>gurneyCorsair</soapingHousal>
      </toomlyGradingHelped>
      <iodized>
        <diorism>waywornNumble</diorism>
      </iodized>
      <blereSplints>
        <wienersForeign>seor</wienersForeign>
      </blereSplints>
      <hydriadStreeksHeiau>
        <whap>quallyMarkupRoar8398</whap>
      </hydriadStreeksHeiau>
      <upridgeHayrake>
        <jeeBlackie>onzaGildNosairi</jeeBlackie>
      </upridgeHayrake>
      <panzersKhadis komatik="radios" pygmean="runklyGoldingPeerie175">
        <acushlaHexace>martialKalifsBrier</acushlaHexace>
      </panzersKhadis>
      <sensalDunk ingangKhellin="364562" trompeSloke="overfedPolls">
        <hammerBaskerClonic>887644438</hammerBaskerClonic>
      </sensalDunk>
    </weewowJammedKunai>
    <avarAiolis doubts="hitless513">
      <strolldRyes>8104</strolldRyes>
      <orpheusTahsinScrow eunomySkewer="arcticDieticWeaves">
        <bagpipeKingFeet>recharKnurls</bagpipeKingFeet>
      </orpheusTahsinScrow>
      <derve>
        <mollyEnemasEspec>burlersFearfulNonrun</mollyEnemasEspec>
      </derve>
    </avarAiolis>
    <elling tungateDunsSundra="yerbPayolasWapping" zionismLeys="aillt" hoiseBoombox="durenolGawkers">
      <hippyStope>edison</hippyStope>
      <shimei>
        <calm>kanukaGoodbys</calm>
      </shimei>
      <shogglyRehayteBeignet gaucherInion="lobbed" bovidsOvolos="7926879">
        <synced>128479</synced>
      </shogglyRehayteBeignet>
      <wavyYwca lemogra="snideryHelioTiwaz">
        <tuzaRocking>ovate</tuzaRocking>
      </wavyYwca>
      <eomeconMungofa kamassi="upbid" ragwormBoat="driver3067">
        <opilia>teleutDods8421</opilia>
      </eomeconMungofa>
      <samechsCyranoCruets>
        <lalo>5</lalo>
      </samechsCyranoCruets>
      <shengCarlineWillied rohilla="5993" cutbackGashed="pampeanBablahQuaitso7467">
        <cahokiaPaviser>milkenMaguariPapaws</cahokiaPaviser>
      </shengCarlineWillied>
    </elling>
  </cottrelHurkaru>
  <mos cgmDrawn="assamarRedare" exuviaNurled="ionizesGoy" />
</aeolicThyrsus>