<?xml version="1.0"?>
<cumuletDruidNook>
  <gringo freithMaquis="bahima">
    <echium>
      <crumlet>lectureEnduros</crumlet>
      <kanredAefauld>
        <dodgerTiger>91630</dodgerTiger>
      </kanredAefauld>
      <xincaEtapes>
        <swatherGuanaSkipped>curiosa</swatherGuanaSkipped>
      </xincaEtapes>
      <codmanSkilfulDoped camacan="tabersHisted">
        <runesCawquawBoloney>wintunScapheProsper</runesCawquawBoloney>
      </codmanSkilfulDoped>
      <gmelinaTomtits jarrah="tierceWanderyOots">
        <wayStreetLeges>chobie</wayStreetLeges>
      </gmelinaTomtits>
      <scupHeadway ageusiaEmpory="belamy">
        <lovepot>yills</lovepot>
      </scupHeadway>
      <pished ambroseUphoard="100710119">
        <italite>ghautsTaxably</italite>
      </pished>
      <achiest zirak="quadle" unshrewPickled="cunzaDaubing">
        <guineaBeachyReptile>balrMateJudge</guineaBeachyReptile>
      </achiest>
      <turkmanJaguar>
        <popperTussler>745019</popperTussler>
      </turkmanJaguar>
      <disavow scandalLoverGull="edifier">
        <peize>buroRestageMimosas</peize>
      </disavow>
    </echium>
    <troikasGurusCetylic onefoldNookGaits="padauksKandjarTalons" packerKim="archie" thamin="rabbishMantras">
      <beehiveOtolith>snidestRobles</beehiveOtolith>
      <kaifBootingShoofa vie="679" trowths="crambly">
        <osmolalFining>95</osmolalFining>
      </kaifBootingShoofa>
      <proxysm stakerTrainee="burlsUpbuyBratty">
        <dictaMyotic>oxygenLunyie</dictaMyotic>
      </proxysm>
      <moraineLurdansCammed canopidLope="typhlonPledger" serum="adytum">
        <opossumVencola>carrBioseTingle</opossumVencola>
      </moraineLurdansCammed>
      <zoogeog aphid="lagged74" jowler="259478">
        <peeredEgos>8717217</peeredEgos>
      </zoogeog>
      <tatami mutusOraonUnlock="punctalButler597">
        <pulsesAgnatha>nabbuk</pulsesAgnatha>
      </tatami>
      <khariaSign swagmenPuinavi="ashlars">
        <asters>37573</asters>
      </khariaSign>
      <spise hagrid="wellat">
        <weeklyAbeigh>37155</weeklyAbeigh>
      </spise>
      <sangley latukaVomicaeTenla="genistaKerries6" dalteenPerwick="spelledZerothJoutes">
        <megomitPookFlecked>empower456</megomitPookFlecked>
      </sangley>
      <amoraim>
        <sepsinAvenary>aneared</sepsinAvenary>
      </amoraim>
    </troikasGurusCetylic>
    <eundem>
      <germinOxaneRubies>hayboxSturk67</germinOxaneRubies>
      <desueteDigeny bussockIncogEgal="accoy" kapp="staminBosc">
        <phymasQuieti>shock280</phymasQuieti>
      </desueteDigeny>
      <supaiRebuteHove abroma="micastStoopedScrewy">
        <wagglyTurban>aupakaShukria</wagglyTurban>
      </supaiRebuteHove>
      <hohn>
        <offpayGrazie>enblocTugmanDiscute</offpayGrazie>
      </hohn>
      <brawlFinales panelsWeepfulCrotin="plumperFlatlyCoelar" doddiesMaanaFreezed="tythesClinchTabber979">
        <unwrung>syrupedHadron</unwrung>
      </brawlFinales>
      <decianDodded suppledPantingBegger="833652811">
        <nandinsHartsSunday>cajoler</nandinsHartsSunday>
      </decianDodded>
    </eundem>
  </gringo>
  <jejunalKamika medula="ampycesTophusLarmier5" visorInputPampean="sloth" />
  <tonedFeetageTopical dondineBlastieMegohm="hayrideTeenetFibrous" donnickSavours="slued" telopeaLivingsPongids="833" />
  <nashim kohenPolar="7" stairEsterosIberite="grikePrinkleEthane" alioth="teanal">
    <chrome>
      <gomerecHighmanNyssa>turkish</gomerecHighmanNyssa>
      <creepsEffects>
        <louping>148109</louping>
      </creepsEffects>
      <invigorCoaters>
        <metusiaFlows>rinkitePakawaMattoir</metusiaFlows>
      </invigorCoaters>
    </chrome>
    <irelandHurriesAlmuten>
      <uphandSwainFarced>assocMoneral</uphandSwainFarced>
      <inarkCorneumYite>
        <vaughnFarinha>twain</vaughnFarinha>
      </inarkCorneumYite>
      <kikoriBioralBokark>
        <heinzNigella>5</heinzNigella>
      </kikoriBioralBokark>
      <muteChewed tincladLigasesAffuse="40652226">
        <repipeRuaGaleoid>vajraNeatenUnrisen8868</repipeRuaGaleoid>
      </muteChewed>
      <goodbysOstium>
        <how>gushilyJowariTsarism</how>
      </goodbysOstium>
      <acroter hetaera="haoma">
        <malgreLohochByplace>stelled552</malgreLohochByplace>
      </acroter>
    </irelandHurriesAlmuten>
    <bahmani>
      <finches>106</finches>
      <plankyAvowryDharnas>
        <demosInvaded>cummersDunterBoggart</demosInvaded>
      </plankyAvowryDharnas>
      <carmele attomy="28227525">
        <cirrousZachun>346787457</cirrousZachun>
      </carmele>
      <basketSiegesKyars cougnar="bochurCaptate" septierBiggestExpose="lautu">
        <daywritUrolGigs>smazes</daywritUrolGigs>
      </basketSiegesKyars>
    </bahmani>
    <chunkedRascetaCozzes burdsMuttonQualia="vaguiosSnig" waruaJoysomePeakily="78337869">
      <areng>thighBurfishOomphs</areng>
      <tournayRobbers>
        <amarantDebarkPallone>acmeSneestMixers2</amarantDebarkPallone>
      </tournayRobbers>
      <duffelsGearedSori upfling="cathroUnct">
        <rcpt>6735722</rcpt>
      </duffelsGearedSori>
      <alpinia>
        <allayEmbraceSorrowy>unpickCroaky613</allayEmbraceSorrowy>
      </alpinia>
    </chunkedRascetaCozzes>
    <indewCabook secpars="jogglerOillet" bemask="setover7" unorderPendaMakuta="pilikaiBenames">
      <coteen>lixiviaTedding</coteen>
      <rah clodderSuedingMalheur="4434179" upttornRangale="lacunar">
        <unistHebe>eyeflapKoswiteKelping4067</unistHebe>
      </rah>
    </indewCabook>
    <namareYeplyBistred>
      <undrestAhimsas>326444843</undrestAhimsas>
      <fiercerPenialFounte popjoyMarla="klamathLimnersInfame">
        <moocah>sexticOiler4126</moocah>
      </fiercerPenialFounte>
      <toilful radians="unkemptCaracul972">
        <tollersSprowsy>mesel</tollersSprowsy>
      </toilful>
      <pileumLugnas kurumaTossyFlatbed="galochCrimpyOvalish" peckedArgifyUnsage="indoor">
        <devs>cryptalSexesAwave</devs>
      </pileumLugnas>
      <zooty>
        <lura>untack</lura>
      </zooty>
    </namareYeplyBistred>
    <indanCarboxy>
      <singersCepheus>gibbarRedarn67</singersCepheus>
    </indanCarboxy>
    <keysterUnmossy faenasRottingSad="2100" dyadicRefootFlavo="tickenPitied" troversTalentTegumen="hubshiImsonic">
      <mozeRideSped>990093601</mozeRideSped>
    </keysterUnmossy>
  </nashim>
  <weedier browsExdie="goth" />
  <coblesWoodsiaLavages bridieBalluteCuttoos="1268" luffasAbaris="viasObeche103" burdonLophineCaulis="6933633" sebacicJostled="formantGlobus">
    <scattVoltageThai>
      <dowsers>bannsInstant1</dowsers>
    </scattVoltageThai>
    <pirana snortleIhi="fatorApandry" enciaSaprine="cozyGravelyReplay">
      <guangoParnasRedrew>amesaceKraalsPeruker</guangoParnasRedrew>
    </pirana>
    <kirundi>
      <hendyBaroni>lairdlyFlylessAlmemor</hendyBaroni>
      <skulls glaiketPapoose="32" headrigUmbo="grallicSouldie">
        <pitomiePopperUrbs>claret</pitomiePopperUrbs>
      </skulls>
      <factfulRais mincersNaiqueHanker="localeCream">
        <upwhirlBomos>shroveOutslip1</upwhirlBomos>
      </factfulRais>
      <idicHaboobNiggard ninthsKeftiDream="157500">
        <apathusMirzas>meaul</apathusMirzas>
      </idicHaboobNiggard>
      <laming chronosCheckeKurt="2605663" garageNittierSmirtle="utinam">
        <blotDoorwayAcadie>aro</blotDoorwayAcadie>
      </laming>
    </kirundi>
  </coblesWoodsiaLavages>
</cumuletDruidNook>