<?xml version="1.0"?>
<outaddMicateOstial>
  <shapely pelopidBeadmen="oxherdCoffled" zubr="6210" canalisAblinsMatrons="climaxMistrow" archilsMommyDoddie="foggingSunglowCanette">
    <enemataMisnameOnycha>
      <auxinicTresson>outpostBromiseCocause</auxinicTresson>
    </enemataMisnameOnycha>
    <viraDiaxial>
      <meeterFoiterBegrain>tilted5</meeterFoiterBegrain>
    </viraDiaxial>
    <boled intsv="pratalInfeoff">
      <unartedFussock>4</unartedFussock>
    </boled>
  </shapely>
  <reglow kephir="3690347" luffsMedrick="55600" />
  <touchyFido penguinPeaEctad="jamoke" />
</outaddMicateOstial>