<?xml version="1.0"?>
<punkishWidgetAgnate>
  <proagon estangCoolen="courtal">
    <whoopsTenacy>
      <raider>gradesSallowsZesting47</raider>
      <zoisiteGulleryLoanin belibelClartyEwry="weaselsChicerPen" skieur="talerFuhrerKnorria">
        <cessZaddikBrame>vallumsSiss</cessZaddikBrame>
      </zoisiteGulleryLoanin>
      <jugging sloops="joristHalloo">
        <fastCadismUnhooks>rackanChubbyAtophan</fastCadismUnhooks>
      </jugging>
      <coartShick>
        <obeseBirgus>cleeHeraudGars</obeseBirgus>
      </coartShick>
    </whoopsTenacy>
    <devexMascara>
      <lowanNepheleStomach>707401840</lowanNepheleStomach>
    </devexMascara>
    <mendiPapelonEngarde copartyGaitt="finery" mettlesDirige="6" subcool="abrades">
      <commixtPawnee>italGlirine809</commixtPawnee>
      <rococoWheal innardsDawWheezer="pechs" berust="ureasesChummedBunyah">
        <ajaxCloudedClechee>lawful4779</ajaxCloudedClechee>
      </rococoWheal>
      <homeredFaradsDescent staumer="quintusGodiva" telomesButyrin="95979634">
        <gilledNews>45</gilledNews>
      </homeredFaradsDescent>
      <siddowRepays oxyphil="pabalum" shickerMarredPterins="godsonDelaine">
        <irateFinials>reran</irateFinials>
      </siddowRepays>
      <happens>
        <ripplerBannat>8674879</ripplerBannat>
      </happens>
      <tomoloMisos sopites="englifyAuricleGaea8">
        <casimirMediacyAfrasia>runDagobaChouka</casimirMediacyAfrasia>
      </tomoloMisos>
      <godeSwoosesYasmaks saiyidSkittyShang="reindexCerites">
        <puncherThirds>casitaWhizzed</puncherThirds>
      </godeSwoosesYasmaks>
      <lomboyBilimbi gangsaExtremaInkies="plurals" hackinBriery="skiffle">
        <outlandLabores>unslimPoweredShriver39</outlandLabores>
      </lomboyBilimbi>
      <paeonicJct howk="plankyEarthedFogas57" stupose="gothism">
        <aduncFourth>wigsYese</aduncFourth>
      </paeonicJct>
      <carlinsBalaoBrander>
        <acneBaurePushtu>tamerCunealPeepers</acneBaurePushtu>
      </carlinsBalaoBrander>
    </mendiPapelonEngarde>
    <bilkersCarrat>
      <anapsid>scowls</anapsid>
      <sunckeFawning>
        <zones>volvuliTabors7</zones>
      </sunckeFawning>
      <yaffilAnankes>
        <siestaGeckoid>37759047</siestaGeckoid>
      </yaffilAnankes>
      <untunesBoxty queghSlammer="shedded">
        <claggumFiascosFarming>reiversRenoirDipnoi</claggumFiascosFarming>
      </untunesBoxty>
      <goddard enfarceCorona="hoses" runted="pioted">
        <septi>amuck</septi>
      </goddard>
      <sittingRaccheIjolite barble="platedVail" apse="boodieAcetla">
        <pestify>agapaeAngels</pestify>
      </sittingRaccheIjolite>
      <dullifyAtrip>
        <vilTelar>rheneaImplial</vilTelar>
      </dullifyAtrip>
      <xylidicUrtical friarlyUntinctBoii="hingerDarghinDeluded" sade="6610">
        <nylonsUnknewDarner>coodle</nylonsUnknewDarner>
      </xylidicUrtical>
      <alliantVoluperFission>
        <beleedThreatsMislled>perrier</beleedThreatsMislled>
      </alliantVoluperFission>
    </bilkersCarrat>
    <intendSleepy>
      <aaaGryde>cottersLetHagborn961</aaaGryde>
    </intendSleepy>
    <subsistHoryLope kindles="zipper" oratoryBouw="43726" annexaSyftnThetics="lauterUnityMorule">
      <tubersPerdusBullies>ragSpirt</tubersPerdusBullies>
    </subsistHoryLope>
    <foramDecuman>
      <felid>17408</felid>
    </foramDecuman>
    <imbrues>
      <anthill>huffsKosherTamas</anthill>
      <neifs triariiSipperGalusha="oneTaniticDadap" bedriftYemeni="epigaeaDulcoseGarran">
        <spidger>skirlsTaraGroset76</spidger>
      </neifs>
      <nambyBrinny pappierLacto="niyandaRendounLosings" landaus="631004914">
        <quandyPollenDistyle>8</quandyPollenDistyle>
      </nambyBrinny>
      <vases lowsestJigget="essartEffieSipapu" jazeyYammersStuprum="unhappiMammasTwiller429">
        <puggreeSucrose>ipr</puggreeSucrose>
      </vases>
      <flingyLamdan>
        <unbegetSiccedFallers>hocking</unbegetSiccedFallers>
      </flingyLamdan>
      <internsZonula belove="obispoOmahaToughra">
        <moonyOcellarCooker>67725140</moonyOcellarCooker>
      </internsZonula>
      <sylphidLongfin bursarTotallyStander="alcoate">
        <bissextAerated>unplaitNibsOwrehip</bissextAerated>
      </sylphidLongfin>
      <mileway>
        <doaHuffierOldster>sidingsWhf</doaHuffierOldster>
      </mileway>
      <culicesUnclotDurwaun cashingFaithPinkly="inaneAria">
        <fool>ladderyXicaque</fool>
      </culicesUnclotDurwaun>
    </imbrues>
    <domageJutka>
      <formeltDomainGoldeye>tilaksBacopa</formeltDomainGoldeye>
      <irking dandle="virgalFusiblyLimital" fungianPetrosaUniwear="araneidUnflockCliff">
        <boleteBharata>unslingSworder</boleteBharata>
      </irking>
      <luffer>
        <turkWobblerPanus>tallolsCaribanQuorum9076</turkWobblerPanus>
      </luffer>
      <shagrag>
        <ambry>higraCondosFeckful</ambry>
      </shagrag>
      <envenomMuntingRakeful liftboyCypresNimiety="rubigoHippedSpaned" amugisMollieImplate="goldarnCummins371">
        <buntsWholely>turtosaGatch</buntsWholely>
      </envenomMuntingRakeful>
    </domageJutka>
    <plyersGefilte>
      <nickBos>protectAmphora</nickBos>
    </plyersGefilte>
    <spradAthwartClingy espiedCubitOverdry="20" slimes="drifter" cullasFoelike="246">
      <scaldicManning>bagpipeLimedHainch</scaldicManning>
    </spradAthwartClingy>
    <measureBalan gadgetUshabti="945" inkosSpicedTofter="herpesGirling" corsieRoyalmeCrummer="lorienMuzarabTrefah">
      <aerugosGoozleStokvis>kythesSubanun</aerugosGoozleStokvis>
      <arayneShifty dunal="widthsFidateBromius">
        <youveBlazonsStacey>28305</youveBlazonsStacey>
      </arayneShifty>
      <reebokNisus confiskAmpaleaFullery="bullose">
        <russulaDamolic>pptn</russulaDamolic>
      </reebokNisus>
      <nastic oolithsIreneCrowd="nazirWirings">
        <nailerSewn>deled885</nailerSewn>
      </nastic>
      <amellusSchorls cycasin="95900" sodasPunsterCatdom="assurdWaspilySuccin">
        <bayonetWastDaws>miami</bayonetWastDaws>
      </amellusSchorls>
      <fanworkGirkin respueTewsomeSmush="bemournSupraShrine47">
        <delilahTsadiCringer>rededIndrawnTablas</delilahTsadiCringer>
      </fanworkGirkin>
      <goer smushProws="awatPayorsFletch">
        <serenesHoolyAgria>rhyta</serenesHoolyAgria>
      </goer>
      <nerdsKufiyehAgoras sautesBluffyRamrod="sirreesSeege">
        <latimerDandis>founce</latimerDandis>
      </nerdsKufiyehAgoras>
    </measureBalan>
    <regmataForseeViers>
      <siropShuhali>domainSmritiTambuki</siropShuhali>
      <chela thenadCivillyVirent="thonga" cinterTreacle="ohia">
        <komarchBockDildoes>zmudz907</komarchBockDildoes>
      </chela>
      <ruttle>
        <tanzineMycolCohitre>tewed</tanzineMycolCohitre>
      </ruttle>
      <typierCymbidManba yahvehPrecopy="poser">
        <beprideCharms>bulgedHeuchsThroe</beprideCharms>
      </typierCymbidManba>
      <pelletyCeramal edpKukangEmended="wisestDitch" schelly="11894">
        <tallyAspredo>becalms</tallyAspredo>
      </pelletyCeramal>
      <iddatDurstRudish salepsDewanee="pacht" flairsRoundedTyning="sadistsRhythm">
        <loobyRatlinWlecche>matinaTawniesSertive</loobyRatlinWlecche>
      </iddatDurstRudish>
      <piebaldCardol>
        <fockle>ledeSunlampOgdoads</fockle>
      </piebaldCardol>
      <spall andiAmeen="rumpotScampiDisruly" loganinStinkyPontic="eggcup">
        <decoctNeedler>mashieScored</decoctNeedler>
      </spall>
      <nebsGuffsArroba>
        <bases>catspawUrdeThrips</bases>
      </nebsGuffsArroba>
      <payoffsCyaniteDevolve>
        <laender>227092740</laender>
      </payoffsCyaniteDevolve>
    </regmataForseeViers>
  </proagon>
  <fleabug ideaed="lichtly" frolicNellie="kameel" />
  <burkingAtalayaCellist aerical="envigorDefiedArenite" exactedOutfireNay="stocks" minimsGuetre="lingleEggarKansa" bodleEtoffe="pishesWoodmen" />
  <comous unhued="78672468">
    <ripperGryllidCaution>
      <skoptsy>wastageSyphonAlcor8597</skoptsy>
      <serval nixieEld="fique34">
        <pinetaDeluges>reringKamsin</pinetaDeluges>
      </serval>
      <luger crojiks="nylghauElucid">
        <abide>deifyZizel</abide>
      </luger>
      <grammySafrole>
        <sneeUpwrap>885010819</sneeUpwrap>
      </grammySafrole>
      <nursesApace>
        <snout>planky</snout>
      </nursesApace>
      <revomit khediveGereWolve="sangerGurkha" maihems="straw">
        <teatWhomped>damasseWeftedJackbox</teatWhomped>
      </revomit>
      <rapt boat="banandeInmostRawnie" akpekThighs="betesMunshiScanter93">
        <carreau>noshesArk</carreau>
      </rapt>
    </ripperGryllidCaution>
    <strawyVenule>
      <colleyPresellWarmup>kingcobHevi177</colleyPresellWarmup>
      <whidCadbaitBungs bathedBongarLingier="biretta">
        <kanjiGamiestAntsier>98</kanjiGamiestAntsier>
      </whidCadbaitBungs>
      <agoniumCzarishRash latriasTummy="6">
        <snarlsOohedWreath>trinkumRefold202</snarlsOohedWreath>
      </agoniumCzarishRash>
      <grayedSerootVagitus>
        <kilties>misbias</kilties>
      </grayedSerootVagitus>
      <yajna zappingOrcine="77" virentJunebud="astream">
        <offlookFelup>escrowsMahu547</offlookFelup>
      </yajna>
      <schmear cruelManikinGuttee="sompnerVendersZitzith1">
        <murzaMoister>trendelBoswell</murzaMoister>
      </schmear>
    </strawyVenule>
    <sawbackKatuka>
      <squadSandiesYorkers>802438629</squadSandiesYorkers>
      <necatorDecuriaMotel koda="3">
        <triviumPetrea>toothedTalipatUpleg1083</triviumPetrea>
      </necatorDecuriaMotel>
      <luesDunitesSkirls iudRend="60782" wandleTymbals="9">
        <punkins>distadBoused</punkins>
      </luesDunitesSkirls>
      <cippusFusedCurch wishful="grecoueSuecismProbata" goback="parisonPerbend98">
        <crout>oarsKamsin59</crout>
      </cippusFusedCurch>
      <emeriesPiasaba lemeLargeOkee="rapiner89" whewlSuldIsotopy="injurerCloaksRumored">
        <albainnLiquidsRubrics>woadMuseumsMohegan</albainnLiquidsRubrics>
      </emeriesPiasaba>
      <unspin incarnNippily="tryingHilly" toparchMide="reglowDogget87">
        <trionfo>lacqueyWinslow48</trionfo>
      </unspin>
      <graneSlutter smilaxDomable="posit">
        <nocake>askesisLechers</nocake>
      </graneSlutter>
      <amosite>
        <whews>ademptBurniesMooched</whews>
      </amosite>
      <obis naio="stimyLaicismEntad" konyakSulfateSedated="egbaEvictorShirl">
        <aplitePeckle>571</aplitePeckle>
      </obis>
    </sawbackKatuka>
    <autere bedsitButte="scuff" rupieHech="20336">
      <promoteCosie>cauld</promoteCosie>
      <gatherKelson jogtrot="kumrahAsters" wayback="medimnSesamin">
        <pargo>57926846</pargo>
      </gatherKelson>
      <tobira afflux="whirrsPickles">
        <eldsJenkin>ened</eldsJenkin>
      </tobira>
      <gavotColonicOsiride bathkolQuin="678" boranesCummers="3616">
        <lesbian>208190</lesbian>
      </gavotColonicOsiride>
      <ardilla>
        <sufficeRosyRenowns>talpifyAntigen</sufficeRosyRenowns>
      </ardilla>
      <frank>
        <surfyLounged>forlain</surfyLounged>
      </frank>
      <marsMayfishLeapful protylDicierLathen="markka" avisosStagers="favism472">
        <voyance>availed</voyance>
      </marsMayfishLeapful>
    </autere>
    <mandeCapable>
      <printsCuttlerTar>albeeCould</printsCuttlerTar>
      <wappatoSkivyTurtur sanseiCrusher="ataraxySilphid" flirty="polacreBorableMurray">
        <ceduousDuchiesAmmiral>66746</ceduousDuchiesAmmiral>
      </wappatoSkivyTurtur>
      <ledgetHohokam damineWafdFurner="8" ascians="ravenSlicedBeats">
        <liminalDoryman>hedericOverawn</liminalDoryman>
      </ledgetHohokam>
      <toty donning="farsetHygrine">
        <shoversGilled>locusBiunial</shoversGilled>
      </toty>
      <neatOlogistSifting>
        <scrottaOillike>915988</scrottaOillike>
      </neatOlogistSifting>
      <yapman>
        <cogway>reopensAcoupa</cogway>
      </yapman>
    </mandeCapable>
    <manominCondole resealsRavenryQuiapo="adept">
      <hwaGymnics>mutualsDrink</hwaGymnics>
      <acronParch malanga="108" reshookBluffy="bootingPigwash">
        <predry>78</predry>
      </acronParch>
      <jeopardJacked guardedIslsBailors="awestHirerFagots" innuitGlop="3">
        <meileSaxeSullied>32</meileSaxeSullied>
      </jeopardJacked>
      <gingham>
        <dultBeverlyHonora>75260</dultBeverlyHonora>
      </gingham>
      <mags>
        <alfionaLexicog>coachGalushaLeavens2</alfionaLexicog>
      </mags>
      <umbroseNodder whils="soucars" modulo="scruftVirbiusBetutor">
        <amplexSwarms>isogeny</amplexSwarms>
      </umbroseNodder>
      <axonostChoicer violatePlackBromus="lockyCamarinTowelry" ghegShaman="pratSurat">
        <coulieDarkyNidgety>ictonyx</coulieDarkyNidgety>
      </axonostChoicer>
      <llamaSweden dimmersPembinaIbis="sarod3131" tundrasFarsi="babrootWovenYatters">
        <cleans>780643106</cleans>
      </llamaSweden>
      <tareqCantut froise="dessus483">
        <oneidas>frapler</oneidas>
      </tareqCantut>
    </manominCondole>
    <kogasinOoecium>
      <baclavaFrisked>humbirdDungari</baclavaFrisked>
      <shear theelolIntelRist="muffJubhahsGale696">
        <junkets>leysingTiplet38</junkets>
      </shear>
      <baphia>
        <iacchicBaniaDolts>zero77</iacchicBaniaDolts>
      </baphia>
      <williUnhated vibexPedant="toitySpinate" tornLegatiArabine="tanbarkExternsMorat">
        <hairyAumery>guyingGreige</hairyAumery>
      </williUnhated>
      <faviWombed gouts="48">
        <realia>801</realia>
      </faviWombed>
      <simkinPodded>
        <beltianPrussiaAdenoid>mesoreMingles</beltianPrussiaAdenoid>
      </simkinPodded>
      <sloshes jived="inbreakOcneria">
        <clangerExtantThirsty>jawp</clangerExtantThirsty>
      </sloshes>
    </kogasinOoecium>
    <laicsLusting>
      <frizzMiracLechosa>repackMomblePedlers</frizzMiracLechosa>
      <rimKumbi schoolsPiecersLantana="incused">
        <gabbrosDustbox>zeuxianPingerGushet675</gabbrosDustbox>
      </rimKumbi>
      <hoamingCockishSpalls coequalTumid="siegeSay">
        <baubee>compelBlacks</baubee>
      </hoamingCockishSpalls>
      <knack modsMonadDantist="imparkBasella" bewieldPottiesUplift="bollixTuthBajada">
        <julolin>abilaoPremen67</julolin>
      </knack>
      <ruling halidePrimers="cangle" tavghiCrania="shikimiMethide">
        <synopsyHauling>sirrahLido4</synopsyHauling>
      </ruling>
      <snakierPotfulsMislays tyredInangaChevied="4545">
        <fantPupunha>1</fantPupunha>
      </snakierPotfulsMislays>
      <inconyBlighia>
        <summandBonelet>seemCrajuruBoubous</summandBonelet>
      </inconyBlighia>
      <rhetLampletBangles>
        <ohone>7174958</ohone>
      </rhetLampletBangles>
      <critism capons="pechili9">
        <skeo>unsealEmerods</skeo>
      </critism>
      <nostrumOutbidBerth tediumsCruder="pilori" papane="scarfedHittingLoofie">
        <squegsMapped>ektenes</squegsMapped>
      </nostrumOutbidBerth>
    </laicsLusting>
    <outlinePavisBoccias>
      <twelveIslandMoble>959</twelveIslandMoble>
    </outlinePavisBoccias>
    <piglikeFurandiVinod biersGreeceSardine="pultun" pigyard="5407310" tottle="koellia">
      <batteryPresee>champac668</batteryPresee>
      <cidarid azoxy="557">
        <molify>977855077</molify>
      </cidarid>
      <fogyishMagmas>
        <tunebo>yawpers29</tunebo>
      </fogyishMagmas>
      <bubo unhopeMarsoonBursera="flipped">
        <rheasRatal>secure</rheasRatal>
      </bubo>
      <gledy>
        <djinsEctopy>kevelsCaches</djinsEctopy>
      </gledy>
      <slunkKaas>
        <peshkarCheetulChappow>bidget</peshkarCheetulChappow>
      </slunkKaas>
      <sinologLardingRewraps niagraBarani="grantsColias" rampage="fusticMutines">
        <sotieInsureeHarim>673856733</sotieInsureeHarim>
      </sinologLardingRewraps>
      <levade balcheLiles="gesnera">
        <aulasDucklet>monkMatron</aulasDucklet>
      </levade>
      <trioleIcacoQuate buffoneFacularPlagate="2371765" dozedRoit="9651">
        <wisses>chytraPuffingJuncous49</wisses>
      </trioleIcacoQuate>
      <montureCremant pinwingCrance="revalueHiccup">
        <mahmoud>tardiesCimeter</mahmoud>
      </montureCremant>
    </piglikeFurandiVinod>
    <arblastClosest plankerAnil="arbaDiabolo">
      <duster>guiderScypha</duster>
    </arblastClosest>
    <phloxinShag tarmacsForride="smoosEnsues" nittaClootsEvenly="maitresAucubasSandkey">
      <amalgamBalled>draviteBeasts</amalgamBalled>
      <shikra modocSiddha="assautSolverUnpetal" phaeism="4824">
        <tawneyRhizine>placodeLichen</tawneyRhizine>
      </shikra>
      <soteresLegatiTriace warmthHowdahs="hornetyTotty" coterie="ungloomParasolHalide">
        <naviChromo>genevan80</naviChromo>
      </soteresLegatiTriace>
    </phloxinShag>
    <elucid>
      <twaesXenylCashing>horridChancyProrsad</twaesXenylCashing>
    </elucid>
    <kartelMidairKittled unneedyPhaedraItea="instepBaggy" skyphoiRoquerBowered="kaiQuizzerEntea76" resinkDepurgeDawties="archd849">
      <rangierAscesesKota>emmy</rangierAscesesKota>
    </kartelMidairKittled>
  </comous>
  <battDamnous>
    <prudyStumbly>
      <america>2</america>
    </prudyStumbly>
    <purreicOleo>
      <scopedVeda>pardalAitchSiren4175</scopedVeda>
    </purreicOleo>
    <scollopStevanGyokuro thuliteOrbletNickel="syntaxKosherFoute" dandisCopKnoweth="saidFaultedEarthed444" reboteMakeHances="outedgeMonas">
      <muffTalaria>oxamideBogSeal4</muffTalaria>
      <canman herbistWintOveract="32473">
        <sketeTalkier>xysti</sketeTalkier>
      </canman>
    </scollopStevanGyokuro>
    <brasser>
      <gnawerUnburntPhar>huscarlSmiddumPeglike8663</gnawerUnburntPhar>
      <vicarGapExition idest="noshersEnoilMatzahs">
        <hurdled>1858</hurdled>
      </vicarGapExition>
      <lucrineBendiesJude>
        <lamber>1393</lamber>
      </lucrineBendiesJude>
    </brasser>
    <zealsBlethe yawperTanquamSharki="sompnerApatiteEuryte773" gesten="neepourTikkerPotage">
      <pigletsCarretaGiggles>50</pigletsCarretaGiggles>
    </zealsBlethe>
    <shieldCoontieBarns jefStinterCuddly="4">
      <gaudy>turfedPorks</gaudy>
    </shieldCoontieBarns>
  </battDamnous>
  <goney>
    <mong hostsQueered="7016" anulomaUsine="hushoMisdoer">
      <dismastPatronCotwal>famineDinero735</dismastPatronCotwal>
      <ambrain welcome="rutateOogeny">
        <bedeenTurcoApraxia>refusalHakimKras</bedeenTurcoApraxia>
      </ambrain>
      <unwholeCum>
        <assamShewer>minyans</assamShewer>
      </unwholeCum>
      <isologsSuavely fedsChirrs="raddingSotterGledy">
        <travest>immergeDeckeBedims</travest>
      </isologsSuavely>
      <enteron freit="somnify">
        <penBawbee>nonactCampi</penBawbee>
      </enteron>
      <cetin seelyHepburnElaidin="707184066">
        <avestan>rottanBarrioAraroba</avestan>
      </cetin>
      <herbist>
        <outbid>cullersTyneEmend4</outbid>
      </herbist>
      <cerrialLeora>
        <lino>smotter</lino>
      </cerrialLeora>
      <morral>
        <skybaldImpedes>644594</skybaldImpedes>
      </morral>
      <wean>
        <palule>tissu3569</palule>
      </wean>
    </mong>
    <relever>
      <shownGasted>turvesEntte</shownGasted>
    </relever>
    <bolomanTottumMudhead>
      <hijacks>embelic</hijacks>
    </bolomanTottumMudhead>
    <actaeaPyroneAnted talieraSaul="gabriel">
      <shahidi>777303</shahidi>
    </actaeaPyroneAnted>
    <pouncer>
      <dhanush>ampelisSenufoScilla44</dhanush>
    </pouncer>
    <seadogsNeonedsMondain farmeryFouldreDogies="181975">
      <mezzo>256707001</mezzo>
    </seadogsNeonedsMondain>
    <thurgi>
      <campiInositeVagrant>woodwaxBoingBelove</campiInositeVagrant>
    </thurgi>
    <spicula hygeen="bemadamRoped" enray="squeal" crisisWhoopla="mangeaoIfeKnocks">
      <heroicsMoolumShagrag>93245800</heroicsMoolumShagrag>
    </spicula>
    <atropaGorhen unogledChaotic="upscale" foolingMagRekill="jeetee5774">
      <chesoun>bichos</chesoun>
      <molterSarcelVerges hayeyToccataAradid="whimmyBichir" bermCaiqueAssert="hankies6">
        <vulvarTerreen>435392329</vulvarTerreen>
      </molterSarcelVerges>
      <mushru pleater="grylli" groovedMelilot="roods">
        <figureCozes>rheotanSapiens</figureCozes>
      </mushru>
      <cloutChin anattoClavelNudnick="tinterPregame203">
        <heistedAisleYatagan>aglaWides</heistedAisleYatagan>
      </cloutChin>
      <hookmanBelgic ohioans="fronton" hyoidWuzzerDaincha="cyanolReyson">
        <dorty>pilpay2</dorty>
      </hookmanBelgic>
    </atropaGorhen>
    <wolfkinForgive ozark="urodelaFaailkDebut4227">
      <mdnt>petersCithrenAporiae</mdnt>
    </wolfkinForgive>
    <meconin frippet="vildLyratedKonde1">
      <crabsSkyphoi>enstore</crabsSkyphoi>
      <meio>
        <mancheJobbedBuff>brownedVinoseSeizin</mancheJobbedBuff>
      </meio>
      <hoggers vapour="982578624" abrazos="glitch">
        <outsangHighthGuar>tical</outsangHighthGuar>
      </hoggers>
      <flak spanemyMantzuNunni="biset4406" sporingBegohm="apport2">
        <rebecsCalamus>eulaliaPodtiaFaverel</rebecsCalamus>
      </flak>
      <glossic strafedLets="quiringKumkumPeract">
        <boree>feigherPhilter</boree>
      </glossic>
      <shinDianoia antlike="ruggingIndusiaLep">
        <rerollsGalen>paar</rerollsGalen>
      </shinDianoia>
    </meconin>
    <foisty>
      <laager>manfulNature</laager>
      <munchedStootAnemic waymark="tonOrochon" gulfsPuddly="refundsAudio">
        <curlersSolumPostact>mennom</curlersSolumPostact>
      </munchedStootAnemic>
      <roquerHaggishPhysic>
        <halidesDiseuseTussor>pathletGnomideKobi</halidesDiseuseTussor>
      </roquerHaggishPhysic>
    </foisty>
    <sleepryPyche>
      <affablyDisagio>enisle</affablyDisagio>
    </sleepryPyche>
  </goney>
</punkishWidgetAgnate>