<?xml version="1.0"?>
<outsailTorneseDriers>
  <ratafee surgeCassone="darreinManuredBulbul" bookers="1983" kryptic="strumsRabbies">
    <iredKnarl>
      <daffery>slavistAgal</daffery>
    </iredKnarl>
    <terass>
      <swaddleBrewersForays>6292</swaddleBrewersForays>
      <sheererAppallAplite>
        <unmoldyEpactal>nockerlHyraces</unmoldyEpactal>
      </sheererAppallAplite>
      <tutmenEllingPenman watapeBurrier="joltingUnceded">
        <luxusConster>leuco</luxusConster>
      </tutmenEllingPenman>
      <oraisonMethody swedishGarua="sniper" maracanRigsbyMasher="lasherReoffer">
        <ornifyHearPesetas>14</ornifyHearPesetas>
      </oraisonMethody>
      <larariaChequer stibium="goyish">
        <jumadaAmplify>ostyakReavailSlojds</jumadaAmplify>
      </larariaChequer>
      <fay vowessDie="cosmist">
        <ration>matres</ration>
      </fay>
      <thlaspiPreday onsetShyam="prana">
        <castoff>mulgaComarcaSuyog</castoff>
      </thlaspiPreday>
    </terass>
    <actusCueistChivvy>
      <tabule>leprose</tabule>
    </actusCueistChivvy>
    <tellerCowage>
      <bhabarCombRumaged>geratyMileageNiffers8198</bhabarCombRumaged>
    </tellerCowage>
    <sambhurDoublesAgrito encampAvoure="zealandEntwist1748" subch="insHoopman8128">
      <myomere>tragAgent</myomere>
      <murinusLoliumUngull kondo="riggingLaccol" ovumBhaktas="argols">
        <omanderGridsPunkah>hootayLariaPanga</omanderGridsPunkah>
      </murinusLoliumUngull>
      <fulhamsMomoAsarota howkitSlunkGoffle="383">
        <hecht>starverFiliate</hecht>
      </fulhamsMomoAsarota>
      <pruta apresEthnalMiddles="bazaarMopaniSperity">
        <mesNosy>avenage4</mesNosy>
      </pruta>
      <strokesCisiumAlia>
        <pirr>sctd</pirr>
      </strokesCisiumAlia>
      <sturble>
        <potsieAcruxOutpull>croatMagi</potsieAcruxOutpull>
      </sturble>
      <sturineThrifty allay="abatageRiotistCoaches" albinKumniMoki="lituate">
        <abutHilloa>goblinsTalcerRebop</abutHilloa>
      </sturineThrifty>
      <dimnaCurverDiamant>
        <saharicFutBadge>272352178</saharicFutBadge>
      </dimnaCurverDiamant>
      <cumminTrattleMincer>
        <hankul>cindieUskok</hankul>
      </cumminTrattleMincer>
    </sambhurDoublesAgrito>
    <mosserBuzzleDunno boers="pussyKonkani758" verditeClutch="litherGrush">
      <pyrenic>416354</pyrenic>
    </mosserBuzzleDunno>
    <babbledEbraickNursed>
      <rougeotGnathic>823982247</rougeotGnathic>
      <buqshasAbide wrible="hitheEdgier">
        <lionsUmest>leanedEbonsTyper</lionsUmest>
      </buqshasAbide>
      <animal hugyLingualWisped="ethionWicked">
        <cupreinReleveWarlike>fidgesEssenceThieve</cupreinReleveWarlike>
      </animal>
      <mahiAmia sorer="3">
        <kadder>sagasBaggieSetsman</kadder>
      </mahiAmia>
      <chalcus absalom="passusPyral" malms="3389">
        <beirut>peccaryUpattic</beirut>
      </chalcus>
      <contemnEdifiedHopeful>
        <jaglessCruors>lifoGrocersKolea</jaglessCruors>
      </contemnEdifiedHopeful>
      <maceman>
        <cessorTumor>tuateraUpprickRedoxes10</cessorTumor>
      </maceman>
      <taiversSidth>
        <opined>miasmal</opined>
      </taiversSidth>
      <gougedHemopodAndian bihalve="marramsRazerSkift">
        <scarts>suppers730</scarts>
      </gougedHemopodAndian>
    </babbledEbraickNursed>
    <buyersIsolexIsotere>
      <dims>reesle2987</dims>
      <ooplastPrem sempleOogleaBirths="gunnera">
        <shegetz>rakuLadyly4310</shegetz>
      </ooplastPrem>
      <ovonicsGooBiberon incorpBeemanEquiv="heuchLaicityReedier8" spontonHipwortAlkoxid="yarranAthrong">
        <harang>nerine</harang>
      </ovonicsGooBiberon>
      <epagoge laudianFlipe="traumasHedeboElatha" chanteyRuner="83536">
        <mysticsLipinMochel>57616934</mysticsLipinMochel>
      </epagoge>
      <numberBypathOscella acrasyLouisa="vealSpavieMuses" riginalGringoJanapan="offcastDightsAcetone834">
        <psywarReaddedZeatins>oilUnrests718</psywarReaddedZeatins>
      </numberBypathOscella>
      <argas saltlyVadium="508364">
        <haunchyHernsewStayers>unarmBowsawFugling7780</haunchyHernsewStayers>
      </argas>
      <sculpGroszOkays kabayaOral="pithierArgute" bowyerJulies="9016220">
        <musaeus>mohoBoolyaStylion</musaeus>
      </sculpGroszOkays>
    </buyersIsolexIsotere>
    <tuiToxylon>
      <monelPenkSepium>zeugmas</monelPenkSepium>
    </tuiToxylon>
    <paleman>
      <frothOutglow>muscid</frothOutglow>
    </paleman>
    <jauntedRubes people="orselleKonguPrincod" laugherPekesEtatist="4" oracy="72498220">
      <impaveOnflowSpitals>712975</impaveOnflowSpitals>
      <kwachaCaliber deltoid="odling309">
        <syrticCiphony>unfed</syrticCiphony>
      </kwachaCaliber>
      <spearsEmend>
        <cooliesCymarin>pulicatHippier4</cooliesCymarin>
      </spearsEmend>
      <wightOpa lassoFloroon="586875731">
        <quebec>thermit</quebec>
      </wightOpa>
      <toguesChiule>
        <catheadRenovel>197671436</catheadRenovel>
      </toguesChiule>
      <toppersDorian>
        <snurpShowers>bobbinUpboilPodex</snurpShowers>
      </toppersDorian>
      <radons grovedAnurans="saludaFilingTolane">
        <ceilsYohoKossean>hyracidFibulae6148</ceilsYohoKossean>
      </radons>
    </jauntedRubes>
  </ratafee>
  <hooleyAviaticTushies whitensKimmerTains="pectora" muongSenaahKickier="trashes5">
    <voyance>
      <hyacineElkanah>4</hyacineElkanah>
      <etaminsBulkedSemmel farm="scultAmusersCkw3312" palmier="oversaw">
        <nato>cajavaChosenSafawid</nato>
      </etaminsBulkedSemmel>
      <sealingHalitusNiggot prowlsPanungAedine="crucialRuffed" kitlope="saved">
        <gawksSolazzi>spunBecausePepla7</gawksSolazzi>
      </sealingHalitusNiggot>
      <hurrianNeolithAbides triliteHurts="cathectAdvTucky" limuliPortionDacoity="pimentaOldsterJakos">
        <bandar>spuddyMewerJaunces</bandar>
      </hurrianNeolithAbides>
      <jeeingLessenShylock capman="91631">
        <molliesMollah>chuet</molliesMollah>
      </jeeingLessenShylock>
      <densestNaevusMarang jugumsEuripi="xref581">
        <hyphal>mesquit</hyphal>
      </densestNaevusMarang>
      <geomalyBagwigQuerela granoFouett="peppingBeeherd41">
        <nereiteSwinishPeitrel>106102409</nereiteSwinishPeitrel>
      </geomalyBagwigQuerela>
      <furry gobblerFazeUnneedy="tripody" geggScrobisRetame="earingsBenbenDowy">
        <gappingCallansGazee>3</gappingCallansGazee>
      </furry>
      <jebel kihoDharmasEneuch="brumbieCaster" chauferTouched="jibber">
        <rapistsOvum>bateJudaizeNat</rapistsOvum>
      </jebel>
      <hokerClunchVagient elijahDhakNona="knishesExcidesCreta9438" globoid="balmierCationMyal">
        <flaysAnchusa>remadePressieFrizzed2523</flaysAnchusa>
      </hokerClunchVagient>
    </voyance>
    <crambidSarlacSteels>
      <summaStrone>cossStyraxStraky</summaStrone>
    </crambidSarlacSteels>
    <glibEmberOstitis heavierDitalHulloed="theoricUtopiaNods" mavin="reshoes">
      <needledPamelaNudgers>oner</needledPamelaNudgers>
      <itemyWhoosisLeigh linousDisownsBased="5" untooth="jogsAsbestMonier">
        <fluxed>fadgingNumble45</fluxed>
      </itemyWhoosisLeigh>
      <middest pottedEngaol="streakLoutishApricot" antlionChumpsTestily="fishnetGerontVentail">
        <firepot>ruddleHaloidRenably</firepot>
      </middest>
      <aintPeckers xeniumGoujon="kerat" sepioid="26742800">
        <engoueeTouted>sexWaffle</engoueeTouted>
      </aintPeckers>
      <concurs>
        <tolylsMaple>cytulaeTroughs</tolylsMaple>
      </concurs>
    </glibEmberOstitis>
    <calvityFodient>
      <twierGaz>stroveZebrasGalled</twierGaz>
    </calvityFodient>
    <arcsinDanic>
      <lapwork>758</lapwork>
    </arcsinDanic>
    <inlyMoody>
      <reddleWedgingLomenta>vibist</reddleWedgingLomenta>
    </inlyMoody>
    <vocallyWaxers>
      <everyDepassBolshy>rhabdusDaysman</everyDepassBolshy>
    </vocallyWaxers>
    <trainedHerdboyKansans>
      <doliteMehtar>epibolyRuffesLansing8955</doliteMehtar>
      <hagein drearly="agriaSaigonKantist">
        <pphBandore>conformGarboil</pphBandore>
      </hagein>
      <tumbles makuk="sicced">
        <foozler>grutten</foozler>
      </tumbles>
      <vitrean herolaStriderFinises="logily8" faienceStare="crisis">
        <lacsMoltedCarhops>peplaJapyxZati</lacsMoltedCarhops>
      </vitrean>
      <finnickAustricGer>
        <wrangleGasket>eaglingSussexSekani</wrangleGasket>
      </finnickAustricGer>
      <valutas earcapHoverly="narks">
        <next>snupperScouted</next>
      </valutas>
      <chronalCrapeHaida murre="rifting" cossetsBelucki="fagus">
        <pillionPursRetrait>unovertBedazed</pillionPursRetrait>
      </chronalCrapeHaida>
    </trainedHerdboyKansans>
    <krait coactOmitterPhoton="groutyWomb">
      <boloism>demeritNertsCheerer</boloism>
    </krait>
    <chidersNursery savoryRanariaBaldly="celliteCornule" geraldAluletDorneck="plumBainieAttn">
      <tripod>unibleYeasty</tripod>
      <parialInwheelWhiner fagusColmose="sitzFurrureQuakily" sahuaroFinned="negrosWiggler">
        <pyrroylFrapler>iriditeKangriTriode</pyrroylFrapler>
      </parialInwheelWhiner>
      <tubar pudical="773">
        <mautsRevere>56700</mautsRevere>
      </tubar>
      <augiteBusiesHelium inleakHymnic="berimed" quintar="1">
        <disemeWinnowKelping>upreinMidribGlomeli</disemeWinnowKelping>
      </augiteBusiesHelium>
      <daukePiaffedUnipod>
        <chikara>loresIchebu</chikara>
      </daukePiaffedUnipod>
      <bothway sunnud="pitirriMopanWigs" gauntTorydom="largesHaviour">
        <peopletHabitan>oheloRippetGeed</peopletHabitan>
      </bothway>
    </chidersNursery>
  </hooleyAviaticTushies>
  <posablePlumb cloopOctode="insackUnstillAwreak" suntans="4264838" striche="cowslip">
    <lysogenKyrineTeethes rakit="85246233">
      <goschen>idiotryBeefedDoodab</goschen>
      <darner diapasmCupric="nostocs" deiridStert="waltzesUrsae">
        <preplotUpthrewMatures>aughKayasth</preplotUpthrewMatures>
      </darner>
      <pollsProv>
        <taskerSpring>6</taskerSpring>
      </pollsProv>
      <ariel sci="jestedReloveBagie">
        <bicetylUnborn>saigaWisp</bicetylUnborn>
      </ariel>
      <megabitGrannamDaniel togaedSoumakLiquet="gongsChichaUprears" dulcorBurrock="725164">
        <cabblerSpeels>papeyMontreTuba</cabblerSpeels>
      </megabitGrannamDaniel>
      <dewing lessees="stomaOsmosesCuppier">
        <indwellVinegarAurite>celaenoMandlen</indwellVinegarAurite>
      </dewing>
      <daggly bucco="109">
        <riddlerKeoutFiddly>liflodSifts</riddlerKeoutFiddly>
      </daggly>
      <scribes>
        <latimerPinko>terriCalifsMontem</latimerPinko>
      </scribes>
      <remergePave>
        <tulipiTamable>musher</tulipiTamable>
      </remergePave>
    </lysogenKyrineTeethes>
    <staticPlater>
      <fires>611</fires>
      <rangierAveny bierGaller="vipera" withoutDunnite="roomletYuga">
        <tupsLecythGroten>prisalImamMetreza</tupsLecythGroten>
      </rangierAveny>
      <alviteRheebocGoumi giltySel="74554" abrazo="chamaEnorn">
        <festal>kyatCurdoo</festal>
      </alviteRheebocGoumi>
      <corsie turrellCarven="lest" unmeekWavererWalloch="arroba96">
        <snacksUtend>abbrevDottledDiddler</snacksUtend>
      </corsie>
      <dropsyParleys>
        <dianeCeresCatclaw>figuredIllites</dianeCeresCatclaw>
      </dropsyParleys>
      <pussies starchy="lirateMutsGallian">
        <anoesis>875747318</anoesis>
      </pussies>
      <gambadoSextoleHurkaru stchiKhevzur="immound" unbraidUnquote="qiviuts32">
        <sireCoaxed>touslyFibrilsAgrufe</sireCoaxed>
      </gambadoSextoleHurkaru>
      <sightlyChatonsPudgily shrubZoeaMostra="becryNurserOxford81">
        <stepsZooty>zaffersQuat</stepsZooty>
      </sightlyChatonsPudgily>
      <aurigalDirty retieCollingPursue="vascla">
        <copprasBemudMusimon>6467</copprasBemudMusimon>
      </aurigalDirty>
      <vigasScurril limbalBussed="eelcakeUpwhelmWadder" cholee="624">
        <alfarga>3</alfarga>
      </vigasScurril>
    </staticPlater>
    <intactYod akuBoyla="grappas" butyricGushier="463729">
      <juicers>aliter</juicers>
    </intactYod>
    <issueLetheanArmeria terningCullageOatlike="3648" gleetedDidonia="bhava">
      <backjaw>mollsSkelic</backjaw>
    </issueLetheanArmeria>
    <layHostess imagoMolts="83826526" domiticBlowzyApoop="6">
      <swotterResolve>6207</swotterResolve>
      <gyronReworksEagers fretteLogical="suffEnigma">
        <tumbakSlowish>unlistyVisMazda</tumbakSlowish>
      </gyronReworksEagers>
      <sinkers theosPbxes="culvert">
        <farmery>brassy</farmery>
      </sinkers>
      <snaithQuotid oathletEnwove="chamite" forfexHuashi="belIntorts5392">
        <jerviaOrgiasmCraggan>quern496</jerviaOrgiasmCraggan>
      </snaithQuotid>
      <enedSynuraeOnsets>
        <horim>mutuelDobbing</horim>
      </enedSynuraeOnsets>
      <sannopsDreamed>
        <hagbutAnosmiaJolter>cognize</hagbutAnosmiaJolter>
      </sannopsDreamed>
      <blowupCunila trochiTringle="tediumBroeboeWyted">
        <hists>figgierGulping</hists>
      </blowupCunila>
      <scaurs>
        <indrisZouaves>7401886</indrisZouaves>
      </scaurs>
      <mamas uloncus="wammus">
        <armbandFaunishAnabo>konaGearingAlnager</armbandFaunishAnabo>
      </mamas>
      <tungos propale="rebekah" poledRoupingAlcoate="85003">
        <moorhenMamluk>6</moorhenMamluk>
      </tungos>
    </layHostess>
    <outrakeTos ampsRadials="90789">
      <charterRenette>ayelp2</charterRenette>
    </outrakeTos>
    <guildry magpies="9765">
      <boreasYeniteProblem>tartroCruises</boreasYeniteProblem>
      <hummie stulm="554">
        <zonoidJaredIndols>9</zonoidJaredIndols>
      </hummie>
      <rosedIsotron>
        <aflight>328209</aflight>
      </rosedIsotron>
      <splatchExcud>
        <lammas>unkamedMesion81</lammas>
      </splatchExcud>
      <weftSprugsPatmian acanthPushum="toskish" focus="rummesDhunchi">
        <depulse>84</depulse>
      </weftSprugsPatmian>
      <daisiesPahouinCanion donneeClueingValuate="critizeGraphHumpty">
        <prosaicHumeral>acerbasCaterSheal</prosaicHumeral>
      </daisiesPahouinCanion>
    </guildry>
    <islBambusaDefet>
      <auntlyPoseur>4</auntlyPoseur>
      <heftedPitomie acetals="gawm">
        <abaters>hinoidSummae390</abaters>
      </heftedPitomie>
      <erectorSvarajPonca>
        <nontanUncasteDpt>2965</nontanUncasteDpt>
      </erectorSvarajPonca>
      <bussingAgha varnasAdighe="trickerGoofy89">
        <unrobeBarrioVeiners>bogbeanAuditorAppt</unrobeBarrioVeiners>
      </bussingAgha>
      <unshutPortureSadhika forecarCounterNutcase="fuzzilyBoddlePilose61">
        <bordunRadlyFarth>skisFaunae</bordunRadlyFarth>
      </unshutPortureSadhika>
      <yokelFannies kari="queen" liestRecuts="chigoe">
        <batzFlinch>embainHackeeDrowned4656</batzFlinch>
      </yokelFannies>
    </islBambusaDefet>
  </posablePlumb>
  <fanwiseCanopus tactual="tilikumOafs" nitriot="sialisPinholeMeithei" cyul="mad">
    <uropodsPediwak>
      <psettaSurveysStoter>9570752</psettaSurveysStoter>
    </uropodsPediwak>
    <sabicuHysonFitchet sarans="enspellHosing3033" villJambee="904677" jahvehLepadidZacatec="logeiaLoped">
      <ghisTunca>tempoAmani</ghisTunca>
    </sabicuHysonFitchet>
  </fanwiseCanopus>
  <cogencyDepletePeckly astrToolsi="518" querido="sordTarnal3210" prisesLeman="chordaJester">
    <mageKotowsHemera>
      <juiceXylosmaQuina>detenuSlinge</juiceXylosmaQuina>
    </mageKotowsHemera>
    <renoveLimer soree="hosannaAtalanEctopia">
      <etatistBlenkGaleres>margCyanose2</etatistBlenkGaleres>
      <auburnOdinOpahs>
        <cortinHospice>coropoToze194</cortinHospice>
      </auburnOdinOpahs>
      <unyoungRecrew perused="limned" gibbersRolley="glottidBugganeSopite">
        <lentisc>9485</lentisc>
      </unyoungRecrew>
      <cronesEvinces anosmiaErrataKeas="grummer57" tabs="unswellJakun63">
        <zatiPereira>8696</zatiPereira>
      </cronesEvinces>
    </renoveLimer>
    <ferrean>
      <sliddryIsoamylToral>354740296</sliddryIsoamylToral>
    </ferrean>
    <cabaGrebes>
      <maydaysUntwindHurrock>86215</maydaysUntwindHurrock>
      <titisAnnum baunoBison="arrySchizo416" chigoeShutesPay="smeeked">
        <turken>ecphova</turken>
      </titisAnnum>
    </cabaGrebes>
    <dottersWanapumPropago>
      <deveinsOxidaseChakras>80</deveinsOxidaseChakras>
    </dottersWanapumPropago>
    <fatuoidLaves prowJoins="babbyTorsive" teriann="spean">
      <murgeonThawAskant>unmeedy</murgeonThawAskant>
      <tahsils>
        <tanoan>awningsIuusBize</tanoan>
      </tahsils>
    </fatuoidLaves>
    <lot>
      <apolarFever>eireneUpboilsRomaic</apolarFever>
    </lot>
    <unfrost nodicalJerichoKeddahs="chubbedTetrantGravery">
      <dottedCaraco>tumidBooksy</dottedCaraco>
    </unfrost>
    <goaleeDamosel>
      <indoxyl>712</indoxyl>
    </goaleeDamosel>
    <bellesCoenjoyPolyene>
      <crusieHapi>58804633</crusieHapi>
      <brokeEnhardyVaguely agoras="sebkhaRoomsRejig18">
        <sekereEscorts>hillingCheungVivid</sekereEscorts>
      </brokeEnhardyVaguely>
      <moggyShiplet brantDraffy="vesicalCulletsGleby" tapisesOften="puffletEphebos">
        <pheninTollers>exdieGrun</pheninTollers>
      </moggyShiplet>
      <typ leah="6171">
        <modioli>dorey</modioli>
      </typ>
    </bellesCoenjoyPolyene>
  </cogencyDepletePeckly>
</outsailTorneseDriers>