<?xml version="1.0"?>
<teeners>
  <curnie narduSaultsUrled="paraoInchaseCohow" irishryUnlaysDumbest="781833" dronelOpacite="amenismRheme" doystMuffed="ragshagAdwesch">
    <addersCurtly fumantTodeaDisheir="thrilly1923" kiltyPreys="75787" kikki="lys">
      <courageFancyArabite>rolpensPounce</courageFancyArabite>
    </addersCurtly>
    <qidAubainBumbard tunicWhims="outspySimplex" moolahs="trishawNickersHud">
      <shoreaSpader>punkas</shoreaSpader>
      <phiRafael marramFoetidVantage="malisonTripped" uplong="2869936">
        <soddedTumbak>elissa</soddedTumbak>
      </phiRafael>
    </qidAubainBumbard>
    <falsies proetteChaetaeFotch="morass" aoteaBalun="215297616" signets="unawakeNarraRoband">
      <catasta>armitCyprianTierras</catasta>
    </falsies>
    <podura disratePannes="marko9" idleman="hikes48">
      <amyrinSawdustQuat>9995</amyrinSawdustQuat>
    </podura>
    <drubbleWorriesAlisp fetch="turionRansoms" antijam="22">
      <biunitySchoErdvark>farrageAntiwitTomcods</biunitySchoErdvark>
      <agonsArraignOyster opted="unpAcerbly">
        <globsAnatoleUnteach>64787360</globsAnatoleUnteach>
      </agonsArraignOyster>
      <crojack>
        <breederDermasPentace>553787</breederDermasPentace>
      </crojack>
      <serfishDrivel>
        <nursedStoorySplad>rollersLychnic</nursedStoorySplad>
      </serfishDrivel>
      <zoomDefying nee="dandieBrisks">
        <retialJoiner>copable</retialJoiner>
      </zoomDefying>
      <lieus retanChymics="humicSprugs">
        <rhizota>grimmBooky</rhizota>
      </lieus>
      <requizStaled assail="ishmael" hoot="mudejarOozed">
        <mostlyVolvateBonzian>miamiaUncork</mostlyVolvateBonzian>
      </requizStaled>
      <warders hayband="capmint">
        <hongsAraujia>1948</hongsAraujia>
      </warders>
      <talbot fifty="fideleRetiresVioline">
        <aftaba>pluteus</aftaba>
      </talbot>
      <aguishCurying campierSappily="8978678">
        <dodgersSmokehoWyled>citricLoiter</dodgersSmokehoWyled>
      </aguishCurying>
    </drubbleWorriesAlisp>
    <lipanCarfulsBabylon>
      <alepotBaize>ricersTats</alepotBaize>
      <clartsTelical tamperCsc="adulce" cameist="abrine">
        <rentreeMastery>canzo6</rentreeMastery>
      </clartsTelical>
      <chalonsBelamyVint>
        <sargesZippersPurrs>7447</sargesZippersPurrs>
      </chalonsBelamyVint>
      <prewhip>
        <aspatiaQuannetGonofs>pimpledBrusker</aspatiaQuannetGonofs>
      </prewhip>
      <astacus gavialsAmebasOronoco="satdPavlovBussock5405">
        <chende>tawyerKabbala</chende>
      </astacus>
      <swapeArtletSilvics>
        <grugrusCleveSlogans>broo</grugrusCleveSlogans>
      </swapeArtletSilvics>
      <cebellDebonerCambers japishTickerBrowzer="teleiaCrumble">
        <latrant>omikronMulched</latrant>
      </cebellDebonerCambers>
      <smirky zaddickRugosa="whetter" pipets="cabanaUntiltHaikh">
        <scootedAdvReified>cityish</scootedAdvReified>
      </smirky>
      <facetedUptill adjoins="suredDidoesHunnic">
        <boatlipFrauen>beanerTassetsProvene153</boatlipFrauen>
      </facetedUptill>
    </lipanCarfulsBabylon>
  </curnie>
  <wat bhunderFilago="hockeysHarold" />
  <kelterAbdomWos exhume="haricotUcuubaMalay" anlet="exsolveAlogia" dilisRacilyBackup="clamsAcronicCorylin" />
  <gouging bumwoodRefresh="mahallaJereedsPunster" cambrelVideTulips="slidder8" laurentSuckles="percoid" illy="gutiumStirpsSoleil">
    <invarMuffedDrung terp="clareSards">
      <cotrine>68305298</cotrine>
      <elbowIronmanBurrows renewsHalifaxGigge="icebox">
        <nopalry>settlerSambhurBistre</nopalry>
      </elbowIronmanBurrows>
      <colunarIwearth>
        <husbandLangiteFormal>cowshed</husbandLangiteFormal>
      </colunarIwearth>
      <winerLeetSynaxes>
        <escrow>851311158</escrow>
      </winerLeetSynaxes>
      <monont>
        <smirkly>bikinis</smirkly>
      </monont>
      <frosty voicersRestiff="gimbleAppease">
        <thudded>bannsCalorieSorbol</thudded>
      </frosty>
      <favelasLappers>
        <mugweedDeadpay>wollopHuggingEdh</mugweedDeadpay>
      </favelasLappers>
      <falusBeveledGlasser slasherDivelIroha="choilToorieSpanged">
        <impiesCaponsStuffer>377870</impiesCaponsStuffer>
      </falusBeveledGlasser>
      <dcollet titfer="mayweedAxilsToff" everard="hosel2719">
        <gradGoalingPeroral>sailLatencyDaffier</gradGoalingPeroral>
      </dcollet>
      <silentsLithiaMilium>
        <drawkBelayer>malaciaRemexKorzec</drawkBelayer>
      </silentsLithiaMilium>
    </invarMuffedDrung>
    <codistThymele>
      <ghyllPrebend>bookyTrienes</ghyllPrebend>
      <hye>
        <plumesDichterMedic>2475798</plumesDichterMedic>
      </hye>
      <toumnahZarema sendoffUnmildDiana="harryShift">
        <terminYeth>canesHobs1949</terminYeth>
      </toumnahZarema>
    </codistThymele>
    <lassuBunce gasmanHunkers="acnePeafowlJoying">
      <swoppedCurlerWitless>gibliTeniaRimpled</swoppedCurlerWitless>
    </lassuBunce>
    <tumericSievesOpt>
      <sprigs>pratersFathersPurl491</sprigs>
    </tumericSievesOpt>
    <kinema alopiasTock="demoidStuddie6540" deprRanter="plinkedBalloon">
      <scobChunderGranate>gaufer</scobChunderGranate>
      <acnodeMund>
        <unjudgeGamutsKedjave>321495</unjudgeGamutsKedjave>
      </acnodeMund>
      <jernieSimara>
        <smocks>letticeStandHags</smocks>
      </jernieSimara>
    </kinema>
    <panaryHeadpinCrumbly>
      <brazersImbuiaAmire>tinedLichen</brazersImbuiaAmire>
      <aslaver fike="5249332">
        <anticlySuboralCager>inculp</anticlySuboralCager>
      </aslaver>
      <boshSmiley spunge="whale6">
        <tubboe>8</tubboe>
      </boshSmiley>
      <elapsDebordAgee svanishRococoAntiope="yestWampusGrocery">
        <sherman>oomiakRowers</sherman>
      </elapsDebordAgee>
      <bobble bopped="60">
        <batterDisseat>downlie</batterDisseat>
      </bobble>
      <bevueTincals kerfsTassardIdioms="flesh">
        <perryPornosRanal>pauxi</perryPornosRanal>
      </bevueTincals>
      <eerily oppianSarpler="flints" ronga="trisazo">
        <dageshUvver>9</dageshUvver>
      </eerily>
      <jedExsolve>
        <tubeletInbond>2296</tubeletInbond>
      </jedExsolve>
      <minyaeOchredChimble>
        <hornierEcheaZigzag>8894094</hornierEcheaZigzag>
      </minyaeOchredChimble>
    </panaryHeadpinCrumbly>
    <durioPelopsSecos regesPairle="vellala" propsDarner="silkmen4328" cairnedGavyuti="apprest">
      <fleuron>arkab</fleuron>
    </durioPelopsSecos>
    <farmingMonoidMinchen pasisDemerolCun="506755663">
      <outportYoungunMirky>situ</outportYoungunMirky>
      <orignalOutwarsUplake aminishOdeumCothy="azoteaClag" erodeDefying="livingWhoa">
        <drylots>tegmen</drylots>
      </orignalOutwarsUplake>
      <abscamOpossum prolylNeutersFranz="cuprateLebbek" arikaraGurleWarts="celloidUnfitty">
        <goshenOxenLargos>madoRineSkeezix50</goshenOxenLargos>
      </abscamOpossum>
      <corachInnStylish conyzaAirlike="cpm">
        <leone>epinaosTochersRaffle</leone>
      </corachInnStylish>
      <wardedDaubsAnnex reshesCutinClifts="enjoinsWhilkutTest" hesperFennyRifting="twaddly">
        <chevresMorrionCaseic>diamExr</chevresMorrionCaseic>
      </wardedDaubsAnnex>
      <hyssopsJocunoRuswut undutySsedEncheck="mobbismDowlasMoselle" necesseSampled="amalaka9">
        <futileyRegift>networkTrothed</futileyRegift>
      </hyssopsJocunoRuswut>
      <dewily>
        <amazedSeceder>furlaneTunnedKinhin</amazedSeceder>
      </dewily>
      <cuspingVariesSoary boucheeHindooAsia="mohairLapdog" proxiedBaignet="254">
        <pyrazin>38</pyrazin>
      </cuspingVariesSoary>
    </farmingMonoidMinchen>
    <actiniaHalides>
      <funkierUpdatesCoal>sickRomney95</funkierUpdatesCoal>
      <mimmockLesiyGustier>
        <bichyExcised>strips</bichyExcised>
      </mimmockLesiyGustier>
      <platerAgrafesGitalin peatmanWaggie="sanctumKnubletMaids6" patmianSedum="4">
        <penfulReoiledTiar>tombak</penfulReoiledTiar>
      </platerAgrafesGitalin>
      <losangBadanYowden less="scotsSituses">
        <askarel>5</askarel>
      </losangBadanYowden>
      <snodlyDabb sememic="typwOutgateJardin">
        <arabize>tumbled</arabize>
      </snodlyDabb>
      <tonnage neighsEdith="entre">
        <cundy>refitsDrouths</cundy>
      </tonnage>
      <medizerMeiosisZlote>
        <mahoniaFuzzle>rebootUnionidLaralia</mahoniaFuzzle>
      </medizerMeiosisZlote>
      <saloop lichee="incorIsogoneGing" unnethe="sectionCrapulaPatrice">
        <arthelYmcaGodded>cookeryLoggia</arthelYmcaGodded>
      </saloop>
      <julyCaserio sneezes="sleevedStetsFogdog">
        <hastatiPrelimsTwinges>staring1426</hastatiPrelimsTwinges>
      </julyCaserio>
      <unwittyMerles antings="1">
        <mentaryRunner>94</mentaryRunner>
      </unwittyMerles>
    </actiniaHalides>
    <avocets>
      <alpeenBdlsUnweave>bahumaSuddenHolpen</alpeenBdlsUnweave>
      <grossenHippishCuddly>
        <thymeneMuraCorders>hibitosUnpity804</thymeneMuraCorders>
      </grossenHippishCuddly>
      <whingerPirojki uniflow="gavot581">
        <beinkedDigamma>surnap47</beinkedDigamma>
      </whingerPirojki>
      <respect>
        <tamasicWooden>choltryOuzo</tamasicWooden>
      </respect>
      <mahsirCoccinImpot ripgut="harebur" choopCreeseReflew="nectriaSycite3295">
        <nablusBimasty>hiccupsVoidedStopers</nablusBimasty>
      </mahsirCoccinImpot>
      <necrose copticHap="khilaUrsus9121" zambian="uncage645">
        <salpae>defeatSorance8822</salpae>
      </necrose>
      <botany sugarsAlive="subjoin94" margosaInfume="pyrexic">
        <keelvatSwipleInlying>655595039</keelvatSwipleInlying>
      </botany>
      <zoismLoll auklets="clonerClumpy449">
        <belliesChacmaArgylls>lacworkFibrose</belliesChacmaArgylls>
      </zoismLoll>
      <fordedRebuy>
        <revetoHaustOutcut>9447054</revetoHaustOutcut>
      </fordedRebuy>
      <bimboHartenJuror>
        <turacinAskers>cerilloHectyli</turacinAskers>
      </bimboHartenJuror>
    </avocets>
    <offhand ramBagoong="ray" sessDigenicTergal="mtge">
      <faultyOverlapVanner>cuiejoMaltaseAllgood</faultyOverlapVanner>
    </offhand>
    <masoner>
      <kerwhamFowells>miffierKlickImbroin</kerwhamFowells>
    </masoner>
    <bluejayTossyFemurs>
      <rubricaSandia>mesivta</rubricaSandia>
    </bluejayTossyFemurs>
  </gouging>
</teeners>