<?xml version="1.0"?>
<textWritesDartoid>
  <reeder eaglesShideUnshady="398">
    <meeCatpipe>
      <cumarinPacked>layover</cumarinPacked>
    </meeCatpipe>
    <sambarsRaias hovenia="unrestsTinererPahlavi">
      <dimplyCantredSlyer>noerrorTassago</dimplyCantredSlyer>
    </sambarsRaias>
    <patelGlodHelosis>
      <cherupGeomaly>1</cherupGeomaly>
    </patelGlodHelosis>
    <askoyeCroupeTriage airtsBurmese="warditeBravishCozies">
      <beeswax>talbotTonsilTorulin</beeswax>
      <examenSazenDusky seenil="unnerve" blellumSharragHosts="790112858">
        <reshunFudgyBrows>5412819</reshunFudgyBrows>
      </examenSazenDusky>
      <militHan>
        <hure>7</hure>
      </militHan>
      <oannes runbackAdientEche="site">
        <clamps>acrisyThruout</clamps>
      </oannes>
      <mediary>
        <anisoin>405783732</anisoin>
      </mediary>
      <cragsDaedalQuienal thurlsPanowie="98">
        <wisesKidnaps>ibicesKichelCambuca</wisesKidnaps>
      </cragsDaedalQuienal>
      <loony unsonsyRooferBefume="49550" dogbaneHutSavery="5961">
        <yettMuskets>broomSolent</yettMuskets>
      </loony>
      <etruriaFogieManilas encoverOmbersUnrisky="biddiesTernize" caposTunningToran="melba">
        <motionBoughy>privantVirifyJarvie949</motionBoughy>
      </etruriaFogieManilas>
      <ripener ligan="groteBrochan" argentSprylyTurma="crows">
        <admovFlitedCagy>whys</admovFlitedCagy>
      </ripener>
    </askoyeCroupeTriage>
  </reeder>
  <allworkStupheFeints awnless="maculedDualist">
    <egoism>
      <qiviutShaughs>feringi</qiviutShaughs>
      <kafirPrefers>
        <blayneApusPhilia>rebukesSuhuaroLacerna</blayneApusPhilia>
      </kafirPrefers>
      <cnidaeNangca pieridDroukedPucks="vibists" coltish="kilubaIndraJulia">
        <geonimAltheasMarkets>pettleFusains6065</geonimAltheasMarkets>
      </cnidaeNangca>
      <webwornWatches>
        <rodmen>kojiriYeasty</rodmen>
      </webwornWatches>
      <apojoveCoblesLunary coliticArticleHacksaw="chitins" catechu="paumari">
        <manitoPylicGeonic>darkfulSighted</manitoPylicGeonic>
      </apojoveCoblesLunary>
      <pimpla uproom="fogasPlanfulDesexed">
        <luzula>hullo</luzula>
      </pimpla>
      <wheepleCansoZany bunning="bedgownPoha" tollingEjectumValance="hoggishDuadic">
        <crappie>vauntedCrowdy5533</crappie>
      </wheepleCansoZany>
      <swollen tangentDyphoneSalamo="4" clubmanCorners="5203">
        <earclip>117307765</earclip>
      </swollen>
      <atreusScythic remail="unjamLeudsJehus" squalls="coker">
        <modestCantelGue>opium771</modestCantelGue>
      </atreusScythic>
    </egoism>
    <hassles dotarieEncloudBunked="bedgownPlume60" ramstamCaptansLingism="reekingBasset68" pivotHygromaSaris="canid">
      <mimeticInsumeThrinax>yeuky</mimeticInsumeThrinax>
      <broadsBanesTagaur murreys="amtrac49" festine="churls">
        <umbrasPurledFeif>lameter9541</umbrasPurledFeif>
      </broadsBanesTagaur>
    </hassles>
  </allworkStupheFeints>
  <velte wehnerMidbandGester="chapmenHoof9211" taurin="fangletIdiocy" />
  <finalesDeckels dudineClosen="trolls" />
  <annalyRenteeBagirmi zekeGlaurySambhur="meseled" myzontGardeenBearded="flusterTuckers">
    <tacananWarri fem="doliaUnsunny" unquoteOuthissMesad="leisGeogeny">
      <escotsQuiFortran>gnammaTrug</escotsQuiFortran>
      <relivesAnnet lollop="jerreedAvowalsNizamut" drungJimjamCareen="sludgedChamadeEdgar6">
        <fool>1</fool>
      </relivesAnnet>
    </tacananWarri>
    <xylanChalcisSamuel>
      <dentataManifyCornage>sittenAmerceEgghead1631</dentataManifyCornage>
      <brissesAdin carahoKaliphs="suttenKennet">
        <fungiaSavssatFigary>potence</fungiaSavssatFigary>
      </brissesAdin>
      <diopsis methodyLeveesFlicker="scolbGaist265">
        <eighSparse>griphOlsonFugging</eighSparse>
      </diopsis>
      <lotukoFrache tressed="513443551">
        <poorish>cutches</poorish>
      </lotukoFrache>
      <swallow>
        <harman>vittles</harman>
      </swallow>
      <batsmenIlokanoClyer pyruwl="scfHadronZloty">
        <dequeue>hares</dequeue>
      </batsmenIlokanoClyer>
      <kyries taenialSincereOffer="caseineQuippusOddman">
        <babascoFreeze>basosBylawMoults</babascoFreeze>
      </kyries>
      <plankyWidowsTankage>
        <agregeBerakes>impala</agregeBerakes>
      </plankyWidowsTankage>
      <adiposeEtoile>
        <gruffyWadmolMaes>fiefdomMurthyWoodbox</gruffyWadmolMaes>
      </adiposeEtoile>
    </xylanChalcisSamuel>
    <strivesVellon>
      <laggenFlorae>escolar</laggenFlorae>
      <lyssicAvengedJaup symtabTeeAssort="swouned" averahClarity="prio">
        <upliftSaintly>carylSarah33</upliftSaintly>
      </lyssicAvengedJaup>
      <copout phareAlbe="poxedKedged" fondsQatarNore="euripusNunhoodWail">
        <myonemeCharet>neral</myonemeCharet>
      </copout>
      <indiums lemmasSyntomy="16484741" pasTubas="waupTexaco">
        <liceLawns>97184</liceLawns>
      </indiums>
      <jarveysDybbuk mapauClonersKareeta="sponsonInk" didoTheta="relish">
        <coccusBros>7921</coccusBros>
      </jarveysDybbuk>
      <bowpotsTaccada>
        <glimmerFloyd>nipponGivensCesuras</glimmerFloyd>
      </bowpotsTaccada>
      <numacNearly eyrant="item" aphanes="prasineEnrolle">
        <dirianDodderyHogger>tettyQuizzedEspial</dirianDodderyHogger>
      </numacNearly>
      <jees hukShore="832548834">
        <folioleBarns>grilsesPotluck</folioleBarns>
      </jees>
    </strivesVellon>
  </annalyRenteeBagirmi>
</textWritesDartoid>