<?xml version="1.0"?>
<vansireJerseyBlocage>
  <troftBencite acridlyTholi="424481684" />
  <srisInduismEmbrave maviesBefretsReborn="mesodicJubilus752" sneezesMortemVoivod="327" />
  <foundry fabularAnswersSprees="2" shulwar="carders" />
  <egilops augurFeds="66684" />
  <jebusPorus />
  <apsidalSolan exiture="abamp54" porters="witsafe" haugh="eblis" crigHooleyMajoon="diceAresParting">
    <chaos pickmanCacimboRemus="cirques" deify="milchyShelf">
      <mayasSensusBrees>rewords</mayasSensusBrees>
      <ferdwitEatingTinsels taillieAtactic="sootiedGlyptal" cojonesPantsQuetsch="correctCoffledLatests2140">
        <aking>veto</aking>
      </ferdwitEatingTinsels>
      <gaviaeWidely>
        <wow>blitzes</wow>
      </gaviaeWidely>
      <toyingCrossly>
        <robbins>aliquidBumeliaScarily59</robbins>
      </toyingCrossly>
      <coonsGotha stagnumDefying="garb6">
        <boomkinBriguerGomuti>minnowUninert</boomkinBriguerGomuti>
      </coonsGotha>
      <emceing rogPippen="fixatesNasiAlw" reroofOctantsDewcap="wombsCushingChing">
        <cubicaChowkPingle>quenchMantramLansing</cubicaChowkPingle>
      </emceing>
      <birneCauldTurning claiver="24179355" whirretCablePandle="walkie">
        <bougetInquireManga>surmark358</bougetInquireManga>
      </birneCauldTurning>
      <cloths>
        <sionite>recookBendingSciapod</sionite>
      </cloths>
    </chaos>
    <kytes>
      <ausuDredged>baboons</ausuDredged>
    </kytes>
    <talarsNepote>
      <sleet>pauSyrtHuerta6</sleet>
    </talarsNepote>
    <badgerHousingFeints>
      <sloom>premedsSyedRidders</sloom>
    </badgerHousingFeints>
    <aureous mewlersTimbira="tobymenCabiriPunchy" forcetGrootSlushy="choirChampyPowny" androl="heptalHolts">
      <pitylusAlpaxDolphin>jantyMurlyAppl</pitylusAlpaxDolphin>
      <supremoKrausenGuyana niobous="pyro3556">
        <vermilStulty>hokanDefacerGoetic</vermilStulty>
      </supremoKrausenGuyana>
      <sammelPloceBorrow>
        <spierFarleu>choleicUnliveSpinney</spierFarleu>
      </sammelPloceBorrow>
    </aureous>
    <himpShield>
      <strageSiker>134</strageSiker>
    </himpShield>
    <antiqSkunkedEffume sociolSenatus="8" gating="kumkumLuter" loukoum="18481762">
      <dixitBaaedUrochs>backs</dixitBaaedUrochs>
      <gampOftensCoxes>
        <gyro>iridicDoli</gyro>
      </gampOftensCoxes>
      <evites>
        <pannusDerflyZonulet>4605307</pannusDerflyZonulet>
      </evites>
      <bravishPintThose behindVerbs="56120" chuser="shavies">
        <taxersLegist>cottonsPulpousSillock</taxersLegist>
      </bravishPintThose>
      <sprewlGrafFlnerie vehme="43">
        <aminDeworm>rerobStandsDivast</aminDeworm>
      </sprewlGrafFlnerie>
      <venieStof>
        <raghuViewCarole>selsynsBoskierCassaba</raghuViewCarole>
      </venieStof>
      <bovoidSagelyRenewal muredEudora="hoboedLearPricker" wankyYoky="voluspaBorer">
        <oneism>cozedSinaic</oneism>
      </bovoidSagelyRenewal>
      <cummin>
        <battierBonaire>saladaViolate</battierBonaire>
      </cummin>
      <balaamCsch>
        <beachyAlcade>rapillo479</beachyAlcade>
      </balaamCsch>
    </antiqSkunkedEffume>
  </apsidalSolan>
  <spottle frousyGaudilyKingu="yabbers" luhinga="drenchAgogRices" bombsKrag="imager" decapAnnonaCuldee="swans" />
  <boxtops heftingAmicous="hoodcapEmeline" teapot="aphodusRidged3" shaversGunnenZeroth="wiggingPinitol638">
    <lunierAgnizesOlpes>
      <gossardSueding>wuddieAphodal</gossardSueding>
    </lunierAgnizesOlpes>
    <advisedStickup>
      <aspasiaDusack>rewraptRampire</aspasiaDusack>
      <jumpierAllele>
        <tzaddikAroynts>carmel768</tzaddikAroynts>
      </jumpierAllele>
    </advisedStickup>
    <bowwoodEcocide>
      <partletGyppedAmorini>galledWampish</partletGyppedAmorini>
      <sociesScartBlader myselfAgamic="detenteSabbeka" posse="seelilyUlicon">
        <coenobyDroned>frozeFuhrersTralira</coenobyDroned>
      </sociesScartBlader>
      <bonitaGutlingWorded bowessGubbins="oblastiMammyPyrosis" levyistMaghrib="273675700">
        <perpentChabuk>pulsate</perpentChabuk>
      </bonitaGutlingWorded>
    </bowwoodEcocide>
    <roun>
      <idolCalyxTsade>34508114</idolCalyxTsade>
      <veenas bodegonLimacon="frowsyAlmah8" bateApiolDarci="sappedAtazirMonkey">
        <entombsRunicVolar>whickOuthymnZantiot</entombsRunicVolar>
      </veenas>
      <bardismRailly>
        <exponeAlkaminDeadpan>coyestWindleTaunton</exponeAlkaminDeadpan>
      </bardismRailly>
      <teenetDoubles>
        <crowtoe>tjenkal</crowtoe>
      </teenetDoubles>
      <saul onaggri="brigousMastrasStroil496" gibierOkieGramary="sericonRattage">
        <ashenGlomeLyncine>oscan</ashenGlomeLyncine>
      </saul>
      <houseFarci dieting="27938851" auget="manilioRcvrLustly">
        <plasmasRatans>124185917</plasmasRatans>
      </houseFarci>
    </roun>
    <pescodToxa>
      <appealTalthib>35906840</appealTalthib>
      <slineLazed ratersTropia="saltily" abreactGoladarUgroid="dwines686">
        <tumpFirthDicyan>muktearBoskageTraduct</tumpFirthDicyan>
      </slineLazed>
      <bywonerEmmenic forgetsKhedasTucks="378" choky="coins">
        <oodlesDeepish>chiruRefindVoters</oodlesDeepish>
      </bywonerEmmenic>
      <tepas>
        <unwealWeld>nihils</unwealWeld>
      </tepas>
      <angasJayant>
        <paunchyGoggly>sewster70</paunchyGoggly>
      </angasJayant>
      <galyak duskedPresent="antiopeShortie">
        <banjoAxilsTopiary>2122401</banjoAxilsTopiary>
      </galyak>
      <ploysReteneKnacks bradSmous="ogleCrooked" asimmerScivvy="521241">
        <tinnilyQuails>29797896</tinnilyQuails>
      </ploysReteneKnacks>
      <wickiupReels bayhead="petunia" auncelWavira="caprockVoustJarvie">
        <deject>snavvle</deject>
      </wickiupReels>
      <lavingSwishesAlumic blately="tewit" spaverEfikBuz="whumpMeasly6648">
        <resavePoterSubers>emblicWinstonMutes</resavePoterSubers>
      </lavingSwishesAlumic>
    </pescodToxa>
    <simsimNrarucuUnary>
      <bloopLixiviaAprocta>shabScotize4</bloopLixiviaAprocta>
    </simsimNrarucuUnary>
    <graniteAnimisJocoque>
      <bisso>horneroEpoxide</bisso>
      <godling>
        <advectRopersMatzo>redyingPastedLoured7754</advectRopersMatzo>
      </godling>
      <crojiksPukekaOsmosed>
        <pomeriaFlacianUpsurge>engMinah</pomeriaFlacianUpsurge>
      </crojiksPukekaOsmosed>
      <turcian abit="ramexAgentry" bruckleWhoosis="tussahs3416">
        <acemilaCoxaeDirdum>porto</acemilaCoxaeDirdum>
      </turcian>
      <climate blellum="149010602">
        <cashbox>38</cashbox>
      </climate>
    </graniteAnimisJocoque>
  </boxtops>
  <boheasVali>
    <bragged>
      <aircrewBaluchGohila>prussin</aircrewBaluchGohila>
    </bragged>
    <keenFlayBorzoi preknow="gtc" akeleyPria="pertlyCentralBoleti" sawyers="61584">
      <raspsSeaweed>rerollsVerstLeks</raspsSeaweed>
      <awakingVagaryLarums>
        <prepays>964709512</prepays>
      </awakingVagaryLarums>
      <gnsPetalyJill soloedSulkers="chesounMattoir" gedecktCragTuxedo="sealch">
        <outtakeChucklePikemen>padsawDuctus</outtakeChucklePikemen>
      </gnsPetalyJill>
      <dmarche pegasidNuts="386002834">
        <rushersFessing>timoConoid</rushersFessing>
      </dmarche>
      <spurnerSigilSnorer synagog="sessedNaledsClashee" ulmoVicesTsia="meadowsImputeZenana487">
        <momenta>5011</momenta>
      </spurnerSigilSnorer>
      <feccheAlluded>
        <kenareh>moray</kenareh>
      </feccheAlluded>
    </keenFlayBorzoi>
    <sienite convertPulturePeelman="snipishPallae" demonioFiotCopula="riveryRin" ferrean="pigeons">
      <maugreHurlyMummick>poacherAronia</maugreHurlyMummick>
      <tatinek>
        <guloIsegrimMaximed>6035</guloIsegrimMaximed>
      </tatinek>
      <roscoeBlawing goopScaenaGalchic="pirnedAnswersDimple">
        <fiars>coolieTransf</fiars>
      </roscoeBlawing>
      <dodgersGuyed>
        <jingalPurfle>chapperJynxCruset6911</jingalPurfle>
      </dodgersGuyed>
      <snubbee madrono="requestVedetteSuddle" cowgirlChuppahDiscute="bariYarely">
        <teapoy>trifid</teapoy>
      </snubbee>
      <betearTwaddy>
        <zubrMilkmanStated>brache</zubrMilkmanStated>
      </betearTwaddy>
      <pedateYarns koppasScart="keywrd" squamyQueakKalang="hiphapeEctadTutelae3">
        <syntanKamasinDiting>974644</syntanKamasinDiting>
      </pedateYarns>
      <myrrhyUnowedPewmate dufterMackled="74013147">
        <antiope>colies28</antiope>
      </myrrhyUnowedPewmate>
    </sienite>
    <boltiMarriedShriven>
      <tearierParadaReorder>quoitedJughead</tearierParadaReorder>
    </boltiMarriedShriven>
    <shangJetter>
      <cyamidLaxly>hallexInfulaeMallei</cyamidLaxly>
      <awnSnast ulmic="renule">
        <lampletAmrelleChumps>uninnMirza</lampletAmrelleChumps>
      </awnSnast>
      <gueriteQualiaPeoplet>
        <aboon>louse</aboon>
      </gueriteQualiaPeoplet>
      <uroceleDeriv milliadReleveGrot="7850">
        <gibbedJoylessUpriser>kinkleMussierBluntly</gibbedJoylessUpriser>
      </uroceleDeriv>
    </shangJetter>
    <assaultTrajectPaintry rangey="jericanTurtosa9952" coempts="moblike" norbertThos="meusePhotogThrift">
      <slunkenFavousDeicer>jezails</slunkenFavousDeicer>
      <dolus serapea="952497188" yarkeeTimbo="2">
        <anthrylCurded>leysBonksSinsyne</anthrylCurded>
      </dolus>
      <dickiesToonaSum dampingMonty="excurReapply" shikiiMurralNucleli="lough">
        <astoopGironsShadowy>thymineSarcler4560</astoopGironsShadowy>
      </dickiesToonaSum>
      <actosVallarGuiding bulgar="4132">
        <joskin>combe</joskin>
      </actosVallarGuiding>
      <cheviesPiu smellZingari="36863090" kieranJammedFervid="samps">
        <eimakKavaCansful>bakings</eimakKavaCansful>
      </cheviesPiu>
      <zimmisDrat headpin="8">
        <fideosAgony>carocheForgotStaypak</fideosAgony>
      </zimmisDrat>
      <veraAltezzaUnlead mafooMalambo="ainus">
        <faroCossetMoong>33</faroCossetMoong>
      </veraAltezzaUnlead>
      <chauleBunds>
        <kenyteIffy>ctrl</kenyteIffy>
      </chauleBunds>
      <cheeryWilletsGandum bougeOpenest="pishu" bathJunciteItonia="puffed">
        <dopantsKnowDeeming>tupmanOtolite</dopantsKnowDeeming>
      </cheeryWilletsGandum>
    </assaultTrajectPaintry>
  </boheasVali>
</vansireJerseyBlocage>