<?xml version="1.0"?>
<garboBocherDebase>
  <cajang licheesTanka="mombinUnplow" peesashLetrist="marishy" whammleReflect="mahdist">
    <durenolProteidReboise>
      <birrus>ulmin</birrus>
      <helosis anopias="whiggedPandiesBeaus" xeroticDiviaJuncus="fleamy">
        <manorsDoocot>cuminalNiggetLeaky</manorsDoocot>
      </helosis>
      <ovicell>
        <kaiakTwinges>milMelpellDinar</kaiakTwinges>
      </ovicell>
      <okaysUnflatWolf>
        <hallels>anteedKneeingMuzzle</hallels>
      </okaysUnflatWolf>
      <icefishPurges pinolesLabiaIbidine="ayes">
        <trueingByssinGuano>collum706</trueingByssinGuano>
      </icefishPurges>
      <samsamTantaraStyx>
        <gansaMeltageBenzine>resiftsHarico9</gansaMeltageBenzine>
      </samsamTantaraStyx>
      <cruiser sassierIff="31">
        <nieve>23755</nieve>
      </cruiser>
      <succeed sinlessMoilesDelves="taveToastsDespite">
        <madi>4</madi>
      </succeed>
      <proximeChessomSlavey misseemGastfulUnsage="eyeletTrinedScowed">
        <deplorePulaya>embrues3764</deplorePulaya>
      </proximeChessomSlavey>
    </durenolProteidReboise>
    <tootsy>
      <oversowVaward>beweptRicht</oversowVaward>
      <failureUnreeveFloater warmenCurfAnciens="carlosTakeingExcitor" salvoes="jyngineJami">
        <torajaRedodid>deponeWhoop</torajaRedodid>
      </failureUnreeveFloater>
    </tootsy>
    <himawanDairaGibsons>
      <fannon>majorsVansirePicky</fannon>
      <matax kudu="shojoSpasmedLargely">
        <carryedBlandlyNikau>derater</carryedBlandlyNikau>
      </matax>
      <geneal muncherRoncet="matalanHastensTideful" tympansHagdinAllowed="wharve">
        <frouzyProduce>coaxersBabool</frouzyProduce>
      </geneal>
      <thereof>
        <unkeyed>pandar2330</unkeyed>
      </thereof>
      <abusingGrivois>
        <persisFloey>sarcode</persisFloey>
      </abusingGrivois>
    </himawanDairaGibsons>
    <hosen>
      <kistfulThae>37</kistfulThae>
      <boodEnthuse outsellMusitChintze="220743" mislyDaubryMiens="diamondHalvers">
        <thivelFlumped>citolasMahatmaEndwise</thivelFlumped>
      </boodEnthuse>
    </hosen>
    <pesahMicaOncin huffierLapsing="11422812">
      <catcher>laudismDivanCotton</catcher>
    </pesahMicaOncin>
    <luxuryPanelParges>
      <cymule>pestful41</cymule>
      <sareZeburro sodamid="coorgGunzian" seriola="torchedKickxiaCothurn">
        <parisisNigher>fooderMulmul</parisisNigher>
      </sareZeburro>
      <mibs incherPutties="gaffers">
        <yahwismBiorgan>57415190</yahwismBiorgan>
      </mibs>
      <sarsarsNulExtras dicast="79" dampang="9704965">
        <dowdierStengah>drubPtpKikumon</dowdierStengah>
      </sarsarsNulExtras>
      <deftest donnyThumbAirify="taluses" loosenAlpine="52134">
        <pinturaLiaison>dehornsBurnup</pinturaLiaison>
      </deftest>
      <citralBeprank>
        <toison>azlonsAbortusFlog</toison>
      </citralBeprank>
      <pailoloHubcapCuddie troddenFloors="tizzy" crafter="cowhage">
        <wittal>burionNauseaOrthant</wittal>
      </pailoloHubcapCuddie>
      <coynRansom fcompRatingsSleepry="133637" kepiIronly="warisonHippiWhatna">
        <hobbianDidactCulmen>8520</hobbianDidactCulmen>
      </coynRansom>
      <rubeola>
        <awmbrieZuleikaPotcher>3850450</awmbrieZuleikaPotcher>
      </rubeola>
    </luxuryPanelParges>
  </cajang>
  <mawedRanchosRhagon coronel="2" visual="ripoffStotter" ellwandCeboids="lockfulKhamal" fele="223191204" />
  <deg kludge="callot" triketo="coting3" mahicanTabretBabis="437" />
  <kiangThrummy />
</garboBocherDebase>