<?xml version="1.0"?>
<tummyPyemias>
  <bedfastHogg>
    <phratry slangy="walksDoggerZool">
      <subpartSepalPottagy>disawa4984</subpartSepalPottagy>
      <cordylLaunderSangil>
        <chevvy>semiticStewDetinue</chevvy>
      </cordylLaunderSangil>
    </phratry>
    <errantsPosedSkiv agendJanglerReh="walySalter4912">
      <priviesBedamn>piaroaArcella</priviesBedamn>
      <cared>
        <pahlavi>gregaleRiped</pahlavi>
      </cared>
      <yvonneCeiled naivetyMimbars="danglesCarouseTunning">
        <dortsAmebae>concrewMort</dortsAmebae>
      </yvonneCeiled>
      <zaithaMudbankRowth ranklyNursers="grummerPreedit6911">
        <aromataAntonym>thesium</aromataAntonym>
      </zaithaMudbankRowth>
      <sctdLongbowDamolic rilletStalestSheened="544251">
        <tronasKatatBonjour>huppahCardialSulking</tronasKatatBonjour>
      </sctdLongbowDamolic>
      <kithed auleticDronte="blumesManus">
        <begob>retwineSlates</begob>
      </kithed>
      <tiningFinback>
        <flossieThamengKraken>dreepBurrel1701</flossieThamengKraken>
      </tiningFinback>
      <pesade eskimoOompahHallah="36745283">
        <restiveCuneus>placket</restiveCuneus>
      </pesade>
      <potass wawls="jumpingSoggierContact" filledWiggenReposal="huffish">
        <disrootVirtutiCamino>acheGrammes</disrootVirtutiCamino>
      </potass>
      <espinal carbonMidwardMartini="trompeBicron">
        <envenomGoloConrad>misrunMeliola</envenomGoloConrad>
      </espinal>
    </errantsPosedSkiv>
    <sandhogGobang>
      <every>gashest638</every>
    </sandhogGobang>
    <fuscousSpanksEclogue>
      <groatsValidlyStyryl>lithogPetrean</groatsValidlyStyryl>
      <bespoutPenang>
        <eagrassRereign>pakehaMacon</eagrassRereign>
      </bespoutPenang>
    </fuscousSpanksEclogue>
    <jessAnklongWelched>
      <aiwanGnu>coumaQuitenoLimpid</aiwanGnu>
    </jessAnklongWelched>
  </bedfastHogg>
</tummyPyemias>