<?xml version="1.0"?>
<bilatiHugonisBusycon>
  <kerasinNauseam solved="4036">
    <pauxiCalla wheamPiques="7501377" besteerPennon="martensHornify">
      <issuesGecked>meiosis</issuesGecked>
    </pauxiCalla>
  </kerasinNauseam>
  <coldestDurous jungledRilesCornish="might" papioLuperci="kieye" saddik="92" />
  <verdourAplysia>
    <thrustIdeta>
      <shirksRyndQid>mayfowlMiniken</shirksRyndQid>
      <chiasmCoverts foreignSiccityLacis="notatesRelower">
        <shaffleJesuit>acceder</shaffleJesuit>
      </chiasmCoverts>
      <ghoulsTuladiFaulty crowbarRaphiaSaucer="capmanBukatRattons" gelosinEmptOxhead="liftboyAndyState">
        <bogfern>danelaw976</bogfern>
      </ghoulsTuladiFaulty>
      <azaleasAtoxyl filumCaphiteLibyans="thewierTrackDhoul">
        <apsidal>6254</apsidal>
      </azaleasAtoxyl>
      <enjelly chamoixAethusa="aintEnsnareStrobes">
        <cyclas>smitingYakka</cyclas>
      </enjelly>
    </thrustIdeta>
    <jinnies epicedeInkhorn="6" uviticSliddry="audit">
      <comalesRoading>lampsQuieter</comalesRoading>
    </jinnies>
    <avoiderCorved dualiChittak="tspRiflesCauld6044" haemoidTastes="carlinMowburnKarate" deemie="napuMussalPidgins">
      <naskhi>calas</naskhi>
    </avoiderCorved>
    <quillai>
      <licour>safeway</licour>
    </quillai>
    <ungSpeleanWonga>
      <ratelsResewed>frakenTupleAgios7</ratelsResewed>
    </ungSpeleanWonga>
  </verdourAplysia>
  <unsewed fenagleHamelia="blinterTechousBedding7757" uppushAwingly="chewetGlucase" oohed="696" />
  <pheny>
    <vehicleDayglow cowfish="661871">
      <samekhTrioxid>whamsRespondStuffy</samekhTrioxid>
      <elemiPlaintsBrotan>
        <synonym>acraze</synonym>
      </elemiPlaintsBrotan>
      <moricNovelRedbugs>
        <condite>fondOutdidTrajet</condite>
      </moricNovelRedbugs>
      <hickwayDiver cosset="misateOxygens">
        <firmingFautBuras>exter</firmingFautBuras>
      </hickwayDiver>
      <unaloneVibix cashewsWemless="bemoltUrbanPeahen">
        <dualinYorkish>9247</dualinYorkish>
      </unaloneVibix>
    </vehicleDayglow>
  </pheny>
  <boyismInitis mizzledSeduced="pegmaTsine" flewed="fusoid" />
  <bugeyeMuley nonbaseVitta="coilPrie" gorbleNonbaseHerbals="muggur" never="omegasSenesce" acier="62" />
  <totaraPhobiasKoine neglig="1897">
    <jethroUntown>
      <boricWaivedTumuli>lalang</boricWaivedTumuli>
      <koboldsBulkageZabti fogeNuclearPonica="23515996">
        <griphAscidiaBasial>rosebay</griphAscidiaBasial>
      </koboldsBulkageZabti>
      <azoximeChayma enorn="bauleahDowment">
        <twinlyEuconeChosen>tahr</twinlyEuconeChosen>
      </azoximeChayma>
      <checkyPannum pandiesWappDebeak="entomic889">
        <acreGulfierWarrant>972</acreGulfierWarrant>
      </checkyPannum>
      <heiressBleachs>
        <flavedo>70226047</flavedo>
      </heiressBleachs>
    </jethroUntown>
  </totaraPhobiasKoine>
  <briary />
</bilatiHugonisBusycon>