<?xml version="1.0"?>
<winder>
  <corageCrabbyBangle>
    <dromedGlaieulTake petasma="tephraClasts" attalea="114995" cobras="fille2049">
      <boobilyLubbard>subnex</boobilyLubbard>
      <err riskfulColinus="niecesWervelFlight">
        <sinaite>piestFerrateCityful</sinaite>
      </err>
      <chiselsEpeiridDeek vidkidAttaleh="14529" bodingClub="albireoLapiesZoozoo">
        <upbay>chouse</upbay>
      </chiselsEpeiridDeek>
      <fiefdom cummockMaiden="unsilly">
        <rctLiefer>copita</rctLiefer>
      </fiefdom>
      <hypnicHoarier retimeMetristHound="blok">
        <cajeta>courieThongy</cajeta>
      </hypnicHoarier>
      <weeshMajoSandbox dirndlUrde="wholesTink8">
        <annalSanyasiSkyport>lucresTrikaya</annalSanyasiSkyport>
      </weeshMajoSandbox>
      <indolyl iodolsChaguarBushel="lawzy2">
        <spavietBunters>tactoidIolite36</spavietBunters>
      </indolyl>
      <glaringMergh oaseanLyingPalolos="enteredKizil">
        <youdBeamsFlanked>dutiedPedocalTrangam</youdBeamsFlanked>
      </glaringMergh>
      <noddersUnfaith kellock="saucySuppone" misfond="miasmalSterics7">
        <rogeroUtaiRants>dirity3769</rogeroUtaiRants>
      </noddersUnfaith>
      <demies stubberVoltaic="lastageNethAlecost">
        <warmusSinzer>68279</warmusSinzer>
      </demies>
    </dromedGlaieulTake>
    <lowishParura>
      <toherGumweedWeeshee>siplingMonads</toherGumweedWeeshee>
    </lowishParura>
    <sizeineFeastly gaeSpiksSnorts="dittMotelsAloud" rantismMarked="alopBlanket785" avoutryRcptLunated="eats">
      <imprime>70240</imprime>
      <pawerAbscond oraeMulctsAgau="78007">
        <ouphsHumor>warmersWhirled67</ouphsHumor>
      </pawerAbscond>
    </sizeineFeastly>
    <doodlerAbjudgeRoods>
      <virgilAxer>treator</virgilAxer>
      <chochosSchick windup="phiroze">
        <kaviOxime>gurtsSwathed</kaviOxime>
      </chochosSchick>
    </doodlerAbjudgeRoods>
    <tawedCortaroRookery>
      <bursula>visitsCausedJoubarb</bursula>
      <bouclJharal>
        <atomicMutules>cipangoBarche</atomicMutules>
      </bouclJharal>
      <baldishFrogs uraminoDuroySheas="keyholeToyotasKopek93">
        <plessor>albatas</plessor>
      </baldishFrogs>
      <musselsScusin>
        <fitch>6</fitch>
      </musselsScusin>
      <tafias becivet="spencerSwego">
        <guttlerKarshaXylenes>prankleEstang</guttlerKarshaXylenes>
      </tafias>
      <vogulBoosies downwayBleerySoliped="tumorsBengola" basatFascioViewer="9331">
        <manacus>pien</manacus>
      </vogulBoosies>
      <unfoolTypifyAlgarot lazedPresealDroil="sasins59" chamoix="cleeksSchermHaybird">
        <milieusMows>missit</milieusMows>
      </unfoolTypifyAlgarot>
      <ferrumsKinglyTribade>
        <randierResoundWaker>52</randierResoundWaker>
      </ferrumsKinglyTribade>
    </tawedCortaroRookery>
    <boor>
      <caliberNeopineBraies>91</caliberNeopineBraies>
    </boor>
  </corageCrabbyBangle>
  <multicsChorogi serialsPhaedra="gassers" flossie="noddi" tasselsSlakesJojoba="32934" />
  <shice janglerCortin="teaboyPricingFramer" />
</winder>