<?xml version="1.0"?>
<aroliumSchappeWavered>
  <cribber arilPerfixBothros="243184" />
  <bakuba haycartJameson="firking" kevanSalmis="dartingNupe" figuresDozener="tikoor" aulderLiniyaLumbang="664" />
  <spainJimmiesMimbars subpostHoled="babyismHosiers" holt="estableBlypeJetport95" />
  <spandyBrike wasat="85" ratanDippers="bond" awaiterDali="krill" gunfireSulfoSarcasm="unclip">
    <pteromaDamniiUndigne>
      <rufferLeerish>tavs</rufferLeerish>
    </pteromaDamniiUndigne>
    <xylosesUnwornSos peeingTypwChengal="toeaMakeSalique" abed="montiaPionicRises">
      <albrunaBarrelsFreck>72239</albrunaBarrelsFreck>
      <spermsCoronerOverbow>
        <carackDrameCorpus>termalPolly2</carackDrameCorpus>
      </spermsCoronerOverbow>
      <colorinWanganZoysia pearterBilders="prajnaNymphaBozine123" dubbin="unmewEyebar">
        <surlyPhoseShakily>47</surlyPhoseShakily>
      </colorinWanganZoysia>
    </xylosesUnwornSos>
    <crommelSorbFlusk>
      <spingelEnationManso>amoyeseDamfoolGubbins</spingelEnationManso>
    </crommelSorbFlusk>
    <rumageGarbellHostage claith="37" riddersPuriReface="2544941" skivvy="386">
      <castlet>4284902</castlet>
      <suburb hopsackAminicAffret="peganumGris" anoxiaCains="68693556">
        <kidskinSolea>limidae</kidskinSolea>
      </suburb>
      <partialMootingObeism gripmanDualistDeota="battuesVesteesJalop">
        <behenNeoza>ufologyGismoOxfly</behenNeoza>
      </partialMootingObeism>
      <sindleTargetMycele>
        <mulada>rillesLeaferWeaser64</mulada>
      </sindleTargetMycele>
      <lariaRains ammino="veinage" ugh="869516">
        <alodia>intoButtonAssisa</alodia>
      </lariaRains>
      <pliantPinyon figgy="7933782">
        <orceins>speeder</orceins>
      </pliantPinyon>
      <adsorbsSanzenRuths htel="rouperUtch" rustPelew="seeingNotches">
        <heroinDungeon>23913695</heroinDungeon>
      </adsorbsSanzenRuths>
      <latham>
        <jipperCoronelAbider>netleafChoile</jipperCoronelAbider>
      </latham>
      <cicer mirsGulfingLata="kansasPuranaLatigos3" leveeForced="boozier">
        <bespend>767</bespend>
      </cicer>
      <forbsHinch>
        <banyai>iranic</banyai>
      </forbsHinch>
    </rumageGarbellHostage>
    <jitneurPaauw posingUraei="volsciArjun">
      <bogans>wersteSpire</bogans>
    </jitneurPaauw>
  </spandyBrike>
  <drugger moonedCitrene="98" rykedBancalSnivel="lupinin">
    <ukeRindySepoy airways="54" fermage="harpago3" rapeful="bulging">
      <cowererStadiasKilim>26</cowererStadiasKilim>
      <tattleRuppia frothedTochUnbet="2126405">
        <anacardBestillPals>gobonyZipless</anacardBestillPals>
      </tattleRuppia>
      <karren brassey="vyrnwy" dumpierSpewing="sirkeerGresilRapist">
        <zafferFrother>botiTachistImpawns4513</zafferFrother>
      </karren>
      <drailSkulkedAlgetic peroses="3590999">
        <relower>indiesCougarsUngirt56</relower>
      </drailSkulkedAlgetic>
    </ukeRindySepoy>
    <beldamsTenuisAnaphe>
      <dumbingReviler>sleighsRaspite</dumbingReviler>
    </beldamsTenuisAnaphe>
    <aphemicMutedLunare oinomelJolliedMote="unpuffTwelvesLipoids" siftedEncysts="guslaBalaosHarris2983">
      <rwdAmusNeist>288799</rwdAmusNeist>
      <gibedAreolae guidonGrannom="hatlike" squalmBeni="jasy97">
        <urutuPaicheGuying>disceptWetchetColoni</urutuPaicheGuying>
      </gibedAreolae>
      <pourer papersHoisted="gotraBranTabi">
        <frameCoypu>uprises64</frameCoypu>
      </pourer>
      <viminal preenForvayPedros="tauricHectarBudtime" opine="6">
        <politei>ebbet</politei>
      </viminal>
      <egeriaFerulae repassPomster="begaryStylisePorched">
        <usuWrangs>herbose8</usuWrangs>
      </egeriaFerulae>
      <seceded>
        <royetSeragliBravo>61127043</royetSeragliBravo>
      </seceded>
      <chenTracer grapes="eyasPiscinaPishing" potbankRaying="6087">
        <wifeDhobiePrivet>guardeeRcvr</wifeDhobiePrivet>
      </chenTracer>
      <temeneApteryxIsatid meso="cheque" oozoa="reedsAmie">
        <bassoLatched>byre</bassoLatched>
      </temeneApteryxIsatid>
      <bencite lenoraConfit="calomboWasntAflow" upcoils="5376">
        <deific>82900</deific>
      </bencite>
    </aphemicMutedLunare>
    <grithHoerVivo syzygyZincodeConduce="kettleTaiverWrapped" ygapo="decalin">
      <baffAmicedTrant>sunlampBenneCathern</baffAmicedTrant>
    </grithHoerVivo>
    <kerseyThiamidStrix lumpetRaghu="darkiesAtaunto" ballateCharaNanduti="zequinBalzaReiver">
      <delvesUsine>daroghaRimiestAnguid</delvesUsine>
    </kerseyThiamidStrix>
    <armillChanca>
      <sonable>646597</sonable>
      <pertishCateBaga concussScrBuzz="alarumCouldna">
        <septulaLaxlyHld>mestenoTanachBawdily</septulaLaxlyHld>
      </pertishCateBaga>
      <inheresAtingle>
        <redbugs>ripsackPreformVersute</redbugs>
      </inheresAtingle>
      <wakfRato>
        <burdCrottalEchites>pionery</burdCrottalEchites>
      </wakfRato>
      <vaughn>
        <sooter>droobSasaniHarn</sooter>
      </vaughn>
      <dequeuePebbly narisTubmen="unstops">
        <loros>chielClysterGladded</loros>
      </dequeuePebbly>
      <logriaTiffing ganders="coolungDucatBelay">
        <baxtoneMaturerArrha>dismalTrapt</baxtoneMaturerArrha>
      </logriaTiffing>
      <bisti lowseSealkie="nidifyAegirFrancic">
        <overfix>pagurusAbysses</overfix>
      </bisti>
      <aminiPotateScenary reverb="kent">
        <halawiJelick>chaneLavacreChacmas</halawiJelick>
      </aminiPotateScenary>
    </armillChanca>
    <unmitreFossane sokemanSabaeanPewless="frascoTowboatAlfakis" kabayasMizpah="7123">
      <ugsomeFoxerChera>lorriesTunuCzarism</ugsomeFoxerChera>
      <tappenCutcha rosined="agency" ketupaBoatie="amityGeaseUdom4347">
        <lankerDogeFuses>devotaFurrier540</lankerDogeFuses>
      </tappenCutcha>
      <amantPaharia smeeked="350192722">
        <ratchesFlyings>witletFiferTatami49</ratchesFlyings>
      </amantPaharia>
      <impedQuietiFullom goney="starvesSaddhuFurors" anbaUpcropLassiky="horimViewed">
        <landmen>ratableWests</landmen>
      </impedQuietiFullom>
    </unmitreFossane>
  </drugger>
  <saphieUnplug swaying="472448525">
    <opeluPushing tubfuls="culotLuigino">
      <kerbSerdarTyphons>hiddenPommado</kerbSerdarTyphons>
      <twatsApiatorVentose>
        <almehMyxa>rompish</almehMyxa>
      </twatsApiatorVentose>
    </opeluPushing>
    <flyersMidlegs>
      <shewersEthylinBurrers>cyathia</shewersEthylinBurrers>
      <wielderVakilsSadhu insite="beebees58" glean="20562387">
        <macrameMantleBanak>jiggingBatoonPrys</macrameMantleBanak>
      </wielderVakilsSadhu>
      <rancorsPolygon nugifyAxone="ellingeFulup">
        <recks>glinse7</recks>
      </rancorsPolygon>
      <cursive pontine="sidderCaterva26">
        <nouther>tartlySicker</nouther>
      </cursive>
      <trekGerboBranchy casticeUralic="vavasorChigoes8647" closersDioxime="whand">
        <lammySmilyTackets>sepals2127</lammySmilyTackets>
      </trekGerboBranchy>
      <margentIllocal berretDoggleElaic="asarotaPension9" dakoitySati="eoside1">
        <liberum>morns</liberum>
      </margentIllocal>
      <coxalgy>
        <stropheAngeloOilways>piecenKickishPlodge73</stropheAngeloOilways>
      </coxalgy>
      <pandJareed halimotBunduCutling="luteciaCurably5958" gormanFluffsPapuan="aimakNeurale9393">
        <unswingPennia>worthPredial303</unswingPennia>
      </pandJareed>
      <gabgabObole yidsIntowerBumpkin="pahmiPain2" emesis="beekite">
        <unfoldsAgeusia>catered</unfoldsAgeusia>
      </gabgabObole>
    </flyersMidlegs>
    <grovelsPoliceApiary>
      <entrez>bulgar</entrez>
      <accuses>
        <minbuDefectIsm>premedsAmyls</minbuDefectIsm>
      </accuses>
      <kyuRennetsGrovet sarkyUmbelapNom="cuartel">
        <varkasDissertWhelk>poliadZonular</varkasDissertWhelk>
      </kyuRennetsGrovet>
      <juvernaRutate>
        <hubrisManagedDendra>pastis</hubrisManagedDendra>
      </juvernaRutate>
      <roustedStrays numeroSwath="waffie">
        <untriedRaggerRashes>518</untriedRaggerRashes>
      </roustedStrays>
      <goofierKielChoga elbowedWotDaywork="slingeDastur">
        <enripenCortaro>77842039</enripenCortaro>
      </goofierKielChoga>
      <vesselSpakedEstrous chauferComUkase="3">
        <arunta>likerSaucier51</arunta>
      </vesselSpakedEstrous>
    </grovelsPoliceApiary>
    <firepotWeens galapeeGuarapo="epacts" idgah="upsring">
      <tanka>fitfulUnmagic</tanka>
    </firepotWeens>
    <tussledPulpy lilasFarcies="71236">
      <kharif>301344160</kharif>
      <doctors mellitePabouchCanvas="peulvanSpiralPase">
        <carfaxHocker>batingShorlsFemora</carfaxHocker>
      </doctors>
      <rewager>
        <jacture>baryteGrano39</jacture>
      </rewager>
      <emodin epervaFaggedGrf="4306">
        <tzarismAinsell>5418</tzarismAinsell>
      </emodin>
      <regardCabane quipKibosh="9295404">
        <avanyuSaughyTeths>escharaBaul</avanyuSaughyTeths>
      </regardCabane>
      <buncoDwarferWidths>
        <girtingDidnEsbay>alae</girtingDidnEsbay>
      </buncoDwarferWidths>
      <blawort avital="crispenNibble">
        <irpexHailsSizal>etheneVivandi</irpexHailsSizal>
      </blawort>
    </tussledPulpy>
    <frizzen>
      <cooterCaviar>logical</cooterCaviar>
      <naidFungalAnhinga>
        <myra>loofahs</myra>
      </naidFungalAnhinga>
      <acaudalUgli slitchTyphousCentavo="scheat56">
        <nippled>5851426</nippled>
      </acaudalUgli>
    </frizzen>
    <tissuedVitrail>
      <deuced>wallfulZaires5133</deuced>
      <renoirYarnen argFuturic="antaeusPateraAnticks" manominInbreakBulb="13989666">
        <dirtsScowingSubgoal>chiefer43</dirtsScowingSubgoal>
      </renoirYarnen>
      <juncatLacAdown>
        <unthornAlumiumSorbent>alodies</unthornAlumiumSorbent>
      </juncatLacAdown>
      <coombe diotaDysuryCortins="alfuro">
        <fuligoKuman>unwinly566</fuligoKuman>
      </coombe>
      <cowgramObarniGoosing traitorConicJixie="peppilyTursha" freefdWhipsawJazzer="datingCaraipa">
        <breedGeist>86578439</breedGeist>
      </cowgramObarniGoosing>
      <whyoLanioidGummers simplesDoxyOwls="oveningHammersBaptism">
        <taniteMusnud>coramBanakTrusser</taniteMusnud>
      </whyoLanioidGummers>
    </tissuedVitrail>
    <hault>
      <ndodermDudleyaCeric>55189975</ndodermDudleyaCeric>
      <rajpoot brosotDultieSpatio="280392" test="garousChampyStepper">
        <gaspy>glander</gaspy>
      </rajpoot>
      <rodlikeHagia strewnBanged="havelTeaeySloom" damnosa="8">
        <pultost>yogeeComake6</pultost>
      </rodlikeHagia>
      <gaatchPickets stoningKnittie="638089" boxtreeEggarsCimbia="evokersCocas">
        <colyumLimaCarica>nobs</colyumLimaCarica>
      </gaatchPickets>
      <tusker jerkingFusion="124" fetched="stupedEmbed">
        <bylinaMoralFlames>thunnus</bylinaMoralFlames>
      </tusker>
      <sprentCuries>
        <purryJottersLoggets>glandesSanjibCograil</purryJottersLoggets>
      </sprentCuries>
      <smootWallman>
        <bursaeCadewChain>rampoleSunways</bursaeCadewChain>
      </smootWallman>
      <parging rechew="59978255">
        <bosniak>14268574</bosniak>
      </parging>
      <dorsersChose ocracy="girthedArdass243" ghosterTabella="48487">
        <ether>soutersTumashaSubrace</ether>
      </dorsersChose>
    </hault>
    <dittSusurr>
      <twick>9278</twick>
    </dittSusurr>
    <bateauGoupenRubier>
      <gearsetCurari>affectsDredge</gearsetCurari>
      <ceibasInfixesAdreno tentageGlace="museumsSkartMegaton1563" heroinDrone="tenuateAlietIsaac">
        <diauMajor>chokeysJondlaOgle</diauMajor>
      </ceibasInfixesAdreno>
      <octodon boggartUnshownAffiche="lastex" anunderRonierGauze="34">
        <apiece>sledful</apiece>
      </octodon>
      <rerail velFrenate="otariaMimmingGilders470">
        <tchapanYuckelCopping>lima</tchapanYuckelCopping>
      </rerail>
      <slavsTytoTulles>
        <dasypod>trysail</dasypod>
      </slavsTytoTulles>
    </bateauGoupenRubier>
    <recto>
      <thyiadKokan>daphnePrimlyIzzards</thyiadKokan>
      <mulletsJaseyUnmuted ovarin="chainon" cabioYorubaDottrel="octette">
        <mashamYarak>sallowyProceedAefald</mashamYarak>
      </mulletsJaseyUnmuted>
      <setoff>
        <upherCapuletEmpale>noshersAnthoidGwen</upherCapuletEmpale>
      </setoff>
      <caynardSeizersUrines>
        <mereOik>cansfulMarkoNaig5</mereOik>
      </caynardSeizersUrines>
      <apaise>
        <albiziaLoisUkulele>sartish</albiziaLoisUkulele>
      </apaise>
      <beround getlingCyprinePrev="280056519">
        <claggumDecanalKiekie>5</claggumDecanalKiekie>
      </beround>
      <triaticPiedly moperSeppa="stremmaMenadsSawn">
        <fashed>farrand</fashed>
      </triaticPiedly>
    </recto>
    <branRumenEmerson conning="fasciae" vouchedMastoid="bailies">
      <muggy>trisazoTangle</muggy>
    </branRumenEmerson>
  </saphieUnplug>
  <karates sabeca="cuttlerGuazzo" makaleRepinesMoyle="loan88" twaitPyeLyc="oblique" />
  <vastilyEelfishTarsius punkies="taborerAortal" spignelNagariNimshi="2857175">
    <larlikeCrinite>
      <ketting>pimpingDashnak</ketting>
    </larlikeCrinite>
    <refundEnfants hejazi="subornWracks">
      <worship>mapachGimpingIrises62</worship>
      <measledShimmed>
        <eosineDocentForeby>doaGloutEatings4629</eosineDocentForeby>
      </measledShimmed>
    </refundEnfants>
  </vastilyEelfishTarsius>
  <hovelEspialsSanit ardass="dumbSwough">
    <phonicGamoneGlades>
      <domal>heiredBayano</domal>
    </phonicGamoneGlades>
    <randingDanish>
      <joltily>toupee7367</joltily>
    </randingDanish>
    <erotics>
      <ripper>salmPembinaChitins</ripper>
    </erotics>
    <tusked scroyle="whysSutteeJune">
      <disbarsLoadage>818490942</disbarsLoadage>
      <tushsPetraryWhesten>
        <cputimeTittery>17464</cputimeTittery>
      </tushsPetraryWhesten>
      <warredStately teaish="usurersMatelot">
        <jubbahsEarnestCajan>basareeCaroon615</jubbahsEarnestCajan>
      </warredStately>
      <outlordTurbith>
        <debarGalangaUpupa>502</debarGalangaUpupa>
      </outlordTurbith>
      <puffyProgenyStannel>
        <oiled>galtDhoul5</oiled>
      </puffyProgenyStannel>
      <porrigoCornish bhavan="purplesStatary" jostleCearinBiol="cocksGoanHomy">
        <wheezedTempura>wafdAlipin</wheezedTempura>
      </porrigoCornish>
      <salacotFoxtailCupolar>
        <reffedShrieksJerkers>smithum</reffedShrieksJerkers>
      </salacotFoxtailCupolar>
      <wedgyLengestBura>
        <unmelt>artilyUnisonTacked</unmelt>
      </wedgyLengestBura>
      <purusha wokowi="mounty">
        <bonangJaraHomelet>cedulaSnarks</bonangJaraHomelet>
      </purusha>
    </tusked>
    <graverySissies>
      <noloRadular>dewansArsenalJelick</noloRadular>
      <latestMeshugaPrn>
        <offererGenrosDaffery>epit</offererGenrosDaffery>
      </latestMeshugaPrn>
      <crickeyRepollSymmist>
        <comanicBuffers>dotyElshin</comanicBuffers>
      </crickeyRepollSymmist>
      <omittedGugglet give="thenal" commataSapaGymsia="essive">
        <vepsUnlean>bookyAulicalBodier</vepsUnlean>
      </omittedGugglet>
      <enforth>
        <mikvothTitfish>utrechtZips</mikvothTitfish>
      </enforth>
      <racingsLiensSmeek>
        <saivismTridraCulbute>falcata</saivismTridraCulbute>
      </racingsLiensSmeek>
    </graverySissies>
    <starkSewageSwelled kneziBkgd="malchusHallali" outfeatNash="excerpSibberPalikar">
      <andriteInarchCarpid>1179</andriteInarchCarpid>
    </starkSewageSwelled>
    <pastel speeledPewFolsom="mariolaMacacos" iceboxJarless="40121486">
      <outwallGulsSunwise>682065</outwallGulsSunwise>
    </pastel>
    <nitrile>
      <prisonsArvel>sprushAnneals</prisonsArvel>
      <upspearTeapotHowdy>
        <meeterEntada>holsomEndiveLaron300</meeterEntada>
      </upspearTeapotHowdy>
      <deripiaChoreaIchth>
        <flutterBeefier>flyschPersonsSerbian</flutterBeefier>
      </deripiaChoreaIchth>
      <mappenInsumeGeelbec>
        <vistoHanker>miringPhonateMasanao</vistoHanker>
      </mappenInsumeGeelbec>
      <ketNibbySoonish beglareSeptetsGlug="outleap" jussiveGroff="3827">
        <laky>beau30</laky>
      </ketNibbySoonish>
      <ankhsBesidesAdaw>
        <oghamicEvicteeOddsman>50</oghamicEvicteeOddsman>
      </ankhsBesidesAdaw>
      <donarMooniteSnare miladisPatinsOctober="improve" farmedDerham="pokeoutKerne">
        <minima>maulvi</minima>
      </donarMooniteSnare>
    </nitrile>
    <chaufer>
      <willockDeglory>eurousRaretyPenult9</willockDeglory>
    </chaufer>
    <vougeOutwave>
      <bemolt>shriekySiluricKodkod</bemolt>
      <woenessLucinda pinkishRoamed="blebs">
        <course>eonism58</course>
      </woenessLucinda>
      <sifacNaggedCylix>
        <slurp>connie</slurp>
      </sifacNaggedCylix>
      <albin>
        <talcingInsipid>toluoleUncheckManetti</talcingInsipid>
      </albin>
      <scurf ngwee="fotuiHuggedMalled" wakemenDecimeSauteed="849340">
        <pyrenicCaronic>emiliaSerialsExpugn470</pyrenicCaronic>
      </scurf>
      <juventNoyant lunated="hogsFilea" wartyAmildarOpening="foveateAliency">
        <cullingAbjudgeReenjoy>bogansWadmalsCampe</cullingAbjudgeReenjoy>
      </juventNoyant>
      <delfsSorra>
        <abducedHableCunette>recross</abducedHableCunette>
      </delfsSorra>
      <negated cleavedRousted="miasmasZineb" susiNannieTamals="writhesChequin9">
        <bowden>flamingInkshedJabots86</bowden>
      </negated>
    </vougeOutwave>
    <doubted>
      <penfulAnklong>69953</penfulAnklong>
    </doubted>
    <tavellSeastar>
      <remoterUrceole>40010</remoterUrceole>
    </tavellSeastar>
    <macacus ornoiteGombo="subetDrama">
      <cidaris>leepit</cidaris>
      <kookeryIsoamid oddside="84628373">
        <fantad>biberonFreijoNew</fantad>
      </kookeryIsoamid>
      <zambalWield>
        <regush>yankCenobyStats</regush>
      </zambalWield>
      <mandil koniniErgate="93974" lataniaRutic="proas16">
        <baizingCausedMiconia>merlinsJitterWei</baizingCausedMiconia>
      </mandil>
      <wheat flaryStrops="latigosWanleStright" proxeny="therellMalfedUnthrob">
        <taxied>skeets</taxied>
      </wheat>
      <waxwing missusWealths="yasmakVessels" yachtedBiddy="adultsMusedHippish">
        <hopeitePuranaMonodic>hyacine</hopeitePuranaMonodic>
      </waxwing>
      <fencingSkymen isicleStoreysToupee="storkIndrisBused" rin="readoptMontureLeng">
        <talloteSubnectStacked>fromageEmrode50</talloteSubnectStacked>
      </fencingSkymen>
      <cullayBlurrerAplome archeryDonatorBahoo="7494575" incenseFrauSauncy="catlikeCisted">
        <ebonies>sentry4</ebonies>
      </cullayBlurrerAplome>
      <obstant haet="swives">
        <march>seepierHuzzy</march>
      </obstant>
      <balterVellBrussel drizzly="90">
        <undustyShilpit>roaming</undustyShilpit>
      </balterVellBrussel>
    </macacus>
  </hovelEspialsSanit>
</aroliumSchappeWavered>