<?xml version="1.0"?>
<radeauxCavaMonty>
  <tabularUngrave />
  <agneauxDoms algum="accolleUpbotchHadaway">
    <drakeWeddersQuarks>
      <bedells>coecumLygusHumoral353</bedells>
      <chouserHohokam novaleCiceros="bobbies" alvin="5871505">
        <mordentAppulse>ungold</mordentAppulse>
      </chouserHohokam>
    </drakeWeddersQuarks>
    <tealFiorin>
      <shoddyFoister>233445243</shoddyFoister>
    </tealFiorin>
    <uilyGilse>
      <kwintraStailPeas>sinewsEelbob</kwintraStailPeas>
      <unmade>
        <atameMiniumsFraghan>backoff</atameMiniumsFraghan>
      </unmade>
      <mislenStash>
        <augendCocoonZonula>shaken</augendCocoonZonula>
      </mislenStash>
      <asopRecueilShingly sprattyFrackPittism="mocksPreter6">
        <dewcupDesueteThram>spriggyDeleted</dewcupDesueteThram>
      </asopRecueilShingly>
      <tektiteRyal hearkenWhynessDalapon="7313">
        <rollerHazen>rescuerAdaysLastjob74</rollerHazen>
      </tektiteRyal>
      <potter>
        <croupsCarles>riggiteLulav1</croupsCarles>
      </potter>
      <tsadi>
        <boodled>retenue</boodled>
      </tsadi>
      <yardmanAprowlWhortle rathelyTwiggerMoplah="ovonics" zeidae="bagass">
        <styxian>ischiaExarchs</styxian>
      </yardmanAprowlWhortle>
    </uilyGilse>
    <eyasesRimulaBour>
      <klutzesFeastedRhodora>302</klutzesFeastedRhodora>
      <unnetheElaidicWonnot>
        <tiererCindery>1</tiererCindery>
      </unnetheElaidicWonnot>
      <venaFid>
        <huicEnwomb>uptrainDarklesSlinks</huicEnwomb>
      </venaFid>
      <dale>
        <tspEndways>sodditeRiveGerbera</tspEndways>
      </dale>
      <necatorBrae>
        <satinedScopaCalved>35210</satinedScopaCalved>
      </necatorBrae>
    </eyasesRimulaBour>
    <wyn gomastaWaviataTaluche="senitMacaco" clangSolisteConsent="cryptic" roupsChacte="clinton">
      <scapLochy>pardeeParlorTzetse</scapLochy>
      <tobeTotal funt="isogenTanoanVariole">
        <aforeMacigno>bhakti</aforeMacigno>
      </tobeTotal>
    </wyn>
    <totteryMeldersSpaught>
      <clubbyWafts>secutorGawks</clubbyWafts>
    </totteryMeldersSpaught>
    <locum>
      <richest>flumesMorphs55</richest>
      <ethersTeddy>
        <maskerCarboEyehook>houss</maskerCarboEyehook>
      </ethersTeddy>
      <gussLowmen>
        <mossy>namazLugeUngod</mossy>
      </gussLowmen>
      <imbody yettSneaker="touchCheetul" sukkoth="drownsBuboSloughy">
        <staukWarmish>armload</staukWarmish>
      </imbody>
      <zonules mlange="body">
        <flamy>bloothLolaSiloed</flamy>
      </zonules>
      <demotes>
        <oographRefires>jaypie</oographRefires>
      </demotes>
      <kil>
        <dizziedGranule>decay845</dizziedGranule>
      </kil>
      <earsPhocal ctgHyped="mev">
        <unfilmLegalScorch>lodgeLeech</unfilmLegalScorch>
      </earsPhocal>
    </locum>
    <sandiesFusspotPlaying mobbistArabitGeld="ginnedFarcesFaeries" shoranLotte="nonfrat" purringLattinBallow="kievDetain1130">
      <glackChummyWalnut>husheenPerry</glackChummyWalnut>
      <garnish likenCogsAmenuse="gloomLabberUnplaid">
        <taxusCogman>snobOutlaws529</taxusCogman>
      </garnish>
      <zealsFlames donsy="sapoursMuclucs89">
        <provide>seastar5670</provide>
      </zealsFlames>
      <anaquaSacra geanPeerlyCulled="650">
        <sandhisDivorceTrilith>nostocHamesExxon</sandhisDivorceTrilith>
      </anaquaSacra>
      <brusklyBys thews="hoodyPatters" paviorNornTampers="planetsDidiesSquamae1">
        <acuateEryopsToneme>kenchDib8</acuateEryopsToneme>
      </brusklyBys>
      <prowlNestersPyrryl depure="culmed">
        <kibbutzFicaryPieties>loveredSprugPouches19</kibbutzFicaryPieties>
      </prowlNestersPyrryl>
      <ucheanKails tarhood="laertesRudd17" phisJaman="41">
        <actaeonBegloomFinner>3</actaeonBegloomFinner>
      </ucheanKails>
    </sandiesFusspotPlaying>
    <moolaJibb andrenaElixate="4765">
      <bestuds>quirts</bestuds>
    </moolaJibb>
  </agneauxDoms>
</radeauxCavaMonty>