<?xml version="1.0"?>
<whelve>
  <oscinisOlor punjabiElkanah="prioriOuttalk9791" swarryFlicsMiffs="madlyHerne7649" />
  <inlawryBelchSetule silents="oavesDoored" robaloRoups="disobeyCyesisMochel" presterRengaKylie="vireosBlacked" />
  <tinklyDamars sornZendic="gaurianMaximedFenchyl" lurksSmooth="idoismSike" harmingStrewthBighted="urate952">
    <irises>
      <cloture>tofile87</cloture>
    </irises>
    <biasesExhibit sowars="90" animineDiazin="afieldBiomes">
      <mirzaWhidded>rapport</mirzaWhidded>
    </biasesExhibit>
    <prunersPalmyraPorrigo>
      <kiswaTebet>7716</kiswaTebet>
      <curstlyBeatusSkycaps>
        <bizantTorfel>slidDiduceMercify</bizantTorfel>
      </curstlyBeatusSkycaps>
      <soresTantivy reputeWimbles="65757" bansReddockHull="unheedDobbinsHoghide">
        <collopDinetteSmack>athwart</collopDinetteSmack>
      </soresTantivy>
    </prunersPalmyraPorrigo>
    <sip>
      <jigmen>amydon</jigmen>
    </sip>
    <buttleGranumUnlost>
      <fourche>216015573</fourche>
      <etapesRainPuntist mantidWhelkerSprag="roleoBlanked" acorGruft="retip">
        <shither>thighKischenJing</shither>
      </etapesRainPuntist>
      <dengueCafardKavika cooncan="senarySouchieSmouch">
        <sawings>dezaley</sawings>
      </dengueCafardKavika>
      <churn cosinsLairdResects="rewakedWhyever" impark="scelpTunicinSilvius31">
        <isuretGretePinwork>asseourAdmittyTempera</isuretGretePinwork>
      </churn>
      <untill vivificCawkUnze="swungDelice" rockishHeeders="bogardBrail4401">
        <trayneMauley>bickersMedickVastate</trayneMauley>
      </untill>
      <canoedBredi polyolPinders="resale621" pencelMelds="yawnerAliyosUretal">
        <vitriolSeba>ibaWaac</vitriolSeba>
      </canoedBredi>
      <entwistAywhereBreath>
        <ordererWisses>syndet</ordererWisses>
      </entwistAywhereBreath>
    </buttleGranumUnlost>
    <futhorkBigotty lebhaft="hawkiesScoredStaphs" jurorChapel="anile" purim="catella">
      <okayedSealy>toheroaDariiZincize4</okayedSealy>
    </futhorkBigotty>
    <sppMangeyLums punkahsGownlet="libbyRps3">
      <rupiaFardeBating>8524946</rupiaFardeBating>
      <slot lithiasGconv="ovateResoleDominos" tawed="veenasUphung239">
        <ancha>geldersUniatTradal</ancha>
      </slot>
      <atollFlebile curded="drudgerLanated">
        <thinnedMums>selffulSneer</thinnedMums>
      </atollFlebile>
      <winful espinelCalmantMulches="rea">
        <rabbinsAcerliOilyish>triflyObelion</rabbinsAcerliOilyish>
      </winful>
      <voltsDipping>
        <refuteClatchOlepy>sarcastLungDolly649</refuteClatchOlepy>
      </voltsDipping>
      <laked>
        <susciteCycling>5094</susciteCycling>
      </laked>
    </sppMangeyLums>
  </tinklyDamars>
  <fermilaMissarySleeked deeper="buffetNoddingLucban" votedZaphara="2702496" nipmuck="khedahs" areoletMobbistFingian="3264111">
    <sained>
      <shargerRougyCentai>19842046</shargerRougyCentai>
    </sained>
    <ridiestSpite furrows="humpFliers50" toftmanLichee="reflow">
      <rerun>shrapOcypode7</rerun>
      <meowed lacesCapstan="shrubsGapyBerceau">
        <scummedNowts>haakMassas3</scummedNowts>
      </meowed>
      <cariyoJerkedGlop shauledBowses="678441771">
        <pimlico>loupBioliteBurrah</pimlico>
      </cariyoJerkedGlop>
      <pinkifyStaversFraple guetare="unbrown" farmingPiddler="thebaidBoxy">
        <rotates>61</rotates>
      </pinkifyStaversFraple>
      <unkeyEscharaJelly cornix="795">
        <heirsJunonia>teazerFollows</heirsJunonia>
      </unkeyEscharaJelly>
      <podlikeCombindViewers bypath="junk9">
        <scythicDumper>27929</scythicDumper>
      </podlikeCombindViewers>
      <laxismMaddedLaocoon achedCultualKnelled="alc" dipperWanlasRegurge="maarGawcieVisaed">
        <unsonsy>arpanet</unsonsy>
      </laxismMaddedLaocoon>
      <pinguidRitzily>
        <reissue>225633245</reissue>
      </pinguidRitzily>
    </ridiestSpite>
    <lisztSainedDeplace riel="33598614" arboretCurval="quadraBandsMantua">
      <vendersFloresChibouk>38201775</vendersFloresChibouk>
    </lisztSainedDeplace>
    <kneziTiro pleaded="hydatidSunways866" czarinaRandonMeithei="vomitoBabongoLarigo">
      <cloyedFashion>443717</cloyedFashion>
    </kneziTiro>
    <pillStinger>
      <jhoolShanker>manured</jhoolShanker>
      <armersBichy mezairReearnSlumps="fumeOperlaBiz73">
        <bronzer>lankishKeeve</bronzer>
      </armersBichy>
      <slater onlessSiftMarlite="iliadicAnilino" crinoid="455">
        <hoaxeeAire>nonage54</hoaxeeAire>
      </slater>
      <chineseAirishOdax odylShohet="6158">
        <bicycle>rerivetAwols54</bicycle>
      </chineseAirishOdax>
      <rosined>
        <plumageHakamimIntime>forcer</plumageHakamimIntime>
      </rosined>
      <everardMundaKundry kubachi="mattesCribral">
        <sorexProddedUplinks>3</sorexProddedUplinks>
      </everardMundaKundry>
      <baining hurkleTeleutStymied="topesRumbPtt" basenjiTaresDaunton="faceteOliveanRumbly">
        <archean>deiWhisted</archean>
      </baining>
    </pillStinger>
    <trental>
      <iambic>1601215</iambic>
      <grasserValuateOsiers ashery="rauk">
        <alispSlashyMaidism>jadesUnduped822</alispSlashyMaidism>
      </grasserValuateOsiers>
      <samoansPietist dogboltDegreesHerbert="duumvirTurmoil">
        <doesnt>measNiggraEnrobe</doesnt>
      </samoansPietist>
      <mirachAkeriteHawkeys>
        <fogas>darkenGenera</fogas>
      </mirachAkeriteHawkeys>
      <scalodo>
        <paren>bardishGouda</paren>
      </scalodo>
      <benamesThakurNeedled>
        <apacheChymesElegit>respellReflairOurs</apacheChymesElegit>
      </benamesThakurNeedled>
      <toyota>
        <sithes>cokerSnugger</sithes>
      </toyota>
    </trental>
    <gambeerYepely>
      <kurdPirootKennel>dernerSerta</kurdPirootKennel>
    </gambeerYepely>
    <ferulaRemixedJacture airsSauces="yokel" bytimeKluck="soupier" maraePottedRookie="243385760">
      <knaggy>8</knaggy>
      <laichPorose>
        <myself>opossumEltrotShewer</myself>
      </laichPorose>
      <kiutleMaltolAlines hateGrimmeLace="lingas" tenails="sarrafBeduinVughs">
        <paginae>8116063</paginae>
      </kiutleMaltolAlines>
      <bedewedIngorge>
        <hollosWombs>202916</hollosWombs>
      </bedewedIngorge>
      <dawut>
        <elanus>mooderBrawler</elanus>
      </dawut>
      <rivingAptera showishEyneKongu="reviseCochiefPalermo">
        <obecheSireesThrock>outroopMuskatCowbarn</obecheSireesThrock>
      </rivingAptera>
    </ferulaRemixedJacture>
    <moultenRecti acctUrucury="rouseJiber670" gawksMmfdFirring="2">
      <mir>bereft</mir>
    </moultenRecti>
    <lauterSucresAnybody>
      <balauBodken>809173</balauBodken>
      <pilikiaAccusal>
        <ridgels>syconBivocal</ridgels>
      </pilikiaAccusal>
      <cannulaDroopy tubman="923">
        <almuceMozarab>318940</almuceMozarab>
      </cannulaDroopy>
    </lauterSucresAnybody>
    <avernal>
      <almiraAmidism>61</almiraAmidism>
      <easier onaggri="founTampoyOutsay">
        <flaxy>160120789</flaxy>
      </easier>
      <quidamSparers>
        <quor>pappainSnufferBolete</quor>
      </quidamSparers>
      <pyrosis>
        <yojanColyum>uvaUpwent</yojanColyum>
      </pyrosis>
      <conflux kinged="lepiotaTontineTorse">
        <upflyCasas>quemely</upflyCasas>
      </conflux>
      <graemeSpiro>
        <hourisWorkers>tythingBogies</hourisWorkers>
      </graemeSpiro>
      <borwortTamponVenged kraut="91238186" mituaBroddle="maystCorvenNinth7">
        <apulseInfans>outmate</apulseInfans>
      </borwortTamponVenged>
    </avernal>
  </fermilaMissarySleeked>
  <scillas cephas="dreeing" />
  <fullery />
  <fulaniOttroyeRockish momentPeeweep="64857749" indue="5396300">
    <sallet begay="exilianTormentCops">
      <hohokamSwigPied>51</hohokamSwigPied>
      <winglet>
        <warblerGenii>jeansIroniceSaumon</warblerGenii>
      </winglet>
    </sallet>
    <dortUnvividVisaya ramiTieboy="desmonProtaxImpact">
      <wades>73</wades>
    </dortUnvividVisaya>
    <akaakaiCaffeolPudency>
      <stacksBarbut>catenas</stacksBarbut>
      <locks retitleBursatiMercury="mulcted" mummerKrills="6812">
        <tiouChelasNymphon>cuspidWastesKinking</tiouChelasNymphon>
      </locks>
      <sulfitoToityChadors sexfoil="hookierLauwineAtame" thumberSexly="deadmanMishmiDubhe">
        <gunplay>drawnlyTitties</gunplay>
      </sulfitoToityChadors>
      <rallyeRilledGekkota>
        <brandleBergylt>cossidTillageOutrung</brandleBergylt>
      </rallyeRilledGekkota>
      <octopiLeisureKooks perilsDft="mendeeFiscus" dotishHello="buggers7974">
        <piacabaInglut>congedDopantCymtia</piacabaInglut>
      </octopiLeisureKooks>
      <dolabraMyarian>
        <nooser>buyingMonistHelibus</nooser>
      </dolabraMyarian>
      <chicer hotbedsFlamers="tealess" herdessCurtlaxPartita="10673386">
        <mediasMouserThebais>drawledLagtingCarvers</mediasMouserThebais>
      </chicer>
      <boe filicinStripDipnoid="iareBegrettRedrawn" marvelsVergerCatguts="auronalDatilSwobbed">
        <frib>goanese</frib>
      </boe>
      <sithAnomy>
        <matroid>replan</matroid>
      </sithAnomy>
    </akaakaiCaffeolPudency>
    <shptLehrman>
      <soogeeOutspue>epitTotonac6593</soogeeOutspue>
    </shptLehrman>
    <inlessBiunityRentals>
      <syphons>hinePuebloArcade</syphons>
      <floody menialDustmenWhs="crannel">
        <bumbledUnsunk>kissageOrenda</bumbledUnsunk>
      </floody>
      <jumba deletesTweelSteeked="squallSpirulaReblast2">
        <festin>exflectSoclesSpriest</festin>
      </jumba>
      <dextro>
        <seadogUpness>jainismPunkahsPretan680</seadogUpness>
      </dextro>
      <comSixer culexGoggle="58" sumoColtBunch="lireMaartenRustles">
        <crowdy>waxman</crowdy>
      </comSixer>
    </inlessBiunityRentals>
    <broom>
      <sumosQuickPotsies>demeansQuickerJavelot</sumosQuickPotsies>
      <inguen>
        <lingeRamblerNamer>gangBatoonSled</lingeRamblerNamer>
      </inguen>
      <zitRowels mahometChevvy="fungusIncord3" ichsGadslid="bustedCepousSaning1">
        <lupininViscinCreep>845551</lupininViscinCreep>
      </zitRowels>
      <niblickTatchy bailersHognutInsists="3401">
        <colonsFlabrum>5</colonsFlabrum>
      </niblickTatchy>
    </broom>
    <subahsVesania tiddlySudanAcidic="2272" kapeika="teargasPeccary">
      <chancheIntuitsOrthite>scornyDildoe</chancheIntuitsOrthite>
      <infameShelaBennis>
        <kempsBeltway>nuttedHexodeDeists3158</kempsBeltway>
      </infameShelaBennis>
    </subahsVesania>
  </fulaniOttroyeRockish>
  <pekes crampitFilar="mitherWeirdos" kha="14" />
</whelve>