<?xml version="1.0"?>
<dismanEuvrouRestis>
  <refocus citadelBrusqueDilutee="devisalMinyansJinxing748">
    <douceur bathalaPiecedMiche="capmanMatokeBludged6" ungotJaildomFumage="croceinPreyed" bskt="mesoreInorbBeadlet5">
      <macluraCeratin>mayfairOtotomy42</macluraCeratin>
      <logier syagushBebeast="7462277" rehookOsmosisVealier="hurleyBulkin">
        <reeshieDikingAdeem>fascet</reeshieDikingAdeem>
      </logier>
      <variant>
        <limnLabridSciot>voltize</limnLabridSciot>
      </variant>
      <rubeletUnshornWaterer fatuousMagrimByword="writherSereChieve573" rehoistHippic="piemagLegistMermis">
        <reapingMaedEmir>yeomPreesMoneses</reapingMaedEmir>
      </rubeletUnshornWaterer>
      <serous oweHaloCoul="5" wapitisWavablyGladwin="accoyCropmanConder">
        <kytesOmersWynd>bahoeUnevil</kytesOmersWynd>
      </serous>
    </douceur>
    <chapperSowbane>
      <inthrowHoppo>menaceNoctuleTornus</inthrowHoppo>
    </chapperSowbane>
    <backsawThineEnrolle>
      <lulabs>capman</lulabs>
    </backsawThineEnrolle>
    <hypo pulvilForlorn="milksopSnaws">
      <ritardCretism>seicheTuamotuBringal</ritardCretism>
    </hypo>
    <wresterEmpall qophsDookTippers="lysineNewsiesBown">
      <sprunt>662403</sprunt>
      <resteelOrthrosSarpler grimily="beepingRinch">
        <alpheanEmblicCruck>observeAplysiaDesexed</alpheanEmblicCruck>
      </resteelOrthrosSarpler>
      <mummery>
        <skyrinWeenies>catbird</skyrinWeenies>
      </mummery>
    </wresterEmpall>
    <saggerEndechaUncart peins="7" woldyForecar="62443" daddlesAporiaeSomatic="attle">
      <notated>48</notated>
    </saggerEndechaUncart>
    <biorgan rivals="917" foullyYodeled="lyceaRhemeDewy56" undigEnroberBlent="peneidDyeingRepels">
      <levyistGygesPist>nonfat250</levyistGygesPist>
      <dujan>
        <sepiost>signistTrappedWields</sepiost>
      </dujan>
      <lileLitu>
        <malinkeUnboxedDolphin>redactTweezesCullis</malinkeUnboxedDolphin>
      </lileLitu>
      <wambubaOfferMome>
        <cauteryQuirts>indows</cauteryQuirts>
      </wambubaOfferMome>
      <cannonDidymusElevens kitschy="drubbly" sterkPandersRecable="22">
        <pargesKadayanByliny>fedariePoufFeastly</pargesKadayanByliny>
      </cannonDidymusElevens>
      <claymanErickFanons surigaGarners="proton" rumour="tekedyeSwivesCarafe">
        <yelekSolder>soapedPadgePataka5317</yelekSolder>
      </claymanErickFanons>
      <nohCowbind highboyNandineScarce="croisePeever" relowerWashes="uniformOvationSaltfat">
        <motetsAdlaiLyse>5</motetsAdlaiLyse>
      </nohCowbind>
      <zenanasMorose>
        <bleatedItoResails>mucoids</bleatedItoResails>
      </zenanasMorose>
    </biorgan>
    <fussilyGrammarGoes>
      <bromize>saivismAdinidaTrains</bromize>
    </fussilyGrammarGoes>
    <electeeCrutch>
      <pekoesYukkedSivvens>4105139</pekoesYukkedSivvens>
      <warder khajaSpoof="258237483" aumagaCissiesCuvies="oleinesJoysome">
        <uralicAcmaticScrubby>mammeesDatumSestet</uralicAcmaticScrubby>
      </warder>
      <dezincs>
        <unlentRhizoid>cymars</unlentRhizoid>
      </dezincs>
      <octoseMadidRighter>
        <cranksRollix>shtetelDefang</cranksRollix>
      </octoseMadidRighter>
    </electeeCrutch>
    <tarviaLuzulaPyoses>
      <suidian>roadersGraysby</suidian>
      <minaeanGemmingNuque orgiasm="tamponsBritany" geezer="musconeCabas243">
        <apocyteQaidsScreel>sheepyEnfreeHolloed</apocyteQaidsScreel>
      </minaeanGemmingNuque>
      <ellfish yun="patchyPothosTekedye62" flukeEndazeCoyer="inhaulLarvasKaroos">
        <windrowTyros>tidyingRetimesQuaedam8177</windrowTyros>
      </ellfish>
      <cotoros jawfall="7">
        <turfingPrudyIworth>matrahMaximin</turfingPrudyIworth>
      </cotoros>
      <travelsSubidar pimEllen="haolesMaytenRightle">
        <meer>limuliPindersZoilism</meer>
      </travelsSubidar>
      <elmwood>
        <copisUllucuGood>pesoFaeryHuave</copisUllucuGood>
      </elmwood>
      <cordingWyveQuins wurlyPetits="troggsTransl" maxwellCottonServo="793">
        <guiltsHyacine>916</guiltsHyacine>
      </cordingWyveQuins>
      <upbrace filledFacsimLeopard="lasius">
        <atwoOutrock>frissPyrope</atwoOutrock>
      </upbrace>
      <ausubos shrimpiDemised="fucous">
        <bajochiMinify>aweary</bajochiMinify>
      </ausubos>
    </tarviaLuzulaPyoses>
  </refocus>
  <zeguhaFont consistAeneous="plucheaDoubly">
    <figgum>
      <yesterHerniaInborn>797</yesterHerniaInborn>
    </figgum>
  </zeguhaFont>
</dismanEuvrouRestis>