<?xml version="1.0"?>
<weenty>
  <hackyGavels foveolaPreacid="iterumYuncan304" />
  <ungot eruptedGopak="ossificCoition" catalpaDarafBoggish="garbingLantMdnt" izchak="gambetEjulateRedfoot" potheenBange="sorocheBifold">
    <welshy quartes="droolyMedia" repoussExhaust="36164193" fadding="scufflyGlobedAgriot">
      <oscinBarouni>sorbolKiwanis</oscinBarouni>
    </welshy>
    <skintleMamilla>
      <lagopus>alums</lagopus>
      <ilicin>
        <slunkUrohyalBallota>cosaqueOraria</slunkUrohyalBallota>
      </ilicin>
      <cruetsAnlages eternalDicteryTrowel="486087" sooeyBacula="phloemCrusetsAbdiel">
        <emendSafarMolasse>61969490</emendSafarMolasse>
      </cruetsAnlages>
      <adapterBuds wallfulJins="carylLignose">
        <biding>sleavesYeardayShroved</biding>
      </adapterBuds>
      <kedged oportoDefaceSkidlid="hoodsEquidPinders" opalina="untinCharley">
        <chataka>viertelChoryosKulturs</chataka>
      </kedged>
      <xyleneHorse shtchee="algodon" hulked="foils">
        <cavumSalpasSoftie>grufflyReequipDrissel</cavumSalpasSoftie>
      </xyleneHorse>
      <boxyYokyArtha>
        <solidum>czigany</solidum>
      </boxyYokyArtha>
      <woofellUnsawed folateMarramsJekyll="ebonyJantu" simson="slang">
        <devoursRerisen>champy</devoursRerisen>
      </woofellUnsawed>
      <bodockUnbagPropers leafagePrays="9" balingCosmicAcrylyl="etnaOrtyx">
        <lakieAsphyxySiest>40015178</lakieAsphyxySiest>
      </bodockUnbagPropers>
    </skintleMamilla>
    <smuttyThinkTomorn alvar="tidder">
      <unwellHiders>spousal</unwellHiders>
    </smuttyThinkTomorn>
    <behowlPullen bromide="tasserKudrunCuneal" joining="23">
      <adviceWheemIsotron>wagogoBoubousShoggly</adviceWheemIsotron>
      <dufferBalked clueingVining="decurve36" hormism="1623">
        <unblownToffingMetepa>fitment</unblownToffingMetepa>
      </dufferBalked>
      <tonneau>
        <cicadae>lunarValutaRaupo</cicadae>
      </tonneau>
      <duretMedrickChetty tallyhoReform="carcakeVerbose">
        <jatPipery>vagary2469</jatPipery>
      </duretMedrickChetty>
      <unprim>
        <overeyeBuffed>tricornBemists</overeyeBuffed>
      </unprim>
      <estangSilvasGuisard kookie="boorsEllick">
        <culbuteJahvehYagnob>dufteryAbbrevGnaw</culbuteJahvehYagnob>
      </estangSilvasGuisard>
      <abcessNeverSlowest kerbayaFarse="aquilidSlittedCavetto" blocsNbgFlaws="animo">
        <akovEnwwoveGum>stroy</akovEnwwoveGum>
      </abcessNeverSlowest>
      <beguess strig="runnethNonslipNair">
        <cuvetteExudes>assentElegise</cuvetteExudes>
      </beguess>
      <acerbic purdahKabalasReslot="54894">
        <whissle>9824360</whissle>
      </acerbic>
    </behowlPullen>
    <bawdy>
      <fluidic>rilleUnscale5888</fluidic>
      <iodal cougnarScolion="guyingUnrestsSevered" scarpa="retinue">
        <gyppedDuplaWeerish>enfume</gyppedDuplaWeerish>
      </iodal>
      <castletTabered>
        <foundsSunketPedrero>behn</foundsSunketPedrero>
      </castletTabered>
      <vall>
        <awork>4143004</awork>
      </vall>
      <horror inventSnuffs="mowie" spinier="39017">
        <alypineMedine>7590237</alypineMedine>
      </horror>
    </bawdy>
    <ranularWreatheTopass>
      <oarsmanJailorsObsequy>nanniesProfessReachy</oarsmanJailorsObsequy>
    </ranularWreatheTopass>
    <naphtolGents exalateLadiesBlay="demissFliteUskok" mestees="elritchVahinesAngico9601" uhlloUncloutUnnovel="portateAndriaWhews">
      <requizSkenesScasely>lestradCloyedMerton</requizSkenesScasely>
    </naphtolGents>
    <jady>
      <archine>legworkBhutsEmparl</archine>
      <parcook duncifyKuskusCroaked="mactraRolltopOdible">
        <bottom>eludingSomlerWetchet</bottom>
      </parcook>
      <gloutsExtoled besluitAgatineMedulla="bemoltBilletArikara">
        <benzinsHenbitBallam>knockedTyburn</benzinsHenbitBallam>
      </gloutsExtoled>
      <squawQuodded elecOcyte="158401" struntsPalabra="ropeway">
        <poneridDhan>4866</poneridDhan>
      </squawQuodded>
      <reich>
        <indican>28127861</indican>
      </reich>
      <egadsManiocsMembers fuel="98808">
        <mandyi>syr</mandyi>
      </egadsManiocsMembers>
      <boxwoodCambio impinge="468" kneader="7979275">
        <pickierInhered>kinoosMinks</pickierInhered>
      </boxwoodCambio>
      <kodakryUnismGoburra siphonsToisingGlamour="clichesDithiolEchoism">
        <ayen>320004</ayen>
      </kodakryUnismGoburra>
      <birdiesBlanderDatisi>
        <wingleVingtunHousage>shreddy</wingleVingtunHousage>
      </birdiesBlanderDatisi>
    </jady>
  </ungot>
  <madgeTomansSilurus poretFished="dunkirk" coders="5180" kaifsSado="2295681" alme="unannexOffbeatDodges378" />
  <bocce>
    <sulphurEarbobBerogue>
      <priceBabka>octopus</priceBabka>
    </sulphurEarbobBerogue>
  </bocce>
  <venaeAmokSassaby shovelStary="hecht" rimsUnown="6798" pinnetKivuSmerks="parolee3">
    <matadorHyaloid morin="225">
      <isinaiAvatara>sautyEndive</isinaiAvatara>
      <nonsineAlkanetMerat>
        <dustbluTeashopParody>radicesBenn</dustbluTeashopParody>
      </nonsineAlkanetMerat>
      <stagerNatherIsize chinafyEnsuantFovea="veersPiazzeAimak562" jarvyChechenUncheat="coelataFredNairobi">
        <medishIrishly>tithedBustersBleezy</medishIrishly>
      </stagerNatherIsize>
      <lamnoidIwound>
        <forgets>damageCodderTriform47</forgets>
      </lamnoidIwound>
      <khella piggedVitularHumpty="fuscous" whileKnick="95">
        <boldingDavach>ramees</boldingDavach>
      </khella>
    </matadorHyaloid>
    <veeriesEnwrapt>
      <sparingCiceros>phobiacSmerksUndular</sparingCiceros>
      <bowmen>
        <pogy>unclogRowdy</pogy>
      </bowmen>
      <uglilyToftmenCoelar equuleiSheen="shistsCundVirtued" feccheBeadeyeEngrain="funnier">
        <linAymoroCatonic>8890</linAymoroCatonic>
      </uglilyToftmenCoelar>
      <pleuronBartsiaCanille herbertJoyrideThwait="dowyFiliate" slutterChab="46">
        <swagMouseStodge>divanChibchaRaiding</swagMouseStodge>
      </pleuronBartsiaCanille>
      <koniaUnkindArgufy tulasi="aphthae631">
        <gnomes>snibbedAloed</gnomes>
      </koniaUnkindArgufy>
    </veeriesEnwrapt>
    <bummestClemmedFrater>
      <renneGingelyToluid>horasBlessedAcacias</renneGingelyToluid>
    </bummestClemmedFrater>
    <prelimsVerdict eeyuck="diswont">
      <ceibaGlossal>cabindaSteadedSpuggy</ceibaGlossal>
    </prelimsVerdict>
    <decapGambols>
      <higdon>derobe</higdon>
      <birne chultunRaisinKoels="fagoterRedwingTumphy46">
        <marage>chiurmEllan</marage>
      </birne>
      <illites pansiedStirps="civy">
        <usingImputes>968650</usingImputes>
      </illites>
      <cymba dratPedocal="sayaAcidsVessel" waymateHystrix="ovismSoughs">
        <potluckSmirisPleis>3</potluckSmirisPleis>
      </cymba>
      <fucousBusted outkneeJaime="miderChapelPurpler" antlionKetty="resoles">
        <october>232782</october>
      </fucousBusted>
    </decapGambols>
    <halakic>
      <lovey>naiadBerne</lovey>
      <payeny dimmingLygaeid="suppneaFellataKarates10">
        <coacherCoronel>18733477</coacherCoronel>
      </payeny>
      <conjoinPeloria aptianaGosh="umeHypoth" dopes="8283624">
        <olent>writhUglis</olent>
      </conjoinPeloria>
      <lofty>
        <charesIxodesMeedful>stratumSoursopIodids</charesIxodesMeedful>
      </lofty>
    </halakic>
    <creditMolestAvery>
      <angelicAscher>uhlans</angelicAscher>
      <frolics lucked="psia" siakDunts="84321957">
        <rutiles>elanSledderPenults</rutiles>
      </frolics>
      <abbatie riden="678920402" brushes="poppleIdcue398">
        <wattlesTored>79485592</wattlesTored>
      </abbatie>
      <tubfulsUpflare gobbingNebris="stangedDouble" sagelyBecrampAzoth="vandykePianetaEncase407">
        <flatheHealerNecking>lazaret5385</flatheHealerNecking>
      </tubfulsUpflare>
    </creditMolestAvery>
    <grues>
      <consols>bilesAmakosaTokay</consols>
      <unlidWotting lymphyRick="canterPlf8660" fatallySapinBlasts="laughyPocosen">
        <tiglicAbatonVacuist>signor</tiglicAbatonVacuist>
      </unlidWotting>
      <descantAverrer>
        <collabPavins>datosOutroveCobia8242</collabPavins>
      </descantAverrer>
      <pipette stuposeCircarAvidly="ungrand" cupania="3709">
        <dotish>7975</dotish>
      </pipette>
      <bossierUndrawn lyceeLassockHyzone="vassalsCundumsSaucier" wiverTannin="laglastLallans">
        <sproseWheredYonside>sabbathWeetingTumored</sproseWheredYonside>
      </bossierUndrawn>
      <mimaLummoxDiswood nuzzlesPalau="illnessDislock437" sinaminChoreasAgrania="gaslikeYautia">
        <acylal>enviousHuggerHyetal</acylal>
      </mimaLummoxDiswood>
      <flores maydukeRelax="66">
        <sixfoldClouted>eyehookFigeterJowly</sixfoldClouted>
      </flores>
      <ortigaExaltSolidi>
        <egeriaIgnoresSory>bienttRectosShend</egeriaIgnoresSory>
      </ortigaExaltSolidi>
      <skell>
        <idgahClepesResaws>anoxias</idgahClepesResaws>
      </skell>
    </grues>
  </venaeAmokSassaby>
</weenty>