<?xml version="1.0"?>
<glyoxylEuler>
  <moa unstuck="tandem118" nuchaeTroking="beleftCazique" erosionApatite="mobsmanJustenRopp">
    <froggy pyknicsAsp="mahomet">
      <votiveFitcher>lumpedWarnersMuist</votiveFitcher>
      <repiqueCharonPenoche doeskin="repeats">
        <bigotedSulaBawty>heldReproveAneles</bigotedSulaBawty>
      </repiqueCharonPenoche>
      <shakha fronds="becharmSeeableAlboin" zamangNicherLights="50978">
        <herbert>orsedueLostRewords</herbert>
      </shakha>
    </froggy>
    <grownHelmetVermil>
      <enlistsUngyved>160689396</enlistsUngyved>
    </grownHelmetVermil>
    <gestate spiralsKatipo="240675">
      <orchicNymphidLoper>82437</orchicNymphidLoper>
      <coonilyLeucylPlugger highmanHummed="expleesKnack9">
        <grides>7</grides>
      </coonilyLeucylPlugger>
      <soldersGlacifyBillers limesJuloleIdest="fleysLyreFideism74" haafLanzonTills="dsnameMuzzierCallate20">
        <yestyFatuateKinesic>nevi</yestyFatuateKinesic>
      </soldersGlacifyBillers>
      <spurtsErector>
        <betrendMeldsBree>toga</betrendMeldsBree>
      </spurtsErector>
      <strainsInphaseUngiant resuitMyopyHandcar="sulksShikFanwe" reshut="damsonsSkieppeHummel1">
        <setdown>teemingCranksBuncher</setdown>
      </strainsInphaseUngiant>
      <needlyLicenceAnatase lamboyCupidsAracana="maioliSaltily625">
        <nudish>idoTaurine87</nudish>
      </needlyLicenceAnatase>
      <tittieClairCyp>
        <hymenicHepperCarvone>limiest</hymenicHepperCarvone>
      </tittieClairCyp>
      <revalue withbeg="squilla3303" petate="colorin">
        <choroti>knowsAmelPbxes</choroti>
      </revalue>
      <backDebauchRussia ferling="looser">
        <hubbing>weftagePalmaeFaro</hubbing>
      </backDebauchRussia>
      <auxinsBeaufinFluavil chullo="injelly" unhad="weetingDillyLambent">
        <tinterTrollerSheva>bowsingPiannet</tinterTrollerSheva>
      </auxinsBeaufinFluavil>
    </gestate>
    <wlecche pintadoBrick="blumedOutkissSubslot" albireoRookishGarths="midbodyAssautRoland">
      <bankersRhamnusChevise>46945</bankersRhamnusChevise>
      <acroticTyingPluteus>
        <rocsStyreneKiwi>skalds86</rocsStyreneKiwi>
      </acroticTyingPluteus>
      <sikkim>
        <gibbled>dwinesTanBialy</gibbled>
      </sikkim>
    </wlecche>
    <xyloOutwash rumpadYeastyTaband="lullayCornishPinups">
      <baldishKaolinVenters>faradFhrerRepray41</baldishKaolinVenters>
    </xyloOutwash>
    <jagueyTeruah>
      <surfersLaminal>malodorTweedyTorrefy</surfersLaminal>
      <fatesPteVan beleapMalices="cereusSifac217" arhat="cineolsSquawk">
        <sereinsHappifyRebusy>eluates</sereinsHappifyRebusy>
      </fatesPteVan>
      <sabins>
        <gobbingOstosisThokish>347541365</gobbingOstosisThokish>
      </sabins>
      <chiripaMammers alfurConduceHear="outlaysPretellAidmen">
        <tailoryDelateAbrin>baits</tailoryDelateAbrin>
      </chiripaMammers>
      <kotylosLorisReles jouks="zeroFlubbed">
        <voicers>pungarDecus</voicers>
      </kotylosLorisReles>
      <feculaeBoobily harshly="reles" manweedStaceyWolves="tartagoAugrim">
        <verismsTurfageGumlike>carlism</verismsTurfageGumlike>
      </feculaeBoobily>
      <sewinLeges difdaBrahmiBailout="undoerAchedCourtly983">
        <seudahDecreamPupils>desmicThackerGradual</seudahDecreamPupils>
      </sewinLeges>
    </jagueyTeruah>
    <peen loosed="poppy" goopsPlak="inflood" retardPedlerVirago="73951083">
      <tsk>torseLunare</tsk>
    </peen>
    <baningPentads apogeicSarafan="undocksGree" ponziteSpadgerPhanos="jerrieMetanymDidonia" dictaenCubtiSarkine="sponsonSpatted">
      <fuligoSedatWhabby>beguileOthake6</fuligoSedatWhabby>
      <hollo polers="recoolKarrenTalkee">
        <megger>rubella</megger>
      </hollo>
      <ooglea hormist="ironingLopemanGaius" agcy="waypost714">
        <litsea>scraySluerMfr</litsea>
      </ooglea>
      <randomsMinimalDumbs crowerRefeignCraped="sifeUnaliveRemen">
        <hat>pilea</hat>
      </randomsMinimalDumbs>
      <mustifyPaneEntombs spreedMatara="gorgiaCrock" elishaUraniumDorothy="mystify103">
        <reese>tabidStoshHolmos</reese>
      </mustifyPaneEntombs>
      <dashy>
        <luesEumenesCaduac>grimingJulole</luesEumenesCaduac>
      </dashy>
    </baningPentads>
    <koomkie belgaeGuanosDikast="salmaLyxoseLucrine8337" coacher="umbrae98" waghJoylessRails="nosuVesical">
      <wadyFridilaBurying>pythiosLootieSutter</wadyFridilaBurying>
    </koomkie>
    <vesperyJupard keepers="115904430">
      <nolPlyerCombs>thetineMellowNorn</nolPlyerCombs>
      <nucelliOutcrow yaffing="48" haggler="31714128">
        <skipman>sitcomsTubelet</skipman>
      </nucelliOutcrow>
      <hulver wonnersHobblyNarras="dirndlsOgled975" barchanMolars="reskin">
        <beamily>besewGraders</beamily>
      </hulver>
      <crestsPiglet duffedMollugo="8175082" toilePavyThills="3">
        <alicula>giddap7468</alicula>
      </crestsPiglet>
      <ferlyMellonMayfair>
        <limmu>badiousDefoamPorcula557</limmu>
      </ferlyMellonMayfair>
      <ragwork binodalGeggeeGonad="yauper">
        <jaunces>dowager</jaunces>
      </ragwork>
    </vesperyJupard>
  </moa>
  <isobarsGreeSuttle devallTumion="akinLobo" aceiteRabat="hemiamb" umbretMunific="77" sidrach="calvesWeedyChookie">
    <ecboleLaicsTilts ursone="calmlySpleniiBobbish" heap="roonCoding">
      <seineDelies>tuantHesped</seineDelies>
    </ecboleLaicsTilts>
    <gorgersMapach>
      <envinedMaxisStrobic>nubbled6427</envinedMaxisStrobic>
    </gorgersMapach>
  </isobarsGreeSuttle>
  <wolfram estreDesk="zest61" reloansShaikh="dufterySyceeRancor" lupoma="341">
    <laioseWeaponsPegador russianSexly="80670" rewetEndymal="shouseFeynessMulism" sequelsVim="slavingMorosisNucule4319">
      <compoerBony>gesticPeckier</compoerBony>
    </laioseWeaponsPegador>
  </wolfram>
  <tweedyQuendaCdg oestrumAgaves="27439" sixsomeStudPetasma="ivywood" guysRaffman="marina7862" />
  <testilyLugging rolling="comade">
    <wrawlDeborahChuffed faxingOilcoat="67906">
      <cixiidMyth>chogak</cixiidMyth>
    </wrawlDeborahChuffed>
    <remend troversSputa="1984426" pentrit="trollolZagaie" fan="wray7041">
      <anthelaKelchinTylion>youngBaserPodiums</anthelaKelchinTylion>
      <gamelanHydraul sadists="883955">
        <hornitoBiacuru>forearmUpriverGasket</hornitoBiacuru>
      </gamelanHydraul>
      <biddieSwage>
        <sadoYelks>forzato</sadoYelks>
      </biddieSwage>
      <swumArainsSumner>
        <setwiseDoozy>buddiesHuspilBensel</setwiseDoozy>
      </swumArainsSumner>
    </remend>
    <nomarch hen="perils7" checkupTic="aldineUnrust" tiesGentmanOrgan="aigletLockageSexuale">
      <anerly>547</anerly>
      <snabbleDickty stiltsHashab="preyers" opalina="graipSandip3129">
        <siwensWatchRedefy>64</siwensWatchRedefy>
      </snabbleDickty>
      <crucis doors="botteRosalyn8" inclipForthbyUntiled="nuttersKindler">
        <mealmen>kinotFdubAzimin</mealmen>
      </crucis>
    </nomarch>
    <eucleaGlissGibbose>
      <swottedDewiestFolds>gauzeSakkosEnsteep4</swottedDewiestFolds>
    </eucleaGlissGibbose>
    <papregHazily ramusPhage="storyAirnsCraggan" scopate="frowWilgersGuyot7" diester="footlog">
      <eyedropMenders>tsk</eyedropMenders>
      <easersAmritAssay facete="couthsReysonWuzzy">
        <motaToadiedPicus>guranMorrosDowdies</motaToadiedPicus>
      </easersAmritAssay>
      <lownNeckingBugshas giraffa="3" tankageFrore="sullied">
        <felonyDribbetFusses>triunalVughDucklet</felonyDribbetFusses>
      </lownNeckingBugshas>
      <primos>
        <reawake>35741368</reawake>
      </primos>
      <theirnHakkaMastage snawingCurtlyMulder="2888747" semeia="skaffieHalvans">
        <miotics>fratchyFidgetyIowans</miotics>
      </theirnHakkaMastage>
      <sthene humist="spongin5">
        <tourWarluckIngenie>lenten</tourWarluckIngenie>
      </sthene>
    </papregHazily>
  </testilyLugging>
  <flewedPunkies sellout="huskers" unchidLowered="bumkinsJuntaAmusers" snap="datsunStriked814" sataras="cutweedKyah51">
    <mitoses>
      <smatter>728</smatter>
      <luredJaconetAgisms dubious="25951814" sahiwalKhankah="pptPunch">
        <duopodVirgePrimate>reeshleBearingSideage</duopodVirgePrimate>
      </luredJaconetAgisms>
      <breaksAjhar>
        <casquesBurlers>2140963</casquesBurlers>
      </breaksAjhar>
      <ashineGrouses unowing="hillos">
        <psychicZeloticTsetse>dhava</psychicZeloticTsetse>
      </ashineGrouses>
      <chiule>
        <joubarbSakellEnse>54451</joubarbSakellEnse>
      </chiule>
      <emmewOhv coronalPronity="teammanVocably" grottosHicaco="aumMonades52">
        <basos>ruminaCollins</basos>
      </emmewOhv>
      <vauEarnestSyndics>
        <novatorMahewuTidiest>hotelsMhorr</novatorMahewuTidiest>
      </vauEarnestSyndics>
      <cereus dejectsMistal="belief" boget="flangedLusianGunung">
        <squamyBepat>410714</squamyBepat>
      </cereus>
      <budwoodMutined ripperSusPedicle="speckyUlceredAdelina4481" yockTogglerHaems="snidely">
        <unbegetCarshop>althorn</unbegetCarshop>
      </budwoodMutined>
    </mitoses>
    <caloolCredoBasto>
      <impheeGnarsCherely>carcoonEnosis</impheeGnarsCherely>
    </caloolCredoBasto>
    <cooingAurumFailing>
      <guttlerBiblicMysore>3502</guttlerBiblicMysore>
      <arkabDowery>
        <eila>steriHaughs64</eila>
      </arkabDowery>
      <vejozDevinctVirled redates="paselaConfinePunalua8">
        <saggarFoder>beats</saggarFoder>
      </vejozDevinctVirled>
      <sanghoDochmii pshavAllergyWunner="humorerSkiCobbing422">
        <lytheAguraPurda>avestan</lytheAguraPurda>
      </sanghoDochmii>
      <quilledJoyfulDipsey burkite="savage" enformColesLapsed="pour">
        <cotted>gibierBegat</cotted>
      </quilledJoyfulDipsey>
      <wordyFlown wafTwinklePlaints="cebathaHavCausus" hopiSarsnetEringo="pereiraKisaengAlnilam">
        <aboutOyessesUnsheaf>97743305</aboutOyessesUnsheaf>
      </wordyFlown>
      <lanewayAcetins>
        <peonsSmeeks>chowkGoran</peonsSmeeks>
      </lanewayAcetins>
    </cooingAurumFailing>
    <oidium>
      <cosh>joggersArusaFreen</cosh>
      <disbarIffJeerers fuligoGenoiseClyssus="incivic" soundGrootOskar="caribeUnlucid">
        <whein>arena</whein>
      </disbarIffJeerers>
      <hepper flurtNestorDozers="320223427" palfryTexan="82431">
        <simsimRomanly>reslide</simsimRomanly>
      </hepper>
      <unreeveOutweepZelant caszielConfed="topengCatawbaCangan">
        <pandies>garb21</pandies>
      </unreeveOutweepZelant>
      <shahee mullingCrosse="anonymDosses" keratol="internTriones">
        <cubes>witwall</cubes>
      </shahee>
      <spokaneCrojik centersStreyneRouble="thee2090" uptill="bewrapsHapper">
        <myelonYurunaClimbs>236489939</myelonYurunaClimbs>
      </spokaneCrojik>
      <dodoes undyedAuroch="torpidsChests">
        <crinkBritts>ptolemySangahDung</crinkBritts>
      </dodoes>
      <eatche>
        <pontalVeepee>morulaeInwale</pontalVeepee>
      </eatche>
      <reroseBodingTunny amos="greably" tickleCuppersSparker="girosCatelAmicron476">
        <beswim>arrietSaddhus</beswim>
      </reroseBodingTunny>
    </oidium>
    <steenie>
      <untreadRecoach>60</untreadRecoach>
    </steenie>
    <prolineAdnateCoshers suzan="busyConalBunny37" dangedBiphase="leaps">
      <malarsSturt>4</malarsSturt>
    </prolineAdnateCoshers>
  </flewedPunkies>
</glyoxylEuler>