<?xml version="1.0"?>
<perigee>
  <regtTrulli painch="repolonNodulusTedder" hallahs="grimsir">
    <bassanPieMia>
      <dovecotRidiestCheerio>eophyteQuarAthrong</dovecotRidiestCheerio>
    </bassanPieMia>
    <felidaeLungoorYaboo pipple="luxatedStraths" shortenYarestGingeli="grindalQts" chili="vikingAstrerIambe6">
      <codesTraps>932</codesTraps>
      <wettishAdapaDietal mantidsAlbergeExhumed="6183880">
        <lymnaeaDenotes>kiln</lymnaeaDenotes>
      </wettishAdapaDietal>
    </felidaeLungoorYaboo>
    <jugal>
      <talesDashersStddmp>dogging</talesDashersStddmp>
    </jugal>
    <knifers gratinCedar="anay7" inkwellTradeHogling="yobiLopTubicen">
      <spartaTapu>301</spartaTapu>
    </knifers>
    <unsell ruscus="porrimaGruelsOtidia3939" pinkestSpurterGlop="stemsonPhonsEvzones">
      <fother>turtosa</fother>
      <predataCochief>
        <woenessToadyPareil>208521</woenessToadyPareil>
      </predataCochief>
      <otidaeArcoseBerake>
        <brushesAbetted>toyonWaferer</brushesAbetted>
      </otidaeArcoseBerake>
      <greenthProblem sarcoid="feigns">
        <busierPrename>podger</busierPrename>
      </greenthProblem>
      <offHaspsMetra>
        <orgeatBubblerGrebes>sharira</orgeatBubblerGrebes>
      </offHaspsMetra>
      <ungodlyDaemonStrigae>
        <canhoopGushes>46095</canhoopGushes>
      </ungodlyDaemonStrigae>
      <keekersIsopor originsFloury="wrigglyMutic" fresh="halersDelooEluder">
        <rekiConceptGue>unworthAcanaYuckier1</rekiConceptGue>
      </keekersIsopor>
      <spider rehoned="touzles" overflyKnops="outformSkites">
        <bonsVapouryDocious>herbousEysogeCoddy</bonsVapouryDocious>
      </spider>
      <gangwaFitment sapbush="meithei" funorinCuret="tasseAcridin">
        <alundumBushier>persistGrimace</alundumBushier>
      </gangwaFitment>
      <niching>
        <hameilAhriman>heeledMarree</hameilAhriman>
      </niching>
    </unsell>
    <rosaceBarkan>
      <bogieGiber>semmetMicrohm</bogieGiber>
    </rosaceBarkan>
    <lagwortKennedCavalla guyedEupneic="unlush1224" uptearPiasava="deathy" lores="okimonoHumistAstream">
      <rictal>holmRhodite</rictal>
    </lagwortKennedCavalla>
    <hoaxed>
      <duluthDusackLampf>18089</duluthDusackLampf>
      <clacker yaffKhirkahMako="snock" tollyEasies="flybelt61">
        <auanticThereupBuddler>tid</auanticThereupBuddler>
      </clacker>
      <catfacePeskily gassesKruller="taxmanCompone">
        <bloomer>lunatedByninShrimpi</bloomer>
      </catfacePeskily>
      <waddlyStanlyChunter vibgyorKetuInanity="bevelerSeedierStraint" unfilmMishnah="9">
        <poppingPylarCharade>indolinTruth</poppingPylarCharade>
      </waddlyStanlyChunter>
      <hugeousSkitty lakkeWornilTankka="overmenScows" besant="stemmyHeminee">
        <swaggiPreemieSoonish>menaced</swaggiPreemieSoonish>
      </hugeousSkitty>
      <kenafCrispinPalmae clunkAnearsZoysia="colonesUptakePujunan1123">
        <intoBirddomWigwag>beode</intoBirddomWigwag>
      </kenafCrispinPalmae>
      <shippenSpitboxSpuming>
        <tallowySogerTurncap>mellateWilcoMuff</tallowySogerTurncap>
      </shippenSpitboxSpuming>
      <entrezAnkerKiaugh career="82650080" extrema="avellOnymizeBooby">
        <ablerMuclucsQuizzed>3</ablerMuclucsQuizzed>
      </entrezAnkerKiaugh>
      <turkois>
        <amastaAdonia>flirts</amastaAdonia>
      </turkois>
    </hoaxed>
    <criminiSchul perfumyElks="76" kitchie="essayer">
      <selDhikr>arrowed</selDhikr>
      <seeledAmides imbandSlothUmland="gemoteHoseaEndecha">
        <jenniesTrooly>677499</jenniesTrooly>
      </seeledAmides>
    </criminiSchul>
    <wemmy>
      <endsealArbith>7428</endsealArbith>
      <streepGroper>
        <wonnerPlaidedHwyl>171888248</wonnerPlaidedHwyl>
      </streepGroper>
    </wemmy>
  </regtTrulli>
  <entrep poral="quarto" />
  <sinuate dreepyArshineTaratah="exoleteTzetzes91" ditali="lovageCasbahsSolania" />
  <hasinai aprocta="9098192" bangle="bimasSluicer" tarpeia="fesels3096" />
  <owenitePavisesBlueish khedaCoronerRehair="ouzelSoave">
    <kedarCloqueFagotto>
      <aciculaPeavies>5382</aciculaPeavies>
    </kedarCloqueFagotto>
    <sedatedRabot>
      <pipiTawsedMetochy>noddyGreyfly2557</pipiTawsedMetochy>
    </sedatedRabot>
    <laxlyArbours minikinAwestWuss="absi" busticsFlawfulBebleed="raisine">
      <abyingAngioma>penful8237</abyingAngioma>
    </laxlyArbours>
  </owenitePavisesBlueish>
  <squealStrut noriticSoldoAcyloxy="autarkyHababSicarii" fjeldUigurOctober="lucuma" greasyWhirled="hinds">
    <bosonicSplitBraccae>
      <pbxes>chicano</pbxes>
    </bosonicSplitBraccae>
    <tutory>
      <scrump>larker</scrump>
      <homardMarkupsCerrial sibiricGulaRhymist="endgate4950" vellumTomcod="lenaeus">
        <mioticsSurely>gesithCorverFeest</mioticsSurely>
      </homardMarkupsCerrial>
      <parrTernsBilalo chemicLosersOuthits="rippled">
        <encraalStrivesMislies>gougerJiti</encraalStrivesMislies>
      </parrTernsBilalo>
      <burysAerugo fuzedElijahJellies="orfraysReheap" stolons="sulkierSpeeledGoldang">
        <jowlop>puranas</jowlop>
      </burysAerugo>
      <tachina tunkaShoeman="plazas" secreSwatherOrtet="plattyMeskedMyope">
        <acier>bihariDozing</acier>
      </tachina>
    </tutory>
    <halesiaSubdureValuing>
      <flamingBobet>sashimi</flamingBobet>
      <ataxicEyeyBurs pettles="recour" feinter="29">
        <bvt>934621013</bvt>
      </ataxicEyeyBurs>
      <idioms ulyssesTearer="realm">
        <fondledUtickRufous>90014</fondledUtickRufous>
      </idioms>
      <amicedTritonCothon>
        <firsterFrumpyRepitch>folacin</firsterFrumpyRepitch>
      </amicedTritonCothon>
    </halesiaSubdureValuing>
    <shogsBugdomYardang>
      <lenaeusGheesGauk>stunsle</lenaeusGheesGauk>
    </shogsBugdomYardang>
    <dyester buntalFoliage="unsiegeOpusesDyaster" unitsEntraps="914480563" snappedFroes="savRadeauxKhubber">
      <choenixFultzFistful>pulvil</choenixFultzFistful>
    </dyester>
    <atresiaHamhungAkka>
      <magmataAngie>dormsGorgiaRailer</magmataAngie>
      <gilpeyShorSelena glopsZoisticCotta="bagnutFriesic" currackDaukin="449">
        <slaviRial>secableReseaus</slaviRial>
      </gilpeyShorSelena>
      <brahmic deviseCurvant="doweledHoster">
        <hippy>unguentCuinageCurin</hippy>
      </brahmic>
      <ephoi>
        <oarcockFidleyLogeum>cheetal</oarcockFidleyLogeum>
      </ephoi>
      <zaireImmune>
        <lapland>duelistPuget</lapland>
      </zaireImmune>
      <grasniOnker yodels="scammelMungofaMebsuta">
        <subornSidearm>bodockNou</subornSidearm>
      </grasniOnker>
      <allowsKhevzurCen>
        <guffinTram>taroccoIberic81</guffinTram>
      </allowsKhevzurCen>
    </atresiaHamhungAkka>
    <eyesoreAnimizeCrispy>
      <heartLosers>perataeAviatesMopier</heartLosers>
      <lungyTakahes>
        <resiliaLevyistLowboy>777416785</resiliaLevyistLowboy>
      </lungyTakahes>
      <keftiScissor renette="vangs">
        <moschiFroustyLug>aenachNolCee</moschiFroustyLug>
      </keftiScissor>
      <beatrixFisheye>
        <haceksIntimalCerotin>osmate</haceksIntimalCerotin>
      </beatrixFisheye>
      <scillaEmbowed>
        <betony>bldgKlongEphors</betony>
      </scillaEmbowed>
    </eyesoreAnimizeCrispy>
    <moray cassiriDrekOakums="40" gudes="ozoneDunnoBravest">
      <spiksRaws>prionidSituses</spiksRaws>
    </moray>
    <amidesVasclaStepups takesCopra="gns" goleeProblemHaptor="troikasConcFlane322" neurale="lakeletMantua9509">
      <tamureConvene>adyEwererAnergic</tamureConvene>
      <fervorsPausingMyxo ruggersAgeingsProuder="480" spawnyKopi="wallowUpswingHapper">
        <mutated>unbarNickieLargest6</mutated>
      </fervorsPausingMyxo>
      <lookersAlypum mangana="40323">
        <suwarro>seeable971</suwarro>
      </lookersAlypum>
      <fdubsDisdainStrout needled="endowsBangleNairy" pinnock="cantaroDodlet46">
        <ranchoNosema>hadst</ranchoNosema>
      </fdubsDisdainStrout>
    </amidesVasclaStepups>
    <kebbock pta="winkleHouseDusting" pucksPulsed="amati">
      <talloteTieless>nominyRecool2</talloteTieless>
    </kebbock>
    <blanchiWindowy ejaculaKeddahGuilty="70055610">
      <flakyBeguile>tripledOakling538</flakyBeguile>
      <pahutanBoneen>
        <estadelElfwort>whitretDilated</estadelElfwort>
      </pahutanBoneen>
      <crunode enteronArboreaMellate="bedawn" mannish="dakoity">
        <unroomy>dagging</unroomy>
      </crunode>
      <hikedFedityVictim clinahZeekoePutz="antisiAshes">
        <suganAviculaChippy>horrayOvately</suganAviculaChippy>
      </hikedFedityVictim>
      <evectic shuckerKhussak="aidful" clip="9">
        <ritBuba>henpenActless</ritBuba>
      </evectic>
    </blanchiWindowy>
    <boweled>
      <unsetAnlaute>iraqiObolLunata</unsetAnlaute>
      <maskoiBenet romanlyLimanClap="gantConand">
        <magadisPsychsManhunt>tousledEnrace</magadisPsychsManhunt>
      </maskoiBenet>
      <sus paverUkiyoye="xvii" dahmsGayatri="burhelHoglingTroth">
        <ruddishDirhemRhodope>peckingConchaeLanioid</ruddishDirhemRhodope>
      </sus>
      <prooSigmoid anonymsShalderEnjail="abrashChanner" sigmateSirdars="84609">
        <piled>exlex</piled>
      </prooSigmoid>
    </boweled>
    <slavsCannas>
      <purtySergingTrone>docken805</purtySergingTrone>
      <pity>
        <lupinesOltunnaWaver>swiftTenzoneOffers</lupinesOltunnaWaver>
      </pity>
      <emrodeTecla jumanaPignutsHuey="tritomaGrowler">
        <vascla>ternal</vascla>
      </emrodeTecla>
      <tapetiWhiskedWhiter quirtsStaffed="37281" gonakieYummyRegie="poachUnallow">
        <smeechResunOmani>proberChuppah</smeechResunOmani>
      </tapetiWhiskedWhiter>
      <ingentVigiaPeachen basti="chouserCentrad">
        <milles>108856005</milles>
      </ingentVigiaPeachen>
      <haydnHiatalFlattie>
        <poemBugdomSilvans>maza</poemBugdomSilvans>
      </haydnHiatalFlattie>
    </slavsCannas>
    <rowel fumetsDimouts="cabobsRelacesUpspout">
      <malmagIdyllerBeyonds>baobabsYayaTurnoff</malmagIdyllerBeyonds>
    </rowel>
  </squealStrut>
  <skilloPeatman iyoMiracle="breezyCaimanAmnios" coppyArecasArtware="goyim" />
</perigee>