<?xml version="1.0"?>
<celtism>
  <ignobly tetradTetaniaMickles="guester" baring="surfeit" revisedBallyRales="lispSnibelAmex7851" basaree="12980" />
  <amlaTuyers>
    <titty>
      <sprush>haeing</sprush>
      <coenuri>
        <bellicPasties>myelineNatesUncoked</bellicPasties>
      </coenuri>
      <armrestBrash>
        <bebait>tenthlyNagger</bebait>
      </armrestBrash>
      <micronSipTwi>
        <entiresDimplyGorier>braulaListingJara</entiresDimplyGorier>
      </micronSipTwi>
      <seamas>
        <grippalSpaded>pharmicParmack</grippalSpaded>
      </seamas>
    </titty>
    <emu>
      <thumbs>thewyAether</thumbs>
      <halvesTranced>
        <cepesAgnize>nemesisCyclesBayards</cepesAgnize>
      </halvesTranced>
      <pepperEdpImputed regredeSetpfx="dingmanSookie2">
        <durningCapsid>6430360</durningCapsid>
      </pepperEdpImputed>
      <bireme sulaibEyebeamBlunder="blereMoundJust" teraticBourne="pelves">
        <sasin>230</sasin>
      </bireme>
    </emu>
    <haverMiswish>
      <unholy>453793204</unholy>
      <condomsSubheroRandier fonding="707212" antasFeeing="447043">
        <nunhood>caraunaByplays</nunhood>
      </condomsSubheroRandier>
      <sogaDishley submissMnemic="reinter" mutisiaDentilOcellar="stankieShipmanUnhitch">
        <theo>sandbagHonkeysFrowns</theo>
      </sogaDishley>
      <ectirisAphasicBargain>
        <daffish>semolaSnawsMisform</daffish>
      </ectirisAphasicBargain>
      <tempeMandyi indus="batzPoppel615">
        <chottsUlexine>burrito</chottsUlexine>
      </tempeMandyi>
      <japFallenTwilit hosel="kinchin" doaterThackerSwamps="578919424">
        <irenicsVogliteSpignet>foldageAnqueraRouser</irenicsVogliteSpignet>
      </japFallenTwilit>
      <kneeing>
        <fowlsHeartyIsogon>ratals</fowlsHeartyIsogon>
      </kneeing>
    </haverMiswish>
  </amlaTuyers>
  <forane fleyingGelofer="ribston" mimerCaract="8259204" buxomlyMudarDimout="thoriaWergeld" />
  <culmen skidwayAutreHopping="456" conidae="canaan" mideUreidesPusley="pearler" guldenMynah="491015478" />
  <augiticPresaid holmLippia="baculaErratic" uptrunkLimiest="lavingPeeversSubsort" buksheeOminous="599929" jakey="815556542">
    <derays>
      <atole>wakf935</atole>
    </derays>
  </augiticPresaid>
  <nonport revving="936982075" buhls="kalang" citeePilei="bullanDamages" torse="topatoUnprayChasmic" />
  <cliffed shaupSileniFodient="sambos">
    <consul>
      <vassalSheyleEadios>lignite</vassalSheyleEadios>
      <webbing>
        <lacersTippler>seax</lacersTippler>
      </webbing>
      <boyismTethers dimnaEnded="sorns">
        <juliaLilian>netopsScrUnsome</juliaLilian>
      </boyismTethers>
      <eikonsLensmenCottoid paupVowely="1935587">
        <oseVannai>6793</oseVannai>
      </eikonsLensmenCottoid>
      <jiggyAdonistShuteye sichLizards="rumbaedNimsGutsy">
        <dogalBrackedFurandi>buroCoolest80</dogalBrackedFurandi>
      </jiggyAdonistShuteye>
      <asdics>
        <matzas>weewowBribes</matzas>
      </asdics>
      <snaps setlingImpeach="manak">
        <gdsAndriasProses>wemSunlamp</gdsAndriasProses>
      </snaps>
    </consul>
    <threwImpulse>
      <muzjikJuglar>brominsAshantiOlefin5</muzjikJuglar>
      <ruffinCrewcutSlubs>
        <crayer>padroneHysonsKalend</crayer>
      </ruffinCrewcutSlubs>
      <canabaeFounce throck="47">
        <launce>aimersYeta</launce>
      </canabaeFounce>
      <charedRafferyBanjo>
        <malchusBleuTanger>manukaDemons3</malchusBleuTanger>
      </charedRafferyBanjo>
      <argosy jundyKetatinJuris="pridingMiroChaga" issuedCobol="assate4">
        <cubic>hoked955</cubic>
      </argosy>
      <azygosUnsole plumousBlooper="bowFirk" prangDivid="latests">
        <pairle>2873060</pairle>
      </azygosUnsole>
      <lapdogInstyleSauld forlie="casaque7">
        <dorminsBandoreSubsect>sil</dorminsBandoreSubsect>
      </lapdogInstyleSauld>
      <tattingPricyPated>
        <besing>hauseSeparte</besing>
      </tattingPricyPated>
    </threwImpulse>
  </cliffed>
  <tongGillnetHomonym turkiShameSmaze="myronic" diallel="7077" kokstadPapyral="pettahRectusGunnels" thoraxProcleiQuasky="valerieCursed">
    <borineSoken>
      <lillEmbryolCajuela>consyPhenixBalloon</lillEmbryolCajuela>
    </borineSoken>
    <tectonaShrived midmorn="auroraHilsaSowbane">
      <loamsAlburnGleeds>leachyLampic</loamsAlburnGleeds>
      <shorty vulvateSurcoat="shisnAssumerSweese14">
        <jorist>36836167</jorist>
      </shorty>
    </tectonaShrived>
    <eolianImblaze>
      <pallallTaled>pocketColical</pallallTaled>
    </eolianImblaze>
    <ladakhiIsletaItaliot hankedGliffy="chok" existsLourdSnidery="bonxie843" maleaseOutrate="clioWyneCocksy">
      <chivw>toadiedCarrie</chivw>
    </ladakhiIsletaItaliot>
    <shawlsOxyurid>
      <bitumenKnacker>31</bitumenKnacker>
    </shawlsOxyurid>
    <expwy>
      <commemLigneTaka>croisadNippilyUnhome</commemLigneTaka>
      <whaups revereeEwers="sumitroOuraliRanny">
        <proofsRegian>relanceBlaresVocally</proofsRegian>
      </whaups>
      <kahiliAviatic azotiseUnwhigImmund="reivesCorolla" lumpens="retapeSpotKeppen39">
        <bachLove>deis</bachLove>
      </kahiliAviatic>
      <mynas witingDulcose="panochaRattonTriene" cav="tatieHejaziIndian9">
        <nonegoLurchesSexton>udsOstent5</nonegoLurchesSexton>
      </mynas>
      <abusesNoticerLiles>
        <oxbird>tailfanWaarTon</oxbird>
      </abusesNoticerLiles>
      <fixtureGoller>
        <sakaLunet>bromolArmsAkali</sakaLunet>
      </fixtureGoller>
      <scooterUnhuedUnwove barmFlype="dhooras">
        <enfiledOutbuzz>817</enfiledOutbuzz>
      </scooterUnhuedUnwove>
      <ineditaGluey rinsingJocund="gobosGlozing7342" loculus="cosy">
        <compolePimas>silverGentry</compolePimas>
      </ineditaGluey>
      <enfeverIncivic>
        <scorperUnwavedDenda>lydditeCopihue</scorperUnwavedDenda>
      </enfeverIncivic>
    </expwy>
    <katsup scanty="aheap514" odalisk="ceboidsSeculum">
      <indolBaffeta>gabbais</indolBaffeta>
    </katsup>
    <zoqueanTrofferCacei mureinsAdiel="roudas" padigeFarhand="entasisQuizzer529">
      <basilar>armfulsVirls</basilar>
      <tapaloLichisCavort>
        <upbind>paselaRegletsGledge5</upbind>
      </tapaloLichisCavort>
      <dosain curiumsDeflea="lemmasHartailGivey">
        <young>wid</young>
      </dosain>
      <croisAbayah>
        <laiusNertsSessed>mewingStartsWilrone</laiusNertsSessed>
      </croisAbayah>
    </zoqueanTrofferCacei>
    <alnitak pappousJabiru="pagodaAchtel">
      <blanderDudleyWummel>sataiAbbot</blanderDudleyWummel>
      <snathHabutaeCashbox>
        <angeyokNailsetPodtia>sluicyPegtops</angeyokNailsetPodtia>
      </snathHabutaeCashbox>
      <penounUtsUpeat hilaryBanak="lockout" deodandSunlandTigua="lobcoktSodamidSong">
        <rykeLalledTrucked>helleriPippedCamarin</rykeLalledTrucked>
      </penounUtsUpeat>
    </alnitak>
    <kokobehQtsBabasu>
      <abasiasJestRomeine>rushlitLohock</abasiasJestRomeine>
      <jailingHabitsTeasler>
        <gangues>kafirin</gangues>
      </jailingHabitsTeasler>
      <tympanoSubpimp>
        <caribesDolous>birrus</caribesDolous>
      </tympanoSubpimp>
      <contourUndenCrosse atveenUnungunVitrite="waded" quayfulHallan="lucklyFidawi">
        <sweensKabaya>56855</sweensKabaya>
      </contourUndenCrosse>
      <aerocarPunkinCompend quaggy="dredged15">
        <rottolo>trewage</rottolo>
      </aerocarPunkinCompend>
      <reroseSaloop midlineStent="growzeWeaponLocusca">
        <yardmenLimsy>sloaneaNilgaisEcrase</yardmenLimsy>
      </reroseSaloop>
      <divides sekhwan="dukedomYogini1" travestWennierOcyroe="downway">
        <slavdom>blaverWorderDourine</slavdom>
      </divides>
      <thanksRunnierOlycook olchiLegrete="3267">
        <zereba>boubousPuttsKhlysti</zereba>
      </thanksRunnierOlycook>
    </kokobehQtsBabasu>
    <icicle>
      <ferlieOusterDuffel>asarumsDewata</ferlieOusterDuffel>
      <tskAhmadiTexts niddle="sarodeEustacySullied">
        <displat>vivant5764</displat>
      </tskAhmadiTexts>
      <headend cestasTrigaeSeptal="rabinOstoses2" bonkers="excurseGlaring">
        <kip>flopRosed</kip>
      </headend>
      <halvahsJocant firmity="ritualSermo53" subclei="maximum">
        <taalBrawnerCathrin>numblyWearierCutters</taalBrawnerCathrin>
      </halvahsJocant>
      <claw deftest="767390122" ileal="neifPocosin">
        <rteFurmetyMutates>fluskStated</rteFurmetyMutates>
      </claw>
      <dearlyMulchReblade gecksMilitBarm="karandaOrlean4119" lording="fucus">
        <jarglePeccantClingy>inbodyGodful</jarglePeccantClingy>
      </dearlyMulchReblade>
      <pciDjinnLit>
        <peonismBalanteHypoxia>95</peonismBalanteHypoxia>
      </pciDjinnLit>
      <bundies infanteAground="5659">
        <ayubiteGambier>garoCraftedSerut</ayubiteGambier>
      </bundies>
      <platine chattyWinkle="28" krubiAverage="aimableSparrowTollage">
        <khudPyroticInez>trollol244</khudPyroticInez>
      </platine>
      <devide>
        <tsktsks>58</tsktsks>
      </devide>
    </icicle>
    <stephe aching="nitredLatigosEdged7392" clomben="webwornAscones">
      <riprapCadbote>portage332</riprapCadbote>
      <neroicHyloist>
        <corralsVolentePretry>operoseAbt</corralsVolentePretry>
      </neroicHyloist>
      <muledRodgeUnlimed>
        <inwick>kinoneRisuses</inwick>
      </muledRodgeUnlimed>
      <hoboesLoupesNummi brinierHoofishDeafish="clashBiceMoosey" mucins="vade">
        <farm>crusterSuzy</farm>
      </hoboesLoupesNummi>
      <personRiggotScun adaunt="curinTobiasAwalim704">
        <ladling>sultamRootsTeabox</ladling>
      </personRiggotScun>
      <naganaUnpack>
        <bilbieSchwa>codingAphonicFibroid</bilbieSchwa>
      </naganaUnpack>
    </stephe>
  </tongGillnetHomonym>
</celtism>