<?xml version="1.0"?>
<purpure>
  <giggingKebobBandaid smasher="paviourAngelonTarpot" mnemeTongKeffel="abuserAspenSfree">
    <faradayPoebird>
      <ribwortJuamaveKeyways>mocked</ribwortJuamaveKeyways>
      <imago conviveElversOutword="stakePriceExaudi">
        <cooky>lawton</cooky>
      </imago>
    </faradayPoebird>
    <trigyn humpingMehrdadMirex="corvetsSingsTolzey">
      <dupsBadgersAmnia>extrema</dupsBadgersAmnia>
      <nitredFlipsKilims acctsOrgiesPinas="darts">
        <sibyllaCelosia>lupoidScrappyOpiners</sibyllaCelosia>
      </nitredFlipsKilims>
      <sicanaForbarNannie drubbed="needy">
        <inradii>strewerUnkey</inradii>
      </sicanaForbarNannie>
      <tortor pastoraHeynne="latticeAnnealParkish809" dowlasYarke="25">
        <keypadSemouleRefulge>bayou</keypadSemouleRefulge>
      </tortor>
      <bazoosCurtesy kwelaQuasars="8310039">
        <detinSixte>82</detinSixte>
      </bazoosCurtesy>
      <ragged ogeeMonuronRevoke="critismBowlessSmirky">
        <stereosPangasi>tuschesShaggyCrawtae</stereosPangasi>
      </ragged>
      <vejovisFogramWrought basenjiCebids="agrafesOraclesShilfa">
        <ptisansSuite>plowmenRussetOrtet</ptisansSuite>
      </vejovisFogramWrought>
      <unnamed jollyerAbayElk="440838">
        <primedGallflyGenipa>93</primedGallflyGenipa>
      </unnamed>
      <pubertyMurder cuplikeRah="357499142">
        <comidaMovable>rubaces</comidaMovable>
      </pubertyMurder>
    </trigyn>
    <aiasCavu>
      <soapery>toeaCalesas</soapery>
    </aiasCavu>
    <hungerTweeny>
      <holtTotymanTonguy>awakensHaplomeWillful</holtTotymanTonguy>
    </hungerTweeny>
    <equilinIno>
      <tradedCastockToiting>barberyBazoo885</tradedCastockToiting>
    </equilinIno>
    <soam>
      <grueVain>femoral</grueVain>
    </soam>
    <miracHaram>
      <dampestAstiteFolky>macheerAngamiLobber</dampestAstiteFolky>
    </miracHaram>
    <illuviaVats>
      <shittle>approofSklents</shittle>
    </illuviaVats>
    <friesicApast>
      <pedals>8</pedals>
      <hummingMira neckedSongful="happen767">
        <peabushYerbal>lhdAhrimanOnlap</peabushYerbal>
      </hummingMira>
      <mulcherStatedIodizer pranks="phano">
        <hootGudes>wealsDoming</hootGudes>
      </mulcherStatedIodizer>
      <woefulPassim>
        <endoubtDrabler>mutably</endoubtDrabler>
      </woefulPassim>
      <teutonAssisi websRunners="jotTannideThirty">
        <maxim>ictus</maxim>
      </teutonAssisi>
      <upswayBatlingBrowed dockageLippenBite="craizey" naifsAirsomeFiglike="jaspe">
        <corvoidSciatic>oreas</corvoidSciatic>
      </upswayBatlingBrowed>
      <dealateHoodyKempite polianCrudityUpwaft="safarisTriol">
        <boyosVaguely>senageGreing</boyosVaguely>
      </dealateHoodyKempite>
      <bsktCeltiumEkphore ripoffSmoochs="moraleDualaMisshod">
        <gablerRousing>64</gablerRousing>
      </bsktCeltiumEkphore>
      <nazisSpicoseAuget duncifySonicEnsafe="stumorFarlesNenta" semple="frugal">
        <dewlessHuanaco>9605548</dewlessHuanaco>
      </nazisSpicoseAuget>
      <thrombiAutonym accostsAcari="primersUmpRhyssa">
        <limitsMorabitSpet>denuded9</limitsMorabitSpet>
      </thrombiAutonym>
    </friesicApast>
    <aveninSumbulGain>
      <feuderUplayObital>moronryUntileTenaces</feuderUplayObital>
    </aveninSumbulGain>
    <natant>
      <naiver>46</naiver>
    </natant>
    <plagoseMoonsLobolo moylBesoinSubmit="rutheneTarrack">
      <smuttyGaoled>963289</smuttyGaoled>
      <biotins>
        <mouldyProveneMiswrit>rediaeRooming</mouldyProveneMiswrit>
      </biotins>
      <stigmal catkins="802639" tineasEnv="puntsIodo">
        <holler>puppedCacatuaBrince9898</holler>
      </stigmal>
      <mirrorClypealAmidate>
        <unlegalNegroesCeilers>chapelDefacer</unlegalNegroesCeilers>
      </mirrorClypealAmidate>
      <unupset koranaFlattieHobits="unheedyJollopClosky">
        <oscularHabus>clusterNunnifyMeloe568</oscularHabus>
      </unupset>
      <flungQtam matzahsSerio="4">
        <armbandErebusRattly>wastmeWises98</armbandErebusRattly>
      </flungQtam>
      <exileVenduesKeitloa whillyUncloakMuscled="3" intombs="childesUskaraShivs">
        <ambersReswellUrnae>initalSoupfin33</ambersReswellUrnae>
      </exileVenduesKeitloa>
      <postil potboys="arlingUnsoggyJinsha">
        <mormyrHaleru>vanman</mormyrHaleru>
      </postil>
    </plagoseMoonsLobolo>
  </giggingKebobBandaid>
  <surhaiNosig arion="3149700" equipedAdorsedPaeonin="irishry">
    <takers huileCrubHayers="fecketExcise" worldly="stilterHayweedInbe" boroFini="feature">
      <drumlyKokam>fablingGashly</drumlyKokam>
    </takers>
    <emceingDory>
      <londresToxGinnery>bovateGrovyCurable2</londresToxGinnery>
      <empalesStelai hempierPapayasBodegas="kantCandyhEndyma">
        <mutiveWaruaKudu>acrogenDipt</mutiveWaruaKudu>
      </empalesStelai>
      <stoaterImputerAroar fatback="tavert" shoes="3823581">
        <reptGodsendSaumya>erenachWashitaTuladis</reptGodsendSaumya>
      </stoaterImputerAroar>
      <londres exaltedRhymeRuined="yetisViaductCists">
        <tapia>wingateRingersSibrede</tapia>
      </londres>
      <cabombaMaco mopyScripeeRetier="137677" crushed="thurt13">
        <purists>69665662</purists>
      </cabombaMaco>
      <peahen>
        <meddle>miswritBlagueBucolic5</meddle>
      </peahen>
      <whigletSetule mull="blintz" dungeonStion="equatorOwners">
        <walkersCatchesCyanine>swungenDoverPrancy</walkersCatchesCyanine>
      </whigletSetule>
      <prorsalSyssitaScrapes partitePelickMandala="wikiupDiptychShrimpy">
        <joualDemises>anserinSheeves</joualDemises>
      </prorsalSyssitaScrapes>
      <nasals>
        <creeshy>antiar102</creeshy>
      </nasals>
    </emceingDory>
    <gerefa tuglike="buteaBoons" esseeMusketBoded="byrniesLooey">
      <versor>hektare848</versor>
      <solacerLevanaDibrom prolegPipeman="sylvansDeputy" jolliesEtrogs="besogneStagersSoggier">
        <alliumSixthlyAssists>bardelShema101</alliumSixthlyAssists>
      </solacerLevanaDibrom>
      <drutherWenchedEagerly humeriTarzan="yamalkaEluateEmpresa">
        <clyersPhonal>rhetRhyta8490</clyersPhonal>
      </drutherWenchedEagerly>
      <tilmusReferBribri sunna="931">
        <gibbus>6024</gibbus>
      </tilmusReferBribri>
    </gerefa>
    <unwoof>
      <eagrePebbled>diplVughsGrogs</eagrePebbled>
      <mottoCaiques jusselOmegasCracca="cyaniteAtsaraPresee72" python="subbass">
        <dzerenHuggery>lyeBanateAlmery3436</dzerenHuggery>
      </mottoCaiques>
      <forlore topogOrbs="outpollRattles290" pledGifola="longing">
        <ferularAdazzleRiser>cholamAdientCasques</ferularAdazzleRiser>
      </forlore>
    </unwoof>
    <stoaiAurifexTranvia furtherYaquina="panicalStutFishbed290" dogate="1228" goalies="pinwaleFunding5">
      <nataliaAtterImpede>unspoilSimilar</nataliaAtterImpede>
      <sippleRolando frenLulls="tievineNomos667" malignUnfloorMocker="mhosFable">
        <eryngos>wanlasShop83</eryngos>
      </sippleRolando>
      <curiaraExitial reshoeSirmianPurely="forwake">
        <bebogGymnics>bredes</bebogGymnics>
      </curiaraExitial>
    </stoaiAurifexTranvia>
    <hamitesAgname>
      <joyantGetspaCartes>622308</joyantGetspaCartes>
    </hamitesAgname>
    <unarmsMorro>
      <hutzpahWailing>suffixFenagle</hutzpahWailing>
    </unarmsMorro>
    <cressetSidth>
      <lammOutpeep>okapis144</lammOutpeep>
    </cressetSidth>
  </surhaiNosig>
  <ricineRoolMedina palliumLibrid="means" aleutic="1258" livresLowered="90" />
  <lowerer rivageShooflyGilour="perdrixTrendle" />
  <omitterVetoTissuey bargirBirgandWene="aribinEgged1972" muskierRipple="caskingThorn" siena="addictFurandi">
    <nitosEngrFinback>
      <lupinesSmotterDetroit>manioc</lupinesSmotterDetroit>
      <freersChompJones>
        <upflowsSirreesStrobil>lagger</upflowsSirreesStrobil>
      </freersChompJones>
      <alsoonPunoUrsolic plumpEmulsicLadino="raggingFilagoPoort">
        <ascriptAnkushExults>nitrylBalunda</ascriptAnkushExults>
      </alsoonPunoUrsolic>
      <glarilyGoldinTetum dare="unbearsSpikedSurely">
        <rumageAsleepAbhor>enoplaCarbenePenang</rumageAsleepAbhor>
      </glarilyGoldinTetum>
      <screver hominemLinen="pleurae" actaeonArrived="lockupsTetras">
        <bandeng>klootchCalc3244</bandeng>
      </screver>
      <unstackPomak remixt="656614204">
        <swobKnifes>deanCorvetsLangka</swobKnifes>
      </unstackPomak>
      <teasedButanolHund>
        <apheta>miridMach</apheta>
      </teasedButanolHund>
    </nitosEngrFinback>
    <reglair>
      <tofterUnmoldsBela>catsupVairs</tofterUnmoldsBela>
      <issiteTowzieGoldin six="hickDilater335">
        <noggedStalacePeanut>lunularWatteauJumper</noggedStalacePeanut>
      </issiteTowzieGoldin>
      <lardryPius huntsSeating="salviol727" shaiAbsolve="poolerGauzyQuirt84">
        <thomistLamel>88519517</thomistLamel>
      </lardryPius>
    </reglair>
    <tuffRolandCagiest>
      <pisachi>tickingOutwitsGuilds</pisachi>
      <irchinDuffedDrummed gymsiaCaudad="truer86" rilievi="paces8341">
        <kappie>saffronAmatitoTenuit</kappie>
      </irchinDuffedDrummed>
      <samghaUnaddPeropod>
        <inrolIndiceWaul>stick</inrolIndiceWaul>
      </samghaUnaddPeropod>
      <grippe bollockDulciteRenga="krelosPuntPokers" sighing="situpsMiridOtters">
        <pathed>57040844</pathed>
      </grippe>
      <geason>
        <unfittyBromoilCorreo>urinary</unfittyBromoilCorreo>
      </geason>
    </tuffRolandCagiest>
    <sarlacInopine corylin="devilerSplite">
      <domineConcernDar>fiscalsEricGibson658</domineConcernDar>
    </sarlacInopine>
  </omitterVetoTissuey>
  <vetturaSherifi uveousUlpanimSenhors="kenny" tenuredUrinalDirtier="inheresOseToxic" />
</purpure>