<?xml version="1.0"?>
<upfeedZoster>
  <maiacca>
    <khokani iba="tatoo50" eniacAtturn="9230" volentGalahsDebased="twankleTeruah">
      <faylesPfg>snigScotomy5</faylesPfg>
    </khokani>
    <lucidaeFagelia>
      <gnomesThank>unsakedThawWallops</gnomesThank>
    </lucidaeFagelia>
    <amoving candiot="vestletMiskal">
      <squelch>crusUnkidBalafo</squelch>
    </amoving>
    <oozing palaverSigniorAvg="shreeMocuckCeviche">
      <torcelSongs>oberonRiggishInkbush6572</torcelSongs>
    </oozing>
    <saeumeUntie>
      <libbraSpokes>nib</libbraSpokes>
      <fusing>
        <ibsenicPeplosWeets>anemoneNouriceWhammle28</ibsenicPeplosWeets>
      </fusing>
      <pigdomEgoisms hasletCarapax="pilus" myotic="nutsy">
        <furrily>toot</furrily>
      </pigdomEgoisms>
      <agreerHaff worrit="microhmUplock" puffwigJalapa="1816764">
        <candroy>whoresJulusImu</candroy>
      </agreerHaff>
    </saeumeUntie>
    <cordateTazza>
      <prateyHwtLessons>koas</prateyHwtLessons>
    </cordateTazza>
    <rorqualTrois>
      <gondUnruledIwberry>riptide</gondUnruledIwberry>
    </rorqualTrois>
    <resoilOxidate barelyLimoseCoosuc="townsVeneres" farding="142129736">
      <precoolIlialPreachy>cogwaysAmoriteUpfloat</precoolIlialPreachy>
      <geodist dennetBarsac="wadmels" ploukFretish="fuggyWran74">
        <aizoonMictionAffirm>8324243</aizoonMictionAffirm>
      </geodist>
      <apedMeseledDugway tajikiBlanch="cribber" aphids="elapine">
        <furilic>briefs</furilic>
      </apedMeseledDugway>
    </resoilOxidate>
    <outweedLuckies>
      <ware>delisOde</ware>
      <doolee>
        <celebsImbauba>maundsKeerie</celebsImbauba>
      </doolee>
      <massulaRewiredPinged>
        <purrs>punkt</purrs>
      </massulaRewiredPinged>
      <asphyxyQuinate upwell="991920">
        <gladwin>locklet</gladwin>
      </asphyxyQuinate>
      <lucia bottomGeckoid="temporeLangues626">
        <wartimeOuttoilAkazgin>117712921</wartimeOuttoilAkazgin>
      </lucia>
      <mutualsIcicle winnedSlavishTopeng="uplakeInbodyInched">
        <edenicWheezeTaurine>gutsily</edenicWheezeTaurine>
      </mutualsIcicle>
      <juvDecenceTinters catted="scfhFirkins" snafuPilules="navaidSuccinMontane">
        <ermeEnosisCamauro>tellen</ermeEnosisCamauro>
      </juvDecenceTinters>
    </outweedLuckies>
    <vinaGlints whetAcetite="towrope" hymnodePattern="cobrasSao" amphibXylosidWouldn="boon">
      <enamTebetElan>94100</enamTebetElan>
      <grobianBoppers effsSabeingRenews="nogging980" addaxes="paleman">
        <terpineOneness>435015</terpineOneness>
      </grobianBoppers>
      <coiffesEnsuerPaters>
        <monalYakker>oxyphilDoven</monalYakker>
      </coiffesEnsuerPaters>
      <esplees ripcordGarnelBizonal="romanosDirtenHoofer" vangeliSlonk="43474022">
        <vefryEntreSialid>2464550</vefryEntreSialid>
      </esplees>
    </vinaGlints>
    <toyishGenty>
      <nayaurFarsang>gardnapBlocRedbuck</nayaurFarsang>
      <parse pientao="houdahShraf7">
        <shode>fluxedThankedUrlar4549</shode>
      </parse>
      <cockish pastina="causeys">
        <lownlyBlasiaDandier>permsKlnScavage</lownlyBlasiaDandier>
      </cockish>
      <tabbis pretty="veraIntrude" holloosMeritedAlbedo="fiscusDeepingArgue144">
        <ciaMisrate>dummelPests</ciaMisrate>
      </tabbis>
      <bebotchCimeter tagsOneism="stings">
        <shurf>muntingVisible</shurf>
      </bebotchCimeter>
    </toyishGenty>
    <ananas>
      <dourasOphite>atole</dourasOphite>
      <fiscalRinkaHookies>
        <mowableSoftenWintles>lesche</mowableSoftenWintles>
      </fiscalRinkaHookies>
      <matacoInfract>
        <bensh>accoilMuzzlesAndirin</bensh>
      </matacoInfract>
    </ananas>
    <gassesTinnierMarabou>
      <toxityEpichil>reemingCoalaLimbu1</toxityEpichil>
    </gassesTinnierMarabou>
    <pilikai>
      <covetedPithedStoles>hiviteSkeifQuack</covetedPithedStoles>
      <lloydHexylsDiffers balesInsume="knagBerycidGashing">
        <sibylsWappedNants>8209</sibylsWappedNants>
      </lloydHexylsDiffers>
      <loverly ferrisTade="cananga4104">
        <upjerkSergipe>ferrousDripple</upjerkSergipe>
      </loverly>
      <redoubt marilynXylomas="uncask7">
        <ribbyZelant>remelts</ribbyZelant>
      </redoubt>
      <nanaimoFoliousTuatara ovonicHomarusBops="thymey">
        <oreweedJiveassBioptic>modelsHavierPrying</oreweedJiveassBioptic>
      </nanaimoFoliousTuatara>
      <rubyCessio>
        <takablePardieSteno>faailkQuippu</takablePardieSteno>
      </rubyCessio>
      <skywaveCero handarm="loutish" unrude="muvule">
        <hoickedPujaDourer>stakedDartmanThumper</hoickedPujaDourer>
      </skywaveCero>
      <umiacFroggedPickled bolideSibbed="aoli" abronia="nervosaGipsire">
        <slitter>lebanStite438</slitter>
      </umiacFroggedPickled>
      <somneRebootUnrough syrmian="coenjoyHexanal" cromPinnulaSurly="66058">
        <porellaAcadiaJewling>cysts</porellaAcadiaJewling>
      </somneRebootUnrough>
    </pilikai>
  </maiacca>
  <datos untornRipSidy="yowling" corsacsAirbornBielid="outeat483">
    <testudo>
      <ejectedNocht>mishipsAjhar</ejectedNocht>
    </testudo>
    <saltmanTidiosePromote>
      <unjuicy>672403056</unjuicy>
    </saltmanTidiosePromote>
    <growlsLealtyTawnily tipheadChoices="parasolRipaCushy">
      <liukiuUntapCaracks>trialsMarcoAbate</liukiuUntapCaracks>
      <balVermily>
        <biberonJerm>cairnyTankingRigs</biberonJerm>
      </balVermily>
      <duchessArmrack tauterRizzle="willyRelendLorilet" spoonAntCouple="achieveAquabibBeefalo">
        <quakery>dexterHuppahsEdea</quakery>
      </duchessArmrack>
      <aspectBiprong>
        <roburFleasUmiack>nileRanula</roburFleasUmiack>
      </aspectBiprong>
    </growlsLealtyTawnily>
    <soever racialArniMynas="winly">
      <resolveMockado>goldieFewSpitzer2</resolveMockado>
      <mantle loadenUpgraveDeport="silylTaupou" eremuriWorses="26640">
        <sprugs>zolaist</sprugs>
      </mantle>
      <arilsAuth bioticsTael="rearingMnaSwati9388" pestifyBaloo="eclogueBushpigAttain">
        <rearmsEluder>swinish</rearmsEluder>
      </arilsAuth>
      <saunterWheetle plicalGolland="aillt" regroupAmuseBlowpit="levin">
        <wastablSellesMuskies>grime</wastablSellesMuskies>
      </saunterWheetle>
      <foldenOroide pesadesIof="nahumBozaAmercer">
        <tutuChefdom>dopyFranzy</tutuChefdom>
      </foldenOroide>
      <soonAchreeSeqence pairialHotkeyHybrida="95757803" tray="8248298">
        <knaves>jackalsSworderAmpules</knaves>
      </soonAchreeSeqence>
    </soever>
    <reshear chapped="473574" takeingButenylDormy="8965217" sextansHilsaAlvar="50881778">
      <courty>itzebu</courty>
      <slacksScaloniWishing>
        <chateauTorilisCalemes>winfreeStubbleMoused966</chateauTorilisCalemes>
      </slacksScaloniWishing>
      <outtoldDislealToitish>
        <hadjeesValkyrTentier>dartlesGrazeVoce</hadjeesValkyrTentier>
      </outtoldDislealToitish>
      <nodderUlnadJugfuls spulzieRyepeckPreter="soundsSenary">
        <vilhelmSpoachQibla>phobies</vilhelmSpoachQibla>
      </nodderUlnadJugfuls>
      <jabbersKallahLevies drake="radiusAborad" lowy="agencyPintas">
        <quauk>76</quauk>
      </jabbersKallahLevies>
      <uraemia bobetMiddies="grandly" taculli="doggrel">
        <phalera>blades</phalera>
      </uraemia>
      <abieticCorita vantage="kethib">
        <harmootSonshipNephite>vyingMelonryUlcered</harmootSonshipNephite>
      </abieticCorita>
      <redesNuraghe>
        <cankMyceleRickets>aeronatManess</cankMyceleRickets>
      </redesNuraghe>
    </reshear>
    <enwall>
      <whilstDimmer>strings</whilstDimmer>
      <bugfishBullockClewed>
        <dollish>moreishRacilyAmhran</dollish>
      </bugfishBullockClewed>
      <deucePuffersCoalize>
        <hurtledFatuityWooshed>krypsisForky</hurtledFatuityWooshed>
      </deucePuffersCoalize>
      <pluses>
        <estoileTankingPersic>coelho</estoileTankingPersic>
      </pluses>
      <urateBawl>
        <rokeageSicht>38</rokeageSicht>
      </urateBawl>
      <flunkeyOuthymn gored="cohueInpushQui" hayaElecteeDistrix="8">
        <eremianGypperRibonic>47</eremianGypperRibonic>
      </flunkeyOuthymn>
      <cantredAsteepWolfers abaisedUncrateOmegas="attacksClinton" abysmJerrieTron="primeur19">
        <mansard>weakyInmeats</mansard>
      </cantredAsteepWolfers>
      <moundedOskarUncoy>
        <invtMadras>1</invtMadras>
      </moundedOskarUncoy>
      <creditsHooleyRay gibbedRenone="degust">
        <ioneVel>moggan</ioneVel>
      </creditsHooleyRay>
      <tawaHouselsHeal>
        <quercicVidryNays>pyruvylHashery</quercicVidryNays>
      </tawaHouselsHeal>
    </enwall>
  </datos>
  <preside kunwariWafered="tussersUpalleySkeeter">
    <eyrarAbate caririGranger="893" kickoutBoughyFinicky="tasselsCoppers" remi="neminePitmans6377">
      <betsBustierBuncher>zoicTornada5045</betsBustierBuncher>
      <filletsSeineCecitis>
        <gesanOutage>orphizeEstrichLoading</gesanOutage>
      </filletsSeineCecitis>
      <khud toyotasGaffkya="cunjerTherellSubgyre">
        <fretsRetards>rugosaCharqueSateen</fretsRetards>
      </khud>
      <borgh>
        <pagansHummieChime>tatouayYouveMolded</pagansHummieChime>
      </borgh>
    </eyrarAbate>
    <upspeedUpcatchHarman dankaliBimboes="nei">
      <ionisesBoldoKief>18898</ionisesBoldoKief>
      <kolobus enerveTassieHelium="eggar" shillerRicky="ruffin">
        <velarsBeaning>belgianKibitzFuffit</velarsBeaning>
      </kolobus>
      <apyrene pusleyUnspunDagesh="kyackFuligoBarmaid">
        <oversowHailed>9157</oversowHailed>
      </apyrene>
      <opeluPlots fordoneAper="beknotStoved9">
        <wholesAgt>polaranArangaWellish3</wholesAgt>
      </opeluPlots>
      <bothy cruds="marantaArugula">
        <fadedSestets>scalyBibb3382</fadedSestets>
      </bothy>
      <aladfar almon="captionRooteryMocking">
        <fells>7051</fells>
      </aladfar>
      <lanketIstle geticFrothiDrogues="cortexSitula" striderIphisRool="dramas3">
        <rededJavahai>dismaw</rededJavahai>
      </lanketIstle>
      <coraledTurkeys>
        <baltic>congrueHonans</baltic>
      </coraledTurkeys>
    </upspeedUpcatchHarman>
    <glebae>
      <laveerAmigaMussing>assacuCeiledDelilah</laveerAmigaMussing>
    </glebae>
    <windilyWhatna>
      <dossmenFacade>outroopOutsang</dossmenFacade>
    </windilyWhatna>
    <bescourPeckersOkes agronJadding="fundersHeypenWithing4811" waacJad="belsireOpinedHasinai">
      <surique>matherVillotaCapataz</surique>
    </bescourPeckersOkes>
    <predate>
      <teaman>136656449</teaman>
    </predate>
    <skyjackHaptera>
      <bonselaDoffs>drippy</bonselaDoffs>
    </skyjackHaptera>
    <ovulateWyver>
      <blakeDollQueers>499021382</blakeDollQueers>
    </ovulateWyver>
  </preside>
  <linter yaka="ariseVermin">
    <ogoniumKarpas ranine="westsCaptansBustier" loselryMucigenOdling="958583431" eyeable="60891887">
      <imperia>crankedLoppier7</imperia>
      <lurdansBolters leglikeBlushet="silvan">
        <starves>kickoff</starves>
      </lurdansBolters>
      <broadsZizzled fusibly="crozerEntrap">
        <plaguyAthenorAzimin>ductingRepew</plaguyAthenorAzimin>
      </broadsZizzled>
      <hugonisAmateur amidst="keeslipSilenQuattie" extrudeDehusk="flurryHaec">
        <marsesDrownd>curriedKerveDangle</marsesDrownd>
      </hugonisAmateur>
      <philtraTormina onetime="latheeMarramsPierrot">
        <glazierHoncho>70187</glazierHoncho>
      </philtraTormina>
      <outsizeSmectisLandaus messily="6" nymphsInflexDewy="emyd">
        <amber>yanPamiriOrthid</amber>
      </outsizeSmectisLandaus>
      <tufasUnlavedErvils whitsunMengBanty="palliesGibsonsTreble118" messetTamisesCheir="jaunder">
        <lowmen>34321</lowmen>
      </tufasUnlavedErvils>
      <fohn>
        <notionOrotund>lowestOdalDamages</notionOrotund>
      </fohn>
      <camwood exmoorSotterRopiest="justifyRecipes" monomerCanidaeGleams="mojoBeshowPawing">
        <inlyLoweite>luciaDevisor</inlyLoweite>
      </camwood>
    </ogoniumKarpas>
    <maranta>
      <spong>83250422</spong>
    </maranta>
    <hanch irones="903" atonesBroadaxRehook="54">
      <acoup>69876156</acoup>
    </hanch>
    <skaldBlebbyFerous elversJudogi="busiedBambucoWittols">
      <ovateViewersBizz>31712140</ovateViewersBizz>
      <rebbesSnurpSkivers heightsStadeCoryzas="unvain">
        <khassLimmockHoihere>aizle</khassLimmockHoihere>
      </rebbesSnurpSkivers>
      <napooh>
        <jessie>fucused</jessie>
      </napooh>
      <jots effeirYeguitaTonetic="65">
        <reset>14482514</reset>
      </jots>
      <punce ismailiFuransKotoko="goeduckTolstoy" dulledSalGently="beant1">
        <gaubTubfishStaid>shirtyCloamerOrbs</gaubTubfishStaid>
      </punce>
      <kitabAttrist>
        <forageProng>crowhop</forageProng>
      </kitabAttrist>
      <abilo>
        <guiroInwood>veiDewoolFickler</guiroInwood>
      </abilo>
    </skaldBlebbyFerous>
    <intwist>
      <pugdogKaphPecan>barelyAspensCastor</pugdogKaphPecan>
      <amharNervousRecusf clef="steubenHelveLochial" misledFoodfulFrilly="vernExhumeBestirs">
        <kelpyHamfatDelubra>ureters</kelpyHamfatDelubra>
      </amharNervousRecusf>
      <wagglesDescure>
        <avert>shilhaKeratto</avert>
      </wagglesDescure>
      <diiodoCussedEspials limbiePouncesBegash="258078" shiversNiggraCutters="retack">
        <kiersArtily>redback</kiersArtily>
      </diiodoCussedEspials>
      <bianchiMarimbaPawk>
        <buggessMeting>66635</buggessMeting>
      </bianchiMarimbaPawk>
      <mster painsNeinAuric="23">
        <liqueurPaulian>planontChassZootaxy</liqueurPaulian>
      </mster>
      <croupy serinesEerie="bekickDipsas" thornsWorkmenUloncus="dumpierPapered">
        <factorsThinksTalcky>townletWhoopsThowel</factorsThinksTalcky>
      </croupy>
    </intwist>
    <poorisMoultenHech>
      <quinkRestaffShaitan>herbousSpadingPuszta</quinkRestaffShaitan>
    </poorisMoultenHech>
    <nainselCussers>
      <thionin>muscoid</thionin>
    </nainselCussers>
    <hordein trassRillow="harsherMomismsOrad">
      <euripusVarletsMagnify>20201</euripusVarletsMagnify>
    </hordein>
    <fightHopiSamoyed>
      <whistedFrows>qualmy406</whistedFrows>
      <teredos banjukeSandDustee="9527" defusesVideoBodrag="877823244">
        <backsetTutulus>vrochtHiggles80</backsetTutulus>
      </teredos>
      <exiesVocal>
        <removes>hurrianYatvyag</removes>
      </exiesVocal>
      <forlore guy="mimmood">
        <owlet>etalageCleanupOporto752</owlet>
      </forlore>
    </fightHopiSamoyed>
    <hides>
      <pileusJodhpur>baulksPlatsSouly</pileusJodhpur>
    </hides>
    <devataPoeticMagi>
      <senitiSelloutWouldn>prepsBandhor</senitiSelloutWouldn>
      <carissaAfflux niloticPhlegm="labis" sornDiddies="physis737">
        <brisantAggadic>carrionPsycho</brisantAggadic>
      </carissaAfflux>
      <zodiacsHampers zedoary="slewedDbms">
        <gulletMantas>habGrayfly</gulletMantas>
      </zodiacsHampers>
      <paviseAtmo void="222">
        <sadheMystify>statuaUsurpsOlivier</sadheMystify>
      </paviseAtmo>
      <ratatat jubilusDumbingHaddie="ludlowScopsPlasome170">
        <hsienBlooeyFarfet>perms</hsienBlooeyFarfet>
      </ratatat>
      <maundy helpsSlighty="omina">
        <argolidCrang>horray</argolidCrang>
      </maundy>
      <acmicSkeesKeas cocaoCoalbag="viandry">
        <pingedKismats>meselry</pingedKismats>
      </acmicSkeesKeas>
      <gopura clavae="864839" reedingDecile="tyredPrize">
        <swedes>cruisedEnemiesLissom</swedes>
      </gopura>
      <plouter ruesSidemanPaletot="clayeyFainerJewels" gimmerCorcir="4493058">
        <bemixedRieRevelly>scytGlade</bemixedRieRevelly>
      </plouter>
    </devataPoeticMagi>
    <alengeBeddedTee>
      <panctia>waftageReggae</panctia>
    </alengeBeddedTee>
    <unstickFideSomali huse="pryerRevieCapot" clammerAbabdehUnneth="cabinetShendsCasule7583">
      <forgoesSalay>587841600</forgoesSalay>
      <eelwormAnteactLungis parlish="foroldDiseurWhitret">
        <dowress>softas9</dowress>
      </eelwormAnteactLungis>
      <lampicUnwareUnwary>
        <sevilleInvisedDiag>69900</sevilleInvisedDiag>
      </lampicUnwareUnwary>
      <shortlyRaukleKhami pinnelSituate="bubbled">
        <almohadGleamAlexas>daratBidet</almohadGleamAlexas>
      </shortlyRaukleKhami>
      <anuloma connCylices="randies">
        <genoeseWillet>4454</genoeseWillet>
      </anuloma>
      <zaurakWaipiro>
        <gamingsSlayerCoactor>enfonce</gamingsSlayerCoactor>
      </zaurakWaipiro>
      <quid>
        <diseurSheetyIsoster>267</diseurSheetyIsoster>
      </quid>
      <muscatGibbetsVelour rebec="kayoedVetted">
        <proxeny>836041</proxeny>
      </muscatGibbetsVelour>
      <sheaved>
        <sougherGammonsChagul>bunglesEnclog</sougherGammonsChagul>
      </sheaved>
    </unstickFideSomali>
  </linter>
  <phemic>
    <fontalElopeCobras carotCodling="unbet6">
      <ostoses>889533805</ostoses>
    </fontalElopeCobras>
    <tradalCrumpyEcu grisonRevokes="gowanedSkivers" purbeck="slumber" loopy="exes">
      <copra>tzaamSiegeDiaster765</copra>
      <honkeyHamsaNarrate>
        <mewsSemises>litherSiddurs</mewsSemises>
      </honkeyHamsaNarrate>
      <cecilyAudilesOchrea rajeevNeedledTuning="travissUrsaArgued">
        <otxi>993376</otxi>
      </cecilyAudilesOchrea>
      <loupsMangeyDizdar lenisEyebeam="927132664" unshiny="wharpWhimper">
        <raveler>bargingBannockGuacico</raveler>
      </loupsMangeyDizdar>
    </tradalCrumpyEcu>
  </phemic>
  <dunniteDugongs burtonSpaldBlarny="teraisStrialLaveers3749" dhenebChai="bargerPetrousFardage" migrans="delubra6" />
  <accraHemal toroidsBiblessSpear="diasterFeirieTurbos" awnings="jugulum" hylidsFacer="tethersSmear" />
  <aconinRaggily>
    <servedTsotsiIneye>
      <skimoFlakageStorken>organ3</skimoFlakageStorken>
    </servedTsotsiIneye>
    <niobePincian>
      <roddersClipei>masty</roddersClipei>
    </niobePincian>
    <dragmanCrepingSobbers>
      <shrugs>preanalJanghey</shrugs>
    </dragmanCrepingSobbers>
    <minxDiaperFensive>
      <roostCrakeSided>alexis</roostCrakeSided>
    </minxDiaperFensive>
    <pruhFemursBowla>
      <shootPoachyDeedful>579637904</shootPoachyDeedful>
      <floretCrosaSlat biomesSyrians="ribbandCeresin" costumeSastra="sarcastScabia">
        <boneletFuckwit>tenoned</boneletFuckwit>
      </floretCrosaSlat>
      <cummockSafaviMor geb="repicDissour">
        <oyelet>fawneryTriable</oyelet>
      </cummockSafaviMor>
      <filming parrsEnorm="lubesFurorsRiksha">
        <kickoffLadsPillow>nixes</kickoffLadsPillow>
      </filming>
      <jaconetDecrypt>
        <nicobarIvaIonism>cundum</nicobarIvaIonism>
      </jaconetDecrypt>
      <chaunaFumier ananism="topekaHimneCowgate">
        <atterr>3808</atterr>
      </chaunaFumier>
      <papess>
        <cgs>horsedKhalsah</cgs>
      </papess>
    </pruhFemursBowla>
    <skewersBaggalaGiboia>
      <crotylPrayaFas>scirpus</crotylPrayaFas>
      <kodkod salite="geneSarcast">
        <visite>phonies</visite>
      </kodkod>
      <teargasArtwork>
        <stadeUngotPeons>bombousSativae</stadeUngotPeons>
      </teargasArtwork>
      <fursRooses skelvyTexases="phytate">
        <oscan>uredoSackman</oscan>
      </fursRooses>
      <nabisGrownup>
        <besaiel>orbellSmarmy917</besaiel>
      </nabisGrownup>
      <runnyEsther margin="bensFugued6">
        <booboo>21</booboo>
      </runnyEsther>
      <simousGroundy cymesAbdestSharpy="93409">
        <rullionChoileFoss>dharnas</rullionChoileFoss>
      </simousGroundy>
      <machineOxonic celli="aquake245">
        <losesAnna>gestant</losesAnna>
      </machineOxonic>
      <tipHamfat pokefulOracles="62118">
        <filmedLyridKickish>992316137</filmedLyridKickish>
      </tipHamfat>
    </skewersBaggalaGiboia>
    <dulcianPesa>
      <rungEloinMimming>denies</rungEloinMimming>
    </dulcianPesa>
    <grewBelayer>
      <flingsSlipupPoldron>untieForexMisally1095</flingsSlipupPoldron>
      <angas>
        <misate>stictisTaelLooping</misate>
      </angas>
      <heaveMandyiButyne>
        <sultoneSlipeMousers>baryonsScreigh</sultoneSlipeMousers>
      </heaveMandyiButyne>
      <pycnite>
        <stifledYeggmen>bowwort</stifledYeggmen>
      </pycnite>
      <hubOenin>
        <moormen>quiscos</moormen>
      </hubOenin>
      <fibsterRackmanFlirt>
        <cupBevels>9629824</cupBevels>
      </fibsterRackmanFlirt>
      <fivishBootee lanistaPasteup="scroopLuceresLancer">
        <himselfOutburnWreak>497425</himselfOutburnWreak>
      </fivishBootee>
      <sfumato upoOlid="47" nihalExamenComps="motmots">
        <reesleSightsJampani>odonata</reesleSightsJampani>
      </sfumato>
    </grewBelayer>
    <watchet>
      <bandorAerated>ineyeMuffing842</bandorAerated>
      <froggerInfeedDulcely>
        <flotsEpiky>crubZamorin</flotsEpiky>
      </froggerInfeedDulcely>
      <swampBegatsAntigun espouse="rasedTino2551">
        <sedatesCarnous>ursone</sedatesCarnous>
      </swampBegatsAntigun>
      <propagoRhapheAlcid>
        <ragbagGlumly>16161554</ragbagGlumly>
      </propagoRhapheAlcid>
      <liinEdwinSeadog>
        <pushout>5387153</pushout>
      </liinEdwinSeadog>
      <gambeNanosecOrterde heiminSalvage="gadid" dratted="kenspacStolid">
        <reccheSepioid>wrimple</reccheSepioid>
      </gambeNanosecOrterde>
      <vilely>
        <forworkVivary>artlet</forworkVivary>
      </vilely>
    </watchet>
    <copseDubashWharfed>
      <turpifyAxman>93122299</turpifyAxman>
      <turvy>
        <scribalSerring>19289</scribalSerring>
      </turvy>
      <hewelSperple haredSisley="hodsBrineNarwals">
        <pishingMischioPhiroze>poorest</pishingMischioPhiroze>
      </hewelSperple>
    </copseDubashWharfed>
    <mikania eyahPomonic="649367967">
      <roughlyFixersSomeday>88722</roughlyFixersSomeday>
    </mikania>
  </aconinRaggily>
</upfeedZoster>