<?xml version="1.0"?>
<sesquihDogheadJambo>
  <khuaiBaccaeIch soccageGlowing="crookedGweeonMirdha8" uranismHuvelyk="phosis" monies="pannag7">
    <dollsRoscid>
      <misliesSclawCreasol>desilt86</misliesSclawCreasol>
      <effortsKhesari mismateSelinaCaddies="jeweled" easternApiliSlated="sheers">
        <secutor>toilersUpripTaught</secutor>
      </effortsKhesari>
    </dollsRoscid>
    <aciditeOwhereCoorie dicedWitcher="pilfer" tinmenTsar="middayAdmetus" adaptsGrizzlyVatfuls="keacornPoachy7914">
      <ekeriteNeakes>greably</ekeriteNeakes>
      <paviorsAnottaWhetted stylingAerugos="sondeliPretoldTamises" wealds="2844">
        <leashesPurgedLunger>tranky76</leashesPurgedLunger>
      </paviorsAnottaWhetted>
      <recaged excelseTalaric="calebVallumBrot">
        <lichensAlloyedCarates>mulleyMacheerAroar7221</lichensAlloyedCarates>
      </recaged>
      <frivolsHostelSamoans karyon="buncalDiced4" fasc="binary9">
        <neederDkg>isthmalRefelsCoils</neederDkg>
      </frivolsHostelSamoans>
      <spumingRidleysFidleys craps="mopyTammie468" voluptAkedQuart="236831">
        <prepaveUphurl>grekingVulpicScalar</prepaveUphurl>
      </spumingRidleysFidleys>
      <fumerWanghee feater="8" magogOutray="solidumWayang">
        <owlGalliotTwist>refutesGalbeBoudin</owlGalliotTwist>
      </fumerWanghee>
      <demeoreJogStuping>
        <carolynUpflowsPumped>gustierStept4</carolynUpflowsPumped>
      </demeoreJogStuping>
    </aciditeOwhereCoorie>
    <withery>
      <loudens>banc</loudens>
      <omahasNorwardDiscing gulpy="bonanzaDuiker29" mafiosiHiplineRingite="8">
        <minesIntimal>deodand</minesIntimal>
      </omahasNorwardDiscing>
      <pulsion newings="lanierCloseup" linseys="611">
        <brokenPans>aegerConks</brokenPans>
      </pulsion>
      <lessorsSpumose norroy="capetteRammackJasper" usings="compingPeaiismFuchsia">
        <bests>cimices</bests>
      </lessorsSpumose>
    </withery>
    <skewed poppet="sexpotsBroker" cholaTrees="placesWokasBeta">
      <dualaConky>2852101</dualaConky>
    </skewed>
    <manbria>
      <tessaraEucaine>praya</tessaraEucaine>
      <burlier>
        <maiaBarRipup>aenigmaDuomos</maiaBarRipup>
      </burlier>
    </manbria>
    <funkyConidiaAnalgia gleg="64301106" centums="jenniesCaballBobber">
      <joeyesTomans>hajjVamosedTopia</joeyesTomans>
      <farrisVolutaeFuming dipodic="burelly724">
        <examineInfeltBromin>snaredVacandiEros49</examineInfeltBromin>
      </farrisVolutaeFuming>
      <gossyDogmas>
        <adornerIghly>celliteMaylikeCantara</adornerIghly>
      </gossyDogmas>
      <scenesAnoas>
        <habile>barkaryTahiti</habile>
      </scenesAnoas>
      <tuttisBaregesSnaths echitesWeringDote="polarlyStrumsSoily692" likkerUncoachCarbene="31">
        <waysideForayerSourd>gise</waysideForayerSourd>
      </tuttisBaregesSnaths>
      <preseenUnbowedFounts guaco="913225" chainedNeedfulCloam="romaikaAskesisSoprano">
        <ceylon>authorReadded</ceylon>
      </preseenUnbowedFounts>
      <carinaeForeverOniscus>
        <wurrusCornishHellcat>refurl</wurrusCornishHellcat>
      </carinaeForeverOniscus>
      <uncoachSiringOlefins godlet="worrelEvenedEutocia">
        <juggedFikeMilch>butanesBadaxe</juggedFikeMilch>
      </uncoachSiringOlefins>
      <charpoy muoniumFeer="83586988">
        <bacquet>186</bacquet>
      </charpoy>
      <decousuNant>
        <divertsChard>junkCultchThio</divertsChard>
      </decousuNant>
    </funkyConidiaAnalgia>
    <tittupyTepary>
      <suburbs>cnicusRecanesAposoro</suburbs>
    </tittupyTepary>
    <klismoi>
      <alfDildoe>696</alfDildoe>
      <sizingsAbadite deewansLamusLargos="5">
        <siliconHydrasGularis>sequani98</siliconHydrasGularis>
      </sizingsAbadite>
      <effaces undwelt="wagglyLeproidPippy" onymySauterRobbed="curchesTullian">
        <sindocEpergne>boratesZipsTabaret</sindocEpergne>
      </effaces>
      <rosalie earable="67908307">
        <heightIslandy>usings</heightIslandy>
      </rosalie>
      <gitanos tomosisStoicsAndria="kalamMuslin4152" reveteUnhillySleezy="59600">
        <padriOrpheusPluggy>magnetaWoreLucina</padriOrpheusPluggy>
      </gitanos>
      <measleHeily kumiss="metre">
        <vumNicer>enzymic</vumNicer>
      </measleHeily>
    </klismoi>
  </khuaiBaccaeIch>
  <wiredCantingSkaldic punkImageryRooti="tuffsRepps4281" tilterPoyou="harpaSoudansPuttan" beetyBaunoKoas="5983462">
    <brume scorchUntz="binzuruKinases696" tongmanFeme="unfrail5652" tzarina="distillBlarny">
      <lievestNauseum>lampernSalamiUnsharp2411</lievestNauseum>
    </brume>
    <highhatAgua deticksJabots="bee" pitfall="upcomeVariant4" jujubesNovice="shederGypsumPaeonic5">
      <cuvetteBoyarScouse>21209</cuvetteBoyarScouse>
      <amyrisChengBhikku prodigyCamps="160003">
        <tienRuttingPruta>hashyResplit</tienRuttingPruta>
      </amyrisChengBhikku>
      <oildomAlmsPiney>
        <ingulfsNoisily>daymentGaspyPlay</ingulfsNoisily>
      </oildomAlmsPiney>
      <dannerGeronto roots="9516517">
        <hooseKrama>prolify</hooseKrama>
      </dannerGeronto>
    </highhatAgua>
    <restiveHematal>
      <potturKrypsis>villiTimarri4250</potturKrypsis>
      <lovier nonius="warsler">
        <postwarGalleonFresno>shptBaddishSkink</postwarGalleonFresno>
      </lovier>
      <kameradMunWiled acrisiaPivotalRuddles="uletic">
        <vitular>coppasMoveLasting491</vitular>
      </kameradMunWiled>
      <squadOutpushAddax>
        <frowzeWah>rog</frowzeWah>
      </squadOutpushAddax>
      <toolachMamboedTorture cattieNexum="resnubAlgaEzba">
        <ipseandBitedReciter>34</ipseandBitedReciter>
      </toolachMamboedTorture>
      <peggyPrao starerEchitesCanelos="kwartjeCourses" hipshotHomogenVisaing="curlikeBalerMaana">
        <apostemGraianGoggle>556464</apostemGraianGoggle>
      </peggyPrao>
      <dunnessBinned>
        <chests>19485</chests>
      </dunnessBinned>
    </restiveHematal>
    <slumpyBournsClerete>
      <anletChase>ransack</anletChase>
      <oxalis girders="secancy">
        <grf>introMalee52</grf>
      </oxalis>
      <boyangRecideNaughty miderBechirpFingent="snuffedTrilobe905" daimonsEmplaneLarus="940860">
        <resizerSissoneTarage>93398220</resizerSissoneTarage>
      </boyangRecideNaughty>
      <destin uleRumsBebump="hennishImshiRumness">
        <fare>echnida</fare>
      </destin>
      <tatuasu>
        <marketsGroin>areolesSlingePraetor</marketsGroin>
      </tatuasu>
      <thapsia>
        <alongSquat>begulfBusaosSushi70</alongSquat>
      </thapsia>
      <muggeryJewbushOursel marconiPulsesSixtes="stumpy" scarfe="emydsMuftis230">
        <thig>ennuyeeYamulkaPunaise</thig>
      </muggeryJewbushOursel>
      <wrox>
        <setwiseBaggily>crystalEmelineRemarry</setwiseBaggily>
      </wrox>
    </slumpyBournsClerete>
    <attryModioliSantal tapiser="sizeine6" scolds="pestlesSanjeev">
      <cymbiumDayalBeeper>felidaeGurney</cymbiumDayalBeeper>
      <bensonCrases>
        <abjudgeMaul>846325400</abjudgeMaul>
      </bensonCrases>
      <adit countorHeirdom="holmosEchoistBobbles" rumbaed="178">
        <coppersIncutCoequal>abjured5417</coppersIncutCoequal>
      </adit>
      <glossyUncart anseis="9749246">
        <treeify>1</treeify>
      </glossyUncart>
      <posse>
        <emigreeTachs>griph</emigreeTachs>
      </posse>
      <adders hyphaeUncodedRasbora="ceteraTomtate" alcadeWraithe="meleneSateenPepo">
        <bartsiaChiefs>509</bartsiaChiefs>
      </adders>
      <unclay sandyxGymsiaShlu="uncopeExcidedGeonoma">
        <tithed>28698</tithed>
      </unclay>
      <fatsia jumpily="peaveyToydom">
        <llamasBuriers>749</llamasBuriers>
      </fatsia>
    </attryModioliSantal>
    <bemolUmbosAndes>
      <juneauRaniReina>posthoc</juneauRaniReina>
    </bemolUmbosAndes>
    <bromideClockPyritic>
      <surestRaiderEnsuer>13</surestRaiderEnsuer>
      <rhaetic aphthaeBuddhaConical="sneeryGurgesSlavian" bokarkFensterExpiree="renown">
        <greenLepismaFempty>sisham989</greenLepismaFempty>
      </rhaetic>
      <joblessBuzzleArctia stalky="suraheeIdolet">
        <glb>25892800</glb>
      </joblessBuzzleArctia>
      <rapedZetasLeaping>
        <moueNaves>9</moueNaves>
      </rapedZetasLeaping>
      <mespotExcise>
        <duroEutony>malled</duroEutony>
      </mespotExcise>
      <showishAntisex nullsSaimiriHulwort="441934" alforgeKolsunHotches="6">
        <irisinAntibug>keryx</irisinAntibug>
      </showishAntisex>
      <rainUpchokeIncask dolliaGalateaFelty="opelu">
        <toterCroydenBodier>battyIphVesta</toterCroydenBodier>
      </rainUpchokeIncask>
    </bromideClockPyritic>
    <ascentInstate>
      <ruck>mxdEtymolRemaim</ruck>
      <dubba coseyFumadeZoccolo="saronTendracMissaid">
        <chinchShiner>silure78</chinchShiner>
      </dubba>
      <cesserMacularJiboa>
        <ardrigh>salamisMuddingTogate</ardrigh>
      </cesserMacularJiboa>
      <wheezle>
        <limperPoshLiminal>gyppedTelesm4</limperPoshLiminal>
      </wheezle>
      <coffretUruguay fryObeahs="gullyGooralChilded" goalSniffUnfried="snivelsSympusOxbane">
        <starw>13</starw>
      </coffretUruguay>
      <amuseeObiaBabbles geebongOutrazeSepia="cossetsBannutHoult" begger="loopierBuncoedHelled">
        <metateDronage>4086731</metateDronage>
      </amuseeObiaBabbles>
      <bonierLuggageRalish bewhorePinkCarbine="smur">
        <legumin>88934</legumin>
      </bonierLuggageRalish>
      <alnWigeonTapster loopeSmidgeSeeders="maximonPilineLaics" fash="scarifyPileumCarouse">
        <etiamGulling>enfant271</etiamGulling>
      </alnWigeonTapster>
      <haeingUnjollySharra epigeicRicking="miasmicMorphea" trampsBeaconsNogaku="shiel803">
        <arielsGrampusDura>swounConche9</arielsGrampusDura>
      </haeingUnjollySharra>
    </ascentInstate>
  </wiredCantingSkaldic>
  <beanierGrits synch="hedgerBargh" quirkSuk="coifingAncon" trinesExequyTensile="2202">
    <tutulusKillasCrypted coperta="panaryEtoiles">
      <talcum>rivellBlooeyIsthmia</talcum>
      <merfoldContundBonxie aerogel="gunPatesDighted4839" forkmenNoixHutting="oocyteDullery">
        <almahs>5855359</almahs>
      </merfoldContundBonxie>
      <facsim>
        <zyme>daybedsGawkySecno</zyme>
      </facsim>
      <djinnsShoatCamelia>
        <amoyGraders>37409</amoyGraders>
      </djinnsShoatCamelia>
      <unhotYankedSimas souchieChaLimniad="7651">
        <bairnsUnsackHolmia>panzerRamoonGraft</bairnsUnsackHolmia>
      </unhotYankedSimas>
      <resiner ladakhi="plight102">
        <mizrah>cirroseGages</mizrah>
      </resiner>
      <slogJacateAirhead yakshiNaology="cyanate">
        <stourOutlets>2</stourOutlets>
      </slogJacateAirhead>
    </tutulusKillasCrypted>
    <lascarsPedlerFrape riantlyEnvyingReworks="recusalTipit" swinkCoercedBusting="knot8" burelleCowitch="nidgetyApozema">
      <graphis>fourrag</graphis>
    </lascarsPedlerFrape>
    <dogfallBivvy firerGripe="tetrodeSceatLdinfo" gently="sthenic">
      <yankerHaymishProxysm>oketDonat3</yankerHaymishProxysm>
    </dogfallBivvy>
  </beanierGrits>
  <bacchae granuleBannut="778720702" blickie="troner2290" psychs="leudBittockEftest" />
</sesquihDogheadJambo>