<?xml version="1.0"?>
<urethraNogginsHulloa>
  <buddahParrallDocker heisted="81" braccaePyvuril="alack61" clergyDowveCeased="peghMahri" />
  <caloricJarbleResins yowleyBedreadPleat="tue" ganserArrackBadmash="chalazeKelty">
    <astrideRecodes collide="cynias">
      <unmansLeiss>9410</unmansLeiss>
      <kyanizePelengMameys ailment="pandionHodadsDulia41" edemasDiffideTlingit="advaitaTrotter">
        <takersBovines>biotics</takersBovines>
      </kyanizePelengMameys>
      <ziramsTesteAustin avernPetre="heeding6821">
        <onlineExerted>glidingRewroteChauk4</onlineExerted>
      </ziramsTesteAustin>
    </astrideRecodes>
    <bool>
      <influe>lyttasTurtosaAyes</influe>
    </bool>
    <moidoreLownessDevotes earwaxSpectre="maestra">
      <jnanasEcurie>tess</jnanasEcurie>
      <tsktskWasoga agrotisYarded="hornletSlimierAymaran" cudgelCagoule="flacksBasnat7085">
        <gluedLysateBite>355</gluedLysateBite>
      </tsktskWasoga>
      <rearingLinocutVaster selahsUphung="bolshie">
        <gossStooreyDumbest>21231895</gossStooreyDumbest>
      </rearingLinocutVaster>
      <cuspingPulpousCoalify cashew="fabrileHoom">
        <buoyBeknave>ickier</buoyBeknave>
      </cuspingPulpousCoalify>
      <heraldUpwells circeMotley="uncured">
        <tenendaGammerCamp>picarasPetrel51</tenendaGammerCamp>
      </heraldUpwells>
      <toxcatlDissave>
        <skullsHooking>8427</skullsHooking>
      </toxcatlDissave>
    </moidoreLownessDevotes>
    <musclesPlumed acrider="tasking" kabayas="hikedJingoedGypping2470" pedlarsWhinny="anagoge">
      <kakkeCartman>sluedBasking</kakkeCartman>
      <slidedAwakingCfi>
        <panochePuniestSarans>goralUnakite</panochePuniestSarans>
      </slidedAwakingCfi>
      <jassids masking="windwayLavage">
        <knelledAnguinePanhead>poofBubos</knelledAnguinePanhead>
      </jassids>
      <iresine abayCokedFactish="doodahHymensAffeir">
        <munnionMorions>71511654</munnionMorions>
      </iresine>
      <scrotaSmerkArhar jmsCocause="berake">
        <quicheKindler>tropist</quicheKindler>
      </scrotaSmerkArhar>
      <wilter pean="sprunkAdvtCorbet" idgahTnt="heroineWoodbin">
        <pourris>utopiasErupted</pourris>
      </wilter>
    </musclesPlumed>
    <psizeMasora limningBhunder="disseatAchterTimers">
      <alist>metopicPrajna</alist>
    </psizeMasora>
    <iterLeanestCroisad oreads="shellumCunitEroteme" alcaldeXystum="982243959">
      <eneughWitchesBreaded>pedante</eneughWitchesBreaded>
    </iterLeanestCroisad>
    <tzardomEmbroil>
      <popsRoostyPawls>hustleNailerTrusser</popsRoostyPawls>
      <masaris>
        <arguerDulness>dulseCystoid</arguerDulness>
      </masaris>
      <piceaTole mishnahRotatePinnel="epicedeCapulinSorting3736">
        <hodgkinPourie>biffBeldamSlaved</hodgkinPourie>
      </piceaTole>
      <angelot>
        <outbendSwains>boffinsGetherWackes</outbendSwains>
      </angelot>
      <acraeinAmenuseAtalaya ponyOuvrageCarvers="96">
        <clammyStolidDafter>96844</clammyStolidDafter>
      </acraeinAmenuseAtalaya>
      <waiataTombicDialist ledOrig="928498284" prinky="sedangReviewMasker">
        <aminityWringerFenmen>556429</aminityWringerFenmen>
      </waiataTombicDialist>
    </tzardomEmbroil>
    <lucent>
      <oweltyBabbles>7117</oweltyBabbles>
    </lucent>
    <beflourGros quinite="3">
      <zinkify>moxaPavo</zinkify>
      <rilingCountorNak finaryMeresAdjoins="14834">
        <primed>breek</primed>
      </rilingCountorNak>
      <ticalJaspisComarca>
        <propineBilkersUpgrew>hyssopTroadJute66</propineBilkersUpgrew>
      </ticalJaspisComarca>
      <burschCrang meropsPuffletAllect="penupDogmasShows">
        <kedar>poleaxInower</kedar>
      </burschCrang>
      <opercle hangdogFourierUncakes="intortsResowImplies" snitzSordoGonofs="spuffleCharpitNewelty">
        <cholicPardy>pomoMirexAngilo</cholicPardy>
      </opercle>
    </beflourGros>
    <bangledMeccanTeaism>
      <loginsDonsieShouts>402649265</loginsDonsieShouts>
    </bangledMeccanTeaism>
    <birrsNoduliAcylal>
      <potti>magmataHekteus</potti>
    </birrsNoduliAcylal>
    <osarCapper>
      <adermin>hyakumeColumelStut</adermin>
      <scride>
        <cuprein>sylvaePalaitePliny59</cuprein>
      </scride>
      <taffety unhendeColugo="2091">
        <suavity>screich</suavity>
      </taffety>
      <mitises>
        <beliesAstor>britonsClops</beliesAstor>
      </mitises>
      <scoldOaring untimeFlavorsFucused="saphead">
        <tuskyEvery>pierisGypperSchultz</tuskyEvery>
      </scoldOaring>
      <cunny butters="tenoursCrozePhialed607" hackZilpah="8779216">
        <scincidSuitesEnzymes>tolanesLunies</scincidSuitesEnzymes>
      </cunny>
      <feuageQuietedEntomb>
        <isz>2511936</isz>
      </feuageQuietedEntomb>
    </osarCapper>
    <thighsOverby zombies="talcCosmism">
      <almugGaditanNargile>5198175</almugGaditanNargile>
      <grampPtsDimes dartarsVocably="60739">
        <lebanonSarods>galpEngagerHained</lebanonSarods>
      </grampPtsDimes>
      <guayabi drayEldressKolhoz="inveil8">
        <dybbukConsulTragi>carbideSpiltExcused</dybbukConsulTragi>
      </guayabi>
      <congee eases="noterseSergPokier">
        <vairyAmbolic>tchastNizamsVedanga396</vairyAmbolic>
      </congee>
      <aestiiFogman>
        <cobourgJassids>902908</cobourgJassids>
      </aestiiFogman>
      <eebreeSumphy deciareMyasis="epriseAroeiraPunch248">
        <swevenJointlySavour>colfoxRebusSkegger</swevenJointlySavour>
      </eebreeSumphy>
      <galetPaneDauts muraenaHeparinRoinish="blousyGrander6" bartreeWorden="pecklyThrepeGypster">
        <lariaFuseesTowght>888</lariaFuseesTowght>
      </galetPaneDauts>
      <yomudRoelike>
        <featestTikoor>hoo</featestTikoor>
      </yomudRoelike>
    </thighsOverby>
    <saigaCoct prosaic="whinsCoffles" howlerAnimato="roweledRigbaneUnrufe">
      <landedOxhide>9374</landedOxhide>
    </saigaCoct>
  </caloricJarbleResins>
  <enserf kylikesBass="kavaic" coalaToquet="manrent" tylopod="390" doingsPhaet="churlRaphiaMysosts">
    <munsiffGoaveMyc mangiSighPaccha="lauans74">
      <usedly>keraciSotter92</usedly>
      <goorooTorfel globinEolian="xenyl37">
        <antresHarshEzan>uncouth</antresHarshEzan>
      </goorooTorfel>
      <jibbers mittsDisobey="avengerSpeedy" fibredPicking="gaterBaleenLeucine">
        <trochid>didineLopeSurv</trochid>
      </jibbers>
    </munsiffGoaveMyc>
    <saith>
      <teth>9</teth>
    </saith>
    <lbf>
      <fourier>varanus</fourier>
      <sothsBesour stylish="conuseeSudsy">
        <humeanSpiling>foam</humeanSpiling>
      </sothsBesour>
      <rwySandsBanters>
        <overtip>flurryTopingSuably</overtip>
      </rwySandsBanters>
      <ayelp charbonYukeForvay="soppedMuridRioters">
        <sughing>4361</sughing>
      </ayelp>
    </lbf>
    <maungyBort hindusMalchus="2636357">
      <hyperinVinitorTokopat>allieSlyest</hyperinVinitorTokopat>
      <xylenyl sennasBalawu="944685">
        <alcovesHeros>caraho464</alcovesHeros>
      </xylenyl>
      <forseekAuthorsRaciest jawing="autereDispace">
        <sestiNeckful>bedew</sestiNeckful>
      </forseekAuthorsRaciest>
      <curacoaDonzelsSpeckly>
        <gyri>plumyEulogic</gyri>
      </curacoaDonzelsSpeckly>
      <lordedHoagie verdMainpin="daceloPulqueCoseism" jamshidWakeel="placage">
        <magas>prisingAdoulieVucoms7345</magas>
      </lordedHoagie>
      <diporpa plumifyCowardySynfuel="aureiIncestCarpers" biotasAscoma="shares">
        <hasard>4271161</hasard>
      </diporpa>
      <fullageGinseng scutula="cumToryizeDote" lessonAstrolExotica="eparchs">
        <mulita>navarhoLeftism</mulita>
      </fullageGinseng>
      <evenersGelatin bumboLapser="accelUpseyPapaya">
        <horntip>iambe5812</horntip>
      </evenersGelatin>
      <solisteNuddy tootingPaphianPandrop="inhameToughlyLuteoma">
        <retapeOrlCafeneh>igniteGobanAdyta</retapeOrlCafeneh>
      </solisteNuddy>
      <johanna arcsineTotalPayors="9" begnawSpelts="80">
        <purringFeederLeifite>jaygeesBalun51</purringFeederLeifite>
      </johanna>
    </maungyBort>
    <bidsWandoo devvelAstoop="zygoses">
      <franciaCraunch>550848</franciaCraunch>
      <ramusEngraft tjositeBroomerParsley="hajjis">
        <laggenWeewaw>sorry</laggenWeewaw>
      </ramusEngraft>
      <mange delisDultieAlmner="27" samekhThongaAnal="elmier">
        <koomkieBoatmen>disglut</koomkieBoatmen>
      </mange>
      <togas heaps="abuliasOctdra">
        <staleKronion>sludgedSpiler</staleKronion>
      </togas>
      <hooye presawRuntishHarico="856">
        <luchuan>724</luchuan>
      </hooye>
    </bidsWandoo>
  </enserf>
</urethraNogginsHulloa>