<?xml version="1.0"?>
<leucicFuddler>
  <tarboxClatterLatino />
  <shovingDaubyBadmen>
    <stanineTopsail>
      <attalid>67501</attalid>
    </stanineTopsail>
    <ragtagYodel>
      <montyScurf>96</montyScurf>
      <wabeRhaetic upbarAgla="biltong" jackerSolodi="potreroFlesher1">
        <negrineDoebirdAstrion>ciceroManfred4478</negrineDoebirdAstrion>
      </wabeRhaetic>
      <tralira clochan="agnuses" harvHullockHatable="abbaInachidHine">
        <kindlesAdzooksRoe>cowishCiboneyLeftist</kindlesAdzooksRoe>
      </tralira>
      <tummiesKainitsExies dghaisa="5" unboneIsntCalappa="dupper">
        <feaster>pochadeBendSlutty</feaster>
      </tummiesKainitsExies>
      <paltryPoniesWherein glaveTornus="lametta" forseenMonumbo="dimyary">
        <pinalesRidgerStirk>gradinoSnootyPontage</pinalesRidgerStirk>
      </paltryPoniesWherein>
      <bitchy>
        <nighlySaithePed>jamboneCagers993</nighlySaithePed>
      </bitchy>
      <polypiPuttock>
        <pipetsJudoDibbles>azonicKnappy</pipetsJudoDibbles>
      </polypiPuttock>
      <illAntlion sakEarnest="akre">
        <basiate>gnathal</basiate>
      </illAntlion>
      <ocheredYamunRoofy>
        <evenoo>grandam</evenoo>
      </ocheredYamunRoofy>
      <tidbitCakavciRipup encasesTrist="hearthIslingSparks" beaconsZayat="tummingPassRowans">
        <dickite>peckful</dickite>
      </tidbitCakavciRipup>
    </ragtagYodel>
    <momismsJatacoNinety>
      <vascla>edaphicVoivodeDulcity</vascla>
      <vawardEpoch apertlyMummifyMeach="gloatsArgolid" crowdedDiademsCauch="dyableStd">
        <wireman>jinxedBuffos28</wireman>
      </vawardEpoch>
      <languet rebiteShojiArmure="newestPapize" ramulusLigateIndrape="ajajaKickedWhapuku">
        <arne>laborElks</arne>
      </languet>
      <darkleDibbledPicots snoose="goldurn">
        <divversZambal>innerGoateeCozed8063</divversZambal>
      </darkleDibbledPicots>
      <mundifyKobolds>
        <waybillSyllidLue>442</waybillSyllidLue>
      </mundifyKobolds>
      <carlist>
        <crewer>techierTorreya</crewer>
      </carlist>
      <len hentedInclusaSojourn="250675379" indow="librisFulcrum">
        <incised>marrotRepineStool</incised>
      </len>
      <duckyCenture biofogAboutsEstated="10977" footleGilty="fiorin5">
        <platVexil>glorKarwarOutjump</platVexil>
      </duckyCenture>
    </momismsJatacoNinety>
    <unkistAlyIonics kabakasBaulks="leucyl">
      <rowte>5434620</rowte>
    </unkistAlyIonics>
    <whuskieDefogFantasy>
      <spriestCountryRhenium>barbute</spriestCountryRhenium>
    </whuskieDefogFantasy>
    <stolistEmerson waipiroCoaidLatex="credos" craftsHoned="yees">
      <vroom>faille</vroom>
    </stolistEmerson>
    <sirups lawnDudderyTreey="otalgy445">
      <rizzleGuttler>vee</rizzleGuttler>
      <chawStaterDouceur>
        <foveaeOgler>gitanosSonars72</foveaeOgler>
      </chawStaterDouceur>
      <walker bonkersArriet="silurusIonisesRadicel340" achreeWarper="smidgin">
        <meccasCantare>persianOverbit</meccasCantare>
      </walker>
    </sirups>
    <aogiri>
      <turkify>wolver</turkify>
      <ghaut khanda="bxs" eamDogfall="boheaSimnels">
        <liceGlut>rasionRepineBuckram</liceGlut>
      </ghaut>
      <intentBigotMysore dudish="curacaoDugdug" chymousSpannedUnobese="gulScarpedQuiver">
        <naelOpenPlate>31</naelOpenPlate>
      </intentBigotMysore>
    </aogiri>
    <rappeeBillage>
      <unstop>scabble</unstop>
    </rappeeBillage>
    <kinkle>
      <unpoisePhotons>reproofShutedMussier3307</unpoisePhotons>
    </kinkle>
    <speciesCrecheFoozles tectalThawer="scummedSandburScrying17">
      <puffedTheol>undamnDeroutHussars</puffedTheol>
    </speciesCrecheFoozles>
    <jellicoGpcd torchet="alia">
      <primosFinders>polladz8</primosFinders>
    </jellicoGpcd>
    <gearboxMach>
      <moraineAnamite>xenic</moraineAnamite>
    </gearboxMach>
    <payoff>
      <mutism>birsyAriosiTyche</mutism>
      <queasy gambrel="vizslaTuchis2" griege="domingOvines">
        <modicaMortem>95179</modicaMortem>
      </queasy>
    </payoff>
  </shovingDaubyBadmen>
  <dorlach teraticChittakTopes="8537606" comdiaBacopaLattice="12034558">
    <sullenUnlegal puca="gawnGuess" anemicLilac="kismatsPaso3472">
      <sialoidSorrilySnoozer>algaArzava5</sialoidSorrilySnoozer>
      <reachyBegoudShantis>
        <laccic>200</laccic>
      </reachyBegoudShantis>
      <hulloWyledSoph whindle="9">
        <perukerKvassesPreta>reworkCabby7</perukerKvassesPreta>
      </hulloWyledSoph>
      <lipwork glarierValuesClawers="knowersBacilli" sprier="because">
        <uncope>pantile</uncope>
      </lipwork>
      <pelta eclipseOrgal="reedy">
        <redoomDeckers>pangingGadinicSitars</redoomDeckers>
      </pelta>
      <namatioMureins nudgerHollosMallee="octopod" decerns="abyssusFratryAdonis">
        <hardieApolune>galaxyOdaliskResorbs</hardieApolune>
      </namatioMureins>
      <claxon teleranAlkine="chacmaSevered21">
        <sylphFoldedRailers>mellita</sylphFoldedRailers>
      </claxon>
      <amboynaDizzies>
        <pharmicTrouss>crumletSpared</pharmicTrouss>
      </amboynaDizzies>
      <spireSprogue>
        <helenusSufficeDryster>3808973</helenusSufficeDryster>
      </spireSprogue>
      <abject nebulasMirable="jiva">
        <psychidYappyBellman>boardly</psychidYappyBellman>
      </abject>
    </sullenUnlegal>
    <arsinic>
      <drupaArgyria>keirsSubbedTugging</drupaArgyria>
      <pricePeekingBruno cambers="baisakhBestir">
        <manie>gelatesConvex</manie>
      </pricePeekingBruno>
      <pangasiBosonsAvouter gonialeSucrateVerus="pyrrylSarrafJewel">
        <tufaAmokAmitie>sattieKatanaJudders</tufaAmokAmitie>
      </pangasiBosonsAvouter>
    </arsinic>
    <arcticsDilutor farcifyPowterResex="ruction" neepourLowan="sinaeFairily" sauntIronman="realiveMiche94">
      <kevilSdeign>facets</kevilSdeign>
    </arcticsDilutor>
    <masticsGlenoidSagitta dooms="acrasiaWhalm" fogdogsCoupDaudit="cadged">
      <zombieDescureObis>logcock</zombieDescureObis>
    </masticsGlenoidSagitta>
  </dorlach>
  <unbesotGarrafaParchy frecken="rhumbaHummel" strowd="buttonsKaliansCamelid" oreideWakasUnimped="meseems75" reworksPoleaxeChee="gladsSarcomaTokyo802" />
  <poisesInhauls hocking="babuinaBrakierWafter" witsafe="woundedSuppers2827" />
  <usageBorghiDuiker />
  <cavTurfs azimuth="5256799" unendedBeanierTomtit="quonsetAppdRiles" salsodaRebukerStatued="candidsBaring" fraidKames="banjuke" />
  <aucan />
</leucicFuddler>