<?xml version="1.0"?>
<tawhidCeriphs>
  <noldSequest net="ursonPobbies" kabars="tanagerEstreatReelect" atom="21740">
    <incisalCommotCatcher>
      <tusherJacky>estadelFrother</tusherJacky>
      <jehovahCarmele demo="closhAlife4846">
        <pipidaeEssed>reiterError</pipidaeEssed>
      </jehovahCarmele>
      <extineHawkbitGriddle>
        <ketu>hydrone</ketu>
      </extineHawkbitGriddle>
      <cedrusSuppute bilimbi="primersIxodid">
        <clatchyEnmesh>3757</clatchyEnmesh>
      </cedrusSuppute>
      <capererBskt quiffsOptimePuzzled="tway">
        <clompedAlltudSakell>7129720</clompedAlltudSakell>
      </capererBskt>
      <arrameTailingCreole thence="79901513" laminasSieneseFumbles="2">
        <ouvrier>flubsUnflameSmews</ouvrier>
      </arrameTailingCreole>
      <aulderMalletChancel>
        <terpaneForge>spikesYelped</terpaneForge>
      </aulderMalletChancel>
      <avenineEpiboleCaned kakke="kyd">
        <bellotaQuota>43255</bellotaQuota>
      </avenineEpiboleCaned>
      <signalModena passed="patyGonalJawfoot" murkerIddatOilwell="obsede">
        <tarnalEvelineDrou>swarveTroadAmadous</tarnalEvelineDrou>
      </signalModena>
      <atopen>
        <yukon>whangedMarybud75</yukon>
      </atopen>
    </incisalCommotCatcher>
    <wawls>
      <dextrinSolumSural>18144960</dextrinSolumSural>
    </wawls>
    <flowGilguy spiralsProstas="nuncius">
      <tueShrubWindock>woak</tueShrubWindock>
    </flowGilguy>
    <juntosElopes>
      <wyesMooched>codecsAdular</wyesMooched>
      <aonachVentricSecrete parsec="yurukRenable">
        <jalapaFarnessPlaned>cryingAlapVarda2</jalapaFarnessPlaned>
      </aonachVentricSecrete>
      <upboostEcclesHatpins punct="tempos">
        <chung>pious</chung>
      </upboostEcclesHatpins>
    </juntosElopes>
    <bocardoEpidemyMylar>
      <keirs>juletta</keirs>
    </bocardoEpidemyMylar>
    <cizeRentesVelaric stagHeaters="ugandanSundayHastish" clabberUpbuy="blahIdolise" portal="relotPulsMealer">
      <relatorThreatsParnel>43</relatorThreatsParnel>
    </cizeRentesVelaric>
    <ducoBabiesPanse>
      <startsyGliosis>allodySandbugAbomas49</startsyGliosis>
    </ducoBabiesPanse>
    <nonfatWinesap>
      <cpoCrepingWhined>unneth</cpoCrepingWhined>
      <kecksy>
        <kitschyMunitedAlienor>chugsHardishZooks</kitschyMunitedAlienor>
      </kecksy>
      <cheapos hyphoPlatane="theistsGuested" atka="unlookGrumblyTarried">
        <dynamo>skhianAlosaGlutton</dynamo>
      </cheapos>
      <swaird taftTaglikeBack="kyrineKinoosHaunts">
        <quirky>alloxy</quirky>
      </swaird>
    </nonfatWinesap>
  </noldSequest>
  <gougesWedgieOxazine nidesThule="939688073" wrinklyHalifaxFlidder="524750">
    <latrineFanaEntria>
      <alpacas>aclinic</alpacas>
    </latrineFanaEntria>
    <barwayBoxbushSugann vayu="unchokeAffaite">
      <naghtRubible>drupeAlle</naghtRubible>
    </barwayBoxbushSugann>
    <teresaApnoeal teach="warelyCateranSprad">
      <courtsFlankFennec>avouch</courtsFlankFennec>
    </teresaApnoeal>
    <semiarcBesluit novel="currockBeechesOsse" blumeaDotter="darghin" kamaoNotesLadrons="sulliedFairly">
      <obeahsHash>700</obeahsHash>
      <bacachHunkers unstonyRoyena="turfCrummyColada" monster="55341">
        <clerum>pianka8</clerum>
      </bacachHunkers>
      <abodyTicksPelisse ocurredBeamishKimmo="mangona">
        <qtam>pilateMechant14</qtam>
      </abodyTicksPelisse>
      <zacatec narial="bleaterFeronia" bonedogArrest="tidioseScopedFoxtail">
        <tabiraPeauder>9</tabiraPeauder>
      </zacatec>
      <twigsPolenta sinuousGuckiQuinse="loonsElflikeGainor" ingestEnhat="mockishBrumbee">
        <blastieFitout>skiddyGauzesWoggle</blastieFitout>
      </twigsPolenta>
      <bongNitons grimmia="risperPopple" gavelsGaleyKolkka="balor">
        <rimpleGaurian>imagoesKinesGlitzy</rimpleGaurian>
      </bongNitons>
      <merat drab="changer" pinsonsPardonDaghesh="retuneRearose">
        <yokutsKashasReflee>corvetSkewer</yokutsKashasReflee>
      </merat>
      <ollav dingus="rubia">
        <bunyanNormaLarded>87</bunyanNormaLarded>
      </ollav>
    </semiarcBesluit>
    <bongarCallanMesitae>
      <cabalaSophyGolden>mysticDipettoWeldor</cabalaSophyGolden>
      <tidingYeltRazoo>
        <outbowl>spikedBandboxKatuka</outbowl>
      </tidingYeltRazoo>
      <doomedAphididShaft ladyfly="escopetHadrome" cairbaWaying="diffundAsor">
        <pialAsceticTeener>begirds</pialAsceticTeener>
      </doomedAphididShaft>
      <removalCalices rupialSigher="rubaboo2251">
        <baylikeMeminnaParra>rousant</baylikeMeminnaParra>
      </removalCalices>
    </bongarCallanMesitae>
    <klipbokSet trantUremiasKirtled="wabumaUpriver" malamUnactBecroak="khvatQuoniam" pensilFgnBounty="8855241">
      <cowersDogesBlipped>5</cowersDogesBlipped>
      <unrhymeDislade>
        <conniveSpailGaols>37</conniveSpailGaols>
      </unrhymeDislade>
      <smallenTinglerWarful>
        <hutzpasInnuate>caskyTinamouDaffy</hutzpasInnuate>
      </smallenTinglerWarful>
    </klipbokSet>
    <resizeEnsafeArbacia verbalLowable="hellerBabicheDolven307" ediblesDeucing="morassyAulic">
      <anlasLeary>topfulGyro</anlasLeary>
    </resizeEnsafeArbacia>
  </gougesWedgieOxazine>
  <vangloDyeline attaccaKinesic="ascenceMorpheaDiners4" jervine="teagleMeileDesto" utilizeCounter="hoofletPleads" angle="montageSpasmLieges" />
  <jaborinSlicerMalices copingsRejail="18" latronSavins="passee" sortes="216242070" />
  <hawsing bromid="wasatch" miminaeDecamp="ovaKainynArchway84">
    <fulkSquabZanzas>
      <bongoPragueFike>kogiaEynSulu</bongoPragueFike>
      <format lostUppoint="narwals70">
        <aluta>shapy</aluta>
      </format>
      <breyClankedDepot likutaCaviesMotlier="milwell79" gigtree="727769745">
        <tenoreTunist>unboldUpshaftFascia</tenoreTunist>
      </breyClankedDepot>
    </fulkSquabZanzas>
    <weigelaGlassenWivers becardSumlessBetsy="bethels" parvenuRoughieAliyas="comesUnwhigDhan">
      <hypNubbierGlady>airview941</hypNubbierGlady>
    </weigelaGlassenWivers>
    <stadeCommove>
      <louvar>unfacedBaroccoUsage</louvar>
    </stadeCommove>
    <thiokolSlagAngekut>
      <retileStorialLuncher>156882</retileStorialLuncher>
      <ohvKlicketStandi>
        <swank>jowery</swank>
      </ohvKlicketStandi>
      <jonnick foleye="47" louvre="loosing">
        <sloka>fightsCruet</sloka>
      </jonnick>
      <apilary>
        <efts>ashenEnfoldDaun</efts>
      </apilary>
      <subduer>
        <advicePuked>192703057</advicePuked>
      </subduer>
      <haratinCowman acockPapayas="stayOgrismJennier" zapotecPimaric="ostmark">
        <eyeflapArblast>polymnyYesty</eyeflapArblast>
      </haratinCowman>
      <papallyMinimBhavan>
        <tingi>morchaAlways351</tingi>
      </papallyMinimBhavan>
    </thiokolSlagAngekut>
    <lapsiDelilahPompeii soddensFendGouge="7048850" steererHurry="helms">
      <defrockMatrix>swackHowe</defrockMatrix>
      <rotten>
        <smectisMethoneTrigs>treater</smectisMethoneTrigs>
      </rotten>
    </lapsiDelilahPompeii>
  </hawsing>
</tawhidCeriphs>