<?xml version="1.0"?>
<nitrous>
  <centimePatee winging="8217559" kellies="blobbedMaggedSmeath" mafurraScrawlyMastful="56616" ain="trucesClunter" />
  <crunchBidersWissing fusula="15" />
  <jujutsuSeetheLouped copularPinacol="evenTsks">
    <taxiBildar>
      <angekok>95</angekok>
    </taxiBildar>
    <upgradePickery>
      <oannes>3986357</oannes>
      <mocaSticklySaigon fibra="967310240" coateeAlanEnraged="nuisomeBefouls">
        <quinoid>27</quinoid>
      </mocaSticklySaigon>
      <absiCasas nodiakTreetop="rebusySyrt">
        <scoupGofers>211426227</scoupGofers>
      </absiCasas>
      <astrer>
        <blksizeHoolee>3662</blksizeHoolee>
      </astrer>
      <clerumLowers dernedFeazing="oblatioBabery" warslerRebate="tramfulConcern">
        <mulliteCorvees>bundoc</mulliteCorvees>
      </clerumLowers>
    </upgradePickery>
    <passoBlae>
      <nutsy>enfolds</nutsy>
    </passoBlae>
    <deafen>
      <quasses>boltantFenner</quasses>
      <bicetylApritifGewgaw whoopsAlliageScorper="somehowOatmeal" aahing="370">
        <galeyTypeWaftage>6847721</galeyTypeWaftage>
      </bicetylApritifGewgaw>
      <ropingSuomiMahoe metepasPrehaps="ethinyl" poetGoatishBelated="ubc">
        <boostedDivan>lifo</boostedDivan>
      </ropingSuomiMahoe>
      <speron>
        <prioryLisbon>78440166</prioryLisbon>
      </speron>
      <piddockVauxiteCrowed ipseand="boggleLungedWillowy">
        <sizemanObiterPubal>natures</sizemanObiterPubal>
      </piddockVauxiteCrowed>
      <raneTextlet>
        <agyieusLuceSooner>648</agyieusLuceSooner>
      </raneTextlet>
      <cadenzaWaybillRenewer sheavesTunyLengest="iareMice" ulminic="andine">
        <crawHewing>81</crawHewing>
      </cadenzaWaybillRenewer>
    </deafen>
    <opiatic>
      <cusks>8043</cusks>
      <haolesTrilbyAmylate>
        <winless>burk</winless>
      </haolesTrilbyAmylate>
      <pointySliwer pileousPremiss="stovenEnstar">
        <numCocher>huggery</numCocher>
      </pointySliwer>
      <necator shadsHawedUragoga="halvesFizzierShim" feverWae="52211593">
        <tessera>14698643</tessera>
      </necator>
      <fitoutCerite>
        <idetaSakellThatn>jervineSlowestSyzygia</idetaSakellThatn>
      </fitoutCerite>
      <butanalTanner>
        <saltish>4</saltish>
      </butanalTanner>
    </opiatic>
    <voeJassidsVenturi sufeism="itselfPrintsSicarii" socleOzonideTocsins="greaveYengeesNixer">
      <butylsAlivesPeppery>chirked75</butylsAlivesPeppery>
    </voeJassidsVenturi>
    <rutchUnriskyAwane>
      <shammer>unallow</shammer>
    </rutchUnriskyAwane>
    <formCameraeRohan>
      <patsyDenaro>germy</patsyDenaro>
      <oscnode selinaMecumPenes="laetiPhytoid" swinkerRedocks="912">
        <pitrisTensestPirner>taylorLimas</pitrisTensestPirner>
      </oscnode>
      <cuculle hooRigadigBurler="1">
        <lugnasGroused>736543</lugnasGroused>
      </cuculle>
      <gatherCreaserTelurgy>
        <chufas>okayingMeneMopoke</chufas>
      </gatherCreaserTelurgy>
      <peans>
        <saying>82</saying>
      </peans>
      <gauriePhonies>
        <lattins>gislaWoofed</lattins>
      </gauriePhonies>
    </formCameraeRohan>
    <tetardShittenBishari>
      <lemanrySunlikeTriage>apochae</lemanrySunlikeTriage>
      <agronManana erodentHurgilaCatwise="randemOvulistPerch">
        <soppy>randier</soppy>
      </agronManana>
      <caprinSubfief cirsiumIbsenicNauther="mcphailAsserts" puttoo="1863847">
        <cupels>thakurSpars</cupels>
      </caprinSubfief>
      <thorias enemyPrepupa="quidamFinick837">
        <scoupChasmed>yaupedBenumb3717</scoupChasmed>
      </thorias>
      <haickEmeerFoldure saporsAqueity="unbeltSquamaSignify">
        <cadis>squeelAssaiChrysal</cadis>
      </haickEmeerFoldure>
      <unwigGaslikeNaunt>
        <browstCongeLastly>85416</browstCongeLastly>
      </unwigGaslikeNaunt>
      <obiaLunulaeOutpurl>
        <olfactHolloedRamee>pinangMurmurStoss</olfactHolloedRamee>
      </obiaLunulaeOutpurl>
      <synuraDowriesEntases>
        <saughtFungal>kichelUnhexSoom</saughtFungal>
      </synuraDowriesEntases>
      <damasseSunglowMorned riveter="hunfyshTaata" piroghiZattareReekier="licury39">
        <palmira>14</palmira>
      </damasseSunglowMorned>
      <vinsSneaps>
        <eyeingWarded>thoriasNucleinQuaggas</eyeingWarded>
      </vinsSneaps>
    </tetardShittenBishari>
    <deadyWhacky krypticNovelaWhiner="bickerEnsaintNobber6">
      <raveled>whelkySunsetTeenty</raveled>
    </deadyWhacky>
    <burling>
      <eldernMaleoProsos>pinnula</eldernMaleoProsos>
    </burling>
    <hatlessJaverStoures>
      <alchymy>malkiteInsteep</alchymy>
    </hatlessJaverStoures>
    <suranceSomeoneHeigh>
      <letupUnnose>haubois2</letupUnnose>
    </suranceSomeoneHeigh>
    <oilerFullamsLavaret>
      <barfing>5</barfing>
    </oilerFullamsLavaret>
  </jujutsuSeetheLouped>
</nitrous>