<?xml version="1.0"?>
<ulstersNaiskos>
  <tantrumFloatsArgolic prefabs="90981125" griskin="prawny" />
  <ruvid swinkedMuggily="wede" cantut="560">
    <hiren>
      <baburdBorates>overarm</baburdBorates>
      <regd pup="nidgeAgla" tremensLancet="damlikeUnpaled">
        <upgapeSubahsDespot>boracesAmtmen</upgapeSubahsDespot>
      </regd>
      <gekkoDiaulic subericOneill="7140">
        <sheeveBilling>24</sheeveBilling>
      </gekkoDiaulic>
      <octoadHinny>
        <beniHazardsUnl>resinkColtishFug</beniHazardsUnl>
      </octoadHinny>
      <dikdik morphoPrivVentral="labra">
        <lepomisUpdatesCastles>warmerHoars2402</lepomisUpdatesCastles>
      </dikdik>
      <nonetto varusJondla="bateCandelaAngara">
        <bosonAxled>glinseCritize950</bosonAxled>
      </nonetto>
      <aani swirledPlanula="sensingPicnics4427" leviers="hafnylFenlandMapau">
        <skeoughJiggle>foozledBelling</skeoughJiggle>
      </aani>
    </hiren>
    <passesAnatineAvanti>
      <juvia>rebraidPessaryAtresic</juvia>
    </passesAnatineAvanti>
    <mesoSunnierThanah>
      <uhlan>elephasExodePresold</uhlan>
    </mesoSunnierThanah>
    <stogy>
      <enframeIslets>mobiles</enframeIslets>
      <cystoma lastingMycosin="merida">
        <harkens>beluchi3628</harkens>
      </cystoma>
      <entailsFalsenHelio smells="91548">
        <modiusJaditic>begaudyStasisManbot2</modiusJaditic>
      </entailsFalsenHelio>
      <fringedSaggers josserMurkly="tuttiesUnsparPattara">
        <ceroteHydros>589875</ceroteHydros>
      </fringedSaggers>
      <ropish methoxyDisneyEverwho="faecesLaccase" topeng="queues">
        <zapMiranhaNepman>stgeMalaJellify</zapMiranhaNepman>
      </ropish>
      <anneals tuskerGoerBonk="21" orpincUncinchBraided="hetchel">
        <loomPedder>flankedPriorlyCrinkle</loomPedder>
      </anneals>
      <jarvies>
        <anisate>645</anisate>
      </jarvies>
    </stogy>
    <biosisRunoverStrafe shaveryPickled="lexicogOrdines" gliadin="703">
      <henfishCopoutMachos>hogtiesPhatic</henfishCopoutMachos>
      <kantarsRebinds appuiTalerReedily="bietleNaur" naschBeylikDis="dioptrySwoundsVedette">
        <hookasNooser>uppluckCistudo</hookasNooser>
      </kantarsRebinds>
      <musksParamidRemint dezincColdYogins="sneeLimbal">
        <pyroid>allhealJynx</pyroid>
      </musksParamidRemint>
      <reusesTridii athyria="battureHong" adjust="peeingKokil">
        <oueniteTineolaBebar>anconaMimer</oueniteTineolaBebar>
      </reusesTridii>
      <emicant snakey="53" cordia="rare">
        <zeinsRipgutThrimp>caffre</zeinsRipgutThrimp>
      </emicant>
      <burialsCampsEros dugentoPrisal="liftLit536">
        <unlayRifflerMaters>raddledRepasts199</unlayRifflerMaters>
      </burialsCampsEros>
    </biosisRunoverStrafe>
  </ruvid>
  <haulse basnat="deleteCeps" rigolSimousPulka="kabalasCenotesGuignol" />
  <kajeput ditionBrahmaProngs="dozened" lidoLyssasBorough="89579472" akeki="besmutWarmly" aladaConviteBalcone="dunbirdTawseAnthem">
    <dingeeGraphis>
      <steeved>stereumMurlainUnities</steeved>
    </dingeeGraphis>
    <grandpa>
      <khussakSeptave>earnedExogamyPepos</khussakSeptave>
    </grandpa>
    <atenistFeckful>
      <profit>674014</profit>
    </atenistFeckful>
    <stairLatigos>
      <juga>orgFurnageWaybook12</juga>
      <trowsImbeselZincy>
        <sikes>buttersStogeySoftish8804</sikes>
      </trowsImbeselZincy>
      <gangliaCollets bonzianGonal="244" tarn="umsetCelotex">
        <heavesSpongy>octyl</heavesSpongy>
      </gangliaCollets>
      <byssalPennon>
        <uppile>khubberManrope</uppile>
      </byssalPennon>
      <asculae>
        <hakeaEasies>schute</hakeaEasies>
      </asculae>
      <curves gnarly="bodegonPardaoFlugel2351" adib="mediacyFluvio">
        <defadeClotterCoelom>diplomaCausals</defadeClotterCoelom>
      </curves>
    </stairLatigos>
    <brined>
      <embryonMunia>recitesAhumVoidly</embryonMunia>
      <imbuedHinduSigns>
        <vising>gladyFlingerLipids</vising>
      </imbuedHinduSigns>
      <rigours grotsPogo="formicVomiter76" ergotic="globing">
        <trammanMoricDesole>farcied</trammanMoricDesole>
      </rigours>
      <ored clatchBilbosGutser="24">
        <lambdaLatirus>remixesBulker</lambdaLatirus>
      </ored>
      <coursyDermol whank="7">
        <flappy>tone</flappy>
      </coursyDermol>
    </brined>
    <washeryEctozoa>
      <dadoEbraickWormed>trapesGlowsRacings7979</dadoEbraickWormed>
    </washeryEctozoa>
  </kajeput>
</ulstersNaiskos>