<?xml version="1.0"?>
<shim>
  <balauWithdawMoshav hatchetBoho="worbleBeelbowTestees">
    <rillingTirlingWaney dhobyDiapasm="urtica">
      <cobra>stroldSkelf</cobra>
      <repugnCoulieFeinter glosser="6286">
        <johnsPillory>recruit277</johnsPillory>
      </repugnCoulieFeinter>
      <pinte sargesGribane="164" everted="13">
        <carrotySellsHelicin>unhero</carrotySellsHelicin>
      </pinte>
      <cymasPloidy>
        <jewely>knarredThioFollyer</jewely>
      </cymasPloidy>
      <thuliaIncivilWizards unrisky="75">
        <uvularLigula>potware1</uvularLigula>
      </thuliaIncivilWizards>
      <misform>
        <wrabbeOrology>losable</wrabbeOrology>
      </misform>
      <cystalEnticesDulls>
        <floroon>ovaloidBeamer</floroon>
      </cystalEnticesDulls>
    </rillingTirlingWaney>
    <croh>
      <calydon>philine</calydon>
    </croh>
    <goveNastyPompoms>
      <bendell>alfonso</bendell>
    </goveNastyPompoms>
    <hibbinYakman>
      <dishier>1</dishier>
      <buskleImpalesEebree>
        <concurShackyTangos>cannoliGiddify47</concurShackyTangos>
      </buskleImpalesEebree>
      <sylvaBareHasp schorly="diswitEnolateUlulate">
        <iritisNauseaLaders>walersYallow</iritisNauseaLaders>
      </sylvaBareHasp>
    </hibbinYakman>
    <toat beknotArblast="sinite" airifyBokom="platesIsinai6034">
      <cortez>slaverySawmont</cortez>
    </toat>
    <deforce>
      <whigletJigsTuism>yarestTrockRages</whigletJigsTuism>
    </deforce>
    <xincaLophinMonty stanedSlackly="ligasesUnclaspArbitry" dourestMikados="emeutesCritterDialers" dismaysPranced="mercuryExopt1">
      <acceptsTreater>catkinsAlbata701</acceptsTreater>
    </xincaLophinMonty>
    <allelicLecythiDari>
      <kedgyTaeStepony>abillaBemuses</kedgyTaeStepony>
    </allelicLecythiDari>
    <voilesBrisk burling="panfishSpeceCrores">
      <titansNothousYin>30206740</titansNothousYin>
    </voilesBrisk>
    <escar>
      <laggedJuratKafka>coweredIkebanaWise</laggedJuratKafka>
    </escar>
    <baw>
      <beflag>conturb</beflag>
      <rugateCheekerRedd sped="enduro">
        <mauri>mirakCarbro</mauri>
      </rugateCheekerRedd>
      <herringEngaud etrogFeelingExits="2" usedly="thrallsBegohmMarkus">
        <zitiSchappe>nefasOceanUpgrade</zitiSchappe>
      </herringEngaud>
      <soliderSawmon twingle="zanzas" hopingCarnalOvid="tholosPons">
        <subtaskTonsure>coleur</subtaskTonsure>
      </soliderSawmon>
    </baw>
    <saltsHurts>
      <sepoys>416675</sepoys>
    </saltsHurts>
    <situp>
      <blawedSinto>huppahLeukons</blawedSinto>
    </situp>
  </balauWithdawMoshav>
  <pistlerScob okayLacing="skhianActianClepe855" wandersAlchimyShool="570625570" henwareEmployBarhops="bizelSceptryNapless">
    <amritasCokemanSpancel digraphOrcin="makoBeglue" juloidHavent="snottieKhan" claves="23965546">
      <anaxial>reshear</anaxial>
      <pippinsUndyKravers pipernoMissalHotch="aftersBraize" sizingsPitfold="5394">
        <oxamate>musedWheem5</oxamate>
      </pippinsUndyKravers>
      <gammyBoudoir>
        <mamotyProvedShik>ganzie</mamotyProvedShik>
      </gammyBoudoir>
      <hambleFreddo callant="9129" ouakariTrompe="cspTnpkHooka">
        <carkledAtropaUlnas>jayeshAcarine</carkledAtropaUlnas>
      </hambleFreddo>
    </amritasCokemanSpancel>
    <cozen sabersMuscoidGlottid="myoxine">
      <socleBaaDeburr>flayer</socleBaaDeburr>
    </cozen>
    <bumaloeEnduing>
      <beansBeflagImagism>chiasmaTarboxPlucker</beansBeflagImagism>
    </bumaloeEnduing>
    <agreed>
      <helioid>tendoorBeavery</helioid>
    </agreed>
    <stacks>
      <cootOblasts>rickshaBags</cootOblasts>
    </stacks>
    <chimp phocaChab="unrid" bibleCorey="poodlesFuerte" coldsRunback="dumpageExigent">
      <costulaTerassPipeage>skeely6630</costulaTerassPipeage>
      <spumoneSofar bose="991396000" limpyHegarisStupa="ordererSpalax">
        <acider>441493943</acider>
      </spumoneSofar>
      <thoronsPottiErne wordmanTurrell="poppetsGomariEmbosom" shastriCasey="crzetteFribbyTaiyal">
        <series>estmarkGradelyKeep911</series>
      </thoronsPottiErne>
      <friedNatty>
        <boubousFioritePylar>slabbyParchy</boubousFioritePylar>
      </friedNatty>
      <setonsTarrie arbutesEngramTajiki="maiaccaMerodusHalting">
        <fiberedMelote>phillFriese189</fiberedMelote>
      </setonsTarrie>
      <chadQuiscosMesela>
        <engouee>40</engouee>
      </chadQuiscosMesela>
    </chimp>
    <relumed>
      <tillaeaSlackly>moider</tillaeaSlackly>
      <whisp scliff="churrDawny542">
        <deistMangeyBashes>romulusAttryNight</deistMangeyBashes>
      </whisp>
      <tenino>
        <dumpleChyackLongue>2</dumpleChyackLongue>
      </tenino>
      <gibaroFrappeGamine baalsMantrap="assedatPitylusPsychos" pragueYipRheas="183246">
        <scrotaSixtus>triparaSheathShilled</scrotaSixtus>
      </gibaroFrappeGamine>
      <plaquesMaddishOutpush pingeWavingExul="ouselsHerdersCanular">
        <vinaUnkempt>shikraRemoted</vinaUnkempt>
      </plaquesMaddishOutpush>
      <boarsWelshry whampNuchal="arrondi">
        <hagseed>nonyaKokia</hagseed>
      </boarsWelshry>
    </relumed>
    <ashlarsStricksJotisi englerMorvin="debacle333" tannyHeratFlisky="viatorsPaular" nattle="birthyLarveAldime">
      <bullousDarklySubaid>diffund</bullousDarklySubaid>
      <moulsMesopic>
        <begazedSmudgyPlatano>xenomiListed</begazedSmudgyPlatano>
      </moulsMesopic>
      <overgoDoriaPredamn>
        <yezidi>paddock</yezidi>
      </overgoDoriaPredamn>
      <bogle>
        <shahidiUviol>exudesDhurnas175</shahidiUviol>
      </bogle>
    </ashlarsStricksJotisi>
    <argoanUnalistDraggly hirsledQuesal="strays" jatoba="5">
      <ulexiteVendis>dachaTabuingQuadrin</ulexiteVendis>
    </argoanUnalistDraggly>
    <throngNudgerFastish>
      <telamonLarking>grapey</telamonLarking>
      <speceDyeableCalcine amnesiaPatasCairned="112" pandalAnnieTummy="barfsTurdsHadjes">
        <kolobusIsize>bonavOublietAcridly</kolobusIsize>
      </speceDyeableCalcine>
      <doolRedoZings>
        <textmanCrashes>pongaHowliteVerbose</textmanCrashes>
      </doolRedoZings>
      <dullardCreams>
        <egalityBaleRouping>typhlonBarileJumpier</egalityBaleRouping>
      </dullardCreams>
      <ripestDysnomyRectrix norelinSadhe="thore3" parte="nowiseStoupsSoally">
        <repostAplombs>whutherNibbing</repostAplombs>
      </ripestDysnomyRectrix>
      <tarp louch="samshu" higglerRistori="glidingPochayMacrura">
        <uncopeTrickieLangued>pul</uncopeTrickieLangued>
      </tarp>
      <pecifyCarneol olonaNavallyAyes="lokiecUrbianVitrine">
        <seelful>buenoUnsulkyGim96</seelful>
      </pecifyCarneol>
      <shippy>
        <moduleWheneer>stupidsHech</moduleWheneer>
      </shippy>
    </throngNudgerFastish>
    <riaFerradoPorch>
      <sudamenMeo>8891</sudamenMeo>
      <nounalCordScrews besortSuevic="settlor" durefulJacobyDicots="616613">
        <cendreEbbs>outkneeSwarve</cendreEbbs>
      </nounalCordScrews>
      <jaggsEggAlick evodiaBedsoreFlyblew="schnell" invised="sinky">
        <fighterZelCadbote>308992414</fighterZelCadbote>
      </jaggsEggAlick>
      <reestSpacersSahidic>
        <bietleSaltaAlkanes>gestio</bietleSaltaAlkanes>
      </reestSpacersSahidic>
      <louther>
        <esereStronePere>netter</esereStronePere>
      </louther>
      <thunder vittateGirlies="solatesDornickTalkers" altsRecoup="mss">
        <uncharmPunnicTiffs>seriolaLivyerToby</uncharmPunnicTiffs>
      </thunder>
      <unwindsBrayersGinners>
        <gujratiBrevitAnolian>hoolockChasmicYauld607</gujratiBrevitAnolian>
      </unwindsBrayersGinners>
    </riaFerradoPorch>
    <fermacyBastionBisme alemmalSpued="unparchGeoform" aglaos="ternion" monocot="856848737">
      <koitapuMaharao>grewDassentEmetia</koitapuMaharao>
      <crimmer>
        <untastyMidband>comfortCorsac</untastyMidband>
      </crimmer>
      <hansePlacagePlushy frontalMidtownGidyea="spaderNester">
        <chalahs>talons</chalahs>
      </hansePlacagePlushy>
    </fermacyBastionBisme>
    <eczema teresPhyciteEmerant="swonken" zaftigPicrate="geySamarasLordoma5135" hoidenGuggledIncomer="censualAlertAkroter">
      <achimeAnise>reductSetuleRemoves</achimeAnise>
    </eczema>
  </pistlerScob>
  <summonSclentClumber girnelPops="outyardFrizzerEnclasp" bagreef="egallyPraam" />
  <linternClappedNowther epodic="2921" flyboatBulkier="27" />
  <coryzasHatbox>
    <dogmeatInmeshHexis initioHindoo="outwing" heroine="124">
      <tsktsks>peavineCaitif</tsktsks>
    </dogmeatInmeshHexis>
    <faggotyLiwan>
      <conveth>ontaric</conveth>
    </faggotyLiwan>
    <truncusToadish>
      <breaksWoorariConcite>scroo3000</breaksWoorariConcite>
    </truncusToadish>
    <feetageNonportTragia>
      <thorGuiro>lining</thorGuiro>
    </feetageNonportTragia>
  </coryzasHatbox>
</shim>