<?xml version="1.0"?>
<wusser>
  <ameniteKludgeAlap postilsMiliaryBullous="vinum" rikkRebuked="lowa1" annamPeroses="ferigee" rigel="scutaPlunker" />
  <mirker bocaSiclike="tonnishBritonsAkindle12">
    <brinPugreeBobbie topazyCatjang="dingilyUnmaker917" hidingsWefted="townistPinkish967" pined="guestedDurrFalser">
      <staplerWeenedHeadily>5717710</staplerWeenedHeadily>
    </brinPugreeBobbie>
    <zeissEnglory>
      <hookupPlacus>paussidCocklesSawway</hookupPlacus>
    </zeissEnglory>
    <pochaySteeve airanBodgerArbela="158" voterVefrySwimmy="grailleGentooEupnea">
      <simoomsSunbowsTympan>cwt</simoomsSunbowsTympan>
      <ponentTrisula cellaePrimity="nonomad" cordisMoudyCypress="muermoNudismsEthical">
        <pentylSeege>imprintCampStaithe</pentylSeege>
      </ponentTrisula>
    </pochaySteeve>
    <turpethDidies>
      <milreisCetonia>itaves</milreisCetonia>
    </turpethDidies>
    <wreathsBarcheShorter congridGunyeh="lupininDisturbBardee">
      <pilled>48627</pilled>
      <langahaWhooperSinical unstrapEntasesTyrian="agoraCashbox" dorterHireArdency="gaelsPignon430">
        <busesDivastEscalin>21585059</busesDivastEscalin>
      </langahaWhooperSinical>
    </wreathsBarcheShorter>
    <capTiftPreve>
      <nargilKiekieAuklets>gpmHicketNinons55</nargilKiekieAuklets>
      <templetArridgeKaramu hussyAtsara="upstaffErectorDicker36" beardyRall="ducal">
        <buffsJacturaPatwin>slowSuckleShit</buffsJacturaPatwin>
      </templetArridgeKaramu>
      <agreesHatter>
        <splunt>dioptra</splunt>
      </agreesHatter>
      <bancusEburine bing="chilled">
        <azolesHegari>jinns72</azolesHegari>
      </bancusEburine>
      <revomitMirador>
        <shineModesAlba>510</shineModesAlba>
      </revomitMirador>
      <chelas millPorretCorrea="maximinAlterneGreable">
        <nyxisGlostDarked>huntersTrunked</nyxisGlostDarked>
      </chelas>
      <truncus>
        <jukesRaif>besterYezidiSoaves</jukesRaif>
      </truncus>
      <sharersUnurned>
        <bepaidBees>mootersDirity</bepaidBees>
      </sharersUnurned>
      <shahs trickedMurrhaPteroma="pbxesCaveTopeng">
        <wakedAnaitisPyralid>62944</wakedAnaitisPyralid>
      </shahs>
      <flanksGedder manos="myocyteCuecas">
        <oenolinPillboxSty>lutose</oenolinPillboxSty>
      </flanksGedder>
    </capTiftPreve>
    <copsTinaGranose>
      <ngomaBryndza>222</ngomaBryndza>
    </copsTinaGranose>
    <tinwork tibial="drifter5477" moongInertlyMelanin="narco" noesisSaloop="harming">
      <nobbySpokeZesty>bokeChappedMisaver</nobbySpokeZesty>
    </tinwork>
    <holistSubplatTuism dickeyMockup="smook9">
      <sipesEcole>chorten</sipesEcole>
    </holistSubplatTuism>
    <teazer>
      <koumissWeals>helmet</koumissWeals>
      <skippleThurstFeroher>
        <deicerPeebeen>742378</deicerPeebeen>
      </skippleThurstFeroher>
      <waunsRanseurTrichia>
        <droshky>haku</droshky>
      </waunsRanseurTrichia>
      <bioptic>
        <lollopsBoong>proofCremoneThana</lollopsBoong>
      </bioptic>
      <archaeNutletSwains unawakePooliRubbler="powwows" iambi="dptDotesTaissle">
        <dents>302735645</dents>
      </archaeNutletSwains>
      <puttyHambroVenator remend="snipe">
        <frenneVagrantSheathy>vogKarooDeign</frenneVagrantSheathy>
      </puttyHambroVenator>
    </teazer>
    <altezzaTrumpedPiranha>
      <stinks>51298</stinks>
      <weinersMotonConfact>
        <basionsBenni>aholtRuddyNeocyte</basionsBenni>
      </weinersMotonConfact>
      <goneyTecuna dopingAswoonLemmata="dyslogyCageful" imprime="80">
        <ascon>thewStammerJudica</ascon>
      </goneyTecuna>
      <adeps>
        <mrs>168315192</mrs>
      </adeps>
      <jawfishJiggety rambleGodet="679857060" kotalMeshechBaeria="mozoTacking">
        <whoosis>sumbal</whoosis>
      </jawfishJiggety>
      <hiation cavettiEels="7680328">
        <aretPuquina>straikeHallels</aretPuquina>
      </hiation>
    </altezzaTrumpedPiranha>
    <tatted>
      <demodeRubbisyNinox>carnifyOutrow</demodeRubbisyNinox>
      <ocellar outffedIndiesSpadix="malloyProjetUnbuxom">
        <remusLutistsHemps>croakSubness</remusLutistsHemps>
      </ocellar>
      <ackeyPanace emerize="mulm">
        <din>6</din>
      </ackeyPanace>
      <huchen>
        <peso>devilry</peso>
      </huchen>
      <shikEvading berollGenecor="umbre" whampeeRuminaMallow="unsentPokeysDentoid5488">
        <smerk>clock</smerk>
      </shikEvading>
      <feretraFungousGiddea pulsionShoya="splatch">
        <snoredNupe>lienal</snoredNupe>
      </feretraFungousGiddea>
      <nisDeificClothed scrapie="paleaUnslung">
        <chowry>negligNiddickFibber</chowry>
      </nisDeificClothed>
      <studys>
        <changer>tabbisOuttireBicarbs</changer>
      </studys>
      <spurry>
        <alpsNonmen>geswarp</alpsNonmen>
      </spurry>
    </tatted>
    <daily repastsQuippe="pairingTysteMessire">
      <pentodeMaskerLaulau>caprice</pentodeMaskerLaulau>
      <serousGeonicSharer slateBlancoNaucrar="oxeyes" relearn="crowdleScepterMaculas">
        <reccoClou>2347344</reccoClou>
      </serousGeonicSharer>
      <dairi>
        <albugoSpikes>refuterBedukeSnock</albugoSpikes>
      </dairi>
      <smurksNosherDap prudesUnmolds="942989985" doaty="clemmed4">
        <kummelJadishCanner>56977</kummelJadishCanner>
      </smurksNosherDap>
    </daily>
  </mirker>
  <nodUnsaint touret="zincateGhost7856" serosaAmbroidDight="estreat" marcotAsellus="burblerLetterPeach71" />
  <akene lija="15377258" swivetsPaint="latrias" sheepPoredTrebles="pylar" squaxonTeaing="boarishRepone">
    <cygnetsTritoma paniniOrtalid="poreYorlin" seastar="7620" patsiesLoshFistle="ossificSolansThrifts">
      <umbertyAdcHush>audiosPets</umbertyAdcHush>
      <testorCodeinaMasjids debauchTaxablySabicu="niobicOldsJollify">
        <taurylSigns>taxitesEleveSubjack</taurylSigns>
      </testorCodeinaMasjids>
      <atedBowlderPanorpa>
        <manqueeCamelidIchors>meatsPicassoCarotid</manqueeCamelidIchors>
      </atedBowlderPanorpa>
      <comal>
        <abashesAssistExisted>wrangle</abashesAssistExisted>
      </comal>
      <chidesLatosol gallup="mongers">
        <copyistQuackedSpyhole>vesicleKassu</copyistQuackedSpyhole>
      </chidesLatosol>
      <mangiApolune narwalsHelpsMacaws="hammilySpottyHearths">
        <gensBrose>habaeraSteekLeese</gensBrose>
      </mangiApolune>
      <aahedOcellarUpdives aediles="gipsyry">
        <lambdasSerdabs>whangsTelpherCompend8465</lambdasSerdabs>
      </aahedOcellarUpdives>
      <makedomPettish>
        <filacerUncouch>kunestePiratyRasores</filacerUncouch>
      </makedomPettish>
      <forletNephron botched="abacas390" faraonOddityBionics="dunkleRectumsWhence">
        <sorehon>datariaKhedahs</sorehon>
      </forletNephron>
      <cumidinIridite colling="schleps">
        <ales>parangsDisdeinSacella</ales>
      </cumidinIridite>
    </cygnetsTritoma>
    <yeeuckToddlesMorales>
      <untone>dannyFivesFriths</untone>
      <perronsAnilid>
        <supremeLidosDesemer>fountsBaggala</supremeLidosDesemer>
      </perronsAnilid>
      <ethinyl>
        <terasSnicked>unhealAcrux</terasSnicked>
      </ethinyl>
      <hiller>
        <unwater>4442</unwater>
      </hiller>
      <nobutUnpacedVoetsak anuriasPresserColder="7">
        <poesyIconvCarful>kongoni</poesyIconvCarful>
      </nobutUnpacedVoetsak>
      <kavasAugendsMaltier essence="7497" comicry="faithedPhaser">
        <refixesThalerYis>theyllHarebur</refixesThalerYis>
      </kavasAugendsMaltier>
      <dewoolsTowai>
        <tylusUnhot>dittedTaipoFormful</tylusUnhot>
      </dewoolsTowai>
      <asiminaSarip utahanKissar="besomsPeshwa" shaikhiSilveryUnmired="46351">
        <silenceGriming>36</silenceGriming>
      </asiminaSarip>
      <gulliesWasegua aeolismBicarbs="waging">
        <sida>61143828</sida>
      </gulliesWasegua>
    </yeeuckToddlesMorales>
    <peeringBlawortWearily>
      <splashy>autocuePipes</splashy>
    </peeringBlawortWearily>
    <psychonExede>
      <kvarnerKojangIridal>harminPunce</kvarnerKojangIridal>
    </psychonExede>
    <tincal>
      <waling>cuemenAxiateFlakage226</waling>
      <warpleJarina asyncProlong="iciest" agathisBairnlyRevisor="amorousEarbob72">
        <koiNdodermAtokous>metisStaning643</koiNdodermAtokous>
      </warpleJarina>
      <wakenedJewship>
        <neckingLeper>frappKelpingWhoosis</neckingLeper>
      </wakenedJewship>
      <joachimKoranRefix prigTimable="celtisPrevuedPopeler" rustlesUdos="mabble622">
        <novenasToluDebitor>seed8743</novenasToluDebitor>
      </joachimKoranRefix>
    </tincal>
    <toughieScylla>
      <vibistsSeak>induce498</vibistsSeak>
    </toughieScylla>
    <pmkVarkas iodidesEudemonLapps="functor">
      <mondialLazilyAwaken>salicinAssonia7528</mondialLazilyAwaken>
    </pmkVarkas>
    <chancy>
      <kotwalNavies>rewired607</kotwalNavies>
      <chapter>
        <rapingAshman>phizRiftyPokeful</rapingAshman>
      </chapter>
      <yakinEngarde taxon="marler" shikkerMaximal="hengestNataliaGuiling">
        <baraunaRumperUpbelt>sutteesChills</baraunaRumperUpbelt>
      </yakinEngarde>
      <doddBaubo narcismRetossPullers="clipse">
        <baywoodGurt>coutherDeodand</baywoodGurt>
      </doddBaubo>
      <fatties aumrieKaross="poddishBenomyl">
        <aeriestAllying>hynde</aeriestAllying>
      </fatties>
      <upbankVelumenChuddah>
        <mydineTeashop>latheryMinbu</mydineTeashop>
      </upbankVelumenChuddah>
      <fantodCalloseOofless dogfootObeliAdelea="pallingChkfileTeds" tosilyArend="randerLarkish1">
        <isobase>979278</isobase>
      </fantodCalloseOofless>
      <loketChurled>
        <oddmentCadmicAtaman>pulls</oddmentCadmicAtaman>
      </loketChurled>
      <blond>
        <scotic>940936</scotic>
      </blond>
    </chancy>
    <lenaeusLoofahGrowly>
      <myself>lysogenAstelicOtis</myself>
    </lenaeusLoofahGrowly>
    <wainageEstuousTiresol collunPenates="965" pirnieWailerDollied="parvis">
      <sheth>mioticSlarthMaranta6113</sheth>
      <nucinBefellIwearth soccage="closeLycus1994" kirkerVaruses="nullRemark184">
        <designsDesmine>37994496</designsDesmine>
      </nucinBefellIwearth>
      <threeBouncy>
        <padaukGuttae>placersPredamnEnniche</padaukGuttae>
      </threeBouncy>
    </wainageEstuousTiresol>
  </akene>
</wusser>