<?xml version="1.0"?>
<youngthTibbie>
  <nestGefilteBetread falda="bomboraAsemicGalyak1" clerkly="budzat3924" caliver="150482419" montonOfftake="shrideKiwanisLounges">
    <wahlundNagaBibble>
      <tiffanyPandits>howlsMagots</tiffanyPandits>
      <peapod xylolsVerier="cometsTochers">
        <kateBurlapsOpahs>auanticEducingMumbler30</kateBurlapsOpahs>
      </peapod>
      <harr>
        <kinkier>asportWeenie</kinkier>
      </harr>
      <wherebyPlowed tyburnProceed="gyal8736" scaled="magnum">
        <dopingLesions>duopolyWuzzle</dopingLesions>
      </wherebyPlowed>
      <agrinElsinRouters donzel="turgent" someoneLalang="abush">
        <stoorey>1866</stoorey>
      </agrinElsinRouters>
      <freityHakuUncaped>
        <toggerKhella>untireLewisesSeparte</toggerKhella>
      </freityHakuUncaped>
    </wahlundNagaBibble>
    <swoonCoasts>
      <layshipHoodyTiptilt>16</layshipHoodyTiptilt>
      <litui bedpost="napless" resoilTagragPatamar="rhumbMaltol">
        <lintenLoment>tidKeena168</lintenLoment>
      </litui>
      <appayStrewer>
        <uncampBatikerOozing>dispelsBlabby</uncampBatikerOozing>
      </appayStrewer>
      <seton aminCludder="cepous">
        <dopasLessens>siddhaDowlas</dopasLessens>
      </seton>
      <psizeUnaloud chromedToluolSaanen="outeyed249" outflyPaysPortray="115056">
        <wobblerLunata>7254</wobblerLunata>
      </psizeUnaloud>
      <pairs whereatMagas="fireCardecuChs">
        <weirdly>sparmNoonlit</weirdly>
      </pairs>
      <soshRaggedyVanned antingMuskits="rampole" molsPeelsAnlia="ranjitSupperRevoir">
        <taggedFingers>miqraAnoxicXiphoid</taggedFingers>
      </soshRaggedyVanned>
      <poditicCating embarksPersistValeric="karwarRazziaMilvus">
        <milieusDennet>tache</milieusDennet>
      </poditicCating>
      <tannageEolePanada gypsyTeerTatusia="109">
        <carissa>clottyGunshotStroyed</carissa>
      </tannageEolePanada>
      <roupetVelitesBrattie>
        <peke>bletheBivial5468</peke>
      </roupetVelitesBrattie>
    </swoonCoasts>
    <jollilyHormicFucuses curding="nosey32" fikhAnchory="ugsomeAmain">
      <shingleEtoiles>biotaxyWizzenPlusher1</shingleEtoiles>
      <leechedTapholeStail>
        <ranterHeiress>semiticHinch</ranterHeiress>
      </leechedTapholeStail>
      <boubasBagoongSurat>
        <foes>qabbalaChosingStriola</foes>
      </boubasBagoongSurat>
      <barit mdseMaddled="tuftingCretinsMyiasis">
        <coilingMethodyEspec>eadiNotrePrefab</coilingMethodyEspec>
      </barit>
    </jollilyHormicFucuses>
    <hile dandlesMiliaMarmite="limnsUnship" serawVomica="reshearSponsal" rosetumClinkumLilts="lacticHokingFleury">
      <hoodmen>bersilWishingEpicure</hoodmen>
      <disroofTrails>
        <dryest>alliageRubbingPantile</dryest>
      </disroofTrails>
      <valvesBlankerSeskin soapierBaste="carbeneRunawaySeptoic">
        <ashamnuTrompes>barwood</ashamnuTrompes>
      </valvesBlankerSeskin>
      <diadem>
        <urbanLeeMacules>grydeReactor</urbanLeeMacules>
      </diadem>
      <throngArado gudok="gymnicsSovransRhodes" direfulPottersCatalos="spider">
        <guarishPottlesLurdane>heftedGnatterPunches</guarishPottlesLurdane>
      </throngArado>
      <livedoEscoutLites kagosPreteen="chettikBennel">
        <dokeBrangle>quartes</dokeBrangle>
      </livedoEscoutLites>
      <cuisten dirtiedPimlicoBurweed="gerimBirdersFage">
        <urbaneJunkiesAcracy>viscumEnface</urbaneJunkiesAcracy>
      </cuisten>
    </hile>
    <mev linusGarageDensus="tetractGobosManify">
      <genesicPlasmaEnacted>fizzlesAbash</genesicPlasmaEnacted>
      <odallerJernieYocks sucuriInswingSpart="3739">
        <reshoe>4560396</reshoe>
      </odallerJernieYocks>
      <naysayApachesLuggers antevaBarken="apiinLegit" ramekinParquetInolith="gestapoRopersPelotas">
        <swowOriels>6</swowOriels>
      </naysayApachesLuggers>
      <deblock>
        <aegean>70</aegean>
      </deblock>
      <nappaLeggin>
        <tornadoTeacup>declCrowdie</tornadoTeacup>
      </nappaLeggin>
      <cedricMotifs melvieBejesus="7750">
        <tuathEmanate>tentureIndoinEnstyle</tuathEmanate>
      </cedricMotifs>
      <cupelerTensitySlatter bemercyInfoundWeavers="pusscatTuskingProp">
        <unquit>2</unquit>
      </cupelerTensitySlatter>
      <fagalesUspoke hornifyTossedZygoid="puppiedNameOndule48">
        <rhilaSmerks>439900</rhilaSmerks>
      </fagalesUspoke>
    </mev>
    <bootfulResalesCoadmit canasta="277040" toupeedNapuXyst="teepeeCrooch3">
      <mixedlyFuzing>tampoonAldine932</mixedlyFuzing>
      <wascoLambes terata="boffinSandhya" rambledSowder="707280561">
        <begotTetrous>48453418</begotTetrous>
      </wascoLambes>
      <fights valourShriteLois="reboilsWadmelsClastic">
        <galeenyRewish>startupLewBeery</galeenyRewish>
      </fights>
    </bootfulResalesCoadmit>
    <tiredlyWobbly>
      <herbary>startedSteamerGrunzie</herbary>
    </tiredlyWobbly>
    <boats>
      <entail>pechiliBoxhaulWharves2</entail>
      <juraDubbaBoarded reverso="kedgerUnadoptThoric">
        <czechic>keckles6</czechic>
      </juraDubbaBoarded>
      <winkingShonaIncomes fightsSheeveZayin="polloiGaurs" zincTramaPyx="4825">
        <alexineAvoided>shalom</alexineAvoided>
      </winkingShonaIncomes>
      <hewingTrinely comitiaTeatsRunted="cater" unclewCoingUnlimb="hooters10">
        <mosserySkere>7892</mosserySkere>
      </hewingTrinely>
      <ohmicAguara heptace="sampledRullockHavel6">
        <rattusWhin>octylsBenson</rattusWhin>
      </ohmicAguara>
    </boats>
    <nonnatPrices>
      <cevicheFaconne>valvedFondusBorne</cevicheFaconne>
    </nonnatPrices>
  </nestGefilteBetread>
  <witling fraying="220661395" lilly="gazonUdal" edpSubnets="inwovenUnused" />
  <stirpsZionistCornuto wakanDurablyCordal="touristLoweredPenna741" agcy="letuare" />
  <epeiraMoplahYojana gummaXenial="stencilChoomEdeitis">
    <header eyelidsNepheshSpecs="baratNarky1668" ionomerSatinay="homeown" theahCupulae="phymata">
      <novices>nadder</novices>
      <needler>
        <outhitsAnonJetter>incusConical</outhitsAnonJetter>
      </needler>
      <fusty herdmenKillcu="warrauHubHempen">
        <grinds>8</grinds>
      </fusty>
      <salpas kulmetHalicotLamna="fuscous">
        <barkersStatic>cornuleEmail</barkersStatic>
      </salpas>
      <archealRecanes ataxiaStuff="privityWurstsRenule" mohalim="385314">
        <reefierCyclaneLurdane>6</reefierCyclaneLurdane>
      </archealRecanes>
      <revomitGreeks jasy="routingExcess">
        <fittage>comoxPropriaCivical</fittage>
      </revomitGreeks>
    </header>
    <antigunRiffianBrewing>
      <rulingsPulli>scalar</rulingsPulli>
      <creWeeningLabret>
        <pallsTroop>cuddyCromHenry</pallsTroop>
      </creWeeningLabret>
      <cowling nablasIdeist="reet" vardyOrbBairdi="wilfred">
        <badness>swartlyHostler752</badness>
      </cowling>
      <wolfmenCaisseSklate>
        <scenaFoalingXylidin>trompeCart54</scenaFoalingXylidin>
      </wolfmenCaisseSklate>
      <tangs>
        <veil>poucePhiz</veil>
      </tangs>
      <puggierAcopHanged trundle="6189">
        <revoiceBeaksHevi>891008</revoiceBeaksHevi>
      </puggierAcopHanged>
    </antigunRiffianBrewing>
    <cahuita>
      <brazeeFohatUltime>4691172</brazeeFohatUltime>
    </cahuita>
  </epeiraMoplahYojana>
  <umbrianMaratha writter="totyWabuma1121" nilledWeeperDibber="285" thriveSculperAuscult="pawPrides14" saddledAphthaeAdermia="limoIndear">
    <tsubaFittily>
      <embark>outledCalandoClacked</embark>
    </tsubaFittily>
    <molluskPreteen>
      <nervuleFunic>1</nervuleFunic>
      <baniOpaline poyQuiring="boeoticSusans7876">
        <tirribiPremix>diebDozenerWoulfe</tirribiPremix>
      </baniOpaline>
      <comitalHelion>
        <towsonDrop>mommaKalon340</towsonDrop>
      </comitalHelion>
      <tyrrKnarryCentrum dearthsUnlousy="943303" succubaMatedCult="quottDivisor">
        <yiltNeoned>faisan</yiltNeoned>
      </tyrrKnarryCentrum>
      <journLincolnFelsite kiltsWakas="lipse740" briskedPottlesEigh="boccale">
        <litheSubtoneImmerse>280847724</litheSubtoneImmerse>
      </journLincolnFelsite>
    </molluskPreteen>
  </umbrianMaratha>
  <pars>
    <bullousCerevis>
      <uncast>huacaCirrate155</uncast>
      <miswritImprestPoetry cack="oneryAburbanHazzans">
        <uptilt>5</uptilt>
      </miswritImprestPoetry>
      <zoonaFating ovisToliteRevery="goldest">
        <scanceClashes>ordealHaithal</scanceClashes>
      </zoonaFating>
      <lunel>
        <dreintElating>634849172</dreintElating>
      </lunel>
      <pewtersPommeyHomard>
        <mellowyRomulusSheuchs>eonismsVestlet</mellowyRomulusSheuchs>
      </pewtersPommeyHomard>
      <quisbyAtokous blatterBustingSkatole="glutteiCorbleuEndable" esproveYouseGidjee="brugesManbriaChibouk">
        <fanyBosherAta>canopidJoys9</fanyBosherAta>
      </quisbyAtokous>
      <rangier muttsFyce="24582">
        <riyalDimeterSpanish>ferrerHask1982</riyalDimeterSpanish>
      </rangier>
      <subraceAssayer baregeMachete="grummerRenuPsi">
        <reshareBurgsBattens>wheenXenomi</reshareBurgsBattens>
      </subraceAssayer>
    </bullousCerevis>
    <ulpanAsaddleRehook>
      <alerse>506992512</alerse>
      <deskill neiperRaraKurd="zootaxyLichens" rewinsSaningDefuse="26334917">
        <unscalyDeafestWiste>lambdaSaqib</unscalyDeafestWiste>
      </deskill>
      <slews>
        <medusas>binderDrapingSanctum</medusas>
      </slews>
      <pyrusPhonics rebrown="636" revoke="sauceryBikes3">
        <quayedSorance>phoresyBatting</quayedSorance>
      </pyrusPhonics>
      <ansaBranded>
        <formlySwarfer>eagresNumenYeather</formlySwarfer>
      </ansaBranded>
      <smitterGnetums cymriteHawHumetty="mutableWincey5">
        <doffBinocle>69448582</doffBinocle>
      </smitterGnetums>
      <buzzing drekVoiles="lerRenegBabbly">
        <taximanFittedSmore>judaicNoticed</taximanFittedSmore>
      </buzzing>
    </ulpanAsaddleRehook>
    <sandbugCanchas>
      <criollo>linalol</criollo>
    </sandbugCanchas>
  </pars>
  <schuhe ashramaMadiga="ynambuGattenMixtec" tuttiesLent="tyloticPanaceaDekle" barkedUdic="120">
    <siam>
      <marish>wallon</marish>
    </siam>
    <outwickJocelinBollix>
      <ripper>fessPlanful8</ripper>
      <tufts ozophenSargeSleave="mopeier5" succoth="tibey">
        <surplusWynds>bancoTeedAmasta79</surplusWynds>
      </tufts>
      <orpineEmbusquBid zonurid="2" carbeenTipster="amadan">
        <rugoseGliaGallfly>alloMynaBetakes</rugoseGliaGallfly>
      </orpineEmbusquBid>
      <enrol rhaDrysne="hogtonDeburse31" ginnThrouJotters="vallies">
        <insiteCotheHalves>ednaFounder</insiteCotheHalves>
      </enrol>
      <exalterChurm>
        <wardmanDiacidSurra>choakCcwPeles</wardmanDiacidSurra>
      </exalterChurm>
      <newishRandia corpsHapperScare="sahrasChrist">
        <victorsCopes>9111</victorsCopes>
      </newishRandia>
      <vangsDayton>
        <heedfulGroinTornesi>9551057</heedfulGroinTornesi>
      </vangsDayton>
      <biffsScintilBunked madrilLoathePlaga="palpsGlozeTouart720" cornyInhumed="rifestGeckoesCassone">
        <fonsTabogTesuque>natronsTrudy8</fonsTabogTesuque>
      </biffsScintilBunked>
    </outwickJocelinBollix>
    <falcerFlayPalour>
      <ipseOutwakeContos>capriSonovoxPiewipe</ipseOutwakeContos>
    </falcerFlayPalour>
    <chamferSaumonEducate>
      <gellingPavanTwankle>8</gellingPavanTwankle>
      <gillnetJiber roan="natesAnonymKylikec" remoldFenksSenhora="kabarsFerrous">
        <cashewPoiesis>oleinsCourtalHoneys</cashewPoiesis>
      </gillnetJiber>
      <copymanIcespar>
        <sharraCrudy>1785</sharraCrudy>
      </copymanIcespar>
      <noologyTuyere keelie="shul" sokulk="apples9">
        <minowPudsy>exine64</minowPudsy>
      </noologyTuyere>
      <hisself juglansAurene="pilikiaMoloch">
        <nicaeanPiasTaipans>nablaGremialFrons61</nicaeanPiasTaipans>
      </hisself>
      <meatus>
        <jetons>glaiketHauteur</jetons>
      </meatus>
      <bimaneWeensyDating didderUnburnScenes="estivalPiewifeWedgier4653">
        <baneful>mucosaSassyVenefic</baneful>
      </bimaneWeensyDating>
    </chamferSaumonEducate>
    <ossicle>
      <tuskingDeviseWham>9840</tuskingDeviseWham>
      <poh>
        <gemotGrozet>curtlyBaalistUncoop</gemotGrozet>
      </poh>
      <canzoEnnoicPrius freresAiver="7790">
        <valerylEmraudSaligot>aggie9</valerylEmraudSaligot>
      </canzoEnnoicPrius>
      <katikTirrlieAnthrol latoun="mournerStymied5638" strayerRechuckTuzzle="rewedsPeddles62">
        <curvyUaraycu>61591</curvyUaraycu>
      </katikTirrlieAnthrol>
      <anearCorbe wauledRetimesBeaten="humoursEniacBhil" scrank="75">
        <labroidCeylon>9848</labroidCeylon>
      </anearCorbe>
      <amoks foxeryStanderBasilar="melene">
        <rongeurBeelbowAlisp>qiyasEgadLukely</rongeurBeelbowAlisp>
      </amoks>
    </ossicle>
    <fattestProxysm>
      <toxicon>rhizomaMatsuPolyzoa</toxicon>
      <mutined>
        <cantlesAgritosHyraces>flues</cantlesAgritosHyraces>
      </mutined>
      <railerAvers limnUnqueme="yid">
        <objectsCronetAranein>washrag</objectsCronetAranein>
      </railerAvers>
      <mistily grylleAmmanMayas="lintieGibberLippia" woolers="runnyLoupFanam">
        <nadaPalletIdigbo>shakilyThecium</nadaPalletIdigbo>
      </mistily>
      <momismsDeveFarer>
        <indues>overwetLourieKong</indues>
      </momismsDeveFarer>
    </fattestProxysm>
    <fronterBirriBylaw>
      <misbedeShims>decried</misbedeShims>
      <calydonAngoiseKaffirs allodyGoneCalla="darken">
        <colicin>5</colicin>
      </calydonAngoiseKaffirs>
      <hexonicAghanVejoz gunja="ramblaErgot" kabyleLaves="dustedPalSailer">
        <joropoFlippedAsmoke>17080685</joropoFlippedAsmoke>
      </hexonicAghanVejoz>
      <spetchRadeauPulu exostraCircsCollars="abbe">
        <tensasKalianaEuthymy>ilkane82</tensasKalianaEuthymy>
      </spetchRadeauPulu>
      <calve peke="82077296" milleGeoduck="zeatinIntrantThereto">
        <presellMulattaBlintz>uvalhaRhemeProker</presellMulattaBlintz>
      </calve>
      <hallierObeysReciter>
        <halters>quircalNiggun</halters>
      </hallierObeysReciter>
      <miraclePixyFanatic>
        <overhipSlinker>afernanQuilted</overhipSlinker>
      </miraclePixyFanatic>
      <exhaleBumpilyLimits myel="35689167" potsie="oblata">
        <piqueroHoddin>aliyaWidenedEspave</piqueroHoddin>
      </exhaleBumpilyLimits>
      <repinedKang gotchSaunasPercoct="limsyDacoity">
        <asoniaMouton>ujiMalteds</asoniaMouton>
      </repinedKang>
      <oceanic redupl="964099390">
        <buriedSooreyn>plfSchilluPrating</buriedSooreyn>
      </oceanic>
    </fronterBirriBylaw>
    <gunwaleYawedPlowman>
      <nonbusy>3255</nonbusy>
      <farmy cooee="587499">
        <donnas>oboles</donnas>
      </farmy>
      <javelotFlewedUpset signeur="kanae3962">
        <jussel>roplochWafters</jussel>
      </javelotFlewedUpset>
    </gunwaleYawedPlowman>
  </schuhe>
</youngthTibbie>