<?xml version="1.0"?>
<rewaxedScrewyZedoary>
  <cortileBhangi inkerHyppedWaveys="roteFloyd" ferulesFishpotCapone="zwitter" inlying="solazziEphetaeRococo9270" />
  <naiveBlumingDancy finalesClownedHective="tres" ogboni="agaroidSliverHamites">
    <gulp overnetTownmenTalcous="gweduckKansas305" clock="73554">
      <serawHostly>akvavit</serawHostly>
      <reamassSyncarp recanesRissleJibbers="terrPremie19">
        <pinyDates>pterisProle10</pinyDates>
      </reamassSyncarp>
      <pottDivertsHenpen saperdaWinklet="heilsSkyless">
        <gwantusExamsTeases>rollersBegum</gwantusExamsTeases>
      </pottDivertsHenpen>
    </gulp>
    <fennyRouth>
      <elect>torsten</elect>
    </fennyRouth>
    <alswithBiont>
      <walling>pussesShredCarving</walling>
    </alswithBiont>
    <feistBionic>
      <chamianDammingTermon>irisateUntipsyKusan</chamianDammingTermon>
    </feistBionic>
    <scrutoSquirr>
      <bettaJargonsRotates>dicingGess5128</bettaJargonsRotates>
    </scrutoSquirr>
    <tertiumMatts acuate="nebulyBertrum" bord="63482269" ionism="stookDullardForche">
      <niseisDeleteSuffice>feijoaSubbandHaircut37</niseisDeleteSuffice>
    </tertiumMatts>
    <sattarMaroons lap="341" remailDelatesPlotful="pewtery">
      <cheezitGayyou>521664922</cheezitGayyou>
      <polkMooing>
        <mitingSkhian>pingler</mitingSkhian>
      </polkMooing>
      <lairdsCleomeHexyl>
        <videturClamsChomper>jaggedBrasilScarid</videturClamsChomper>
      </lairdsCleomeHexyl>
      <zealful>
        <toopPherkadLenders>emicSpeiredCurette</toopPherkadLenders>
      </zealful>
    </sattarMaroons>
    <inganDhuti>
      <waiguliDurbars>backers</waiguliDurbars>
    </inganDhuti>
    <madamsBanffExurbs>
      <dackerWobblerPlasher>vial</dackerWobblerPlasher>
    </madamsBanffExurbs>
    <doolie>
      <relique>sorry</relique>
    </doolie>
  </naiveBlumingDancy>
  <paracmeMatlo />
  <pipaCuraraQuarto shramDivinedGlacier="tacomaAudioKisser" yogees="106036062">
    <faculaStunned>
      <liparisPilikia>pendle</liparisPilikia>
      <fylkerLevenGilpey>
        <synoekyMaggotShabble>ledumLabefy3816</synoekyMaggotShabble>
      </fylkerLevenGilpey>
      <daybed>
        <fondestHoppingMikron>manrootHermHarelda</fondestHoppingMikron>
      </daybed>
    </faculaStunned>
    <quayedCoke damara="tablerBalteus" anomalTsoneca="unbusyVennelMaker" knavessBlesbok="epongeVeineryOpelu">
      <hemalObtainsNaiskoi>glaga</hemalObtainsNaiskoi>
      <ungrandMislike tutor="hassingEmeroidSpivs">
        <byplayDarii>pleiads</byplayDarii>
      </ungrandMislike>
      <plough>
        <video>dermaPyxisEmbargo</video>
      </plough>
      <gidsChange dozzleAlbumsMeddle="viscinFload" ventageKasbah="21">
        <searer>suentMooedShlep6846</searer>
      </gidsChange>
    </quayedCoke>
    <rivers jowlManway="2099" cowboyPustule="tiding">
      <ellagic>235420489</ellagic>
      <domainsAboral rancio="zoccoCupule">
        <conkyGenaeChopper>tippet</conkyGenaeChopper>
      </domainsAboral>
      <swarferPituita>
        <didiesManless>cheekShimper</didiesManless>
      </swarferPituita>
      <raptlyScrob toitishPairt="upframe" weaveMurinus="19786">
        <jeannie>eclegma</jeannie>
      </raptlyScrob>
      <nowhenFlosses loculiPawkierAwn="lantcha" radIntake="exxonHonour">
        <floyt>tetrous</floyt>
      </nowhenFlosses>
      <greenukWhorlyFlocks epibolyReamend="323">
        <cpsWoolert>adduBrechtDirndls</cpsWoolert>
      </greenukWhorlyFlocks>
      <apelingStricksAwny psalmyDweller="mackins" hingersDobbinDiffers="uncrimeRustreJellify29">
        <sahmeFlashes>7</sahmeFlashes>
      </apelingStricksAwny>
    </rivers>
    <percid>
      <turkmanMenoTiffing>tuyersCodlineEntrike</turkmanMenoTiffing>
    </percid>
    <sitao>
      <bestock>380898081</bestock>
      <unultraResists>
        <frondeAmpereNylons>projet</frondeAmpereNylons>
      </unultraResists>
      <loungerBlintzPicein>
        <naibAdawlutColumna>piaffed</naibAdawlutColumna>
      </loungerBlintzPicein>
      <parousOrra>
        <carissaSouchieHerl>soccersStapes</carissaSouchieHerl>
      </parousOrra>
    </sitao>
    <unicornLightenTermors>
      <mutist>futtahAwnings9498</mutist>
      <habitue mentionMarietElite="snoke" engrasp="57">
        <heartenRussianFit>woundyChar</heartenRussianFit>
      </habitue>
    </unicornLightenTermors>
    <urb>
      <cymlinsRiffi>prebillMartiteBullier</cymlinsRiffi>
      <oreadMedula friskerPetrary="omnistRecheat">
        <smithsPlumage>62424552</smithsPlumage>
      </oreadMedula>
      <luging vialsQuireSouses="trenton" satara="blakeAnima">
        <haumTwirlerPipi>phonilyTrisulc</haumTwirlerPipi>
      </luging>
      <alpSiddur lehayimClinicsLader="plunged5186" mayfly="nikonVentersProwl">
        <anarchoRusksBaddest>papricaRectal</anarchoRusksBaddest>
      </alpSiddur>
      <castanoInitioFlinted>
        <palmistAeonistTorii>reastyBugler</palmistAeonistTorii>
      </castanoInitioFlinted>
      <vulturePebrineStreel animistJacent="owedFixeMommer" cumbleHurlies="8">
        <fusee>omitis</fusee>
      </vulturePebrineStreel>
    </urb>
    <poked>
      <retagAthyrisBouget>meaul</retagAthyrisBouget>
    </poked>
    <moormen>
      <refan>enrheumAdience</refan>
      <fierteAxel enentPea="troveGrayfly">
        <sneckEyeish>8</sneckEyeish>
      </fierteAxel>
      <milseyLarkers>
        <spellsScallsKelpies>rheidaeTopsy</spellsScallsKelpies>
      </milseyLarkers>
    </moormen>
    <curuaMorraHylas vigiasLimma="founZymic" asherimCholickBaidya="spital2514">
      <mortier>caamGradusKallege</mortier>
    </curuaMorraHylas>
    <haffetsDisfenJina helideTrameFalun="kethibhRosinedWoodman">
      <gourdBlatti>texasesGollop2</gourdBlatti>
    </haffetsDisfenJina>
  </pipaCuraraQuarto>
  <unblessWishesSalma extrait="belches" twigs="anyhowAimless" aimfulPommadoJayvee="brassicMuscose" perseus="luckly" />
  <inconelXintAidmen cotidal="84409" macers="4185266" abrinKorova="lazaretBuntal" freresCoddler="reseat751">
    <forbad>
      <mootingAhmed>worbleArmy</mootingAhmed>
    </forbad>
    <navarchDesistsObis>
      <upherFalters>matrixSennetsAfghani</upherFalters>
      <yaourtJowpy>
        <blocsSachet>faciendHickway</blocsSachet>
      </yaourtJowpy>
      <dhak mercatCuba="millierFoehnsRaglan">
        <mopiestMasonerAcremen>myrtalDuhrTavern66</mopiestMasonerAcremen>
      </dhak>
      <devotaGeom warlApsisYox="fixures" seljukFlaught="unwoveHyposArad">
        <musculiBurgles>9538627</musculiBurgles>
      </devotaGeom>
      <overdoInustRockets agatineKanaeReport="muggierOransUrus" palazzo="451923398">
        <rhinionToquets>21008098</rhinionToquets>
      </overdoInustRockets>
      <moropusGimme betrend="unbrickBecheckInmew9897">
        <dozers>pupidaeUnfancyLeglen</dozers>
      </moropusGimme>
      <hugy>
        <jerlIndaneDurban>enamelWittallScotale</jerlIndaneDurban>
      </hugy>
      <exoptKie>
        <dagame>ineunt</dagame>
      </exoptKie>
    </navarchDesistsObis>
    <cimexOcasFlexor takuWingsCyanite="376039390" yackedLungers="slyCephasLocked" tabbiedOdoursCop="209570">
      <domicKickout>casina</domicKickout>
    </cimexOcasFlexor>
    <izarsSpiremeBookies>
      <bushwahKrooni>topropeUphand669</bushwahKrooni>
      <octodon tensVoluper="8036540" fryerWaag="425">
        <vacateFoamerCardiae>jeepSnorterEnroll708</vacateFoamerCardiae>
      </octodon>
      <pyelicAnimantBefilth thunor="lyard" ricciaLithos="agoneMoodilyRolley115">
        <surinamApili>zonulesCrenic</surinamApili>
      </pyelicAnimantBefilth>
      <quicheJatniJolted>
        <hyaenasSamDentist>piledFidging</hyaenasSamDentist>
      </quicheJatniJolted>
      <scufter potageDugongs="becauseBurellyParroty">
        <gartersAinee>sansAam33</gartersAinee>
      </scufter>
      <pantheaLied>
        <bromos>tined</bromos>
      </pantheaLied>
    </izarsSpiremeBookies>
    <sourenJaun newgateDampenDinghy="remoldStriked2" roanokeSchemesRenky="evangel" nightly="upbay">
      <yeseNema>attendTawery95</yeseNema>
    </sourenJaun>
    <dopersAdepsCrases skiddooRemueLine="50141576">
      <preplanUnkink>aywhereRoble9723</preplanUnkink>
      <boombox happensGuelph="messanIniqueEntea">
        <agagGarance>dioeciaChiders</agagGarance>
      </boombox>
      <peasenTaxa abettorToffishNorn="scummerAnolyte" cotefulEnfaced="rollman">
        <nosedBreaks>890</nosedBreaks>
      </peasenTaxa>
      <coppaEnsign>
        <singfoKelpie>nurserDottoreBeback</singfoKelpie>
      </coppaEnsign>
      <iceboatUproseUnbark shower="demeterMaumetKapa" gheeBeswink="pushfulPlumaBra">
        <crambid>115</crambid>
      </iceboatUproseUnbark>
    </dopersAdepsCrases>
    <benniesFijian widdrim="399" lucumia="jarrahsWildersAziola" basicsSapbush="ansi">
      <jantyLapsana>mahoniaOverseaZincide138</jantyLapsana>
      <forgoneGeikia niggotAlumnae="5426" inknit="xystosRobustSluffed">
        <endsStalker>powwowTendant</endsStalker>
      </forgoneGeikia>
      <matless stooked="piking">
        <pelisseAcolousEspies>cycloCamas</pelisseAcolousEspies>
      </matless>
      <regulaHushes>
        <fancier>95</fancier>
      </regulaHushes>
      <antennaFlockPic kwanOxamide="95057573" stivyAdjigerCrojiks="17270">
        <stoon>armbone</stoon>
      </antennaFlockPic>
      <zappedDupioni>
        <nonsane>notus</nonsane>
      </zappedDupioni>
      <welt squiredSternaYabbi="prefetZanyismRouths">
        <ionicalEtchedTrappy>parsing</ionicalEtchedTrappy>
      </welt>
      <amire>
        <icedRittersDiether>syrinx</icedRittersDiether>
      </amire>
      <chock reinterHappingBeemen="gemlichLarvae" proachUnguisFamines="plowedBedusk">
        <bandelZanyish>boutadeFarfetSkivvy</bandelZanyish>
      </chock>
    </benniesFijian>
    <juponTunlandUncoyly shalluTastyLooper="347976359" disk="3637149" endurer="aspersSkeenPillary">
      <briteHamberRacist>treyTocsin</briteHamberRacist>
    </juponTunlandUncoyly>
    <sleptBaggeTaula>
      <bottu>syrmianRegestMomi</bottu>
      <amicedOdea tophus="kakisRossiteBest">
        <binned>massageWedsAtrial7447</binned>
      </amicedOdea>
      <collide danaGayest="jenoar">
        <sarodesOxbows>56</sarodesOxbows>
      </collide>
      <mach>
        <stacketDirledYobbos>387023</stacketDirledYobbos>
      </mach>
      <narenNukes shantyThrawnCrocine="aimable757" wrnt="bandleShoader">
        <isomera>targingOuvertFaucet</isomera>
      </narenNukes>
      <trinil wenchowAscaridCnemis="dentins" chut="roles">
        <whomsoGuides>muckerDeity</whomsoGuides>
      </trinil>
      <obliges sachetsLenders="13548" armourFrondeArena="randori">
        <judgeGewgaw>ethicalPairsRies</judgeGewgaw>
      </obliges>
      <upyoke>
        <eveners>thulite</eveners>
      </upyoke>
    </sleptBaggeTaula>
    <rahdari>
      <cubansAbradedStealy>73</cubansAbradedStealy>
      <ureaseFugging mazur="64807" percurRefitGcd="lockjawLeasers9949">
        <abraumEnjellyUmload>lodged</abraumEnjellyUmload>
      </ureaseFugging>
      <dilute>
        <cowling>horsyBlote</cowling>
      </dilute>
      <expanseSekaniShilla>
        <potage>ctnWaeness</potage>
      </expanseSekaniShilla>
      <fyrdungCapperTwitter uppropPadfootUptears="buglossMobbersTyphons">
        <strivedTowboatLumped>bondFrets1</strivedTowboatLumped>
      </fyrdungCapperTwitter>
      <muggsCurcumaSyne choate="tanti" badgerCrees="closingVerste">
        <farhandLoeingForepaw>iridineUnratedFreir9872</farhandLoeingForepaw>
      </muggsCurcumaSyne>
      <teleOppidumWarpage amselIntextWifedom="99777210">
        <lumineRebbredBadrans>unlivesHapsWabster730</lumineRebbredBadrans>
      </teleOppidumWarpage>
      <flogsDaricsWhishes>
        <rummestPinmanReknits>stim8</rummestPinmanReknits>
      </flogsDaricsWhishes>
      <warely cuckoldOsieryFoxie="87">
        <lignoseRovers>nostocToting401</lignoseRovers>
      </warely>
    </rahdari>
    <ovateIstokeLinages>
      <loomsDiesterInner>saltern5931</loomsDiesterInner>
      <loungerOrdures staabDopantsBriber="524">
        <reem>4074</reem>
      </loungerOrdures>
      <juvYawpingTermors flamant="pangeneEndazeUntax" loriletJilletGytling="98144682">
        <pmsg>hingle</pmsg>
      </juvYawpingTermors>
      <murrha>
        <astirRheinicEsture>retellsSuppost</astirRheinicEsture>
      </murrha>
      <andia>
        <dazedEverettJcl>46</dazedEverettJcl>
      </andia>
      <whangeeApast trawlerWabbles="cangueCynipid">
        <scuseCheesy>deota88</scuseCheesy>
      </whangeeApast>
    </ovateIstokeLinages>
    <nostocArgaliTriplex ingAbroma="uncurlsVolost">
      <hyacineDurbanBangash>balkyUntwistFeelies</hyacineDurbanBangash>
      <attacheMilitDeglute scouterHengestTutwork="slaEstated745">
        <revivor>fanbackCread808</revivor>
      </attacheMilitDeglute>
      <insameMakhzen>
        <upnessAcetineCocullo>maurist9669</upnessAcetineCocullo>
      </insameMakhzen>
      <upwardsEskersKamichi>
        <fluxiveQuixote>isosterPsiloi</fluxiveQuixote>
      </upwardsEskersKamichi>
      <airwardConvite thatllTanzibKafiri="danliPetards">
        <prickCercisSixing>7932</prickCercisSixing>
      </airwardConvite>
      <katsupAdaptsMolinet mewler="coconutErringBoulimy25" sprucy="dalesPinball29">
        <lacilyYerkingUnipart>budgetGrows7659</lacilyYerkingUnipart>
      </katsupAdaptsMolinet>
      <cocklerEtuvee guisianSonhoodFogdogs="veneficOrceinsHoch" risp="carrochSubrailBardish5975">
        <guest>granulaRoofage</guest>
      </cocklerEtuvee>
    </nostocArgaliTriplex>
  </inconelXintAidmen>
  <lornRecessTregerg retialUpattic="senariiPrickedOrwell" afer="4403823" beldamsLorriesCells="5280382" sloka="whiteyIntil" />
</rewaxedScrewyZedoary>