<?xml version="1.0"?>
<keverOck>
  <bundlerDoltish vandaTrees="bastaDachsRoomed" fustierTonersAweing="essieRetemMolgula12" fanciedPithsSconced="alkylolEpoch">
    <evectorRebokePaise panned="zeuxianKnobber" cartels="wackerOutcut" varietyAvoureSdlc="schilluCunye">
      <falaReheard>wrenPuelcheAbfarad</falaReheard>
      <lew xerogelDuppies="maestra" fraisedTecuna="jugerumRazingBerger">
        <becroak>3125413</becroak>
      </lew>
      <veronal>
        <hill>leapsDrow</hill>
      </veronal>
      <buyidesPygidid starnAwkDogged="kharwaSarcastCapsa" samadh="surdityDextroLabores">
        <leda>ulpanKhalalTinemen3</leda>
      </buyidesPygidid>
      <yobbo>
        <tondoLesionHoss>sacquesIntort</tondoLesionHoss>
      </yobbo>
      <devoteTrounce>
        <scorchs>109531</scorchs>
      </devoteTrounce>
      <teeteeDynam macron="chifferNinthlyWintun" maillsUpayaMen="poachyMaleficKathak">
        <incl>doliumTeammanNaggin</incl>
      </teeteeDynam>
      <resplitDiazinePareses texasesXerasia="571440">
        <lavicPreppyTowcock>chawn</lavicPreppyTowcock>
      </resplitDiazinePareses>
    </evectorRebokePaise>
    <wanmolDeportLivetin>
      <gaboonsFensShunner>bescornBrinishCytitis</gaboonsFensShunner>
    </wanmolDeportLivetin>
    <smitchSnootsGorglin>
      <gamefulTeamman>abut</gamefulTeamman>
    </smitchSnootsGorglin>
    <mislear second="7286746">
      <emitterXeroticGrown>hamsHousesPlunged</emitterXeroticGrown>
      <didineMeadowsTenuity intake="frower">
        <alimonyBilderYamph>ratchetSeines</alimonyBilderYamph>
      </didineMeadowsTenuity>
      <bonze braves="leeky">
        <octetHoli>quot</octetHoli>
      </bonze>
      <frasse enamiIdlesetSlushy="spelunkUmbelap">
        <tholesAnaemiaTerman>62</tholesAnaemiaTerman>
      </frasse>
      <agree scorce="enrage">
        <recrush>stifflyGangwayGriffin</recrush>
      </agree>
    </mislear>
    <swiftlyTubulesMasonry>
      <buissonMoonier>813732686</buissonMoonier>
      <racerPeertType>
        <bungBrusselAliency>6783</bungBrusselAliency>
      </racerPeertType>
      <ardelio>
        <lysate>642699</lysate>
      </ardelio>
      <loom>
        <frisRoughed>horsilyTheineHattize2253</frisRoughed>
      </loom>
      <saveyMyrcene kaifBurbly="rabbetsScrathInvar127">
        <rigImogenCoition>72141829</rigImogenCoition>
      </saveyMyrcene>
      <noosedLeucinsCompage hoselAfrits="skivesUndy4736">
        <thrivedJowlopEnzyme>berated</thrivedJowlopEnzyme>
      </noosedLeucinsCompage>
      <monitorZein vow="spheres" deviler="dkl">
        <glacesPrunell>7764</glacesPrunell>
      </monitorZein>
      <sextosMexitli iliahiRewoven="7">
        <doyensPoundsAmoyan>curatorOxytone</doyensPoundsAmoyan>
      </sextosMexitli>
      <coding>
        <sayst>spattle</sayst>
      </coding>
    </swiftlyTubulesMasonry>
    <allodsLasagnaCons sunder="prabbleVarlet">
      <beeballFractalFactful>zeburroVitularAtolls37</beeballFractalFactful>
      <cassiasTukuler vigogneTradesYou="justers57">
        <koryakYengeesObl>leets</koryakYengeesObl>
      </cassiasTukuler>
      <mboriLieuZakkeu demurerIllectReturns="jouncedHaulmsHereby" korzec="57783">
        <werenArtelLacily>soapierSyconid</werenArtelLacily>
      </mboriLieuZakkeu>
      <nubbly>
        <jebusGoshPyrotic>rykes69</jebusGoshPyrotic>
      </nubbly>
      <colloidAcantha>
        <perpend>butle</perpend>
      </colloidAcantha>
      <cargoSavinesMisedit hollong="924460822" dhamnooLackersSuss="corvo">
        <entier>lockers30</entier>
      </cargoSavinesMisedit>
    </allodsLasagnaCons>
    <sethiteDegases>
      <adheres>tabernaCharpie</adheres>
      <santee intortsElaTom="129254947">
        <butcha>rantizeGliding</butcha>
      </santee>
      <peer>
        <fuzeesFoolsJangle>cowishOutwearNaos</fuzeesFoolsJangle>
      </peer>
      <snippyIacchosWef heliacIncaskUnkin="headsIllitic">
        <scrives>ionizeCorcassDawned</scrives>
      </snippyIacchosWef>
      <mremOratrixOmaha>
        <chopa>meddlesSawlog</chopa>
      </mremOratrixOmaha>
      <coapts pfxMaist="64530">
        <neroicProsifyTsuga>bozaDain7</neroicProsifyTsuga>
      </coapts>
    </sethiteDegases>
    <dibatagClockAlkide muzzilyEscrime="pupidaeSharesLovered" oneself="dattoUnbetRambles">
      <annivTrady>gritten10</annivTrady>
      <upsoakOnsweep>
        <rhibia>pallidTaxwise</rhibia>
      </upsoakOnsweep>
      <stapEmbricaStormy meropicWrabbeUpheal="cladeSondeHalicot">
        <padle>yaruraSilicylSinoper</padle>
      </stapEmbricaStormy>
      <zodiacsRoosesGundi rewardsTrochesEnsnow="majorsVending" salueBaybushAlcumy="hexace">
        <bleezyGuigneShiv>arabismReroll</bleezyGuigneShiv>
      </zodiacsRoosesGundi>
      <knowsYeming pounderFylkerGuilery="4" statusDachsDermas="6">
        <jacalesBrest>dachaEnfoilRill</jacalesBrest>
      </knowsYeming>
    </dibatagClockAlkide>
    <ligands semitae="wemmyBracked56" kylFremdlyBrained="mackledStricksPhymata3708">
      <yoteRearer>feofforFip</yoteRearer>
      <ethanimSubmainSubpena tawFeijoaBepride="8" henbaneAnthol="318672">
        <retinue>grinniePhonalRighten</retinue>
      </ethanimSubmainSubpena>
    </ligands>
  </bundlerDoltish>
  <doarium slypesSetulaPsoroid="disrobe" uricPung="wiles" ceritesCanosPredraw="drawout9559" daubyChaster="ticcaBulgyHunker">
    <xenium>
      <patacheDrivels>85171</patacheDrivels>
      <dancerBackletSodas wauledVolvell="doublesSubtray3" collGlibly="60834">
        <deformSnuggerPallia>sdeath</deformSnuggerPallia>
      </dancerBackletSodas>
      <boltyUnbeing andaman="abbotcySitkan" hurlyLogics="gipsire">
        <blarnidBirtViatica>355717892</blarnidBirtViatica>
      </boltyUnbeing>
      <mofetteShewel liftingCoeloma="856544" scillaTendido="8">
        <unridAlfred>mousoniStorks</unridAlfred>
      </mofetteShewel>
      <cytoneVestedBigger>
        <touschePapery>amenia</touschePapery>
      </cytoneVestedBigger>
      <quinceGaol>
        <iroha>cohogsDiddlerKains</iroha>
      </quinceGaol>
    </xenium>
    <drogerPaledPaupers>
      <getsulActableAgonize>adaty</getsulActableAgonize>
      <distichRhymed dalagaMealmenMille="westhamGnashEmbathe">
        <virgasGleanerPrates>tidily</virgasGleanerPrates>
      </distichRhymed>
      <tomishLastexTicul dietiesBoseyFrundel="38">
        <fickle>infixedBatata</fickle>
      </tomishLastexTicul>
      <fornent>
        <bansSlurry>4</bansSlurry>
      </fornent>
      <varunaSha vitrialGastCawquaw="basinPriapicDemeans" brasset="greaved">
        <garlicBoneletTurfski>85561</garlicBoneletTurfski>
      </varunaSha>
      <aubeJowarsVangeli>
        <picadorEnvaultGonotyl>36634</picadorEnvaultGonotyl>
      </aubeJowarsVangeli>
    </drogerPaledPaupers>
  </doarium>
</keverOck>