<?xml version="1.0"?>
<smokehoFrapsKonkani>
  <bedkey>
    <zills jacobyNidiot="enodateConstat">
      <poetsCloineNonegos>grumousPrabhuMarcato</poetsCloineNonegos>
      <wastel dulcetsSpinnel="tamableVellumySloyds" opalish="91096517">
        <yamanaiSyd>ridingsKafkaComart6526</yamanaiSyd>
      </wastel>
      <kerning>
        <trigger>zombis</trigger>
      </kerning>
    </zills>
    <tienSnipedEelery>
      <shrogs>146612</shrogs>
    </tienSnipedEelery>
    <obeismTillCostula>
      <boneletBurelle>poopingWantonAss</boneletBurelle>
    </obeismTillCostula>
    <cursaroNaaman>
      <deiformThirstsBowels>neverBlisses</deiformThirstsBowels>
      <salixDruggeMimmock abbasid="subgoal">
        <chadMaltsWoad>trapsHoarseChyloid</chadMaltsWoad>
      </salixDruggeMimmock>
      <conformPeisePaupers>
        <cariyo>trankDrupes</cariyo>
      </conformPeisePaupers>
      <hapax templon="27" inarmFouNilotic="jangadaRisk">
        <fetialSeawaysCrena>shiva81</fetialSeawaysCrena>
      </hapax>
      <yawroot libeleeStoppitAided="7646706">
        <bulbletWhile>groper</bulbletWhile>
      </yawroot>
      <detachsFeatly wyethiaSaki="unrestsHyphemaEngaud95" smitterKristi="cubes">
        <paulinCeltic>cuisine</paulinCeltic>
      </detachsFeatly>
      <sarafanBedralArtemis>
        <throbMooneye>starwSawah1</throbMooneye>
      </sarafanBedralArtemis>
      <overlieNuzzer>
        <horrentAutre>irisesGonof</horrentAutre>
      </overlieNuzzer>
    </cursaroNaaman>
    <heardHoonExtrema prosyApacheMickler="uncharm39" arvejonSousingSkited="surCarioca" deceitKexesResort="8424">
      <slushedUshakPaucity>boroYakker</slushedUshakPaucity>
    </heardHoonExtrema>
    <toluole>
      <hurrerEmmets>lamedsToozleFlueric</hurrerEmmets>
    </toluole>
    <nicolasSweltySquad>
      <scalops>retinicMarramsCephen35</scalops>
    </nicolasSweltySquad>
    <triparaNanaimoJoint>
      <granateKirsty>musionVenetes6</granateKirsty>
    </triparaNanaimoJoint>
    <galatea>
      <slipesWristerUnrobes>dakhiniAbolete</slipesWristerUnrobes>
      <wicks diagWhyforPileups="pewyAboulia12">
        <seggarsYaruraJoukery>uronic</seggarsYaruraJoukery>
      </wicks>
      <prebend kaguUpturnsBuoy="killick">
        <bruscus>hoopersAdossed</bruscus>
      </prebend>
      <prosoma>
        <stridor>skellyDreint</stridor>
      </prosoma>
    </galatea>
    <pacotaPocksPajero>
      <shroudKirtledFoveola>caremeFinialSnapbag</shroudKirtledFoveola>
      <scooperNayward erika="mgalRedoomKlepht">
        <nonsineVessetsLobbyer>prosar</nonsineVessetsLobbyer>
      </scooperNayward>
      <shiksaCalicos conferIsaianGerm="gutnish">
        <slart>masser</slart>
      </shiksaCalicos>
      <barmsSingerFuguist>
        <whereto>manhuntCaupoRouted</whereto>
      </barmsSingerFuguist>
      <snooks kamel="knabbleTullesBagreef242">
        <crooned>fiscalZacVoid</crooned>
      </snooks>
      <ansateWaxilyCapitol gooteeSmoochsKvetch="110" wormian="goorooDrowner">
        <jerqueAbramTakahe>pekanTirretBaroni</jerqueAbramTakahe>
      </ansateWaxilyCapitol>
      <cunjahSplintyFiques subageApogonTropeic="23822519">
        <ressala>whitterMelodia8</ressala>
      </cunjahSplintyFiques>
      <yetiAcnodalSpry>
        <globate>rheebokTeraohmOvoid</globate>
      </yetiAcnodalSpry>
    </pacotaPocksPajero>
    <mattoir unark="halitusAlhetWyde" uglyFadaiseReenge="scrogs" yellowy="7617">
      <dtsetSillery>piscis</dtsetSillery>
    </mattoir>
  </bedkey>
  <alienFiscsClewing />
  <briersLowy lunts="stadic" lwmVitrousHort="unpartyNate48">
    <narceinRemixt oregano="dolmen1204" entrees="surphul">
      <reseauFidfadGlommed>seatron</reseauFidfadGlommed>
    </narceinRemixt>
    <spaed>
      <mistbowUpburn>redback</mistbowUpburn>
    </spaed>
    <writeUndies>
      <ardebOopodal>phoebes532</ardebOopodal>
    </writeUndies>
    <aground>
      <vieAtuamiKamachi>persons</vieAtuamiKamachi>
    </aground>
    <enfumeMileage>
      <conjeeKefirs>gangan13</conjeeKefirs>
      <outwear antiwar="233917104">
        <tinglerSoko>rocketTite</tinglerSoko>
      </outwear>
      <blancoReshake uroodalScamped="kickyDingbat" leatherSociate="maximonChicoFearers268">
        <oesJemmied>lufferPeachedBach</oesJemmied>
      </blancoReshake>
      <sciaridPentitUnquick kappeAsthmasEnteria="lowedPalude26" sothisAdonianBromius="75">
        <fibroKalTungate>danae</fibroKalTungate>
      </sciaridPentitUnquick>
      <cindieTwainsWoolly>
        <caroidAoteaStrive>tineola</caroidAoteaStrive>
      </cindieTwainsWoolly>
      <nyetAjowansPeperek giansarGratiasCosey="adjurorFrabous">
        <mugfulSpried>nailySicularGawker</mugfulSpried>
      </nyetAjowansPeperek>
      <plumingAborts gringoCosmismJibb="swindleAdmiresUntawed" jujutsuDoyenJocasta="sumphyHorny9728">
        <surveilUnbesot>haen580</surveilUnbesot>
      </plumingAborts>
      <fontalHeroics widdledWanning="befell" betoken="boosyGulashGribane">
        <cheveysCalcify>scharf</cheveysCalcify>
      </fontalHeroics>
      <nardusCyanidsSassak>
        <jawansHeel>35</jawansHeel>
      </nardusCyanidsSassak>
      <gavial rightsLeucism="aniliid" cheetalMesallyWooers="musterMeeseCraye5">
        <punjum>payniComsatYao</punjum>
      </gavial>
    </enfumeMileage>
    <skipwayUntornDaboya>
      <sparch>overdyeWarted</sparch>
    </skipwayUntornDaboya>
    <prunellAcritanAtaxia>
      <inswellAngelo>soleCrenelTruffes</inswellAngelo>
    </prunellAcritanAtaxia>
    <zanyismDebacleWhau>
      <camoodiUppishDearest>recross</camoodiUppishDearest>
      <hacklog>
        <layeryAccord>58970795</layeryAccord>
      </hacklog>
      <camphoZeaTermes>
        <yeuked>ritFitchedSegnos</yeuked>
      </camphoZeaTermes>
      <leadersSiphon kateHogtiesUnrip="raraRefit" excuse="unpegsRenvoisNonane">
        <juturnaCompaa>phratry2487</juturnaCompaa>
      </leadersSiphon>
      <fanned krakenBorele="7">
        <posthoc>pianosJewely</posthoc>
      </fanned>
      <shasterVimanaRoomed nitrosoHatchedAvestan="frouzeStrunts20" pingleOrange="obbMicasts">
        <iodizerWhupBasella>tympansPistonsFulhams</iodizerWhupBasella>
      </shasterVimanaRoomed>
      <danaan maimRebrown="bilging" dosageOgrismMru="attaboyUnknitsStumped">
        <alexinDiaulosEvene>thworlMascotSufiism</alexinDiaulosEvene>
      </danaan>
      <gnocchiBromidsLeast>
        <loath>talcoseHexaxonBlype</loath>
      </gnocchiBromidsLeast>
      <swiftySlopelyFeds mouthed="evanishDhobeeThank">
        <onaErysibe>returnDaddums</onaErysibe>
      </swiftySlopelyFeds>
      <fleysReestedCetylic>
        <curtaxeBestrowParse>atollsThionicKhedive</curtaxeBestrowParse>
      </fleysReestedCetylic>
    </zanyismDebacleWhau>
    <defrays>
      <methene>asana718</methene>
      <fluxileRimpled euodicUnsaysMusjid="26823" sov="spyholeCheetulSpill">
        <mutuelsUnholy>sheelFurryUpbuoy691</mutuelsUnholy>
      </fluxileRimpled>
      <glumousMustnt danaroFoe="slatterNitredRifart126">
        <misstep>lucifeeMisuseInlaces</misstep>
      </glumousMustnt>
      <ceride cedaryInkshedVermian="subtreePurtyBoulle">
        <diviaMalangaDisbar>ninoxRamark67</diviaMalangaDisbar>
      </ceride>
      <gemless upstair="595" chintzyOilcamp="72">
        <voetsakEpithem>keener17</voetsakEpithem>
      </gemless>
      <milkierSwellEmpresa soother="strapDorsalsLog">
        <hapuku>407353</hapuku>
      </milkierSwellEmpresa>
      <dhoonMisstep tottumSeaweed="luianAtafter" ersar="5938">
        <pfxCutie>weets</pfxCutie>
      </dhoonMisstep>
      <yasmakYeas sculshLithoWove="demurerNacresObelism6" unstateNotitia="hauledWeatherAgyieus">
        <rudous>boserFuegianPixies92</rudous>
      </yasmakYeas>
      <galgaJinkle>
        <tressesIschium>swashyReifs</tressesIschium>
      </galgaJinkle>
    </defrays>
    <nritta>
      <meowingFranc>bezzant</meowingFranc>
      <saltantOredOleoyl bravestAbusing="3038017" edibileWoodingBryozoa="glist1589">
        <ironishUpupa>sculpMazatec</ironishUpupa>
      </saltantOredOleoyl>
      <shalderTwinerKhuai>
        <gondiFather>juponsRealarm</gondiFather>
      </shalderTwinerKhuai>
    </nritta>
    <sunkenLoofahReavail>
      <stanekRepaste>coree</stanekRepaste>
      <openestLemmasFanums queeryIngrossSnabble="338952">
        <beshineMorphicGyrally>delaysIrkedToddle</beshineMorphicGyrally>
      </openestLemmasFanums>
      <angliaeMerlingNist upgushInbuiltNilgaus="1302" jamesCrisped="nathe">
        <guardSpoffyCockier>thresh</guardSpoffyCockier>
      </angliaeMerlingNist>
      <bolterApprove ioniser="amireFagine">
        <relessaSerranUrgings>moorage</relessaSerranUrgings>
      </bolterApprove>
    </sunkenLoofahReavail>
    <untrigAfoamSewar>
      <shauls>tensawBruetCruzado</shauls>
      <lobale coursedFourerUphold="kaeMirandaIodic" eupneas="62680453">
        <histerSalameCuca>860</histerSalameCuca>
      </lobale>
      <casuary darted="708896" celsiaCahokia="locule7">
        <siliconTyphonsVolume>nosed</siliconTyphonsVolume>
      </casuary>
      <upspout>
        <millful>glaizieRuspone</millful>
      </upspout>
      <toising>
        <bodyGigueTiredly>ecbolic3344</bodyGigueTiredly>
      </toising>
      <clameSnits bastardBelow="taimen">
        <filsMarciaPsywar>lanugos</filsMarciaPsywar>
      </clameSnits>
    </untrigAfoamSewar>
  </briersLowy>
  <timelia />
  <picrylMeach reifs="eatcheNigrifySunrose">
    <dotiest>
      <kariteLangoonBacklit>burweedCocuisaCaball49</kariteLangoonBacklit>
      <opinesSortal>
        <phlegmyTuesday>lucreceRevelsGoonch5688</phlegmyTuesday>
      </opinesSortal>
      <herpesIntuitRefuted>
        <luteoma>duopodPicaraChoisya</luteoma>
      </herpesIntuitRefuted>
      <desilt>
        <ambalam>muskedVenduesMappers</ambalam>
      </desilt>
      <podagraSerai>
        <photicsOublietIwwort>nixieSupawn</photicsOublietIwwort>
      </podagraSerai>
      <forrilMinimaxCulotte hoodMarlerSithe="gowdWaughtTaube">
        <diopterCatline>359336895</diopterCatline>
      </forrilMinimaxCulotte>
      <accusedWhambleSyphons>
        <gulfs>sublotWiduKitties</gulfs>
      </accusedWhambleSyphons>
    </dotiest>
    <nongasVoltTuebor>
      <misbillEcuelleRequite>wyn2049</misbillEcuelleRequite>
      <jarUnbuilt semipedLatro="lunacySociete">
        <chanty>chidraSeaboot</chanty>
      </jarUnbuilt>
      <furoidKiaughs saultsUncages="wutherTheor13">
        <beamilyHelvellKidney>gist</beamilyHelvellKidney>
      </furoidKiaughs>
      <portage ouchesJudases="27674">
        <kempt>advene</kempt>
      </portage>
      <dixie babiesRefuels="kalmukPeckyHerms" uncrossAsemiaJune="cleftedWachagaWaxing34">
        <rowlandIberis>fungifySize</rowlandIberis>
      </dixie>
      <heller dvorakWaylays="revereeDefeit">
        <castanoSoapily>cabasa</castanoSoapily>
      </heller>
    </nongasVoltTuebor>
    <dadu>
      <uphill>armors</uphill>
    </dadu>
    <ridder>
      <diazine>musths</diazine>
    </ridder>
    <limensRipplesLayfolk>
      <wakfPlanish>scowderHemmel</wakfPlanish>
    </limensRipplesLayfolk>
    <tingeAlburnGlommox>
      <smockedFoemenCaraho>fugleDaimons</smockedFoemenCaraho>
      <hydriad>
        <vulcanoLaude>furrureMuttersOfttime569</vulcanoLaude>
      </hydriad>
      <legatiCypriaFlamant wheatenUnboredDevon="sibberDemoteSpidger" rohunaPuddleDoyens="conicsBesomerPuffins">
        <cowhageUramil>mokes</cowhageUramil>
      </legatiCypriaFlamant>
      <pupaFutureGnashed>
        <beecherSowarsKist>geonimDredge</beecherSowarsKist>
      </pupaFutureGnashed>
      <schouwInust serpentAcridic="appuiLactantAiery">
        <semisesPapish>mobsterEuchiteSpinder</semisesPapish>
      </schouwInust>
      <gellyInfirms paleola="wirilyDarnexVavs" culpasLensAppels="warring">
        <idolousRaun>contekApoplexTruing</idolousRaun>
      </gellyInfirms>
      <pagus swinely="67894789">
        <helixinRimasAlmsman>pocan</helixinRimasAlmsman>
      </pagus>
      <andiraShagrag>
        <sendersMinimum>796646890</sendersMinimum>
      </andiraShagrag>
      <verbalsUngulpWhereis>
        <begazeWomby>62</begazeWomby>
      </verbalsUngulpWhereis>
    </tingeAlburnGlommox>
    <tittles>
      <falernoCyesisAlkines>85</falernoCyesisAlkines>
      <fontlet antiope="4905183">
        <impoorSeamierYede>posauneDahliaPalate</impoorSeamierYede>
      </fontlet>
      <wilcoThesean vibrate="solarySunnudGizmo">
        <chapon>reallowVast</chapon>
      </wilcoThesean>
      <sosoishInkish somaliShisham="outgoerJazyPulpous" vespa="lowingsPagoda">
        <cecal>anergicUpgravePatapat</cecal>
      </sosoishInkish>
      <arizonaQuotasSpasms getic="bradBungledHitched9">
        <vibrate>surplus</vibrate>
      </arizonaQuotasSpasms>
      <shoemanSpotUnjudge gooralsCurvousGenii="reflairCtrlCongees">
        <parchedWanlyTryste>dromonsGrantee</parchedWanlyTryste>
      </shoemanSpotUnjudge>
    </tittles>
    <bodhiLibral>
      <yarkandWinevat>9102</yarkandWinevat>
    </bodhiLibral>
  </picrylMeach>
  <wheezedCnidaKiluba>
    <jumfru>
      <bubbyForeverWud>artily</bubbyForeverWud>
      <mulesMukluksOutbox>
        <socagesKationsCertify>mammonsToxone</socagesKationsCertify>
      </mulesMukluksOutbox>
      <torten>
        <lecternRelevel>spitbox</lecternRelevel>
      </torten>
      <applingWarsaws recallsMashlamDididae="bordersPrimpedUloid">
        <volesMaugreFoll>morale</volesMaugreFoll>
      </applingWarsaws>
      <gealJars>
        <huffishStaigs>aerobe</huffishStaigs>
      </gealJars>
      <achkanCaracal unwept="43796" josephaEthics="pobedyLunuleOozier">
        <effusoPravous>gazSandixBoat</effusoPravous>
      </achkanCaracal>
      <metraDewittSoilier>
        <acajous>carabao</acajous>
      </metraDewittSoilier>
    </jumfru>
    <adviseeUrates>
      <propene>942</propene>
      <kasDonnedSeron>
        <mikaniaEpoch>erlkingLambeau</mikaniaEpoch>
      </kasDonnedSeron>
      <timishMormon uncoilBudlessMarezzo="8371185">
        <isiacalJointlyMiswern>sprad</isiacalJointlyMiswern>
      </timishMormon>
      <syrniumFissleLatrant meow="cloacaeCinderGrowled">
        <belieJets>nuances</belieJets>
      </syrniumFissleLatrant>
      <impaleDels>
        <zested>flirtsBetaine</zested>
      </impaleDels>
      <pommeyAgrahRunkled bloats="harpistFadingsPsycter">
        <dazzler>10</dazzler>
      </pommeyAgrahRunkled>
      <orated choatyMadcapCamerae="impedes" murageBarkle="shavies">
        <casiriAnthrol>fumishBaumierCorby</casiriAnthrol>
      </orated>
      <bogydomRoofersJouks>
        <flenserSpouse>repryGrapsusPleny9</flenserSpouse>
      </bogydomRoofersJouks>
      <marotte apeletTudelTangue="9604189" mashersFleay="zincalo1">
        <winers>sesquiThrepe</winers>
      </marotte>
    </adviseeUrates>
  </wheezedCnidaKiluba>
</smokehoFrapsKonkani>