<?xml version="1.0"?>
<unmask>
  <baileys derrickRusk="eldredFinely" />
  <broomedChildesWayback bigam="9785" slattedRoinishVoe="godroon">
    <ataraxyChilePerite>
      <abated>dumbaClydeAtli</abated>
      <mormalOnanismVerbid>
        <grippitEbrictyBesplit>salmo</grippitEbrictyBesplit>
      </mormalOnanismVerbid>
      <backletClisere byreSchool="knetch1908" talker="jambonUpripSophy72">
        <suburb>icingCrambos</suburb>
      </backletClisere>
      <manjeriEnvinedWeepers giterneMotaSuz="glaver">
        <apercusVer>sumac</apercusVer>
      </manjeriEnvinedWeepers>
      <favelas pundumParingRevenge="sorrily" jainistKrimmer="strung">
        <ruminaChouse>dingleTreatee</ruminaChouse>
      </favelas>
      <loquatAnoil housesRuminal="matings" monestEdgrew="87">
        <kafa>dogesWeldor4838</kafa>
      </loquatAnoil>
      <adenousJujuistLosings>
        <relined>asokGalchic741</relined>
      </adenousJujuistLosings>
    </ataraxyChilePerite>
    <causticItalicsPolish>
      <waceSudraSeptic>30408</waceSudraSeptic>
    </causticItalicsPolish>
    <aguadorAverted>
      <blinterTwigged>panther6</blinterTwigged>
      <tartaryAttract trewageTorqueNubbly="playfulFleuron6">
        <quachilSomaticFeretra>soys</quachilSomaticFeretra>
      </tartaryAttract>
      <gyroseSapples spinach="ceder" excuse="abbrNavarho">
        <proudlyTaberedFlew>asdicSestet6</proudlyTaberedFlew>
      </gyroseSapples>
      <chelide fumaricBecovetSnobism="wantons" ausformStalled="pcmShelfyBefist589">
        <narkVitisMammock>deputedFiercerPashed</narkVitisMammock>
      </chelide>
      <radishTrypticSophora>
        <pimple>voidingHydriaeDirties</pimple>
      </radishTrypticSophora>
      <purpart cushionDresden="undergoPapyriTicker">
        <dodPaunch>commuteRakhalKingcup</dodPaunch>
      </purpart>
    </aguadorAverted>
    <hunBraiseVorant>
      <swatheCaelianHelmed>forgerCyclopeWow</swatheCaelianHelmed>
    </hunBraiseVorant>
    <pruntSkats>
      <keePoochApses>niacinPatsiesChechem</keePoochApses>
      <jaunDislade>
        <poisers>martyArpanetAcetify751</poisers>
      </jaunDislade>
      <pallas craikAsweat="shaltRillettSocked">
        <glike>weismMulture</glike>
      </pallas>
      <sacateYakker bortzesWalahee="thievedReesty">
        <outen>mozarab</outen>
      </sacateYakker>
      <keelageConyKulang goddamNolosCorsacs="oophyteDemotic" fleeter="thorps3342">
        <updrag>autonymNoddingKiller</updrag>
      </keelageConyKulang>
      <arenas>
        <cobolaHejaziJubhah>incubeLucumia</cobolaHejaziJubhah>
      </arenas>
      <hydromeBugPraams>
        <hoodieSerials>9848707</hoodieSerials>
      </hydromeBugPraams>
      <hyblaBoloDoggess>
        <shannonDrummy>motetsFamularOleana</shannonDrummy>
      </hyblaBoloDoggess>
    </pruntSkats>
    <afrasiaSaynayTulalip>
      <ileac>slaterCoolth</ileac>
    </afrasiaSaynayTulalip>
  </broomedChildesWayback>
  <sialsKanawhaUnisons lastly="fartingMidden">
    <muskie>
      <coseHanceThumber>mutatesLaangRacoon</coseHanceThumber>
      <farioWritesHautain airwave="pilch30">
        <mastsGemmoid>trifold</mastsGemmoid>
      </farioWritesHautain>
      <humetBowheadVilely bilderScyphusBize="brusher13">
        <oyana>eldrich70</oyana>
      </humetBowheadVilely>
    </muskie>
    <sniddleVaria>
      <richerImbodyGeonic>41</richerImbodyGeonic>
    </sniddleVaria>
    <juggingImpeachSlimsy>
      <deucedGriefsDoline>bassia9</deucedGriefsDoline>
      <yoteButeos jowing="pavlov302">
        <petara>succus</petara>
      </yoteButeos>
      <embowed mazatecYarayCrated="scienceStrath">
        <barytesRicketsBandogs>fujisSycosisTheatre</barytesRicketsBandogs>
      </embowed>
      <arkosicCorky casualsCuscuta="rori" retoreSagital="4972">
        <prudery>67</prudery>
      </arkosicCorky>
      <campingMonose satan="rotguts">
        <feres>wryerPeacodFormals</feres>
      </campingMonose>
      <sepg uniter="hypnos" frappes="86">
        <melasNahani>entriaTaupeLaelia</melasNahani>
      </sepg>
    </juggingImpeachSlimsy>
    <diaxialEstadoUmgang loeingMacs="hoodshyIsotoneCusks1" raashCodder="tibiasCern" lessn="990795">
      <boshPallium>empeoPoind</boshPallium>
    </diaxialEstadoUmgang>
    <corymbsUmped>
      <ergoted>axisDebrideRigadig5</ergoted>
    </corymbsUmped>
  </sialsKanawhaUnisons>
  <smrgs gugletArrive="realerAddableEdema8720" />
  <hufferTameins cowpokeSyntagmEscrows="handled" />
  <unclampTyranny sumperCanikin="lanolin" hemaseChouanBonagh="busked" />
</unmask>