<?xml version="1.0"?>
<foreby>
  <spiceySposh overbowWha="banyoroArsono" hollaAnoil="8" outgameEugeny="2" goave="silesiaAnthemy">
    <majosSavorSharon>
      <hollaed>rappedSadder</hollaed>
      <uds>
        <salableBurgee>bited</salableBurgee>
      </uds>
      <untimed khazen="reavoidThinnedArace">
        <hicateeBilsted>974405197</hicateeBilsted>
      </untimed>
      <ellfish>
        <lendsVenoms>2255032</lendsVenoms>
      </ellfish>
      <tophetDiadema upturnsRunIndian="tutenagApposes9" lavaticKisangManitou="omnium7">
        <hinder>steridAgreges</hinder>
      </tophetDiadema>
    </majosSavorSharon>
    <mosaistArrishWaive bedroomGamgiaPecking="carexCrimpMaximed528">
      <feakingSquillSurtout>18126</feakingSquillSurtout>
    </mosaistArrishWaive>
    <oogleaClemmed haffBoomkin="wussWangalaRathite" tampalaCerealsTackify="frittsSacianEdental" upbelt="lcaCabouca">
      <reamuseAhem>chia182</reamuseAhem>
      <drouksTitians teecallCraningWhipper="servedBeetled">
        <burtExosmicHussy>salada</burtExosmicHussy>
      </drouksTitians>
    </oogleaClemmed>
    <citronGlobyLibitum howkerKauri="deturbGrazerMea">
      <jinsing>mammees3292</jinsing>
      <office>
        <saumonTacheDrooped>1777445</saumonTacheDrooped>
      </office>
      <lhiamba denes="byeBookers" atripBrisket="spanish">
        <potheenStagier>pupaTapwortPannose</potheenStagier>
      </lhiamba>
      <skimmerLyridNunnish bletia="faujdarFieriJazzier">
        <amelStrokedHypoth>uncastShoedSubch</amelStrokedHypoth>
      </skimmerLyridNunnish>
      <lurersElanceDurions osar="dodderyCanted" midspanTaxemeKetting="cough43">
        <violinShindy>866</violinShindy>
      </lurersElanceDurions>
      <congerPotboysOutstep playfulBeehive="typhoonOpt" etuaGastrea="mizpah">
        <kilty>fellaYakshiDevon</kilty>
      </congerPotboysOutstep>
      <tushed pippedScrolarCoxing="scalfe" ducallyNoncesStun="unsurly">
        <brasserFudgingTetchy>guenonsAislingCoburg7190</brasserFudgingTetchy>
      </tushed>
    </citronGlobyLibitum>
    <sauceLyes jebelsFatuismArsheen="358164294" heremCottaeSitus="doggingNettingWiddy">
      <unicistPhloxPheal>cuppasPageReedily</unicistPhloxPheal>
    </sauceLyes>
    <ansaGaditeProvers prudistDiktats="hypnaleFatlikeKowhai">
      <rampler>kona41</rampler>
      <somberRoucou clinicHeydayMesarch="8696" aries="sahrasFulgur">
        <menowPutainDemon>833384</menowPutainDemon>
      </somberRoucou>
      <warts intombSpanish="72699" dittanyAudibleMung="234696">
        <gemmedCarlin>airless</gemmedCarlin>
      </warts>
      <dozierPokomo>
        <hootsYacking>41377</hootsYacking>
      </dozierPokomo>
      <undeepSubito>
        <toltecUpflung>truerCrucisGeullah</toltecUpflung>
      </undeepSubito>
      <pultunMelanoi deleter="cuculleHailseBuffed" lienee="46766">
        <seeping>scrimeGaddiOrdains</seeping>
      </pultunMelanoi>
      <metagesDekarch furzed="isogony" beety="stuff3">
        <ridGauge>takinsNanoid6</ridGauge>
      </metagesDekarch>
      <bye ortolanEtypicLunyie="hackinEthions" poetsPubertySponge="murrine">
        <grein>upfieldYagger3313</grein>
      </bye>
      <mirrors bladingLesgh="loathes" humoursCohabit="rowSabbats">
        <scalodoCadieHylean>hayforkMurrs</scalodoCadieHylean>
      </mirrors>
      <oiled cantorsOrgicCurdle="satchelFarcyNautica840" termsTilingBagwig="rappe">
        <pun>planedTocusso</pun>
      </oiled>
    </ansaGaditeProvers>
  </spiceySposh>
  <twiggerDeaned incend="10308" subcaseHohoBottega="hisses66">
    <fiquesDorrs>
      <kambouDiurneRiserva>klansMeshed</kambouDiurneRiserva>
      <alforjaBuickHondo peres="misbusy">
        <beerRidgingStreaky>boreleMutablyGret</beerRidgingStreaky>
      </alforjaBuickHondo>
      <ropableUnholyStrider>
        <ajangleBozosThews>sull777</ajangleBozosThews>
      </ropableUnholyStrider>
    </fiquesDorrs>
    <pics>
      <gobackLicketyBubales>uglyChandryJayesh</gobackLicketyBubales>
    </pics>
    <coranceTigelleLeath>
      <subtendEndRedely>halveCorynid</subtendEndRedely>
    </coranceTigelleLeath>
    <cotonamSwimy>
      <potomacPeeledUnbound>steropeToona</potomacPeeledUnbound>
    </cotonamSwimy>
  </twiggerDeaned>
  <jackboyEngagedScalp oxazineLectionEntropy="barnful" infect="peatyHellhag">
    <submanRhyta nahuatlLanseh="poeticsUnglobe" reseeRufter="pitchiConked">
      <epheteSpisula>wentleUralicCarman</epheteSpisula>
    </submanRhyta>
    <geeingCuck>
      <woofing>890064</woofing>
    </geeingCuck>
    <plosionKercher>
      <ennuye>onaRaiae</ennuye>
      <lappicArankWince navetaPhonily="daceMuddlesSnowk" jawnTopwise="fezAumbry">
        <gambitsLaccolStyany>2</gambitsLaccolStyany>
      </lappicArankWince>
      <sinapicReladenMusting uneasesRillettMulling="boiled">
        <lichenyIsogoneGloves>diamat</lichenyIsogoneGloves>
      </sinapicReladenMusting>
      <boniata referee="fistfulDearie">
        <analgic>hummaulQuayFed</analgic>
      </boniata>
      <paisleyWorsted>
        <sny>1</sny>
      </paisleyWorsted>
      <lumpensAveugleCrimes portedElation="jejunum" alemmal="flashet">
        <satiSpotterPended>29936</satiSpotterPended>
      </lumpensAveugleCrimes>
      <vitrousSymPun grewiaPlough="buckoesUnbeast4" gampMutageDurham="fulzie">
        <moudieGrassed>907</moudieGrassed>
      </vitrousSymPun>
      <comingsSwelth stedmanSeductKited="champ">
        <cize>unhateHuck7</cize>
      </comingsSwelth>
      <piscesFoozle dingheeLeaved="antisag">
        <fogasDebride>stickOutletsSierra</fogasDebride>
      </piscesFoozle>
    </plosionKercher>
    <bevilYeuksSalse>
      <dulotic>hopes</dulotic>
      <sliest>
        <lasing>historyGray</lasing>
      </sliest>
      <anlageCrenelRenins kokaneeColics="boxlike">
        <sudoralBanquo>9</sudoralBanquo>
      </anlageCrenelRenins>
    </bevilYeuksSalse>
    <signsAbipon>
      <lucarne>sonarOntoWarn</lucarne>
    </signsAbipon>
    <earclip outbled="lardry4723" chronon="ranatraDebug" hittersSpinate="eluviesArmetsFakeers">
      <astonySemitae>iyar</astonySemitae>
    </earclip>
    <retains lamingMeconAntigay="bipack" etiamLollard="epigram" gareDecided="whoopeeEsneBustics">
      <twierWagwag>chirreGoitral</twierWagwag>
    </retains>
    <tussahErosely barwaysVacoaMohr="espavelBogey8">
      <uloid>sloping</uloid>
    </tussahErosely>
    <starch>
      <rinseProbablDisker>46394355</rinseProbablDisker>
      <whareerBopyridSmethe>
        <apaiseVedette>guidedVeneres</apaiseVedette>
      </whareerBopyridSmethe>
      <molidae>
        <humph>corridaRefugia34</humph>
      </molidae>
      <rehangs>
        <upclimb>nudishChorealCustrel</upclimb>
      </rehangs>
      <south moanful="7" cassisFoeishSippets="malopeKeeningClamps">
        <rackets>solumsSoapier</rackets>
      </south>
      <outfallCozedPlumose pentineHaggish="44153240">
        <asthmas>4779656</asthmas>
      </outfallCozedPlumose>
      <nones>
        <tylotus>csectsTlingit</tylotus>
      </nones>
    </starch>
  </jackboyEngagedScalp>
  <epimer>
    <farrageDotless>
      <roseal>84701865</roseal>
    </farrageDotless>
    <piazinMonofil curdledJuggingHeritor="subicleThawierEliza954">
      <dynamo>bitters</dynamo>
      <pointyBowlful>
        <kneads>alibiedPreally</kneads>
      </pointyBowlful>
      <ponderRicrac shrewdRougeotToising="batfowlPorksVetoes">
        <backhoe>mphps63</backhoe>
      </ponderRicrac>
      <skiwearManehBesmoke ukaseCaptain="snecksCroakedCushaw21">
        <clammy>aminesKayos</clammy>
      </skiwearManehBesmoke>
      <chaumerCortegeSlating listens="8396007" bagneLargestReblast="606690504">
        <naivesInvoy>webbyPuggingWinrow</naivesInvoy>
      </chaumerCortegeSlating>
      <skater coppleGrocers="movings">
        <tutrix>kiersDomal435</tutrix>
      </skater>
      <misbindUncharmAeneus bubalsArtels="mesked" moniker="longjawCashooLien">
        <unrunUnwhigSmithy>theseumViceroyFitche</unrunUnwhigSmithy>
      </misbindUncharmAeneus>
      <kyschty befall="644155638">
        <perched>diocese</perched>
      </kyschty>
    </piazinMonofil>
    <snickleKarooDorbugs cahuyJymold="nubbyUngrowLyncher">
      <chrobatTeneralDoeg>gillian</chrobatTeneralDoeg>
    </snickleKarooDorbugs>
    <cassiasErastusAfrica>
      <germonUnlyric>untrussWeasons79</germonUnlyric>
      <poohingAtake>
        <gloversReckAyens>plicaRouped4</gloversReckAyens>
      </poohingAtake>
      <cuif basosSlack="127" salmisLizardBardel="verbBicep78">
        <broking>kodaWienersSyconid</broking>
      </cuif>
      <cleuchWittedTile armlessEnrolleNighter="geneticMellow7">
        <fashesFroeman>ramtilCausZorille</fashesFroeman>
      </cleuchWittedTile>
      <kachchaBedlams>
        <grainedSlichCoaler>uninkedUnipod</grainedSlichCoaler>
      </kachchaBedlams>
      <btiseOedemasPlowmen lessor="azimide">
        <arioian>sabal</arioian>
      </btiseOedemasPlowmen>
      <alfione>
        <visitee>dimmet</visitee>
      </alfione>
      <donging>
        <swarbieDisburySouren>moyenneDgag</swarbieDisburySouren>
      </donging>
      <carneys conicalJin="eident37" evertsTweeseRepaves="sautes">
        <wroughtSpurned>thatdNeutriaSequani414</wroughtSpurned>
      </carneys>
    </cassiasErastusAfrica>
  </epimer>
  <nighly reyouth="saultPocus" />
  <rantedWeesheeRefrain outjest="5" ark="6427589" limberEdemata="albrunaBigotry">
    <moseBizetUrinous>
      <voltesVastly>bemask</voltesVastly>
    </moseBizetUrinous>
    <pesosCigars>
      <filedCupiubaWoolie>rosaryMastoid815</filedCupiubaWoolie>
      <ventilPikemanDort skimpyBrightsCeromez="cosiesPaco">
        <gaylyBrephic>dhammaThonderNasute</gaylyBrephic>
      </ventilPikemanDort>
      <guessesFacades quitsUtopiaSexfoil="hidden" roundle="lanate6">
        <brokersEnnuiInlake>29464395</brokersEnnuiInlake>
      </guessesFacades>
      <lorisUnscalyUpbar ramealFred="pilgrim">
        <pupilar>gibbertBestNarcous</pupilar>
      </lorisUnscalyUpbar>
      <artyEmmetsAlnager skerryMeteorSorted="mistookTugsRespue">
        <carneBespellStarker>728223336</carneBespellStarker>
      </artyEmmetsAlnager>
      <louder certieCowpox="ethicOutring68">
        <grabsMoedTaces>54181</grabsMoedTaces>
      </louder>
      <salta immindAlumnus="upshaftBevorsGauss" censusEjusdem="rayfulBogwayLettuce">
        <foreranBarest>sheardSecutor3059</foreranBarest>
      </salta>
      <hushCozenedImaging rebaseRemudasCyanole="4717">
        <frightyMalusUmbrous>leery</frightyMalusUmbrous>
      </hushCozenedImaging>
    </pesosCigars>
    <litoral bevomitBrig="cobbledStipulaUnpaced52" martyn="kubbaSolacedUnwaked">
      <cleeked>ruddiedDyeingsPersic</cleeked>
      <kanjis>
        <broaden>theer</broaden>
      </kanjis>
      <organon aroyntsEpizzoa="heptodeMissaidFalse">
        <lodenInbowPutting>notionLazying</lodenInbowPutting>
      </organon>
      <gumly partly="25855262" pestifyUnflame="dahoon">
        <reconLockfulSacela>modder3</reconLockfulSacela>
      </gumly>
      <huariPureed gestDeistic="skilpot">
        <owling>liltsMoormenDomboc9183</owling>
      </huariPureed>
      <nursersSepoys bralessGawcey="chezOranger362" ligandsBitchesAwarder="910413380">
        <wanrest>apioidCotingUnfreed</wanrest>
      </nursersSepoys>
      <akamnikCuecaOnset>
        <tenue>gillnetCachrysQuaedam</tenue>
      </akamnikCuecaOnset>
      <furlessTwistyEntia abduceTikkaDroopy="ovampoGaddangBeagles">
        <scrotaAnalgiaCarle>45697</scrotaAnalgiaCarle>
      </furlessTwistyEntia>
    </litoral>
    <exopod>
      <hermiRhinion>34</hermiRhinion>
    </exopod>
    <prorsalSpaits>
      <unfar>defamesTetrole</unfar>
      <relookComponeSkeined chipperDessaVarical="clarineDreaderFumish" kalLoudish="guttulaFaciesAuspex86">
        <rattanImblazeCevian>sterics</rattanImblazeCevian>
      </relookComponeSkeined>
    </prorsalSpaits>
    <jembleSiegurdHoners>
      <legumeMioses>kohuaWantfulAnabia60</legumeMioses>
      <dupedomYarranGliffs nouriceBurdenPeixere="shehita" hiver="cautivoPliskyCanters">
        <tumCithern>puggerEucosia</tumCithern>
      </dupedomYarranGliffs>
      <extineRestab dakotasBroomPases="solanal">
        <lunular>ruckleRabfakGifts</lunular>
      </extineRestab>
      <potiferLiqueur nunksLuiseno="88656221" venulaMesole="xerosesMaint">
        <obitQueryHerne>breakup</obitQueryHerne>
      </potiferLiqueur>
      <rebuffs epoistBuoyantAbysses="claySneaks">
        <uraemiaOrganer>59</uraemiaOrganer>
      </rebuffs>
      <saloop plerome="puckseyAnconas" ceibas="2552">
        <tapBkgBangs>yulans</tapBkgBangs>
      </saloop>
    </jembleSiegurdHoners>
  </rantedWeesheeRefrain>
</foreby>