<?xml version="1.0"?>
<narrasMythizeAllyou>
  <vendor dogyScathy="calumet" schrundSlough="faredHadalRepacks" poseursCandent="friendHalp">
    <passive>
      <umlautsMediacy>visneyPdlLined</umlautsMediacy>
    </passive>
    <verses yaguaCoignePmsg="atrophy8777">
      <poetsCibory>chaymaManrentBrazera</poetsCibory>
    </verses>
    <whoredDeltal sudaryGrimace="703624798" cholate="terveeToparch">
      <truckieBridged>ploughs</truckieBridged>
      <violonBarrier>
        <tomia>velalGermansPentad</tomia>
      </violonBarrier>
      <avoiderRousantBestial faciesAbramOsmanie="heckled346" wandoo="muns">
        <volageAgonies>degame</volageAgonies>
      </avoiderRousantBestial>
    </whoredDeltal>
    <fleamy>
      <pectronIdahoRim>gater</pectronIdahoRim>
      <jaroolEmpexaAmidine gorrafEmydea="ninos" kneepadBionMyocdia="ancylusSheave">
        <octadicClagsTucuma>horim</octadicClagsTucuma>
      </jaroolEmpexaAmidine>
      <kosongCoruco tataricGrebeAirsick="cookieAimak">
        <recocksJeered>ureid</recocksJeered>
      </kosongCoruco>
      <zoeticManiJived>
        <truddo>5050219</truddo>
      </zoeticManiJived>
      <wagandaEmanium clausum="toddled">
        <dossel>titters</dossel>
      </wagandaEmanium>
      <hookeyFetor chints="amnicMuggerMizzled" slavFaroukDochter="dulcifyArtemasRhamn">
        <sumpitTriflyChiffre>pmt</sumpitTriflyChiffre>
      </hookeyFetor>
      <palew>
        <ermineHawmAmazed>15</ermineHawmAmazed>
      </palew>
      <shurgeeSilts wililyInlierCarcase="bodicedRoofing" hasted="acheniaPaganVouched">
        <humerusDamsels>caff</humerusDamsels>
      </shurgeeSilts>
      <joachimScutMaurist elusivePhulwaSolano="coaxerMeniverRong" howling="gravat">
        <hayliftUpbreakLawed>bistate</hayliftUpbreakLawed>
      </joachimScutMaurist>
    </fleamy>
    <hygeistInscape>
      <abaxial>749</abaxial>
    </hygeistInscape>
    <shrinedSyriasm>
      <sumdumIworthHicky>eggless</sumdumIworthHicky>
      <leecher lagurus="drestMomentFaller16" visaAfghani="ryas">
        <trickedBison>gorsierCrewedBarbre</trickedBison>
      </leecher>
      <lenosCoignCoryza sagasCatlingCurari="witchetSpokedJingly">
        <gaudierPondmanMikie>5994</gaudierPondmanMikie>
      </lenosCoignCoryza>
      <chogakGlaga ajarStob="platedOratorsFleck">
        <camass>coughWisse</camass>
      </chogakGlaga>
      <vaporyPommetDomett>
        <larceny>rubificAdosseeShudna</larceny>
      </vaporyPommetDomett>
      <kambaAlmoseSmitch bunnell="fulleryLiposis">
        <idolise>695587799</idolise>
      </kambaAlmoseSmitch>
      <osageOenin arguingWhuzConima="tenioPinguid">
        <dorperPacify>boobsRutter</dorperPacify>
      </osageOenin>
      <tearier pollera="buseraDissait">
        <vernageDabby>anightPaste</vernageDabby>
      </tearier>
      <unpackMusties unbedReluce="wormingBasotho">
        <curvle>dook</curvle>
      </unpackMusties>
    </shrinedSyriasm>
  </vendor>
  <asepticAzoicDamage rouges="call" amebousWhangMethane="sondeRimal" quinylMpg="corveeAshenPolynee" tivoliDesign="pyoidFugging" />
  <massas inbring="romaneKalong" navaidsAproposNadder="mincierEstriolCrouche" duncanAbilo="sedates5899" />
  <dichordSquadsOrchil sargoCampagi="tracheaSpankedMistion" lexicalTrogonObeli="fecitTroopDourer" gooExciteNiter="corsacsMudiriaCopeia" />
</narrasMythizeAllyou>