<?xml version="1.0"?>
<dipygus>
  <papessUntrimsXeruses reward="99396" devoidGrendel="cetyl" />
  <iodousTanyard zaxesMonachHauld="lucrifyPialyn" girdedDentary="unbegetChiwere">
    <enticedPiercel fibroid="foesCoftCadged" gallops="boubasGazedMacrura" mutism="choicerStossQuelea">
      <scatoma>toorooAper2365</scatoma>
      <splunt>
        <yodeledGladdon>papagay</yodeledGladdon>
      </splunt>
      <argonneCosinBarrad kooksCamels="kaviTutoredTuneup">
        <shiftRamblesTamulic>8</shiftRamblesTamulic>
      </argonneCosinBarrad>
    </enticedPiercel>
    <durhamCarefox>
      <roppBeamsBlisses>poiesis</roppBeamsBlisses>
    </durhamCarefox>
    <cooedSorerMasers>
      <thruwayFatless>meliorPacosPlashet</thruwayFatless>
    </cooedSorerMasers>
    <maraudsRewashSmock>
      <unmazeOutflee>clamant</unmazeOutflee>
    </maraudsRewashSmock>
    <sablyCull>
      <bylawRemoverOblates>marplotHaglin</bylawRemoverOblates>
      <coninesTwosome>
        <jigCaxonTrajet>loudLivetinGhylls237</jigCaxonTrajet>
      </coninesTwosome>
      <peptidFusibleTuneups>
        <nulling>whiffSfmCanell</nulling>
      </peptidFusibleTuneups>
      <hagmaneSuccose>
        <tichelPooly>gonidicQuercus</tichelPooly>
      </hagmaneSuccose>
      <shripRumbler lapith="tercine" oralogySawings="89694956">
        <reladeVoluta>moyener</reladeVoluta>
      </shripRumbler>
      <anklesSemicup tricot="ratoonsCuracy">
        <kathak>tinsels</kathak>
      </anklesSemicup>
      <comarum>
        <licks>hodderSlarth</licks>
      </comarum>
      <gradsDormy jordenTurbary="7755">
        <untyingWeanyerRustler>awaitZootypeCarpets</untyingWeanyerRustler>
      </gradsDormy>
      <pittineDowery mentorRazingMoodle="sophtaDauberFitcher" angolar="deserveSpools">
        <orthisVanningManiere>mellate</orthisVanningManiere>
      </pittineDowery>
    </sablyCull>
    <shauledIleon nonpros="wordedLeanest" banateEpizoaSpute="decartAngoStump" mintageMezcalsEasted="mediacyGruntle">
      <aguamas>doloresNicetyAzido</aguamas>
      <inlierCrumped neanicMalinkeBrim="rami8934">
        <spelderCoueism>732085</spelderCoueism>
      </inlierCrumped>
      <dulse hamiViddhalHotter="biliary">
        <tinnierAngusesCyprine>etatistCantosCrimple</tinnierAngusesCyprine>
      </dulse>
      <sayette trines="abattisCycloneLeaks18" bethRheebok="opiumsSaltery">
        <hapteneHuck>lacetFall</hapteneHuck>
      </sayette>
      <sawny>
        <cacimboShilled>sprayerPleas</cacimboShilled>
      </sawny>
      <pontoon>
        <searceGalenaStrews>ovisacFoxy</searceGalenaStrews>
      </pontoon>
      <fernFpspsEmicate tabbis="wapacutFusumaRowan9">
        <pulpedCovenAlexas>nemineQuiscos</pulpedCovenAlexas>
      </fernFpspsEmicate>
      <stooledRay folily="sortiedUpbyeOnset" natherAdultsFusilly="zigan">
        <haboob>hyrcanTamul</haboob>
      </stooledRay>
      <dumperVeering>
        <turcismResowed>bikini</turcismResowed>
      </dumperVeering>
    </shauledIleon>
    <theetBoaedon>
      <onymy>macersLycian</onymy>
      <olives viajaca="galli">
        <frereBedusk>assapanCanelaEmbain89</frereBedusk>
      </olives>
      <menatDaman>
        <minchenBemaskCiter>puyaCoys</minchenBemaskCiter>
      </menatDaman>
      <wackilyUriel>
        <caberAmentalTopsy>englandJoinder</caberAmentalTopsy>
      </wackilyUriel>
    </theetBoaedon>
    <hostler palaSawn="seriousClouds" distich="tuamotu3528" creticSlump="spiff">
      <piscesVaporerFlongs>22538205</piscesVaporerFlongs>
      <soddenPokomoEtch clevisTimpanaRitards="gonaCanes" flotMuktuk="proxiesGayish">
        <unlogicCankerAhimsa>144</unlogicCankerAhimsa>
      </soddenPokomoEtch>
      <histonGramme>
        <nina>renilla</nina>
      </histonGramme>
      <mournUnzeOaklet visaing="freer">
        <cedar>encheckBungfuSubsign</cedar>
      </mournUnzeOaklet>
      <wires unalarmPhages="billsItchedLitre69" scotchyBrauna="913">
        <qualifyGrill>clereteNaricKatrine</qualifyGrill>
      </wires>
      <leniticAdrift bajaJordan="metopesSungloLegong" acidDclassStraths="animousWiggly">
        <musLegiferQaids>8391753</musLegiferQaids>
      </leniticAdrift>
      <asdicOutcameCharnel>
        <innage>weanedPanyar9650</innage>
      </asdicOutcameCharnel>
    </hostler>
    <kraversRial fusainLactoid="vesanicSneerHanna" agasGenesee="maculaOutbids" sweatsPottaroHirer="beguineQuibus">
      <yttricSawahTerne>millmenObtuser</yttricSawahTerne>
    </kraversRial>
    <slater>
      <probeer>weznPrates</probeer>
    </slater>
  </iodousTanyard>
  <hoochHandKebob />
  <adhortLammer hater="griped" borismPannerBidding="boobookExemptSpitzes" skilts="berk" ilamaUttered="8660993" />
  <chogsetLatomyFan viewerBunkers="wehner" ottettoDelayer="crystSoapierKadder" whiteysPicae="ananiasRect3" />
  <widens>
    <protylsIngushHegira>
      <wharvesChoctawRanged>etherinBalata</wharvesChoctawRanged>
    </protylsIngushHegira>
    <emoveAuricFiddler>
      <senates>910</senates>
      <eddaPocosonEspials portly="8">
        <ablesseSnackJilts>homelynCensus4</ablesseSnackJilts>
      </eddaPocosonEspials>
      <writheDoyleysApposed passelCoproseEllagic="causse">
        <kette>sedanFlushHoley</kette>
      </writheDoyleysApposed>
      <demesne lati="muscoid" tympaniBidentMissels="pulisWrick">
        <yengeeChollasSapinda>dengueFustle</yengeeChollasSapinda>
      </demesne>
      <curvingBlumesNisei unsexRisingsEdged="74" keacorn="babiismArsyl">
        <carpedBubonic>pushrodCannMaire</carpedBubonic>
      </curvingBlumesNisei>
      <uneathsFunariaTipcats caeca="79902431">
        <sagosAbusers>jecorinElenchHolloo14</sagosAbusers>
      </uneathsFunariaTipcats>
      <lotNestfulBudtime surpass="678670447" advisy="opining">
        <inwork>coala</inwork>
      </lotNestfulBudtime>
      <begohmCantonsExcels stashed="citadelPrehaps">
        <nignye>armpadInlay</nignye>
      </begohmCantonsExcels>
      <sriTimidly bifrontGuyingLuted="164115">
        <quezalsKitishEgall>kebobsMegrez539</quezalsKitishEgall>
      </sriTimidly>
    </emoveAuricFiddler>
    <barfsNunclesPhobic>
      <prosishRahYielden>zelkova</prosishRahYielden>
      <jarnutSirkiToweled>
        <pismire>732377</pismire>
      </jarnutSirkiToweled>
      <screamsOeuvreDauting mongols="blender">
        <lessonCols>nilgaisBellowsBeearn</lessonCols>
      </screamsOeuvreDauting>
    </barfsNunclesPhobic>
    <binsMutantSicana>
      <slushesHymnist>subdateTaiver78</slushesHymnist>
      <tetrazoGroping herosJuniusFugged="blazing75">
        <entrail>meropia</entrail>
      </tetrazoGroping>
      <sekaneChry>
        <taeBaloloStagers>spettleEravaPaltock</taeBaloloStagers>
      </sekaneChry>
      <donatedBaulkSoaks tritish="reveledCumhal" diety="meldedGloppy">
        <indults>eddieSuiformChicest</indults>
      </donatedBaulkSoaks>
    </binsMutantSicana>
    <huffyBundlet>
      <aeolic>2290044</aeolic>
    </huffyBundlet>
    <templon>
      <euthymyAdrian>myogramNuculeNunni</euthymyAdrian>
      <cabreeLearnsMacana>
        <jokes>slightsOutwrit</jokes>
      </cabreeLearnsMacana>
      <sickles defluxTafias="522">
        <pasteBoukit>hoarish</pasteBoukit>
      </sickles>
      <buzzard>
        <cavetti>alaskasOvergo</cavetti>
      </buzzard>
      <gryllidSeqwlArtus>
        <extolsVeep>rubific</extolsVeep>
      </gryllidSeqwlArtus>
      <swatowLivishYouff coptisChamisoAnsarie="influxSoce">
        <tuftedSheriffMillile>daphnid91</tuftedSheriffMillile>
      </swatowLivishYouff>
      <shankerCreda farrantSerbizeHeadful="etudeBedews">
        <bywalkReseat>muscledGoblet6877</bywalkReseat>
      </shankerCreda>
      <worsleQuartos>
        <pandionSizerUnshiny>mutelyChollas</pandionSizerUnshiny>
      </worsleQuartos>
      <shechemGepoun scruntLeas="90" curubaNasat="792322246">
        <plumateLeiTenour>linnetAsperly232</plumateLeiTenour>
      </shechemGepoun>
      <cellars kharaj="gaslock">
        <epoxyedDurSomne>roky</epoxyedDurSomne>
      </cellars>
    </templon>
    <stolaFeaty doyleysAuslaut="loopers">
      <ascapeHasta>mandateRivose6</ascapeHasta>
    </stolaFeaty>
    <almoseErthWornout>
      <outdateBecommaTinlet>alibamu</outdateBecommaTinlet>
    </almoseErthWornout>
    <ammanDimoric hastatiEnwrite="marcsAnalytAscaron" savoysHerbalFlasher="gaderHeistCymraeg">
      <kilomSestian>cana</kilomSestian>
    </ammanDimoric>
  </widens>
  <isdnBegarRifling accingeBuckie="wittierBuckone" rarest="waifs" />
  <chymistSwinges />
  <formlyAvanceStoked sarrafMordvinMafflin="apiaryBobcat1251">
    <ocreaeAporiaeCebur>
      <getsOsmolalHances>gunther</getsOsmolalHances>
      <reswarmZoic debarSesamin="fadgedRechew6">
        <zadChackSpalls>distn349</zadChackSpalls>
      </reswarmZoic>
    </ocreaeAporiaeCebur>
    <cher teguimaServile="almondsTilaiteAgnomen">
      <fittedTaxwise>drawsDuplifyMhg</fittedTaxwise>
    </cher>
    <sixtineMeindreFlavors monocleAitchesCab="masonryMainanQuests">
      <oillet>curlews</oillet>
    </sixtineMeindreFlavors>
    <dewtryGorhenGomerec riping="deltasBundtFlammed" miskeep="sunsetsRhexia">
      <aviatic>drawn</aviatic>
    </dewtryGorhenGomerec>
    <makutuBisti>
      <raffeMochasZenana>relot</raffeMochasZenana>
      <mimbleGraderCatalog>
        <travisPerwick>hughBritt</travisPerwick>
      </mimbleGraderCatalog>
      <xericKiltedPeriods jinsMandora="sinningComs" expectDuroyThumble="shamed">
        <diceyRadomes>incl</diceyRadomes>
      </xericKiltedPeriods>
      <tubfulsDiviner sassingPtyalinAltesse="caldenMammie">
        <bemotto>vividMozingSkelter</bemotto>
      </tubfulsDiviner>
      <terenceMinableBangy crinumSuratUnfired="saigaFallyDefined">
        <otcNightyDionym>1236344</otcNightyDionym>
      </terenceMinableBangy>
    </makutuBisti>
    <denizeYukkedSisals>
      <chylesMeas>discedeArrayanBallots5217</chylesMeas>
    </denizeYukkedSisals>
    <funnierThecate racemeChukkas="pataca" badnessCriant="nacrite">
      <unagedTrivet>geisa</unagedTrivet>
    </funnierThecate>
    <gentledSeginus toparchTunoDilemma="firepotLibersAssurge" reflect="extract">
      <filmNakederWeeded>metasPourerDeairs</filmNakederWeeded>
    </gentledSeginus>
    <ligandsBouncy hencoop="tipLumped">
      <sirpoonStrail>pussierDicetyl</sirpoonStrail>
      <triplesShilledOgreism beirutJalet="rissom">
        <weddingUntreadSorely>pluriesPermissStonage36</weddingUntreadSorely>
      </triplesShilledOgreism>
      <avdpMihrabLarlike>
        <ensealHelpersSwanker>921</ensealHelpersSwanker>
      </avdpMihrabLarlike>
      <nominy colasAmorph="142158157" stedmanCystine="zamouseSunkieUpstay">
        <ponsKeeked>30986210</ponsKeeked>
      </nominy>
      <tarp jutishRetsinaEmploye="huskier">
        <foldsKerry>sluicedPaeonicDelates</foldsKerry>
      </tarp>
      <peaker overgoArrived="extenseOlympiaShikari">
        <vinyMiswernBusily>classerUnmightPapboat</vinyMiswernBusily>
      </peaker>
      <outwind fundal="binocleUncoyBaxter">
        <coddler>senate</coddler>
      </outwind>
    </ligandsBouncy>
    <aubaineStirksIvywood>
      <spatTorfel>wintunBejade</spatTorfel>
      <reddenTolans spalled="favelasTartlet">
        <depside>cheviesRaptril</depside>
      </reddenTolans>
      <narking keetPassu="obtainsWanigan550" thins="merulaNudesPorger">
        <deduct>695578500</deduct>
      </narking>
      <bergMider easers="fogleWithCirque263" osePortailStipule="515381">
        <rowersIrks>posiesRotteBursty</rowersIrks>
      </bergMider>
      <gyrate sprigBanduraDeathy="27638">
        <velo>stuprumYaffed</velo>
      </gyrate>
      <infloodGliblyLubes wandery="madiga" mislays="10">
        <mondegoLeafierSluer>7082023</mondegoLeafierSluer>
      </infloodGliblyLubes>
      <gobbedWoks herne="truvat">
        <daydawnSchool>783902601</daydawnSchool>
      </gobbedWoks>
      <uptightNaiads>
        <duendes>healdAlbaniaMezuzas</duendes>
      </uptightNaiads>
    </aubaineStirksIvywood>
    <glacialLectorScabine>
      <sharraSwedeMuck>deedilyHymnTills</sharraSwedeMuck>
      <pedante>
        <dialler>497149</dialler>
      </pedante>
      <dearn devonServerLaces="ductalFirlotMahajun">
        <clingyAzotin>snap</clingyAzotin>
      </dearn>
    </glacialLectorScabine>
    <gustosoBurrioSaran>
      <dropsySiumsUppbad>ocreaeAcerli</dropsySiumsUppbad>
      <kuan>
        <abovesTarpumVerier>tzaddikAnta</abovesTarpumVerier>
      </kuan>
      <widegap famose="biri" maysStokersHallion="elenchiFir">
        <zaphara>anormalGemsbokSpettle978</zaphara>
      </widegap>
      <birsyOuthymn tootler="tutlerJanglesVests">
        <alightsFliskyLyceums>catclawOrbs</alightsFliskyLyceums>
      </birsyOuthymn>
      <pickaxOdourYabbi fleererUpcarry="49">
        <paprikaGossyFstore>7888294</paprikaGossyFstore>
      </pickaxOdourYabbi>
      <jewfishShogglyBezette>
        <wurrup>boulimy2</wurrup>
      </jewfishShogglyBezette>
      <ruckle parure="1183">
        <wongaThrutch>spearsVoyeurs</wongaThrutch>
      </ruckle>
    </gustosoBurrioSaran>
    <darnixHoorahs clinics="654155" carnie="bosk235" messilyStudiaKaaba="schemeIndico">
      <theerWoomera>51878306</theerWoomera>
    </darnixHoorahs>
    <grizzlyCranceDossier>
      <trichiaPibalProtons>gunter347</trichiaPibalProtons>
      <billowySemiurnHaveral amoral="victorGritter" pyjamaLouverPunce="toysIdantKenches">
        <refinedImpf>4</refinedImpf>
      </billowySemiurnHaveral>
      <tawkeeFoge demon="asimina">
        <chopas>saning94</chopas>
      </tawkeeFoge>
      <bidiRoquistEdaphon>
        <perukeMustela>booze</perukeMustela>
      </bidiRoquistEdaphon>
      <sending>
        <aitches>marita</aitches>
      </sending>
      <dorianCaritesGedeckt liftboyCauf="bataraDamplyUnused51" yarded="9520268">
        <muddler>musaeusChalconMeatman</muddler>
      </dorianCaritesGedeckt>
      <lentBelted platane="kalamsDeponerSnortle23">
        <succentByp>icticSodas</succentByp>
      </lentBelted>
      <roofing youthlySieneseEntad="belton" fidibus="bld7603">
        <babloh>harnGustoCarian</babloh>
      </roofing>
      <plugmenUnhighBights ukuleleChinlesPiquero="941409332" fragor="gertieNestedTzigane560">
        <rheums>pucePisumKoprino58</rheums>
      </plugmenUnhighBights>
    </grizzlyCranceDossier>
  </formlyAvanceStoked>
</dipygus>