<?xml version="1.0"?>
<chilloMoseysAigrets>
  <canzoneSprugs />
  <huurder chrismJosses="repuffPinker" />
  <dyak detar="aumagaMonase" outreadRubleSerose="correaWeltingUgsome" wryest="today" vawBabiShide="juring">
    <drubber jobsiteUmteen="mowha" trouvTonging="eastsPaginaeUpcreep">
      <tolselLappersUncased>granadoAlnoite</tolselLappersUncased>
    </drubber>
    <paphian unslainBlowgun="talons" hentsHivesCheatry="epiloiaBluey718" fambleBoitesOchroma="reanvil">
      <loodBocciasBalked>flotsam</loodBocciasBalked>
    </paphian>
  </dyak>
</chilloMoseysAigrets>