<?xml version="1.0"?>
<arabsCribberHawed>
  <bremia>
    <ancileCabotin uncalk="agneanGantang" kelliesChubsAddu="begoneYecchsVacancy">
      <uvealAirship>ancille</uvealAirship>
    </ancileCabotin>
    <shap>
      <lookupsDonzels>gobyDreader</lookupsDonzels>
    </shap>
    <fraxinUnsing>
      <antreMondsee>1</antreMondsee>
    </fraxinUnsing>
    <rhilaVersetsCombite earnerProa="ironersAmadisNorth1065" pujariUgaronoTrimer="bencherAdmittyWax">
      <womplitOverbigSenhora>chakobu</womplitOverbigSenhora>
    </rhilaVersetsCombite>
    <furzy>
      <plexFrizadoEmball>lassetGil4</plexFrizadoEmball>
      <conantCurfews>
        <sheeterClasticToras>peeries</sheeterClasticToras>
      </conantCurfews>
      <runout tenrecZippers="folatesSubking34" grindTollbar="tipreeShan">
        <tykingAscots>rafeMuridaeChapel</tykingAscots>
      </runout>
      <rushenOomphSolea exudingBesnowsHostler="caved">
        <wallsScuzShays>3682</wallsScuzShays>
      </rushenOomphSolea>
      <valsoidLoobyOswald muscariFashedBowker="91799" moghanSkeelMosses="jostled597">
        <als>pocillPaula</als>
      </valsoidLoobyOswald>
    </furzy>
    <waftersTikker>
      <xystusCaddoGinnel>uranismStatues</xystusCaddoGinnel>
      <aperShutoku yemingCiliaTelome="lasingNullahsDrylots94">
        <obecheMankinVeneer>stelled</obecheMankinVeneer>
      </aperShutoku>
      <schickYulans duxRiflersDeturb="muzoonaMuriumCampho">
        <nooked>41164765</nooked>
      </schickYulans>
      <hurriedClosenBeslave>
        <clavateLegatoBoid>khiHallanPhoebes6</clavateLegatoBoid>
      </hurriedClosenBeslave>
      <sexualHotnessChullpa thillsAloedBandore="mysticsWrampRosette" evolvesBauckieBombic="napesDrachmsMobbers">
        <tilery>waleAurora</tilery>
      </sexualHotnessChullpa>
      <sommaHoovenFortran roarer="peppinPeenBheesty2864">
        <bakli>rissoid82</bakli>
      </sommaHoovenFortran>
    </waftersTikker>
    <wares>
      <reendowVolageGuaymie>teraohmAmande</reendowVolageGuaymie>
    </wares>
    <thudded>
      <pastimeTindal>94957927</pastimeTindal>
      <luteletInduism haulmy="lambdaNaiad88" tholiKhansZaparo="2077">
        <micellsFootlerVioline>199636</micellsFootlerVioline>
      </luteletInduism>
      <busteeBurgherPioxe pinkingCanduc="purree" whids="523943">
        <advises>62111</advises>
      </busteeBurgherPioxe>
      <sinner weazenySondHybosis="sheolic2">
        <spaughtFustle>7302465</spaughtFustle>
      </sinner>
      <exeatPastorImmunol meebos="alaska" sudsierAlupag="typistBuzzedChrisom58">
        <choco>apodiaLinneItched</choco>
      </exeatPastorImmunol>
      <sabayonStegh tchekaSaeimaPwca="polearm4572" preter="expireeSciapod">
        <cathernHarfang>orfRelapse2805</cathernHarfang>
      </sabayonStegh>
      <jaman acne="tarenteWoneHangtag">
        <falsest>aurigoPuffingChaja</falsest>
      </jaman>
      <iareSoho ixtlesTenableLeste="map" decampHexogen="aiawongCreem">
        <raidsSychee>447125</raidsSychee>
      </iareSoho>
      <surlilyHeughsImmune btiseCobwebsSculked="orlet75" atoniesSopper="samletsSpiled">
        <airilyOpener>vile</airilyOpener>
      </surlilyHeughsImmune>
      <olivetHyblaea ardea="groutedChooraLett">
        <mespilTetractBskt>snobArgufyUngown8531</mespilTetractBskt>
      </olivetHyblaea>
    </thudded>
    <trabucoHerdics ifrealStickum="496897" duct="dupion">
      <moderneGlower>klipbokKamsinsSant</moderneGlower>
    </trabucoHerdics>
    <silviaEchea>
      <ketoseWhewl>vase</ketoseWhewl>
    </silviaEchea>
    <plinthsTungate borana="tigrai9076" mocoKintar="dittoesTapetis">
      <befog>mts</befog>
    </plinthsTungate>
    <alkoxyBooksyTelexes selfishPanseStrawy="scowmen">
      <slebHomeRaucity>debtorMikael</slebHomeRaucity>
    </alkoxyBooksyTelexes>
  </bremia>
  <taxableLupidHawkie unsappyFirelit="centoErotema" crinklyPreknit="profferVirasonHerba">
    <lulu drubblyCrashedYeses="alterumRodge" nocturn="uncouthOutwale">
      <huffishChigger>toilfulDehairToxical</huffishChigger>
      <sepicUnstopsNoyaded>
        <lairmenMounterAmatory>ayesRetotal</lairmenMounterAmatory>
      </sepicUnstopsNoyaded>
      <pret baret="kassak">
        <bloater>apulian</bloater>
      </pret>
      <oryzaUneath choreusBifaraPellian="unfoggyGlucineGapa" rehedgeHarling="238">
        <retiaPules>aigletsUnmet</retiaPules>
      </oryzaUneath>
      <bonedrySiksikaClive>
        <arbuteSedumsLeukons>wonnersAldolSkellum</arbuteSedumsLeukons>
      </bonedrySiksikaClive>
      <rhexia>
        <dandiesMachar>yuma</dandiesMachar>
      </rhexia>
      <see moop="chifferBummieOvolos" farles="auto">
        <furmity>pluckerSorghumStalk944</furmity>
      </see>
      <jowariRagbag chakram="vengingMull" celtistEndoutePeeves="eyreCollada">
        <safarKitersMixy>skellerPuffinsExodos</safarKitersMixy>
      </jowariRagbag>
      <soulterDetenueDogsled glaireMaying="dowsersCroonAfforce42">
        <huzzah>panaman</huzzah>
      </soulterDetenueDogsled>
    </lulu>
    <lyn>
      <peacodMargaSixfoil>70221799</peacodMargaSixfoil>
      <derkMedSatires grangePissoirMeak="misrelyEssera">
        <lustickLippens>88</lustickLippens>
      </derkMedSatires>
      <octodonTrame coitureNiddle="oxydaseIdcueSavssat" bowkRepost="dittyHermoRepay">
        <nonzeroOesPravity>icierBescarf68</nonzeroOesPravity>
      </octodonTrame>
      <boccaleStaithe cleavedRheaBotches="anatum">
        <respMaul>gelofer</respMaul>
      </boccaleStaithe>
      <prats tauntHarvardGotham="spiseNauseamHurtled" bookery="ency3339">
        <oddballEkphore>lobes</oddballEkphore>
      </prats>
      <anguisBungingBulb novem="nauseas">
        <polarly>wolveSolgel9856</polarly>
      </anguisBungingBulb>
    </lyn>
    <stiteSegnos>
      <swardy>crawleyMellsRamaite</swardy>
    </stiteSegnos>
    <wrightsSkibby>
      <dharmicRompBeads>chibritDawish</dharmicRompBeads>
      <withery embuia="187" spicas="souse573">
        <peleFpspsBecomes>adreamBroigne29</peleFpspsBecomes>
      </withery>
      <recanedSpiced jugated="sleeks2461">
        <yapockImmoteChafery>unfinedLindiesBonbon</yapockImmoteChafery>
      </recanedSpiced>
      <laraliaBuddies shrabLunn="1">
        <karts>2831</karts>
      </laraliaBuddies>
      <somnus drivingCamerySerest="teenetOperonsStimies" blashyBiglot="427506">
        <fireCrinkly>pedule</fireCrinkly>
      </somnus>
      <sukkahs soakFouled="eulima440" deem="peppyRason">
        <kapaShelah>abomasKristiPekans</kapaShelah>
      </sukkahs>
      <porgoTaffetaPie>
        <rottanPyrolas>26619</rottanPyrolas>
      </porgoTaffetaPie>
    </wrightsSkibby>
    <plantaStunts deriderBrulzieReyson="marly240" toged="liliesOkes">
      <unbegun>chicotThirty</unbegun>
      <muttonMolarsPiing>
        <arn>catenasDomneiPoseurs45</arn>
      </muttonMolarsPiing>
      <suedeCocketGneu skreel="toryess">
        <marrubePdnDundees>frizzlyWhorishMochas</marrubePdnDundees>
      </suedeCocketGneu>
      <indBywordAgamid marcidBifteck="tahsinGlassed" gleekedAlum="bummeryWealdsBowsman">
        <hurtful>unbearGabback</hurtful>
      </indBywordAgamid>
      <buqsha fill="5">
        <lagunasGrendel>8285146</lagunasGrendel>
      </buqsha>
    </plantaStunts>
  </taxableLupidHawkie>
  <canulasOratrix />
  <manchusDiarist magicalBrewerArmory="refelSouped" />
</arabsCribberHawed>