<?xml version="1.0"?>
<titusAirth>
  <inveinWhussleUnawake />
  <unfieryCarnateIph belonidElfwifeArdrigh="fluffSkempVineity" nymphlyUnwove="buttals" />
  <hivite endiaSimpers="sheenieGoustieCosiest" lentileHerodiiToastee="penalIxtle1" pelopsTalaricMoorier="scalfe">
    <ecoleFgridShreeve>
      <neckCand>bedeaf</neckCand>
    </ecoleFgridShreeve>
    <credaIodols>
      <sieursPetum>chessetFizzles</sieursPetum>
    </credaIodols>
    <amendStoraxFrench>
      <melinis>1634</melinis>
      <swamHeman>
        <windowCarboraWangle>niyoga</windowCarboraWangle>
      </swamHeman>
      <latirus washoSura="acomaHuppahSnowman" canapYinsNonslip="80984238">
        <decenyl>683074761</decenyl>
      </latirus>
      <fundus ryasHorray="thetis" lotionsElkwood="bordelsLeyCrudely">
        <lucianSnoresBrining>sangleyMigsDynasts</lucianSnoresBrining>
      </fundus>
    </amendStoraxFrench>
    <zinco>
      <finnedFustilyHarriet>ignis3</finnedFustilyHarriet>
    </zinco>
    <salbandSquabAtteal>
      <ballardWinkArmit>nairobiNomism6</ballardWinkArmit>
    </salbandSquabAtteal>
    <efts phenyl="laocoonAloes" dynelFulvene="omitterLipletReladle">
      <darweshRomanshPrinked>sixmo</darweshRomanshPrinked>
      <area>
        <maritiHodge>unicefSliddry8</maritiHodge>
      </area>
    </efts>
    <alruna>
      <anilicFishier>beaned</anilicFishier>
      <syncopeLogeumQueachy>
        <viscera>guianan</viscera>
      </syncopeLogeumQueachy>
      <latchesCholane>
        <tamaraOppletePended>mutualTegmen</tamaraOppletePended>
      </latchesCholane>
      <hossRectify>
        <blokeBeanie>4</blokeBeanie>
      </hossRectify>
      <perplexBaeRubigo bewareRebaits="scleraCalquedRasalas">
        <londDinic>54995499</londDinic>
      </perplexBaeRubigo>
    </alruna>
    <eking jornada="marchedBesin" rhodite="quaereDinka">
      <glouted>alenconToising2</glouted>
    </eking>
    <opposedSmethCangues>
      <lacertNonbasePintas>7558181</lacertNonbasePintas>
      <rockedSnirtleBruscus rabidlyVoodooStraked="20598936" cooches="41698">
        <ruelle>aqueity</ruelle>
      </rockedSnirtleBruscus>
      <dholesHocusGalee>
        <titularWedfee>pangaeaFuligo</titularWedfee>
      </dholesHocusGalee>
      <amperyCoomy blucher="yakimaDrabbleShortzy">
        <legers>bedampKitting</legers>
      </amperyCoomy>
      <foggaraXenurusRipcord>
        <avulsesBetises>puppifyGuitar</avulsesBetises>
      </foggaraXenurusRipcord>
      <huskerAeonianMennon>
        <bullionScaled>lauds</bullionScaled>
      </huskerAeonianMennon>
    </opposedSmethCangues>
    <flocoonPatine>
      <glopnenShutoku>585765</glopnenShutoku>
      <semarum entoilsCrost="rheumsMetierPrediet5">
        <hartall>protoneIhramTinct</hartall>
      </semarum>
      <hiccups neuroid="rhosBedaffRushlit">
        <skewers>glycicShareef</skewers>
      </hiccups>
      <daphnia yenta="8" exhaleUnsalt="hoteEductsKokil">
        <bottega>cranageIncussLances</bottega>
      </daphnia>
    </flocoonPatine>
    <anergiaKappaYeven bremiaGeejeeHolisms="beodeOrcin">
      <unstuffPinguin>wanierRadman</unstuffPinguin>
    </anergiaKappaYeven>
    <gugliaLambliaToreros>
      <amphion>cumshawEogaeanFaujdar96</amphion>
    </gugliaLambliaToreros>
    <klunkOutspitPayt luianFrescosLentoid="bastes" izzards="feedy5174" haymow="hadjeeCoryza">
      <swonkenPreceptFossil>caskGangerLoughs</swonkenPreceptFossil>
      <cogentScore spalledUpsides="clary" reels="540">
        <sousAntares>joysomeAliso</sousAntares>
      </cogentScore>
      <belaborKumbukVerb>
        <oxymoraSeldResalt>644</oxymoraSeldResalt>
      </belaborKumbukVerb>
      <claversFartsBelook lobataeBastedThrusts="rudDiodontTrutine" outpurlSaxesPunkier="deburrRew7">
        <omentum>drudged</omentum>
      </claversFartsBelook>
      <rugbiesHirenRibosos>
        <deignedSpraich>corset162</deignedSpraich>
      </rugbiesHirenRibosos>
      <cloky>
        <tellinRequizRamsons>lucidaeFaqBeggars</tellinRequizRamsons>
      </cloky>
    </klunkOutspitPayt>
    <husky calumetSymbiotXylonic="89">
      <uncroptTriller>fined</uncroptTriller>
      <outwinElixirs>
        <vacuate>tablerLeporis5</vacuate>
      </outwinElixirs>
    </husky>
  </hivite>
</titusAirth>