<?xml version="1.0"?>
<imviaSharperPullen>
  <sejunctFeyer pensee="sculperBaretDanaan" waterie="swanny">
    <torasGitksanMorn seismFerly="postsRibandsQuickly">
      <hexoneCaritas>broganClatchCrudity</hexoneCaritas>
    </torasGitksanMorn>
    <tantrumDray>
      <pelvicAverredWomeras>appels</pelvicAverredWomeras>
      <interBemealKayoed preheatBongOrbell="garner" aerogelLeggin="nimblyBlandaCsi">
        <encoder>albasNunryPulers</encoder>
      </interBemealKayoed>
      <bardessExpects>
        <instore>gunsman</instore>
      </bardessExpects>
      <lunulesMayhem>
        <curdled>deloulOutvied1177</curdled>
      </lunulesMayhem>
      <discsMedaletBelated uphangWaiterCultch="kishonTienta">
        <ingle>25</ingle>
      </discsMedaletBelated>
      <kilhig repurge="muffingPluvial" cuinageNerve="plots">
        <pulsarsRanYonder>trekked</pulsarsRanYonder>
      </kilhig>
      <greedyCivics>
        <altounShrivenWitting>goodiesTethersAncylus</altounShrivenWitting>
      </greedyCivics>
      <murexBebloodMuumuu sternadLopemanIone="ticketsDicotyl">
        <temenosPlagae>wireman4160</temenosPlagae>
      </murexBebloodMuumuu>
      <tchast>
        <pilleusAlgolMartyr>rusher</pilleusAlgolMartyr>
      </tchast>
    </tantrumDray>
    <lunuleKamachi tokayExurbiaTube="bridoonFarrucaCrasser" raft="closkey" adenia="maroonPardine">
      <gweeonLarvateSkunk>unultra3943</gweeonLarvateSkunk>
    </lunuleKamachi>
    <phidian>
      <gumwoodBleeps>ideatesFlatsStrift</gumwoodBleeps>
    </phidian>
    <tensesDeducts>
      <cacklerPsec>476304</cacklerPsec>
    </tensesDeducts>
    <brevCtgLogia>
      <faxed>4</faxed>
      <aridErwinOozy>
        <telemen>eoan11</telemen>
      </aridErwinOozy>
      <cloughDugento>
        <harrowTabificBsf>kikuelMorescoLovey77</harrowTabificBsf>
      </cloughDugento>
      <jerkingMansardRagfish pieganClump="722" latrobe="speechLewthThumbed">
        <aucubasLazars>320</aucubasLazars>
      </jerkingMansardRagfish>
      <shebarPennill goumier="zinckyPentene" backus="69155606">
        <abusee>tomishTrivvetIcterus</abusee>
      </shebarPennill>
    </brevCtgLogia>
  </sejunctFeyer>
</imviaSharperPullen>