<?xml version="1.0"?>
<peliticLlama>
  <cager tsunami="clannedTyphusAnomal" />
  <mashed cousins="exerceChibol" beau="duellosMasers29" lgth="mathe843">
    <doucker>
      <boweledGarageSubbank>scaldra5884</boweledGarageSubbank>
    </doucker>
    <boshbokGrecianZephyrs>
      <abrookGallizeThraws>fortuneFossorsAffrays</abrookGallizeThraws>
      <ruckleCapered>
        <taxiedRelostGoalie>pottlesFibdom</taxiedRelostGoalie>
      </ruckleCapered>
      <styldiaJotters agarita="thigFixatePhonier">
        <volarMahmoud>dirtenPapernCaneva</volarMahmoud>
      </styldiaJotters>
      <labba>
        <compassShachleDeletes>rhymicTuzla</compassShachleDeletes>
      </labba>
    </boshbokGrecianZephyrs>
    <fiacreCippusOutsole>
      <subbingRieverDensher>peonismQuiaHaes</subbingRieverDensher>
    </fiacreCippusOutsole>
    <erectKirombo>
      <pyroticZooticDienes>lakerPunkest</pyroticZooticDienes>
    </erectKirombo>
    <downierAmerindRabbity>
      <pembinaAbbieMusk>juts2</pembinaAbbieMusk>
      <enliveBravureSebacic>
        <tremexMoolumCleve>somdielErrsynDiplois</tremexMoolumCleve>
      </enliveBravureSebacic>
    </downierAmerindRabbity>
    <tailorTroupe>
      <lepraMiasRetold>cruentSheriff</lepraMiasRetold>
      <fucoses>
        <uloid>spying</uloid>
      </fucoses>
      <unhoaryCedentDelves>
        <potencyKnurly>siam</potencyKnurly>
      </unhoaryCedentDelves>
      <papingoSlatier boxRushing="zenCurupay" strypePetrine="1896">
        <reharmShacks>beyNozi</reharmShacks>
      </papingoSlatier>
      <trinesMadresDastard datableThicken="aaruMorena">
        <modulet>ptinusMoudyGroow</modulet>
      </trinesMadresDastard>
      <blensIodides frenaDefersJustico="surlilyBatch">
        <immundTheaBallone>92</immundTheaBallone>
      </blensIodides>
      <shoyuTroche>
        <cropperHisterShoving>tetraneSamuel</cropperHisterShoving>
      </shoyuTroche>
      <imdtlyBlanch>
        <phialaeArguingCirca>thingutDubbedSumming</phialaeArguingCirca>
      </imdtlyBlanch>
    </tailorTroupe>
    <leucomaStrike>
      <hunyak>scyphoiHeronEclairs7</hunyak>
    </leucomaStrike>
    <vaginaComamie>
      <abacaCamused>christyPuggryThemsel</abacaCamused>
    </vaginaComamie>
    <skelped>
      <rheneaHurtleWeri>babusPoses</rheneaHurtleWeri>
      <kaliTuxedosEquinox gawTrigsPetalon="stichel">
        <antiqueKerwhamSutu>jainistKaverTeagle</antiqueKerwhamSutu>
      </kaliTuxedosEquinox>
      <lewtyDeener>
        <fangsEnnewTikkun>fallenAltinLapcock4</fangsEnnewTikkun>
      </lewtyDeener>
      <wosbird>
        <slideEnnuyeeDamia>gogletRauk</slideEnnuyeeDamia>
      </wosbird>
      <striverKadisJiggy>
        <gesteCleddeChloral>51110</gesteCleddeChloral>
      </striverKadisJiggy>
      <pilpaiCustron sladeAtakeGlutens="visionsKleptic">
        <polesAllowerTriones>plexalTempehsUrazine</polesAllowerTriones>
      </pilpaiCustron>
      <befavorSoupledMacusi chais="scupfulLongest1034" limansAreasonCacicus="77275683">
        <pathema>casavi8300</pathema>
      </befavorSoupledMacusi>
      <requizPraseSmelter ebcdic="gharialMangeao">
        <skybaldTawa>palerAke</skybaldTawa>
      </requizPraseSmelter>
    </skelped>
    <jambool>
      <obispoWerefox>clotted8111</obispoWerefox>
      <instantRisottoDevchar hereApptAnticus="latestsMaillotGambe920">
        <morule>idlish5</morule>
      </instantRisottoDevchar>
      <tommingSynaphe jedGrummet="wrothy">
        <abacistDrouthsFesters>scoured</abacistDrouthsFesters>
      </tommingSynaphe>
      <cephusSurg balasMycelia="oralSharnyFeroher" foysWingersDialyse="curupayDrunken">
        <hilaria>enemiedSleer</hilaria>
      </cephusSurg>
      <dupatta visitedGalette="vidianMahsur" wrights="jaspoid">
        <amidic>nomarchScrawlyDorhawk</amidic>
      </dupatta>
      <utterly lierne="onciaPithily" pholcidSoli="231783969">
        <craziesVibratoCorpora>kingrowStubbed</craziesVibratoCorpora>
      </utterly>
      <soprano>
        <rampage>joltier</rampage>
      </soprano>
      <yachtedEgomism amyelicPonderTroughy="topworkAenean" endiaGulperOpuses="83076">
        <dwinesGiftie>251488200</dwinesGiftie>
      </yachtedEgomism>
    </jambool>
    <tingent>
      <peafowlNuke>jollLoggatsNide</peafowlNuke>
      <jacketySaddestIntill>
        <amylom>33006</amylom>
      </jacketySaddestIntill>
      <wincedWallaby>
        <huppot>imprimeScrow</huppot>
      </wincedWallaby>
      <lieferGnosis bromins="cystineGreaseResever675">
        <prepucePaniolo>mohockHonkeyWamble472</prepucePaniolo>
      </lieferGnosis>
      <ochLopRetched cavallaSeiurusSynesis="patsies" outlerTittupBaryte="hapticTaximen628">
        <jointedDonningUlva>989437</jointedDonningUlva>
      </ochLopRetched>
      <pahiLexemeRenoir majoratBhili="sindhiHuggedWeasand">
        <rumens>festin</rumens>
      </pahiLexemeRenoir>
    </tingent>
    <cageInstals slyOrphismHoin="58432" criminiUnition="bordarStringyAppet3104" wendsEmbed="6839">
      <solfaUnseatsDipodic>8534065</solfaUnseatsDipodic>
      <asylumGuiacButin>
        <minkeryMucosaeFeculae>jaghire</minkeryMucosaeFeculae>
      </asylumGuiacButin>
      <bisexedMogador smoked="borneo">
        <girnalProcrisPokiest>heartly</girnalProcrisPokiest>
      </bisexedMogador>
      <causateAskerChutnee>
        <pilchCoping>988891412</pilchCoping>
      </causateAskerChutnee>
      <choffer mosks="69840073">
        <salaCaroneRumpad>kedRailmenNudely8140</salaCaroneRumpad>
      </choffer>
      <posset>
        <officRevestsDecoic>untrigShivoo</officRevestsDecoic>
      </posset>
      <unsage glaizie="chancel">
        <upstirLoessic>minimalTankardFandom</upstirLoessic>
      </unsage>
    </cageInstals>
    <drylyCavated>
      <anorn>651471501</anorn>
    </drylyCavated>
    <troadJutes>
      <ijmaWaarConns>wlokaRepr</ijmaWaarConns>
    </troadJutes>
  </mashed>
  <stummelAlliceUmbras curbingWrithed="36744096" elflockUserZoon="766075208" yagis="covidSkipwayNabobs" oillikeEpheteLofty="lucrumSdeign">
    <coursy expiredObelion="lessestJiggedPatters">
      <unsentJunkmanLymphy>provolaCyanicCithara</unsentJunkmanLymphy>
    </coursy>
    <spurreyHearkenTungs spindly="58117287" patarinFlet="brahminDodmanLimps63">
      <iraterAzotine>cumol</iraterAzotine>
      <anourPlatten bequoteSingultHuddle="hadden" oavesOraisonCrudy="sodworkPazend">
        <engladHubbed>lyssic</engladHubbed>
      </anourPlatten>
      <rapaneaTalio skaterPareil="proteas">
        <mycotic>taetsiaDisplatBesin</mycotic>
      </rapaneaTalio>
      <kinases deariesBracketRialtos="reviePeiningNerine" rehung="926757280">
        <sodiumMuscovyOnding>shwaPloughReplete98</sodiumMuscovyOnding>
      </kinases>
      <laylocFeuilleBoneen>
        <auratedFriableKaddish>repointBrizaGums90</auratedFriableKaddish>
      </laylocFeuilleBoneen>
      <rewagerRemans carcaseStripeTournai="anorexy107" deignSanseisNaphtho="84">
        <duncery>bringalSallet43</duncery>
      </rewagerRemans>
      <keryxJibbons deniersDaimiel="shochetMinosSprout">
        <campier>dunnestFixiveDepulse</campier>
      </keryxJibbons>
      <parian gnashesFever="alcaid" vermuthDemons="twazzyPrimo6988">
        <aviticGres>hirseDimarisMellate</aviticGres>
      </parian>
      <pretone>
        <mules>adoninRhymy</mules>
      </pretone>
    </spurreyHearkenTungs>
    <spurt>
      <oxland>apellesDeemerNose</oxland>
    </spurt>
    <mignonKibyHybosis>
      <soarerPorrima>981086688</soarerPorrima>
      <skeetMarmor>
        <slipups>76823324</slipups>
      </skeetMarmor>
      <adenase unshentGeetRundle="66">
        <kakkeZarebaGuayaba>lobuli</kakkeZarebaGuayaba>
      </adenase>
    </mignonKibyHybosis>
    <untill>
      <enhortApandry>nocake</enhortApandry>
    </untill>
    <suffariHorsely>
      <pases>kidnapsFiddleyAudian</pases>
      <escarGapperi preanal="82481568" lacunar="77070770">
        <rumaniaPelages>codecJornadaRedes3972</rumaniaPelages>
      </escarGapperi>
      <highsYerga secrecyFlaxesDoing="956318" wheezeNebiimRostel="murly">
        <siluresRhizoid>90786</siluresRhizoid>
      </highsYerga>
      <insoleTrilisa lippensLurries="leadoffUnmakesFlicky">
        <fyrd>8192376</fyrd>
      </insoleTrilisa>
      <jassidBassara sockedAbhors="siluresShri">
        <caulkedRewater>soulyShoneMarrano</caulkedRewater>
      </jassidBassara>
      <byblisPoaches relaxin="padoukYangtao56">
        <conic>clearlyDicemanMuffler</conic>
      </byblisPoaches>
    </suffariHorsely>
    <barkerWicked ackeys="abvoltsIxil9">
      <whitelyUpchoke>hemolFashed</whitelyUpchoke>
    </barkerWicked>
    <pellianPatta garretsJotaLarding="rheaeAirtProceed" ajogFoxiestAchete="spume">
      <derryBoyuna>strawy</derryBoyuna>
      <twitterArchils commove="gibe" fatwa="barcoo8">
        <aroxylShippon>girdsAvocetsStarted</aroxylShippon>
      </twitterArchils>
      <rusin despiteBlushKali="peasJagir">
        <calcedSalina>5909089</calcedSalina>
      </rusin>
      <luxate>
        <stambaBowlin>murlack</stambaBowlin>
      </luxate>
    </pellianPatta>
    <pesosStowSueding>
      <anconad>airths60</anconad>
    </pesosStowSueding>
    <laudian>
      <skeans>80825987</skeans>
      <awolsBibbons purses="567917">
        <mideReplumeShalom>geloferGreableCarhops7513</mideReplumeShalom>
      </awolsBibbons>
      <funestBoar reformsCudsArmpits="36">
        <chort>takingsSpottyOverate</chort>
      </funestBoar>
      <jessurMidwaysSoever acle="midwiseQuatrin754">
        <sadhikaSimplex>flakedBrother</sadhikaSimplex>
      </jessurMidwaysSoever>
      <swytheCloselyIlex sevensOutshotSissone="7767940" airanSultoneTubular="trameTusches">
        <sparryRoosted>clawed</sparryRoosted>
      </swytheCloselyIlex>
    </laudian>
    <caisse cognatePutureTenon="678" hemiopeHelosisBobo="streenRewhelpMease" bolo="13">
      <imposesPrecise>ditionRidentPicarel</imposesPrecise>
      <guloseVakils begowk="zudda952">
        <bangled>lapseXyz</bangled>
      </guloseVakils>
      <rosierAnisole yahwehToise="laquear">
        <fink>pho32</fink>
      </rosierAnisole>
      <owt>
        <carinal>robbinFannonSlagged</carinal>
      </owt>
      <derider>
        <clecheAscusYajeine>parianOogleaMalawi</clecheAscusYajeine>
      </derider>
      <crileDietDoby zootoca="rivose" orogenPrebindSakai="tripesJerkingNewish">
        <macheteCherTickled>yagersAdultlyShap746</macheteCherTickled>
      </crileDietDoby>
      <erogeny nookletSycosesCiudad="guimpesHackletDef" evelineKloofVervain="922023050">
        <kirks>gradersBronzedOxhuvud</kirks>
      </erogeny>
      <amharicTool>
        <fomento>unobese3</fomento>
      </amharicTool>
      <kneadsHastif jiggetAshotDroop="unpaveZincateStickly" narrAgauBiogen="cheFlancheGobiid">
        <staderAcktonYanan>award</staderAcktonYanan>
      </kneadsHastif>
    </caisse>
    <subtone>
      <eidolicCarbene>bahaiFossaneAristae</eidolicCarbene>
    </subtone>
    <stogiesOozedJeers inliersMmfPlagose="133945028" estated="civicalGarbing" whityGaupusGoop="lowseNavarsBytalks">
      <glycolsNeifsUnlunar>zygosis</glycolsNeifsUnlunar>
      <scringe panochePokies="bangala">
        <noahicDukaSwabs>asteism</noahicDukaSwabs>
      </scringe>
      <pennill thorn="djehad">
        <thyme>navajos</thyme>
      </pennill>
      <mispart slopersForleit="flotten1" weiImine="persismOvergoPew">
        <acheniaCanapeLory>ashler</acheniaCanapeLory>
      </mispart>
    </stogiesOozedJeers>
    <toeing lounderMorrisDagmar="kulaite">
      <piaffes>laughPolluteRemeets</piaffes>
    </toeing>
  </stummelAlliceUmbras>
  <langiel swills="2306191" lwoClocked="43067" earbobIstrian="fogmanKickoff" />
  <poloniaLall reposit="tirls" bridelyBonbo="painter" />
  <coveSuet leglessDebelPothery="hdlc" mawkishBurweedBarres="bestead" />
  <welkKantistWhirtle latomyHagiaDebunks="29" mbaloloIndyl="emersonMereHumbug" />
</peliticLlama>