<?xml version="1.0"?>
<wops>
  <lukemia marabou="suclatResale" myiosisKophsAbaff="tortBlursAzarole" masonicRetestDoeth="9" nonstopTibPlu="muntjacAdoptedScribal" />
  <repunch tweet="triamidDartosBordage">
    <genesisHomonidDyas unsplit="schermGaslike" granger="immovedDabblerCosies">
      <stopes>skiffMastman</stopes>
      <nevadaGaumyFizzers cannachAburst="howishFluer">
        <athyris>stonedAlvelozRoulade</athyris>
      </nevadaGaumyFizzers>
      <marrubeTalkee jakeAmebaUptaker="53253">
        <untaxNoddle>suspectShoggleLabefy</untaxNoddle>
      </marrubeTalkee>
      <pap headsaw="capcaseCloacae">
        <herbierElevate>torontoSorel</herbierElevate>
      </pap>
      <bombleGiantTwines winery="woldes" wauked="28347">
        <anchors>calcBilaan</anchors>
      </bombleGiantTwines>
      <pufferyUnround holderMedialCuna="wottingYaruraCamused" podite="7717">
        <berline>24</berline>
      </pufferyUnround>
      <skeezix calmRondeau="glasgow1" qualeRefilm="403764729">
        <needhamSyphersCarucal>779</needhamSyphersCarucal>
      </skeezix>
      <galopedMulley sansiStopple="frothed" causseHimpleFax="freaky">
        <sayResoldInsee>vivekHeughsToughs377</sayResoldInsee>
      </galopedMulley>
      <influx cubageAcrodus="drutherEyren23" bendeesCystLim="mightsVouliAugust5326">
        <huloistLambaleDravite>unnewYoho</huloistLambaleDravite>
      </influx>
    </genesisHomonidDyas>
    <actos>
      <deimosAlkeneGermain>cupulaYukiDonnert</deimosAlkeneGermain>
      <canzoneIsomersQuaver>
        <percidFoxes>outcureJwaharBittock</percidFoxes>
      </canzoneIsomersQuaver>
      <slangyNankeenGranula phuOwldom="tewerKettler" woevine="lateradAgatize">
        <coshAerugoErrata>lateradHumaner</coshAerugoErrata>
      </slangyNankeenGranula>
      <slatherJefGrenada>
        <hinniesBawtiesAddr>impededScram</hinniesBawtiesAddr>
      </slatherJefGrenada>
      <seisure sodiumMargin="92">
        <xenianRatio>wakanCedrusMaceman</xenianRatio>
      </seisure>
      <inkleRomanicClays cathetiTilburyFlappy="begallsBaeBovey">
        <haulierArgyriaFlasher>5369577</haulierArgyriaFlasher>
      </inkleRomanicClays>
      <quirkedRox>
        <prine>oylet</prine>
      </quirkedRox>
    </actos>
    <untopPerilsEngraff>
      <tympanInvades>84663</tympanInvades>
    </untopPerilsEngraff>
    <dunnockVappaDongola maziestPintleCoxalgy="aurify" bursaeFarmostSnavel="barns">
      <jadingEmploy>appal</jadingEmploy>
      <sleeve oxidSuantly="ranterCrood">
        <jigglerAljobaChoices>sackingHewel</jigglerAljobaChoices>
      </sleeve>
      <libeledSoapbox sextantHandsew="schorlHardilyProcris2441">
        <playockChoragyYoga>shedderAirn</playockChoragyYoga>
      </libeledSoapbox>
      <moraeGuaco kandeUnmown="90">
        <schesisPlacqueSkying>3104</schesisPlacqueSkying>
      </moraeGuaco>
    </dunnockVappaDongola>
    <snitchyPelargiGaiassa mockishTimaeus="yahwism" cruderUtahLogeia="functorMigale" mitherCamacaBandog="abcess277">
      <aislePouceySaad>priersLagunas</aislePouceySaad>
    </snitchyPelargiGaiassa>
  </repunch>
  <sterile fumingCampooDwyka="refreid">
    <piller aldersBodicedMizzle="7017095">
      <befoulsMillrunPorno>creekObvert</befoulsMillrunPorno>
      <murrayaTenspotChanted>
        <uncalmAleuticTret>estreTraitorEmerge</uncalmAleuticTret>
      </murrayaTenspotChanted>
    </piller>
    <pyralidGablingSaharic boyoMooring="220111">
      <collockFryingTubal>temadauWaste</collockFryingTubal>
    </pyralidGablingSaharic>
    <griekoAlee>
      <sharedMortiseKibitz>juicingWap</sharedMortiseKibitz>
      <tafwizNoumenaLeglike smurr="pharmic">
        <keyletTrestle>apronRejoltTasian</keyletTrestle>
      </tafwizNoumenaLeglike>
      <erucPlage wallaba="apaceDufter">
        <adreno>flirtyMisadd</adreno>
      </erucPlage>
    </griekoAlee>
    <lumsPrimityDasya>
      <gorraHaiti>blackeyMannireLectica8470</gorraHaiti>
    </lumsPrimityDasya>
    <roakSoulful>
      <abazeRazzerAbramis>isonym4900</abazeRazzerAbramis>
      <achenes inmore="533878367">
        <anamniaFidge>izardSubsidyTitfer</anamniaFidge>
      </achenes>
      <bittieSkinchMedic halfyHuarizo="halvah4">
        <finkingCurupey>suffersXylosmaKyabuka</finkingCurupey>
      </bittieSkinchMedic>
      <shredCanonZibeths>
        <naioSnidely>decoat</naioSnidely>
      </shredCanonZibeths>
      <amusgoRaulDwight paintyIndued="crappyHaupia" gutserGussetsThewier="kung">
        <uneated>kitmanLikeful</uneated>
      </amusgoRaulDwight>
      <agonalMillersTrinil dinmontOrrices="jettingAnatron" viveurEllsIonics="9553">
        <peropodVulpicNiobean>siumConflux24</peropodVulpicNiobean>
      </agonalMillersTrinil>
      <atryCandles olycook="masPiecenOutsit">
        <aroidRooted>meal</aroidRooted>
      </atryCandles>
      <niduliShapeupAdams gilgaiOngaroDainful="dancing531" duffsRana="luteumSynoecy8">
        <yeddingNereiteMiombo>896644</yeddingNereiteMiombo>
      </niduliShapeupAdams>
      <pratingTongers malted="weldorsGneu">
        <jointSimony>numenScreamsStodge</jointSimony>
      </pratingTongers>
    </roakSoulful>
    <yarrSeisinsCaroms>
      <hajilijRapeoilPhytin>coagedFrenal</hajilijRapeoilPhytin>
    </yarrSeisinsCaroms>
    <chutneeSimsonGayatri hylidae="wealds" dunnishXipe="wrimpleZoonaCesare">
      <purlinShoppy>timo</purlinShoppy>
    </chutneeSimsonGayatri>
    <midribs>
      <hedCustrelBeroll>cuittle</hedCustrelBeroll>
    </midribs>
    <maxisCarboraZakuska>
      <cameraeFytteBrevete>41919</cameraeFytteBrevete>
    </maxisCarboraZakuska>
    <sctArrived>
      <narkingMatzahsAlgate>carina</narkingMatzahsAlgate>
      <floretaCuppyToolkit>
        <tarrify>moschus</tarrify>
      </floretaCuppyToolkit>
      <toffies pealed="hygrine280">
        <ionomer>cyme</ionomer>
      </toffies>
      <suisse>
        <unipartYfere>arpensAspout</unipartYfere>
      </suisse>
      <glaiket>
        <taking>poacher</taking>
      </glaiket>
      <censerManistBusting>
        <ancolyQuokkas>fulmina8</ancolyQuokkas>
      </censerManistBusting>
      <balkers>
        <congaMissout>645194210</congaMissout>
      </balkers>
      <hekteus peepersAgasp="chervilGwantus" nessUnratedGooneys="747366716">
        <pilaffCion>wye</pilaffCion>
      </hekteus>
    </sctArrived>
    <ekahaDrubble>
      <jaquimaCentare>streiteDiddleDebuts</jaquimaCentare>
      <phonon magpieTachesFungo="upknell">
        <forworeDogfoot>5062</forworeDogfoot>
      </phonon>
      <brocketBrazedSabbat melismaTomesEnfolds="june" colphegStork="hyraces">
        <glubBamGuild>151750</glubBamGuild>
      </brocketBrazedSabbat>
      <clanRazzMinbar>
        <denims>epeiraCircar</denims>
      </clanRazzMinbar>
      <douckerOwn>
        <codlinsBsf>51771508</codlinsBsf>
      </douckerOwn>
      <trope imbruedPeachRilly="loasaLyinglyPhonos" grittenHobnobs="tricepsSnorkelSaccha">
        <pickupsConcileMull>bilbiColimaVocable</pickupsConcileMull>
      </trope>
      <tattieSurgentHexanes wansithMonacan="463370">
        <above>aphthaeStong</above>
      </tattieSurgentHexanes>
      <bewraptScroochRaps>
        <suffIntoDoth>niffer62</suffIntoDoth>
      </bewraptScroochRaps>
      <townies borithLumpensUnglues="ignatiaMerman" sauraEdilesVizors="testuleBulboseBawley">
        <auksinu>unkedTangs</auksinu>
      </townies>
    </ekahaDrubble>
    <untroth>
      <rejolt>chasm</rejolt>
      <bushwaJitneurLoup securedTorr="50547596" choiredGospels="bret49">
        <fluky>blipMuddyAsea</fluky>
      </bushwaJitneurLoup>
      <sidrach ansCantiga="resightSepiaryBehight" mannite="60060">
        <dactyliOzonideUpbind>cashews</dactyliOzonideUpbind>
      </sidrach>
    </untroth>
    <slapeMarrotToroth>
      <dimarisLossyForsay>beggars</dimarisLossyForsay>
      <mons>
        <gitanaStane>5</gitanaStane>
      </mons>
      <squallsHarsher>
        <tumultsLarvateTwig>tabus</tumultsLarvateTwig>
      </squallsHarsher>
    </slapeMarrotToroth>
  </sterile>
  <vidkid albynNitentDaybook="shammesDimples" swirrerRerisesPotters="minorsEftsoon" taints="phoneys" solania="opifex" />
</wops>