<?xml version="1.0"?>
<raker>
  <nilledSprinkInch drchAuritedVamose="6407010" potteenHeirs="legatesSpret" mecum="yarderBismarkAal">
    <doubt>
      <pontiffBrinierGalette>summasSamPetard</pontiffBrinierGalette>
    </doubt>
  </nilledSprinkInch>
  <deathly dottardToruStooped="leaverPsyllasBaffing" biontPoreAntedon="1359746" artelDhamnooOutwit="dernedSupper" brankie="unlieMeantes">
    <fuscGrillerBoreism>
      <upcockHasps>bonettaOutringTenches</upcockHasps>
    </fuscGrillerBoreism>
    <stratas>
      <hornilySamaniVauntie>baited</hornilySamaniVauntie>
      <shul rabbis="hopingReplume">
        <fountFiber>repentsAmtrac</fountFiber>
      </shul>
      <heapHalving jesperPlasmic="mossedNonliveFlail">
        <voicersGazy>gonalAusones6</voicersGazy>
      </heapHalving>
      <frangerCrux barotseLhota="913980" paddy="caker">
        <kulahFixer>loadage</kulahFixer>
      </frangerCrux>
      <frostyPinardBessi>
        <washaki>dequeenVocateCitable</washaki>
      </frostyPinardBessi>
      <carlo monsterAbridgeKebbies="whigletMahseerUvver">
        <poschayEpoxiedRoter>coteleTuna</poschayEpoxiedRoter>
      </carlo>
      <wikingCataianSeizins>
        <betasWrinkly>elchee37</betasWrinkly>
      </wikingCataianSeizins>
    </stratas>
    <stemma>
      <donneEse>caplingGlutael43</donneEse>
    </stemma>
    <aghastWendy kharaj="deodarClitic">
      <saperdaCloying>3764</saperdaCloying>
    </aghastWendy>
  </deathly>
  <trulls albinoGalutFrwy="egghead" />
</raker>