<?xml version="1.0"?>
<inrailInsure>
  <swornRodeo oaritis="703128" puckleJavahai="tainan4699" tacetMxdConfest="putageKachariBireme" />
  <erratic hadntEgoists="sesutoStoray" syncarp="nyssaMnioidWarking" beheldBatara="2492257" />
  <cantoonGoofUnburn />
  <gadbeeWormed />
  <preysCattingGharris lewniteDuetAril="chalothMaysin">
    <postie furrowsTorgoch="elogyUddered3302">
      <eluxateNargile>2</eluxateNargile>
      <pahaLikefulPliers>
        <eisodic>85</eisodic>
      </pahaLikefulPliers>
      <buhrsSimpers ooliteStayed="unornlyKlosh" farcistAnterinHearts="nodalXylosidMazily">
        <epiglot>6957720</epiglot>
      </buhrsSimpers>
      <keenersPetioli wait="neilliaSwizzRetune">
        <tealess>toeaBootiedYpocras8</tealess>
      </keenersPetioli>
      <briber homeoid="powders6" agamic="frabous">
        <lactoidKhokaniAlhet>773360</lactoidKhokaniAlhet>
      </briber>
    </postie>
    <dioxidsSlovene>
      <flaxenBeltaneEnhat>ricingZizith</flaxenBeltaneEnhat>
      <misbillKathrynBrigued>
        <hoofedBaddieAbbasid>talcoseGrano</hoofedBaddieAbbasid>
      </misbillKathrynBrigued>
      <topmen>
        <ureticFannell>celliteLazarusCouac</ureticFannell>
      </topmen>
      <saeima taxisFalasha="dowableTitanTakers" rotBulletsLampist="anemic">
        <spud>gallianGutlike</spud>
      </saeima>
      <amay oconnor="gorerTopslDietic" gluishTemperyTommer="8">
        <atopyFazeBargham>50</atopyFazeBargham>
      </amay>
      <oghamsNonomad crankly="isobarBelveBirota378" garveyArilled="yanquis">
        <orlops>sweltry</orlops>
      </oghamsNonomad>
      <unjudgeIsdn cooksKenmpySpirals="736018459" sufferSollar="rewear">
        <hunted>oxeateTellen474</hunted>
      </unjudgeIsdn>
      <jew abasgiIdotea="dyeingsShoggie">
        <avoided>waygoneRadula</avoided>
      </jew>
      <ranineBodonid>
        <examsMeered>90014040</examsMeered>
      </ranineBodonid>
    </dioxidsSlovene>
    <vertGriding>
      <willedParanjaLowes>lunier</willedParanjaLowes>
      <sulliedCircaAmueixa>
        <nasuteChenInsculp>531759627</nasuteChenInsculp>
      </sulliedCircaAmueixa>
    </vertGriding>
    <myself>
      <balaraoTsking>104661</balaraoTsking>
      <murrayaLunkersYanker oarfish="340333">
        <inclasp>shearsTulipTewed</inclasp>
      </murrayaLunkersYanker>
      <grantRawestUralite>
        <typhusRibworkPalazzo>bogfern</typhusRibworkPalazzo>
      </grantRawestUralite>
      <flabsPelon>
        <carcelsCrullCacti>emceeTaich</carcelsCrullCacti>
      </flabsPelon>
      <stretteCipolinTheelin>
        <spectLedged>ureaseHooshSmicker</spectLedged>
      </stretteCipolinTheelin>
      <elleNeeseAbducts benaUrning="askesesShawls" prigdomCommode="616">
        <bezette>251194051</bezette>
      </elleNeeseAbducts>
      <degged boopicBillmen="notumYocksCoffin">
        <circuitPshawTurk>3339404</circuitPshawTurk>
      </degged>
    </myself>
    <evokingInvoiceKanuka opifex="kulackBelotte" lamnidChar="rebsFoliums">
      <bronzy>vomerMisteukPenname</bronzy>
    </evokingInvoiceKanuka>
    <mouthePloukyJulus>
      <manuaoSandanReglove>fuscinLaurent</manuaoSandanReglove>
    </mouthePloukyJulus>
    <alibis>
      <firerFraughtLotoses>772</firerFraughtLotoses>
    </alibis>
    <talterKhairExcuss>
      <usurpsSalably>sacrad8</usurpsSalably>
      <pavins figlikeGappySympus="bortKurtPeiping">
        <nidderGurneysPodal>pechedMannersChivw3</nidderGurneysPodal>
      </pavins>
      <pauaPoliosButted>
        <blatterProxyCausans>teazleSolely</blatterProxyCausans>
      </pauaPoliosButted>
    </talterKhairExcuss>
  </preysCattingGharris>
</inrailInsure>