<?xml version="1.0"?>
<mattingTouzleCowiest>
  <potashLoobilyProbeer antaiosUnheroGnide="baillieSynodalThram">
    <urman twirlerLogeia="hankle" travJilter="ilvaite770">
      <savoy>grataeToldDunbird</savoy>
      <pareira>
        <whipt>pegletBriskerShee</whipt>
      </pareira>
      <wabs klowet="portassAchor53">
        <bhutia>sowablePaters</bhutia>
      </wabs>
      <glycanAffere unpens="tedding" furlersLandingTattoos="synopsyHommeRoscid">
        <cliches>9445</cliches>
      </glycanAffere>
      <amorismHechtia theOxgoad="78012">
        <lapper>426603028</lapper>
      </amorismHechtia>
      <lacemen typer="sawarraResilia" stopers="4846">
        <needler>fakir</needler>
      </lacemen>
      <flowers lamutBeheira="poniesIndivid1074" kniazToxotae="senegaKibesSnite">
        <pretorsJugerumCyton>widenerTiqueur148</pretorsJugerumCyton>
      </flowers>
    </urman>
    <gewgawyFillers>
      <limas>adorersFrecken</limas>
    </gewgawyFillers>
    <fibroJanus hagarGreaten="joeyesGain148">
      <roofmenCopartyUnfurls>scathe</roofmenCopartyUnfurls>
    </fibroJanus>
    <dirty hadjemi="barbalLetten7495">
      <dosClintsSpatzle>82089</dosClintsSpatzle>
      <cottersWinnel>
        <pupaeBourdis>descendIboliumBivinyl</pupaeBourdis>
      </cottersWinnel>
      <deafer>
        <herself>begeckExceeds</herself>
      </deafer>
      <jimEncomicStonily gobioid="oof">
        <bardyCadishDombeya>findon</bardyCadishDombeya>
      </jimEncomicStonily>
      <congridEntrept>
        <bossierDirgler>487330751</bossierDirgler>
      </congridEntrept>
      <tinkersGaudfulAdeptly>
        <stroky>pridianHydroxyFoulage</stroky>
      </tinkersGaudfulAdeptly>
      <brast>
        <pixie>sloshyExaltKhotan</pixie>
      </brast>
      <kniaziSunweedAnopia pycnicBrahmicLikker="emperil">
        <bino>813827</bino>
      </kniaziSunweedAnopia>
      <boxhaulRenteFoliar>
        <smileExtorts>6582</smileExtorts>
      </boxhaulRenteFoliar>
    </dirty>
    <blouseBegs>
      <benzolPrude>hipshotMacaco7356</benzolPrude>
    </blouseBegs>
    <batsmenAcoupSestole>
      <khan>dunkledFifersAlpiste</khan>
      <sauroid waxingsRepen="refilmsObserveRepiner" maytenKeldHayz="grailCozier5146">
        <oannes>768323011</oannes>
      </sauroid>
      <alpid>
        <guimpeEpisodeHeder>revivorDromond</guimpeEpisodeHeder>
      </alpid>
      <maddle austinLager="saimiriSylvin">
        <optic>markman</optic>
      </maddle>
      <bowleg medevacKuhniaGobet="871075">
        <bumpier>boastsHomyMyrtle</bumpier>
      </bowleg>
    </batsmenAcoupSestole>
    <stadialFootsieCognacs>
      <catcallSawdustVeskit>296</catcallSawdustVeskit>
      <sudraSlup bravedTrowman="suluGlitterPronged" paolaAbadia="mobRestepEnforth">
        <eggingFlakageGoto>viandsLockup</eggingFlakageGoto>
      </sudraSlup>
      <met erratic="percentUndeft">
        <buglingPercale>49</buglingPercale>
      </met>
      <nonjuryPoundedSolea sybil="vinasGussetBroiler" sapless="harridManusJelab454">
        <fringed>percaseTripe</fringed>
      </nonjuryPoundedSolea>
      <vitrage threose="eluantCuminal455">
        <stddmpDassent>seguesWishramFumaric</stddmpDassent>
      </vitrage>
      <penna millers="awiggleNematicNyet">
        <pectusRichlyOuthue>grueConantBrowst</pectusRichlyOuthue>
      </penna>
    </stadialFootsieCognacs>
    <aufait rotamanReppHeavies="cryste" scouseWorkoutTendent="kebyarCanerParle" sodlessHalseAero="canaliDharanaHabile">
      <nills>infeof</nills>
    </aufait>
    <jaquima>
      <bandle>coquinaThos</bandle>
    </jaquima>
    <vrotherPuffy crasherVenise="stakeBallade362">
      <lasFreckle>anetholSimmonsBassi880</lasFreckle>
      <begetsMorcha>
        <beader>amorousLameSaliant</beader>
      </begetsMorcha>
      <infestsPorionsSewage somersGambia="cobbles">
        <rabbetsPalewTapuyan>66630</rabbetsPalewTapuyan>
      </infestsPorionsSewage>
      <unplugPlautus subpart="thermosThesialDrayed">
        <damnsBiflex>91</damnsBiflex>
      </unplugPlautus>
    </vrotherPuffy>
    <vardyHousalZonelet>
      <prophetMottePukeko>7554710</prophetMottePukeko>
      <youward>
        <sluffs>thlaspiPorrigoIdeally</sluffs>
      </youward>
      <calefy duopodOnyxis="hamlineSumacCaltha">
        <fulmine>19</fulmine>
      </calefy>
      <bambusaSherd>
        <baroco>4</baroco>
      </bambusaSherd>
    </vardyHousalZonelet>
  </potashLoobilyProbeer>
  <corvets externUsedlyReelers="befleasNidge">
    <barbre safenMoisterOsteal="bryonForbow" tussarGremioMalwa="315" fugatos="cestusSainted">
      <bendyReputes>flavourUnwrite</bendyReputes>
    </barbre>
    <melt>
      <tewit>emodinsWhapuka6925</tewit>
    </melt>
    <viduateGranaQuohog>
      <binousStubboyOozily>mostlyRerouteFritt</binousStubboyOozily>
    </viduateGranaQuohog>
    <coniineVaalite>
      <zilaPitas>70987</zilaPitas>
      <spatioWheer>
        <mansion>fraisesGolpAstrand</mansion>
      </spatioWheer>
      <sledgerYangtze>
        <jishengCeruseDeciles>buzzed</jishengCeruseDeciles>
      </sledgerYangtze>
      <kneeledSparage foulishDecay="pacolet" paiksAiriestDenver="mutest">
        <saligotAblendAddie>redocks</saligotAblendAddie>
      </kneeledSparage>
      <hallageDiffer sutlerCamizeThomism="spurtleDecades">
        <sizedInsetNumdah>eosin</sizedInsetNumdah>
      </hallageDiffer>
      <samucan retestMenseUpway="schuss7420">
        <rldVarvedJawing>34646328</rldVarvedJawing>
      </samucan>
      <jadedly>
        <tidioseAmoberBeamily>paritiWeemHush</tidioseAmoberBeamily>
      </jadedly>
    </coniineVaalite>
    <hiantRehash>
      <cosingBlabbed>raisSyzygy</cosingBlabbed>
      <unfiendAlphyl>
        <gretBromian>97</gretBromian>
      </unfiendAlphyl>
    </hiantRehash>
  </corvets>
  <inrub />
  <massasMiffsRomane dash="scaupDodomaSunfast" ataxicsTricklyMiscuts="giunta" />
  <acetoneBetire onaggri="beclaspMomzer" />
  <forkierBeckonsSuffers litholSplashsCrommel="tailerPlotch390">
    <dowfIntoneRefloor moonmen="objectProsersSkitter21">
      <degrade>untrace</degrade>
    </dowfIntoneRefloor>
    <sikeCorvenDomicil dortyConchoAgios="rusaVazimbaDobule" dumka="iricismHawkeyeBilkis">
      <exultedFolly>pithily</exultedFolly>
    </sikeCorvenDomicil>
  </forkierBeckonsSuffers>
</mattingTouzleCowiest>