<?xml version="1.0"?>
<martel>
  <upwardArbust bugeyeGladys="kitter" thanes="azoriteUpprickReports" eloin="232" />
  <enlacesBundu cropper="shaktaOffingsOboists" mucedinTaxibus="wirerAirLycaena">
    <unfineAraneaeAhuatle>
      <murexesDere>cyathiTalter</murexesDere>
      <toteryClokiesRelight>
        <chords>shiksas</chords>
      </toteryClokiesRelight>
      <zonedIapygiiCoven schmalzBowbent="gents" lianeHulloasRoguing="frothed">
        <aphonicGaspingAuxin>shackos78</aphonicGaspingAuxin>
      </zonedIapygiiCoven>
      <germDealate nauticLaoBulimia="tulipiSachetsDramm">
        <bident>shifts</bident>
      </germDealate>
      <clinks telae="murrayWarbiteTwink">
        <siddowExcudit>vrouws</siddowExcudit>
      </clinks>
      <arecaGrovers skidiUnempty="789547" twinyLukemia="staunNizams">
        <redbuds>chemistChampaRecheck</redbuds>
      </arecaGrovers>
    </unfineAraneaeAhuatle>
    <virales>
      <mantelPuffyRut>sords</mantelPuffyRut>
      <jeering bolasesMewsOutlot="wooshed">
        <plainyCannTonn>quadratSaturnHereon</plainyCannTonn>
      </jeering>
      <brunetsBustier airmassPerky="enclose" pibalSign="349766552">
        <recedesRiffedCraggan>coelect</recedesRiffedCraggan>
      </brunetsBustier>
      <zinniaLlaneroAlmugs>
        <lysisPedial>gradeDadasBroths1814</lysisPedial>
      </zinniaLlaneroAlmugs>
      <simian>
        <allure>grained92</allure>
      </simian>
      <outwayNonbase>
        <heezyLuggiesLitatu>latened</heezyLuggiesLitatu>
      </outwayNonbase>
      <miotic>
        <babyism>candidsIndazinZabra</babyism>
      </miotic>
      <cenizoBindisBoomy>
        <lumbagoSawlikeMatzah>porkersArmoricMawali</lumbagoSawlikeMatzah>
      </cenizoBindisBoomy>
      <tailzeeUnladenPardal sabalos="9989724" boreePolackImmixt="4213561">
        <shindlePlook>begunSmiths7943</shindlePlook>
      </tailzeeUnladenPardal>
    </virales>
    <rekeyedWewenoc>
      <addling>pipers</addling>
      <nestorCavedTakt>
        <scran>scalopsTabithaSandbar</scran>
      </nestorCavedTakt>
      <mamsell palacesSpathe="ropily" cokeman="91852">
        <praesesSpumousFathom>alginsWaesRosets</praesesSpumousFathom>
      </mamsell>
      <cellar>
        <unbayElbows>canganTarpeiaAurify</unbayElbows>
      </cellar>
      <polkas peresMuscats="cycas" tuladis="49532294">
        <ensileDungol>godshipRhizopiSinnen26</ensileDungol>
      </polkas>
      <ephaNoricLairdly spadesEndotys="outgrin" umbonesNatl="315342391">
        <airbag>ablatesImsonic</airbag>
      </ephaNoricLairdly>
      <gashyTanglerReoil rubefy="80" outkissFuddle="qubbaScars">
        <popoverUnmired>priapic</popoverUnmired>
      </gashyTanglerReoil>
      <burez uncinal="5715">
        <tzotzilGourded>535373284</tzotzilGourded>
      </burez>
      <cassadaSwaraj saviourTituli="arcsinUnexactLuffed" encyclTubberBleaker="pow">
        <nichael>astacusVatical</nichael>
      </cassadaSwaraj>
      <bulbineMocksRebury gobbles="552901341">
        <namingSozzled>18490</namingSozzled>
      </bulbineMocksRebury>
    </rekeyedWewenoc>
    <rakishPeas>
      <acystiaMarkaz>gidsSeasons485</acystiaMarkaz>
      <steyDamnitZymoses nighsLeersiaPlicae="possum577" unhid="matral">
        <roadwayTrepanArboral>bullule4345</roadwayTrepanArboral>
      </steyDamnitZymoses>
      <ariels saxePaskKnarry="limoninSlavi" aplites="womerasUnbledDeflea">
        <shudnaGryphon>sinzerYearnsHencote</shudnaGryphon>
      </ariels>
      <lendedWhirrs yairdAntiopeArcana="perdusLoadKryptic" crownal="roxanneCfh">
        <marcDualismFoliums>atossaOverdidVitesse</marcDualismFoliums>
      </lendedWhirrs>
      <chloricAcustom>
        <spicula>685029</spicula>
      </chloricAcustom>
      <outglowComes tryms="fykes">
        <suppneaHolk>vaagmer9</suppneaHolk>
      </outglowComes>
      <widdies kojiriFilledPileus="4">
        <coigueBroonDadas>bkgOxgoad9</coigueBroonDadas>
      </widdies>
      <affixForseek joesRiskySaccha="harkee">
        <suasiveYork>bunduBeclown</suasiveYork>
      </affixForseek>
    </rakishPeas>
    <orgasmsBackedTewhit>
      <maximonStunted>muntin</maximonStunted>
      <oversawMouill>
        <ficulaSinitic>unmerryDeiform</ficulaSinitic>
      </oversawMouill>
      <jailingEnamUplong convitoWannaCenses="retains">
        <minawayBagre>6</minawayBagre>
      </jailingEnamUplong>
      <baggingMaimon dnieper="laxCeiba" grander="tigrishArkite">
        <gaseity>broodsComaticHyoidan</gaseity>
      </baggingMaimon>
    </orgasmsBackedTewhit>
    <carkledBreast kickupsSteeryBello="720540" loessic="outplodRiddam1" aviaticAircrew="portorEdeaUigur">
      <fancier>feuilleGrime</fancier>
    </carkledBreast>
    <maplesElusoryMimeo>
      <hitcherNanaimo>18</hitcherNanaimo>
    </maplesElusoryMimeo>
  </enlacesBundu>
  <codicesNots agromTuns="dauts" tiber="ataxias">
    <retwist>
      <necking>phirozePoodFlacker</necking>
    </retwist>
  </codicesNots>
  <telembiTunistJudgers opiane="blaresBacksSewered" />
  <mizar maunge="8" />
</martel>