<?xml version="1.0"?>
<hirsledInventsDobbies>
  <zinging>
    <whatre>
      <kanganiCordal>gurnardIniomeUndark</kanganiCordal>
      <indical>
        <northen>draftsDiode</northen>
      </indical>
      <lexicogLoulu>
        <paha>ennuiedBausondCalyon</paha>
      </lexicogLoulu>
      <twilledTiphia jacundaUncrook="artisanProsish">
        <logcockAkhaDeskmen>toileGybeReprune</logcockAkhaDeskmen>
      </twilledTiphia>
      <curded blunkerGin="slinkyMigg" cultualCuca="burstedTeazle">
        <pitchiSickenPursued>rubbingWhizz6</pitchiSickenPursued>
      </curded>
      <sesamesVidyaAkhyana horrorsUily="18810760" mammothWheelCowered="boist">
        <aramisHeroifySaltpan>bestormHigueroChirata</aramisHeroifySaltpan>
      </sesamesVidyaAkhyana>
      <nasalTabbing>
        <outviedAnlace>acetumHardily5424</outviedAnlace>
      </nasalTabbing>
      <admetus>
        <horstsDecyl>busmanNitriryRakish</horstsDecyl>
      </admetus>
      <azande versesBravado="ectopyOnymize" tormenZincode="197">
        <pontoonClumped>simson</pontoonClumped>
      </azande>
      <chubby euge="777591" givesSperminUnwary="862022">
        <rayagePoros>annoyBesped1268</rayagePoros>
      </chubby>
    </whatre>
    <pardalBaddockDactyl>
      <griphusJejunalDirging>agamianCkwBenefit</griphusJejunalDirging>
    </pardalBaddockDactyl>
    <caranga>
      <aspectCadis>2721</aspectCadis>
    </caranga>
    <tagaurMediae>
      <idoliseCorveForpit>herbaryDollier</idoliseCorveForpit>
    </tagaurMediae>
    <pairUpjet>
      <halesiaRenins>8536</halesiaRenins>
    </pairUpjet>
    <umpiredBechalkLapsed>
      <pinedAbosUnvital>borschtWheft</pinedAbosUnvital>
    </umpiredBechalkLapsed>
    <jaukedScolexGladly acumens="7070860" chivvyWervelSniffs="deashes">
      <upcoilsTabs>4115</upcoilsTabs>
    </jaukedScolexGladly>
    <vititaWannest>
      <noamSuededQueechy>33764</noamSuededQueechy>
      <heiledMeisjeBartsia voicesIpsAffeir="dipnoid">
        <outwingEelLoofs>4</outwingEelLoofs>
      </heiledMeisjeBartsia>
    </vititaWannest>
    <mistLeet modNasal="wainmenTrigon">
      <choregi>sobbedDourineBoutel</choregi>
      <guarishHypothSauty bablohSowcarWots="gammingClottedAwreck">
        <fool>moschiScaroid</fool>
      </guarishHypothSauty>
      <fencholDrubbed bullismJazzedDiose="58906" ohvSaut="gudBisonGibbol">
        <sandman>unagingWeigh</sandman>
      </fencholDrubbed>
      <desire>
        <palsifyZeds>smokes</palsifyZeds>
      </desire>
      <unspot>
        <sandpit>rayletAmarin</sandpit>
      </unspot>
      <pockedSklent louluTastersMindful="95614603">
        <slags>liegerInertly</slags>
      </pockedSklent>
      <mostsEnticer iaoKoranicLolls="5942" loneCunjer="bikiniKhanda">
        <derechoTegeanNylghau>broonSeis41</derechoTegeanNylghau>
      </mostsEnticer>
      <chok>
        <octavic>zunisCadweedPipette</octavic>
      </chok>
      <zygoidDutraRegin uplineKildeeBeck="albinosTitleFei">
        <cyclene>96922759</cyclene>
      </zygoidDutraRegin>
    </mistLeet>
    <pacingMissent>
      <lockage>silvaeBinderyMissus</lockage>
      <blubWuffFittily udalmanMaritiHempie="genic">
        <naricaPomeloPasteup>1</naricaPomeloPasteup>
      </blubWuffFittily>
      <unspikeMondialEdition remnant="3639">
        <tosser>lidiasGliskyUniform</tosser>
      </unspikeMondialEdition>
      <mensae darci="pariGrugruColic">
        <dillueTana>chulpaAzotes</dillueTana>
      </mensae>
      <kambal>
        <maizes>mitisSiccantWrangle</maizes>
      </kambal>
      <advokeWergeld>
        <toffeeFiordsSikatch>ulsters</toffeeFiordsSikatch>
      </advokeWergeld>
    </pacingMissent>
    <besoilEnface miswire="effaces4019" markis="glum" brubruCourilUngelt="midspanTubbierDroguet51">
      <crowingIlliteTimmer>sowtePercoidAldm</crowingIlliteTimmer>
      <laramieCollyUnhaunt donateThereas="cardedVinnyBunion507" gripersStrawer="daidlyInvertsBiology">
        <nitery>548</nitery>
      </laramieCollyUnhaunt>
      <elution>
        <tinder>vaudy5</tinder>
      </elution>
    </besoilEnface>
    <rematchPelletsStowse folsomPoochesHartite="opacusExulIndult" kinship="dehgan">
      <partureDromon>dinner</partureDromon>
      <prlateCurragh hiodonPecansLabrys="topengTabelZyryan6">
        <axlikeJazzedMortise>oughtntAlphyl11</axlikeJazzedMortise>
      </prlateCurragh>
      <hirundoBeanerSateens>
        <wabenoFears>dorbugPadrona</wabenoFears>
      </hirundoBeanerSateens>
      <sonata tawnilyThsantOpaled="jotasMorticeYucker">
        <cirrhusFlaite>disced</cirrhusFlaite>
      </sonata>
      <azonsBritzka>
        <flawnAzuryOzonize>abjectSimpulaArenas</flawnAzuryOzonize>
      </azonsBritzka>
      <fyrd mazedlyHagadic="jamnia" brios="touristBravadeMezuza">
        <soulackAnstossOutwits>332</soulackAnstossOutwits>
      </fyrd>
    </rematchPelletsStowse>
    <havanceBazeSellie>
      <slowupSoldier>aliptesSalps</slowupSoldier>
      <poulpe>
        <amboynaBlackieBaylike>faerie</amboynaBlackieBaylike>
      </poulpe>
      <darbies>
        <distort>arlesUnblind</distort>
      </darbies>
    </havanceBazeSellie>
    <jiva>
      <menukiArctosKalians>justle</menukiArctosKalians>
      <haiduck thirls="chymiaFie" enwallKwaznku="pavoisAbodyPudenda">
        <frankedDavachArish>588</frankedDavachArish>
      </haiduck>
      <chaponAssurer cimline="crankerUsa44" gillar="orgasmsLeafboy">
        <arabis>upbelt2</arabis>
      </chaponAssurer>
      <freres grieved="ouvrier3764" aprons="birdySallowDeride">
        <whoryBerinsePhyteus>dinksLeeched</whoryBerinsePhyteus>
      </freres>
      <girlish cachou="hump8" aqueity="20">
        <suzanneGorhensNaa>taigleYieldyMudiria33</suzanneGorhensNaa>
      </girlish>
      <bechirp melangeElixedShukria="75" stourly="muffinChurledPussy">
        <vettureGozzard>caymans</vettureGozzard>
      </bechirp>
      <embarge>
        <sextons>loxotic</sextons>
      </embarge>
      <rougher putoisMochelPhonies="viewedLubricJudaism">
        <mohair>thiasoiPfgMarram</mohair>
      </rougher>
    </jiva>
  </zinging>
  <cintre>
    <unware>
      <kikumon>552388</kikumon>
    </unware>
    <seriemaJibingAberr jeered="clientsFlatbed" aspishFord="pote">
      <nightSoaksPayout>stolons</nightSoaksPayout>
    </seriemaJibingAberr>
    <fishwayHaled ulcerRoamersPetrea="vicilinMemo" oursel="surerEarbashFeirie14" toecapOchered="rooterRequinAmidism">
      <abortinFootman>scowmanAzraelWons</abortinFootman>
    </fishwayHaled>
    <tenchesAntas>
      <saoBodesGenepi>ducatSmoothDaimyos</saoBodesGenepi>
    </tenchesAntas>
    <bethuel>
      <animisColorsJetties>4709761</animisColorsJetties>
      <lunda>
        <ivyweed>midship</ivyweed>
      </lunda>
      <epiBenign>
        <tineolaPegma>senor</tineolaPegma>
      </epiBenign>
      <eelerySignor>
        <oontAswithe>subsignYohimbiAliso4060</oontAswithe>
      </eelerySignor>
      <kabayaDamonBruce>
        <aerated>asdicsThroeSicced</aerated>
      </kabayaDamonBruce>
      <shewerPaviorsCone coasted="aldiminKoel">
        <pailow>russudRigger</pailow>
      </shewerPaviorsCone>
      <cleuch>
        <benchy>ladledErasion</benchy>
      </cleuch>
    </bethuel>
    <panda serdabBemocks="spudsMetrete" copistUnfeelKeloids="pappeaKeepnetWafters">
      <rebate>reboilsBlender</rebate>
      <rummishTeaty aggrosUcalStoutly="38">
        <euryaleHandgunFornix>77513</euryaleHandgunFornix>
      </rummishTeaty>
      <flaccidRascal wird="shotmanPanicky" subiliaVersos="bracingShrankUnhead">
        <obtrectSlyerCurari>curucuiYelpedSharky</obtrectSlyerCurari>
      </flaccidRascal>
      <lateranEnwrapsAdjust woodcoc="42">
        <salayBelliedDumpled>abdQuar</salayBelliedDumpled>
      </lateranEnwrapsAdjust>
      <batatas savaraCorderAde="formingPurohit">
        <saddens>693</saddens>
      </batatas>
      <ruscusBungee>
        <janCockshy>soloist99</janCockshy>
      </ruscusBungee>
      <slatish slightRespueFlurn="groten8420">
        <limbicBencite>deterge4700</limbicBencite>
      </slatish>
      <muralOvercowBedouse rogueAlgenibTempore="kaolins" isotype="hyponeaScanceHunlike">
        <sepia>cmdg</sepia>
      </muralOvercowBedouse>
      <juratorSattle overact="buckerDirhemMillile" nepidaePorosisToozle="gallonsPinworkAuld">
        <unmoors>faurd</unmoors>
      </juratorSattle>
      <fllRaphis dunamisClair="graineIlocanoFondues" goofier="durrsPhobosCerias">
        <upfoldsPinge>ranquel</upfoldsPinge>
      </fllRaphis>
    </panda>
    <unausRebribe noriteStutterCurdly="27679222" tumbledFichusDisused="semipedFibroidMammea">
      <humificMagahi>eagled</humificMagahi>
      <kidvidFervorBuller slags="sporontDiskeryNerite9" kome="esguardLademan">
        <cestoid>3</cestoid>
      </kidvidFervorBuller>
      <daemonsCamaile tinselsDivesProstoa="suable7470">
        <psi>calotteChromas5</psi>
      </daemonsCamaile>
      <airwise>
        <aggrosOrterdeMaille>ballersRaman</aggrosOrterdeMaille>
      </airwise>
      <surpassAthena hazersMoireed="snuggedLepersFluidic">
        <hiemsHostryXxi>urazin</hiemsHostryXxi>
      </surpassAthena>
      <blancBeseenSupreme coptisZarpLathed="634" unwooedArcella="tolsey">
        <hostler>surest</hostler>
      </blancBeseenSupreme>
    </unausRebribe>
    <scroll cassadaJadery="baybushFright" assoilsCahizKraits="ranidaeBulliedLolling973">
      <hardensCamoodiVox>sagoTurkmen</hardensCamoodiVox>
      <condyle blanquePurplePetites="4" cortonUndailyDhak="shaikhAerageSnitchy">
        <tourne>actosRialPhytic</tourne>
      </condyle>
      <koryakJoggledAgron tensionWilleyUnwaged="consoleHwyDarbies" kurumaUrartic="needly5">
        <timetrpUpsteamOleum>pinguinScrubsUpmount</timetrpUpsteamOleum>
      </koryakJoggledAgron>
      <erinnicKnawKosha>
        <gutsilyTrisemePostact>prierGentileBards</gutsilyTrisemePostact>
      </erinnicKnawKosha>
      <lambliaAuthors maizesMoropusPsalter="carnieUndern1">
        <porkyCosinesKelpies>sawbuckTurki</porkyCosinesKelpies>
      </lambliaAuthors>
      <elne brawlerOchavaMacuta="gradineKathy">
        <emeute>figbird</emeute>
      </elne>
      <telurgy>
        <coying>brochoEsbayHodaddy</coying>
      </telurgy>
    </scroll>
    <julettaGriphus>
      <gaslitCosters>delphOwningUgt</gaslitCosters>
      <gaskingRolls>
        <tamarau>someday</tamarau>
      </gaskingRolls>
      <wacagoGio wanle="halteNudismsAmintor" inclip="artarYuponsMeithei">
        <nilgaiDiamatNatt>grunzie</nilgaiDiamatNatt>
      </wacagoGio>
      <cymtia>
        <engagerMilleSemaise>sixsomeOkeh</engagerMilleSemaise>
      </cymtia>
      <venue>
        <shakesObeish>heh</shakesObeish>
      </venue>
      <horseFated bruskly="greyhenClaypanPouches" fotchedBitched="75258330">
        <coldong>11235596</coldong>
      </horseFated>
      <calotteRehidBesing liquefyBipodsBriards="hillingXanthin" syncedBivocalHellhag="comtism">
        <oolemmaByrlsAlaster>100</oolemmaByrlsAlaster>
      </calotteRehidBesing>
      <dietaryGool inphase="pocheEsneFustin82" strivesFeet="garmentPlotRiverly">
        <sokokiYouthesLeath>rishis4160</sokokiYouthesLeath>
      </dietaryGool>
      <akroter citatum="sirraPelagesSkags">
        <unsoftWeazeny>lactean</unsoftWeazeny>
      </akroter>
    </julettaGriphus>
  </cintre>
  <erriteTilpahHawer bahts="theciumSwarfYirred" galbe="86025900" durumSosh="hulloed" />
  <rosetanKilo />
  <fainter bletiaTehseel="32682" annaly="phobos" allayed="36" />
  <dorbieBalluteJesuits conferAphraBolos="footsOnce" melamed="heeledClites" burlersKeenly="doings9113" alodiesSelagoOvism="harelipJimjamsAbout" />
  <beshell assDisrumpChuckie="piner" bitterEyebarDreigh="drams" />
  <codonCrudleReturn oceanetRuddyCosy="pinchedBogetDialyse" supaiShangy="ostrichExterneCagily" />
  <dittoedRestful oxamate="bended8" librasNayaurLyxose="soferNoctuid">
    <thujinEtymon saransAstronApplied="barongAinoi" sporal="quinonAirAffords" vitisKauch="upsteamChola46">
      <ginzoesDrepaneReties>boozersDueful9740</ginzoesDrepaneReties>
    </thujinEtymon>
    <chry>
      <caususMargosa>parava</caususMargosa>
      <khis kaliph="99714681" fleak="hormigoDag964">
        <thesesTwittleCenture>lateensMycetesUnfit</thesesTwittleCenture>
      </khis>
      <remap jotisi="brisketFano">
        <fauldHydnumCarbone>dirgieSoling</fauldHydnumCarbone>
      </remap>
      <phenyTictoc>
        <thyine>viharaBiconeGen</thyine>
      </phenyTictoc>
      <archontHydnoid redwud="snaffle" ditted="diagMiroDoolies">
        <ptinid>cuniliTrashes367</ptinid>
      </archontHydnoid>
      <whingTholus vocablyThereto="48462657">
        <viertel>goneJapetusZocco</viertel>
      </whingTholus>
      <kitlopeLaugher dumpies="kenosisHemipod">
        <nicerKrosaKhokani>avowLyxoseAlmost</nicerKrosaKhokani>
      </kitlopeLaugher>
      <rilled>
        <lebenKnaps>litarge</lebenKnaps>
      </rilled>
    </chry>
    <tstHaslock>
      <cowrieYapon>1</cowrieYapon>
    </tstHaslock>
  </dittoedRestful>
</hirsledInventsDobbies>