<?xml version="1.0"?>
<unsolidMossieDupatta>
  <sluit thewSentsHermi="siusi" secesh="servoDuckpin">
    <apodanFinical>
      <isoporOlivilCouloir>bardelIsatide</isoporOlivilCouloir>
      <ship>
        <grandadWabena>cuteVeenas</grandadWabena>
      </ship>
      <docious perlingBonacis="cagitSae">
        <wattled>fido</wattled>
      </docious>
      <splat snitch="travelHobitsMighty" whittle="grow">
        <risalaRubbler>volti</risalaRubbler>
      </splat>
      <kyanise>
        <roosedCuriae>kayaksTurkish34</roosedCuriae>
      </kyanise>
      <chulha aginnerKotyleShitty="cetanes" yupCantar="atisAlist">
        <tigrisTomtitPetzite>apptCompdSnipers</tigrisTomtitPetzite>
      </chulha>
      <chaetalUndeify selly="sicyosGreaved" specula="frassLithias">
        <bahamas>lindy</bahamas>
      </chaetalUndeify>
      <durningDuncish>
        <birl>weirdoYarder8067</birl>
      </durningDuncish>
      <tieingGnatterAcerra arishUndownyTabac="2782" cestuyBrahui="mistilyShiismCouteau">
        <dioriteFoliose>unsolidGerate</dioriteFoliose>
      </tieingGnatterAcerra>
    </apodanFinical>
  </sluit>
  <chesoun bezziBrottJacky="288" umbrilBladeAmylon="heedersFrypanFossa1" barest="jugglerDonzel1" />
  <rammelAwrist ursulaAmentia="chowsAntar" muckleSpermy="amandusChaton" waer="baratte" />
  <stagesNovelSnake melds="waggy">
    <slusher ocneriaCheeperBullies="7" nowtsFiculaHoihere="callanOdinic" bidpai="58359347">
      <alehoof>deejays</alehoof>
      <hetaira>
        <cyamoid>torulaeInputGearset</cyamoid>
      </hetaira>
      <tinnen femoraPapooseUmbrate="lappula73" raoulia="bummer">
        <tembetaElution>37</tembetaElution>
      </tinnen>
      <wantageFolioUnnice>
        <ssed>tonnage6</ssed>
      </wantageFolioUnnice>
      <sprylySixer>
        <townful>spouted8688</townful>
      </sprylySixer>
    </slusher>
    <anerlyWych>
      <tarrass>wklyLending</tarrass>
      <cygnetMotherPlasmin spuke="okeIdiotSolion6025">
        <sperpleTrefStooter>railerBegorry</sperpleTrefStooter>
      </cygnetMotherPlasmin>
      <adulateAttealRelayer dalethWattles="64">
        <sacketNoesCurs>pipeage</sacketNoesCurs>
      </adulateAttealRelayer>
      <popedomTegmine elemeMeiklesJaggary="impugn469" peatyAlleleBlastid="cliverAufgabe">
        <toggelValericCrusado>essedaAnimesPissed</toggelValericCrusado>
      </popedomTegmine>
      <gritterBackage schuh="scioltoScowlsConcupy" aglyGlassesWamel="lacteanQuahogs">
        <jubbahsPartesSalmary>judicia7</jubbahsPartesSalmary>
      </gritterBackage>
      <haecScaloni>
        <dismesDeanerThierry>vizzyHoys</dismesDeanerThierry>
      </haecScaloni>
      <lumperSkimos weaningPerksLeed="hobbilFogeys" avisos="oared">
        <acredJagheerCholoid>flongs</acredJagheerCholoid>
      </lumperSkimos>
      <fardh patency="submodeFulcrum">
        <immense>hamzahsJami</immense>
      </fardh>
    </anerlyWych>
    <intitle>
      <chaiseForlayBanjore>8144026</chaiseForlayBanjore>
      <baileysNightsEdacity aquabibFangaGaurs="mufasalBindlesCigale" gerusiaRichGinnel="iridianChakrasCordyl9820">
        <berchta>lobeletOutpompNacrite3</berchta>
      </baileysNightsEdacity>
    </intitle>
    <oximesReed septierElvisFlaked="361459955" zeroingMargSpuffle="skeeryWoldAecia">
      <parlingCteJin>3017</parlingCteJin>
      <smudgerReheat ogpu="85803" imbuiaBohunk="saxtubaWailakiCherely18">
        <wiliest>tomtitHabenarPyuria</wiliest>
      </smudgerReheat>
      <bimahGabelle rub="82789">
        <dibsEen>lagerBrochan</dibsEen>
      </bimahGabelle>
      <isthmusChevret unamiss="kogiaTuppeny">
        <lemursScuteWincher>rimfirePaellas1503</lemursScuteWincher>
      </isthmusChevret>
      <kislevErepticGenteel kantryNol="8651187" galago="snowedHaptor">
        <dottleCrickey>amusesSubherd</dottleCrickey>
      </kislevErepticGenteel>
      <hauboisWanionsRag mousing="sirrasUmberty" akroter="oilcup">
        <siakHarpago>soupon</siakHarpago>
      </hauboisWanionsRag>
      <lupinTriaene sejour="jachtTanakRecover942" rotundUmbrelPapilla="hagride">
        <cevineEnterer>cequi</cevineEnterer>
      </lupinTriaene>
      <rosily caba="amucksCubicle1">
        <fermageMeliolaDaud>cellar</fermageMeliolaDaud>
      </rosily>
    </oximesReed>
    <swarbie>
      <ryderRettornRefects>batlerPeasesCrudest</ryderRettornRefects>
    </swarbie>
    <vitriol>
      <invokes>coaptVainest</invokes>
      <magianLupid nauchOccurse="joyrodeDhaks" carlinsStills="similar4516">
        <cantrefMoused>cyaninsPlenumFusty</cantrefMoused>
      </magianLupid>
    </vitriol>
    <oomphOwtSummist>
      <oboeIsurus>tulipAppals</oboeIsurus>
      <scleria parkDoodadCapouch="studiaPinbone">
        <choleicFlaccidConicle>wassailSeriemaDirer848</choleicFlaccidConicle>
      </scleria>
      <sterns>
        <putlog>53</putlog>
      </sterns>
      <ione>
        <incitedEstradoPlumps>upleaptAdvoyer52</incitedEstradoPlumps>
      </ione>
    </oomphOwtSummist>
    <burseraGavel>
      <furredTirveApina>anilinsEnchainNoblest</furredTirveApina>
      <filthWhiftStimy cotsOntaric="glum5" portailUnmetCippi="canakinPinchOnagri">
        <oximesPayboxCrura>paxilla</oximesPayboxCrura>
      </filthWhiftStimy>
      <moduletWeste quinch="unredBackage" pyro="wonkyMien">
        <crappinMiaouSalame>skieppeMissa</crappinMiaouSalame>
      </moduletWeste>
      <janapumSemikahColonel>
        <synemaStumer>aldimeMutatedEpimers</synemaStumer>
      </janapumSemikahColonel>
      <brockedBambini>
        <hosanna>triacid</hosanna>
      </brockedBambini>
      <leucous tycoon="seriarySynodicJerids" urchinRya="faceoffTrainyAddulce">
        <defuzed>devisesTimpani</defuzed>
      </leucous>
      <tiewigTritolo streetsBiblicStanner="agamisSnathesPhasmid5" ulvanPercoid="ornoite">
        <kangani>defiber</kangani>
      </tiewigTritolo>
      <creepieBedelsUpperch>
        <alieneBitore>krimmer</alieneBitore>
      </creepieBedelsUpperch>
    </burseraGavel>
  </stagesNovelSnake>
  <kurveyEmplaceTilaks noilerPeepsBrowse="bokoAwiwiMannan6" agrotis="leaderAuge" spektSlawsSnorers="802129" modal="diduced">
    <hinderAgamae orderedWatsonCrawley="spongyDedalExtbook877">
      <tractus>frondKoreaToquet5</tractus>
    </hinderAgamae>
    <thing>
      <missungWalapai>burblyChammWhizzed</missungWalapai>
      <snooksTenty>
        <adevismHooferIsidore>ragingPiff</adevismHooferIsidore>
      </snooksTenty>
      <toilerProwedNgoma sonar="3055">
        <myxine>replierBorzois</myxine>
      </toilerProwedNgoma>
      <madnessSchmitz khairThecoidPrinky="playful">
        <vittledLeden>561743904</vittledLeden>
      </madnessSchmitz>
      <yobbosMeldropSpadger>
        <niacins>glutinDevises</niacins>
      </yobbosMeldropSpadger>
      <linnetRepleveCoadapt logiumSlap="snathes" moreishParodos="596084724">
        <pilori>2258</pilori>
      </linnetRepleveCoadapt>
      <hexedCudeigh preomit="outwait5883">
        <evitedNeiperAlgy>cajon</evitedNeiperAlgy>
      </hexedCudeigh>
      <eagledSaxonly>
        <dekesCribble>horsierImbuedKnetch</dekesCribble>
      </eagledSaxonly>
    </thing>
    <epic>
      <widdie>oddman2</widdie>
    </epic>
    <frascoChucked>
      <rushierCollySpine>quaukAsdicsCurried</rushierCollySpine>
    </frascoChucked>
  </kurveyEmplaceTilaks>
</unsolidMossieDupatta>