<?xml version="1.0"?>
<frontad>
  <sceptic whitier="formic" carbonsQophsCymule="lufferHubbUpband" belfryUndecyl="stroldBoroGode" creeAnniv="glycylsCymba75" />
  <hamlineKirstyBumped>
    <butyne>
      <taggy>waffingJested</taggy>
    </butyne>
    <quop viperyPlatesReader="emanantIsthmiOrator" yupTolmenKoftgar="stolesLacoca4226" cumarin="temptLaciest">
      <bullerConsoleBeatus>tabel</bullerConsoleBeatus>
      <forkman plunkedChecky="unspent">
        <tores>drutherAloxite767</tores>
      </forkman>
      <ambo ugandanOutspitEmbus="jupatiJawanMandlen" framed="dammitSonataKrapfen">
        <cleanseShtetl>snarersTariricAmiray</cleanseShtetl>
      </ambo>
      <dunker feederEmpodiaCarted="inanerFelup87" suety="basilsGongGinmill">
        <latosolIneptly>coypouBobfly</latosolIneptly>
      </dunker>
    </quop>
    <atelets palatuaFodge="arr" fackGadoids="bounced274" mannanPutainLadies="75">
      <respelt>navarchSesuto649</respelt>
      <molary alloseThatnZaphara="aviewOxgate">
        <quadleSouren>upbye</quadleSouren>
      </molary>
      <performTwirl undergo="paseoDephase">
        <pepperyHiddels>31507940</pepperyHiddels>
      </performTwirl>
      <polecatSparsim coronae="orionWryest70">
        <trueGuess>7622</trueGuess>
      </polecatSparsim>
      <penOllock>
        <tabaretRebackQuintar>plenishMacaqueAwlwort</tabaretRebackQuintar>
      </penOllock>
    </atelets>
    <mislayClavial>
      <vampedBrucine>mohawksBethumb</vampedBrucine>
      <earnfulBitnet trotyl="eardropPloy11" glaive="nizamat">
        <jutka>magiric</jutka>
      </earnfulBitnet>
      <exiesKatatKadu tahsils="guhayna" migrate="aspreteCagierMiniken358">
        <warblySquirlNoctua>46</warblySquirlNoctua>
      </exiesKatatKadu>
      <lakism comaker="swaird" elihu="acyesisRotge">
        <rectus>piskMile</rectus>
      </lakism>
      <bahoe fadenTeatyMesopic="gnomonSawflom">
        <syling>psyllidAtwiteNanga</syling>
      </bahoe>
      <vespina>
        <splunge>phalanx</splunge>
      </vespina>
      <gameticMandyaiUhs>
        <renoveTartanaFoxly>chanter</renoveTartanaFoxly>
      </gameticMandyaiUhs>
    </mislayClavial>
    <bulwand>
      <bistre>begall</bistre>
    </bulwand>
  </hamlineKirstyBumped>
  <subcellTrapanDaimyos unstain="lawny" pabouchBlowy="bororo" />
  <nibber gripsTragal="tonemesStomodeParolee" villaMyoxusAmbones="feoffed58" />
  <spug boratedAgialidBoagane="itllChasmaStirrer" cyesisMabela="boxtreeCenti795" nondoSupposAnabia="didromyThirdlyUnmated" bantay="wassailUllages">
    <keresan dagoesZyryan="sunbows76">
      <caplingAbovesOutdoes>lanchCorn3114</caplingAbovesOutdoes>
    </keresan>
    <lifterPoorga aslaverGodlilyOperon="ayahsBedusk">
      <wornMeecherKeratol>dididae</wornMeecherKeratol>
    </lifterPoorga>
    <khedivaIcemen>
      <yat>vauntedBodesLiszt</yat>
      <aldineVillan feridgiDhunchiCrut="732" saltatoPorky="shoogleAceraeWpm">
        <speleanFluemenHogbush>psalter</speleanFluemenHogbush>
      </aldineVillan>
      <sotnikBaka towelryPyke="napa" coughs="4">
        <scotale>desmon</scotale>
      </sotnikBaka>
      <atman>
        <quartosPulis>suppage</quartosPulis>
      </atman>
      <jms increep="halebiReavesScended">
        <trilobeWillyerFerous>97</trilobeWillyerFerous>
      </jms>
    </khedivaIcemen>
    <navarEmeritGloea>
      <shaiva>53196</shaiva>
      <gerresWebfed>
        <unaptlyFuzilsEleve>ootidAmuserPealed28</unaptlyFuzilsEleve>
      </gerresWebfed>
      <sorest spinage="1581">
        <crajuru>inured</crajuru>
      </sorest>
      <newest maut="4" yowlVaidicJewelry="eprosySkieur">
        <agers>invtTerret</agers>
      </newest>
      <bolding>
        <proxenyOeci>summitClayierStyrene</proxenyOeci>
      </bolding>
      <zebroidColleyAestive monumboBuggeryUrds="poloniaRelook" mimseyKvint="unrayBowerly">
        <onycha>sitar1133</onycha>
      </zebroidColleyAestive>
      <liyuanTrotletBewray uzanAbkary="pinguePodiums" stomachEpris="53480691">
        <chapah>bairns8013</chapah>
      </liyuanTrotletBewray>
    </navarEmeritGloea>
    <gothishCainsPaquet>
      <kiefSunderSyrinx>winnerNicoticUneaved</kiefSunderSyrinx>
      <calcompAcetous ranglerBauxiteFinicky="shrivesCoronae" knell="cebusEdiblePaiker">
        <plewchZoaea>regrowsSurtoutReduce</plewchZoaea>
      </calcompAcetous>
      <marryer>
        <ajangleBabisFerrety>gunz</ajangleBabisFerrety>
      </marryer>
      <unlaysPectate tawnleRowel="71" updoveScobs="faunula">
        <zoonal>manningSubsetsGestalt</zoonal>
      </unlaysPectate>
      <kamalas calcite="fittily">
        <inhibitBrave>brackyTrowth</inhibitBrave>
      </kamalas>
      <astrionTawsingCasas>
        <ectasesAbraham>hanking</ectasesAbraham>
      </astrionTawsingCasas>
      <aeonicNighlyNanako lotahsMandats="punkahs">
        <luluaiDetenue>266</luluaiDetenue>
      </aeonicNighlyNanako>
      <belayedPayoffsHypoing>
        <vellBaktunPicarel>139947453</vellBaktunPicarel>
      </belayedPayoffsHypoing>
      <trevor cebellTyighBrewed="guahivoGenua">
        <shaledSuckedKentia>durwanWaferyTwelfth</shaledSuckedKentia>
      </trevor>
    </gothishCainsPaquet>
    <walkupsBurr>
      <orchFeedman>25397688</orchFeedman>
      <toskishRaspedUnguled trickie="enrheum">
        <rebatos>5844</rebatos>
      </toskishRaspedUnguled>
      <xylonicDabbing hoaxing="cassavaKadayanUnugly">
        <itemize>988</itemize>
      </xylonicDabbing>
      <ovonics smashed="shoyu" bovistaTenured="72953606">
        <large>foetorDismays</large>
      </ovonics>
      <onmarchFaddistWissed wotteth="hugerEnraceClaude4919">
        <congeon>3</congeon>
      </onmarchFaddistWissed>
      <osmolArhatsRehoned metalawHexing="82229" rappels="33">
        <hoaxedBlackerFictive>amerced</hoaxedBlackerFictive>
      </osmolArhatsRehoned>
      <respeltPlanetsCharged cartway="890986983" hirsels="indolsTrutineChurchy">
        <desmoidCaraipi>panctiaTaupoAlapa</desmoidCaraipi>
      </respeltPlanetsCharged>
    </walkupsBurr>
    <epiroteDawingTatting fabricsMaladeSpissy="544387">
      <joviteGenders>unrobed</joviteGenders>
    </epiroteDawingTatting>
    <aguajiBashaws>
      <bungerGemutiBurns>bescent</bungerGemutiBurns>
      <fab>
        <burbs>skemmel</burbs>
      </fab>
      <rotatesStewsPapulae>
        <rundownProcarpPrevues>crianceQuetzal</rundownProcarpPrevues>
      </rotatesStewsPapulae>
      <apis>
        <iniomiPindariPontine>teaware</iniomiPindariPontine>
      </apis>
      <deglut smudgySkybaldHorst="spoofed">
        <pinkos>lute</pinkos>
      </deglut>
      <meatalEluantsAdvects alypineWadsets="734">
        <dobsonsColumnaDinghee>ohioan</dobsonsColumnaDinghee>
      </meatalEluantsAdvects>
      <troughsTzarNiveous planar="wombleDetort" yetlingPierianLavash="26133175">
        <vintageRegrate>75306</vintageRegrate>
      </troughsTzarNiveous>
      <maenads>
        <calyxes>mussalCharmGenre</calyxes>
      </maenads>
    </aguajiBashaws>
    <koumysMalapi>
      <preveForebyeRheas>956362</preveForebyeRheas>
    </koumysMalapi>
    <calkageDativalRubbisy buqshas="43119904" convexoJamsTurgid="kartingSadheHearts" rustier="nanigo">
      <prezoneNumbers>3</prezoneNumbers>
      <pulajanMoorukCarvage>
        <cista>pavinHopples</cista>
      </pulajanMoorukCarvage>
      <zabismCampionStiria>
        <dustboxUncharm>reviveFanal882</dustboxUncharm>
      </zabismCampionStiria>
      <colmarsPanorpaInsorb fannersWeeversAlebion="pernioSekere" charpieVent="710505">
        <paal>24857</paal>
      </colmarsPanorpaInsorb>
      <linkage unheardRasboraConchs="272826283" peplumsPoppel="barkaryPlateauDecurt">
        <sagaIsatisTorcs>albasCokery</sagaIsatisTorcs>
      </linkage>
      <scads horlaCanfuls="drinkySagathyMunches">
        <cuprousComportSarape>scrollsTarok</cuprousComportSarape>
      </scads>
    </calkageDativalRubbisy>
    <yavaSirraHaceks>
      <ravelin>tranvia</ravelin>
    </yavaSirraHaceks>
    <pegmenBaryes>
      <fizzesLeukons>kulimitDangersGitksan</fizzesLeukons>
      <piaffed fusure="7022" petards="adelinaLoiasisZhmud">
        <linenCdf>magog</linenCdf>
      </piaffed>
      <flaxyTellach kindalSensyneProlong="3">
        <klutzHeuauPlexus>armetsBettersFinca</klutzHeuauPlexus>
      </flaxyTellach>
      <gripe>
        <airwashSoarersBandhor>816196838</airwashSoarersBandhor>
      </gripe>
      <gry>
        <tapes>breirdFernier508</tapes>
      </gry>
    </pegmenBaryes>
    <androlAidsAridity rheoCoydog="crawly84">
      <wilier>bopeep</wilier>
      <distrix>
        <bastard>outtrotFinicalPosses</bastard>
      </distrix>
      <knells soeverCheetieEmeras="ovoidAntdomSlask">
        <ugandan>omagra</ugandan>
      </knells>
      <mitersAbides>
        <yarelyFrikeDefames>cuppas</yarelyFrikeDefames>
      </mitersAbides>
      <dogeyHoloku>
        <geryBopBremely>92</geryBopBremely>
      </dogeyHoloku>
      <belteneTakosisNoyant woodris="cathodeBecherBylaw" densityMetreta="aganiceVoled9495">
        <halloes>bedust</halloes>
      </belteneTakosisNoyant>
      <langel>
        <hagar>95769584</hagar>
      </langel>
      <aprCafh fleshlyHading="flyleafUboundSilico">
        <realityCerthiaHockle>ladedRemitsJiggles</realityCerthiaHockle>
      </aprCafh>
    </androlAidsAridity>
    <trophal>
      <speltzNeonLand>65899</speltzNeonLand>
    </trophal>
  </spug>
  <tutoredVolta ioliteImpi="3054949">
    <pawkilyWigher barkeyRheme="bentangMallets" farsetLaputanAlkide="550931610">
      <mohurs>celebeTrional</mohurs>
    </pawkilyWigher>
    <iconian elishahMidwifeLeveler="bunked" reddledWhitedOkras="oviniaLatianGrouser">
      <wryer>foreranKanoneInweave</wryer>
    </iconian>
    <searceStichos reefing="brachesWinnockNapead">
      <nomos>2131</nomos>
      <urbsYumanCoxalgy>
        <seafolkUsward>truffCallDistils</seafolkUsward>
      </urbsYumanCoxalgy>
      <piskLoaders coonsPyaemia="oariumFewest" omitWarslesZophori="337">
        <vectorVerdeaNrarucu>919156833</vectorVerdeaNrarucu>
      </piskLoaders>
    </searceStichos>
    <dynodeCypraea>
      <deutziaRome>sumachTeloi</deutziaRome>
    </dynodeCypraea>
  </tutoredVolta>
  <sphalm purgesDecrownGetsul="loftersGaumsWitoto">
    <rehone>
      <chuckle>cushaws2</chuckle>
      <dykedDicotRecoins>
        <bradsStionic>orpinsBeget</bradsStionic>
      </dykedDicotRecoins>
      <delitSwoops sardelArcuale="7">
        <zen>5</zen>
      </delitSwoops>
      <toupeesInstr pokeys="ingotDivversAssumed">
        <clysis>cruderRags882</clysis>
      </toupeesInstr>
      <nibPrimelySailer wrigOftens="wrabbe" vaagmar="gorstKhutbah">
        <crimmyPotterGrummer>watapehRetests</crimmyPotterGrummer>
      </nibPrimelySailer>
    </rehone>
    <thyiadNoshes smouseOctects="marques" roansEndopodTarkhan="blayneDemerol">
      <keslepCerimanThebaic>attryCheepedButyne</keslepCerimanThebaic>
      <scabbleOutfastCanelos>
        <fordam>71133390</fordam>
      </scabbleOutfastCanelos>
      <quiet knaggySich="withinRabicAurir" laydownPippleSpeed="hissUnsourTrabal">
        <bontee>643633</bontee>
      </quiet>
      <jonasBilatiTigua zoilus="cockups" mider="belageTrickedShagbag">
        <vialledCopesFriszka>rippersSaulter</vialledCopesFriszka>
      </jonasBilatiTigua>
      <kaliGladful crenels="37773" rousingDiciestOutpeer="preactFcsPothole">
        <chrysinMethol>kerfing</chrysinMethol>
      </kaliGladful>
      <woesRedressArnee>
        <ghoster>yohourtFoothotDubber</ghoster>
      </woesRedressArnee>
      <stromedAlecizeKobold doliaVessetsDuomo="dislockDufferVerges" guiders="barredAnole">
        <turrell>galchic</turrell>
      </stromedAlecizeKobold>
      <tewit>
        <plumose>657723562</plumose>
      </tewit>
    </thyiadNoshes>
    <phemicVivekWhame valvalTrivet="5833">
      <effableHomDumpler>763270</effableHomDumpler>
    </phemicVivekWhame>
    <malie alnicoProtyle="kaibabVitry" foxfeetWeanoc="annexJeerers">
      <addableChatted>unsavorSquacco</addableChatted>
    </malie>
    <akazginNonbaseRosebud coccidAbsvoltScaled="13" inglobeVitrail="anacid" clioneAriusRebeg="briggsMatzahVihuela">
      <oversupMetonicSpinel>swobberVaporsEphebea87</oversupMetonicSpinel>
    </akazginNonbaseRosebud>
    <yardedExogyra toeshoe="arrestDephaseDouser" oxonianSparges="cozieAppelMalacon84">
      <spalt>553</spalt>
    </yardedExogyra>
    <tureen>
      <migsFrazzle>dumpish</migsFrazzle>
      <kwanzaAryaDomical>
        <braisesYounglyScarf>entriaHalwe78</braisesYounglyScarf>
      </kwanzaAryaDomical>
      <chazyGranny trippleOmrah="sexlikeIllness975">
        <insuresNester>67</insuresNester>
      </chazyGranny>
      <jikungu tubbers="vodkaCistus">
        <uptable>billersEncodes</uptable>
      </jikungu>
      <casingsDyeings>
        <mired>carderShurfKohl</mired>
      </casingsDyeings>
      <aceraeJalapin>
        <atar>cowierBatted504</atar>
      </aceraeJalapin>
      <inflateBeltie pattoo="dingusVarkas5702">
        <mashed>krillsSworder</mashed>
      </inflateBeltie>
      <talc>
        <engrave>792623</engrave>
      </talc>
      <wisps doerOsi="oliniaAnticks" shelfyPurin="ninon">
        <daffierFianna>enrailSirenOopuhue</daffierFianna>
      </wisps>
    </tureen>
    <mondainDowlessShirrs dupedomBeltmen="64122733" cohortsVespoidEmbowl="164" deckmanEttleTegmina="57247">
      <dammishJowsLidless>atamanTetchy5</dammishJowsLidless>
    </mondainDowlessShirrs>
    <volow>
      <rocked>82</rocked>
    </volow>
    <hurlyCheetahUnkamed penheadSalm="wadmalCedrin" boePincianChutney="9100" jorgeZeteticAhmet="875821152">
      <fillipsTaxiesProtist>bedwayKnouts</fillipsTaxiesProtist>
    </hurlyCheetahUnkamed>
  </sphalm>
</frontad>