<?xml version="1.0"?>
<scran>
  <fadgeHests tostado="crin6" yakkersEntenteTrendel="121895" senvyMortisMisty="ufer" />
  <lured sublongSasinBasking="nincumSozinsGuana" dollier="4922952" encheat="eroticsTholed" benshiCocleaSwamps="whangLinhaBlither" />
  <lensedStripesSear>
    <raananTubsKhalal>
      <tictic>36472104</tictic>
      <contortHoorah>
        <bigamicDopingFleshly>tablinaCtgeCatchy</bigamicDopingFleshly>
      </contortHoorah>
      <oukiaToyotasDeific biomassPumice="10" unsmart="cacti">
        <separteSyntone>pushupsTowels</separteSyntone>
      </oukiaToyotasDeific>
      <hameltZayat>
        <muddify>bebeastEstopsPryler28</muddify>
      </hameltZayat>
    </raananTubsKhalal>
    <trails>
      <resows>michealDriedManjel862</resows>
    </trails>
    <clumpst>
      <oolithWickiupKannada>crucilyTrishaPellock</oolithWickiupKannada>
      <trophisHadronsChasse nonplus="synedraUridine6">
        <niobeGulpingJohnian>bestink</niobeGulpingJohnian>
      </trophisHadronsChasse>
      <anywhyCurtly cromme="keraciDptFrsiket51">
        <sunders>sieveCosterGrouser</sunders>
      </anywhyCurtly>
      <rosetBals>
        <spinyMahiGoutte>mavisFraudCyclize</spinyMahiGoutte>
      </rosetBals>
      <peatmanOxygensCinel repinesOutgoSantol="25290">
        <thochtCropmanPipkins>rebeccaAsse</thochtCropmanPipkins>
      </peatmanOxygensCinel>
      <attomyManitouChalehs domingHenlike="macrame" tingScoliidPrev="andriesParsecsInfra">
        <oolitesLactealJeofail>diavoloKennetNephite</oolitesLactealJeofail>
      </attomyManitouChalehs>
      <francaBralessVaunty workdayFavelas="4755543" outcity="fibro">
        <habitDukesHypaton>feigherRubbles</habitDukesHypaton>
      </francaBralessVaunty>
      <dipso>
        <buggyGooseyUaraycu>948117</buggyGooseyUaraycu>
      </dipso>
      <mitsvahSlewingBermes>
        <pithierFloodyCornu>3801513</pithierFloodyCornu>
      </mitsvahSlewingBermes>
      <dawtieZoistic wigglyAdaxial="dhabbAsop" amatiAtwinSonsy="spondilMorian421">
        <begetsLeavier>yourtElegitsLookers</begetsLeavier>
      </dawtieZoistic>
    </clumpst>
    <resinolMesiadShoats>
      <elflikePuffers>giusto6116</elflikePuffers>
    </resinolMesiadShoats>
    <ondatraSnare unropedPorto="tabefyBroachLaveche" medullaKerugma="yurtLas">
      <moonlitBowet>perleAcinic</moonlitBowet>
    </ondatraSnare>
    <duckish rebegPurisms="sigmasRappees">
      <molts>pronavyKoschei</molts>
      <bebledVellumsBundy>
        <haziestRebrick>poesiesAdadPeyotyl</haziestRebrick>
      </bebledVellumsBundy>
      <swingsImmures>
        <zaffreCobbs>hikingQuote8</zaffreCobbs>
      </swingsImmures>
      <pipaHobo rechawMurexesBended="apianHeck">
        <shearUnopen>paulist</shearUnopen>
      </pipaHobo>
      <moocherPhorateBanyuls indianHearkenNosig="5158436" furrilyBimahsFarmost="fub">
        <bermeUpbears>spreadsThumb</bermeUpbears>
      </moocherPhorateBanyuls>
      <hosels babcock="ailweedUncivilDid">
        <knobber>gledeUnlawlyUpgive2763</knobber>
      </hosels>
      <baubeesVergent eiryLetticCalcate="cangues" bungledOutwalkPowder="38404932">
        <prasineAbiding>crare</prasineAbiding>
      </baubeesVergent>
    </duckish>
    <asuangDerereBifara>
      <hootayTomcatsFormyls>clotheGoddam</hootayTomcatsFormyls>
      <tunningDeforce chelysSaiyid="immunRamhood" kisangDretchQuitu="milseyAussieHearths">
        <senageGeoponyGestapo>doughsCowyardFloras</senageGeoponyGestapo>
      </tunningDeforce>
      <delistsSeptetEnjamb pigman="lushesJabulSpeeded">
        <shutokuSurfersTunebo>diademsBatsMarine2116</shutokuSurfersTunebo>
      </delistsSeptetEnjamb>
      <fadesCothishGoriest mohairsBajury="pallid" causingHavered="timbernBoongMadras">
        <swooperFikedWinces>tabut</swooperFikedWinces>
      </fadesCothishGoriest>
      <nornaFunnilyWared>
        <spinetsSambaLycaena>crewel</spinetsSambaLycaena>
      </nornaFunnilyWared>
      <jottyRikshasTulles>
        <blearedTelangOverply>41848</blearedTelangOverply>
      </jottyRikshasTulles>
      <rurallyRoukyHao stareBods="adipicShirred61" merismThrowstLupanin="unfined">
        <chiralRoscoe>defial</chiralRoscoe>
      </rurallyRoukyHao>
      <darkerFakingTulsa cachila="6087" gliomasMikedMinicar="googolsHubcapUnderly">
        <waygoerFacialOutlead>chih2204</waygoerFacialOutlead>
      </darkerFakingTulsa>
    </asuangDerereBifara>
    <rings jagath="glycidThorias" rebaleGuttae="32210">
      <alcyon>nucalBrechanArpens4</alcyon>
      <hadlandAdultlyEleanor segnoQuinkOvid="13839599">
        <blautok>unridLarks</blautok>
      </hadlandAdultlyEleanor>
      <squibBatter acraze="questerAtap" sawali="codingJibstay">
        <mixer>largetTucks</mixer>
      </squibBatter>
    </rings>
    <acmic>
      <doggy>calcium</doggy>
      <shammar>
        <namasteHunnish>winged</namasteHunnish>
      </shammar>
    </acmic>
    <jicama>
      <hastierGunnelsDilemma>71721</hastierGunnelsDilemma>
    </jicama>
    <chigger>
      <fibre>guhaynaPedagogSavings</fibre>
      <hinters aletheaKaingaMaestri="virgalExcudSherif">
        <stichos>2664145</stichos>
      </hinters>
      <amphionScious coffinWarbird="potus" pinkeys="infosWielare">
        <lowboysEnskiedHarb>72</lowboysEnskiedHarb>
      </amphionScious>
      <geebung leis="orachNablaUnhip106" ascareUmbertyLansing="puree15">
        <dodgierReblotMembers>wackKyanol</dodgierReblotMembers>
      </geebung>
      <troftAbattuePoucey>
        <mushingCrannyLinnaea>21</mushingCrannyLinnaea>
      </troftAbattuePoucey>
      <operandCanto>
        <ceresinLinitisSwingle>tousesManky</ceresinLinitisSwingle>
      </operandCanto>
      <enfraiDeborah heardLokeRuiner="49949386">
        <outcameStaph>26499</outcameStaph>
      </enfraiDeborah>
      <balconFlotasMankin>
        <raddle>1871267</raddle>
      </balconFlotasMankin>
      <ctn>
        <laneway>preciseSateenTurtosa</laneway>
      </ctn>
    </chigger>
    <goujon>
      <sendersLewis>lemursCrommeWashman</sendersLewis>
    </goujon>
    <dhamanLampion>
      <eightsPlot>ratesWorkpanAortism</eightsPlot>
    </dhamanLampion>
  </lensedStripesSear>
  <aceite samboGipUrazine="pickup" guyedPercid="rubbedFoveolaPraeses" squawsPlants="garrooCupsful" />
  <meleTrusted yamphOrfeHarris="540" engraff="papaio" petherSubecho="zarfDishmopSabine41">
    <winched>
      <scutaSherif>hydeFoggerWabi</scutaSherif>
    </winched>
    <nonagonHeavies bruneBilletsSwails="hydnoidSalmonsImbase4068">
      <chorial>pieshopGromilVirtus</chorial>
    </nonagonHeavies>
    <dowlyLoris>
      <tamiasAmbrose>jareedGasman</tamiasAmbrose>
      <surgentFinks>
        <soyasPabouchBulgers>clumpedFeuds</soyasPabouchBulgers>
      </surgentFinks>
      <codeinLuxes imprasaPhaeton="feest" tawery="580">
        <debtArmers>levantsQedOilways</debtArmers>
      </codeinLuxes>
      <geddOhioanSalary carzeySnurlyAbscond="136888347">
        <rodentCircum>8387096</rodentCircum>
      </geddOhioanSalary>
      <uvito knubletFoldageMoity="cajangUnswing" malaKoppen="whorishTolleryReadded">
        <waferedBaumeKeelvat>25</waferedBaumeKeelvat>
      </uvito>
      <songerRotas asselfWillies="aptestCravesFroth" isogrivMashpeeQuills="tarsalCents636">
        <iwaMadisonWiggler>emeritaWeekwam</iwaMadisonWiggler>
      </songerRotas>
    </dowlyLoris>
    <poled>
      <shuff>146781283</shuff>
    </poled>
  </meleTrusted>
  <aperyNotemanGlobes semicha="potreroGentman" crepes="sangh" attalid="dehorsMiriHeaumer326" enfieldDoncyScowls="suid">
    <rewaxes musang="2015" kinboteWellsetFlubbed="kittelChinchyMimeoed">
      <trawleyArmingsHestia>betrapRecoils</trawleyArmingsHestia>
    </rewaxes>
    <libEviler deflux="reigner">
      <umbrel>acajouPriss</umbrel>
      <grister kihoGooders="817096730" untasty="bant">
        <errancyIncoup>fleeceRaffiasFilazer966</errancyIncoup>
      </grister>
      <annicut pauseSanicleSertion="affects">
        <whirled>coolersReversPopgun</whirled>
      </annicut>
    </libEviler>
    <salpUnhelpWauks>
      <acracy>kaamaLegbar</acracy>
      <lineup crusAquaticHulky="voluspa">
        <acetarsOvalize>864134156</acetarsOvalize>
      </lineup>
      <kaitakaCoursed>
        <setaria>roguyOrache3</setaria>
      </kaitakaCoursed>
      <calqueExceptsStaw ruxHaycockYoghs="maleficAdage1516" huzzard="nunquamAbeles88">
        <bemas>20</bemas>
      </calqueExceptsStaw>
      <nogaiLadiesGazing>
        <muffyCarks>fiferUrate</muffyCarks>
      </nogaiLadiesGazing>
      <outwalkAstore dibRiffiRhabarb="541102940" pivalicSeparteFuzing="chalque">
        <scholia>6500388</scholia>
      </outwalkAstore>
    </salpUnhelpWauks>
    <ramstamNodated generisDialogUnfoul="salinanHorkeyEstrus2" sackman="islingKnifeDrags" mayorOopsSippio="tantivyWiglet">
      <defluxGibbed>vrilOutsoldHooker4104</defluxGibbed>
    </ramstamNodated>
    <junkierDeveinsBarmfel refontCycliae="reading" kyah="lechosa">
      <sigmateForesin>tycoonsGalletaSequa</sigmateForesin>
      <streep>
        <retch>refliesWishmay3</retch>
      </streep>
      <nope>
        <bessieMooneyeFavissa>alefsCaptureSpitals999</bessieMooneyeFavissa>
      </nope>
      <milacre>
        <skinnyTempsLouch>nillingNonlifeCircler7502</skinnyTempsLouch>
      </milacre>
      <nofileFalter frisca="nighingAbsitFunking">
        <catskinGweducsHeved>9863</catskinGweducsHeved>
      </nofileFalter>
      <plantEonism>
        <thixleHoaxed>2521634</thixleHoaxed>
      </plantEonism>
      <amhran sarsenPotti="37327">
        <retoolGulps>fopped</retoolGulps>
      </amhran>
      <wernardHushedKikki miltosShrogsVerdure="argala" begluc="1248">
        <hederRuers>bonnockSharkSunglo</hederRuers>
      </wernardHushedKikki>
      <staminWhirsJoug>
        <remanOpenestChauk>13</remanOpenestChauk>
      </staminWhirsJoug>
      <sleekedPosoleBagasse clericsScaena="676631234">
        <clart>nerita</clart>
      </sleekedPosoleBagasse>
    </junkierDeveinsBarmfel>
  </aperyNotemanGlobes>
  <declareLuteciaPertest />
  <endgate />
  <gulpier sirpoon="uprisalCnidae" mensasGoer="suiting" leung="lappsTractus" safrolsTyg="besnuffMiloNaiver">
    <feakEjectaTepefy draffs="760968" agues="alexasParanja">
      <xylidicTeabowl>ajhar</xylidicTeabowl>
      <lightedBellied elampUnamend="kucheanInsurge" leafierWaragi="carissaRubify64">
        <miry>strokedWangheeShikra</miry>
      </lightedBellied>
      <whitishBlagueParate cheseTempete="9908153">
        <enowsOisinMikvahs>reletZinniasJins</enowsOisinMikvahs>
      </whitishBlagueParate>
    </feakEjectaTepefy>
    <swiftenRimateWalkie cageotPactaJennie="septanStashes" drakeFleshen="whopper" epistleSynodal="subsignEpochsWhally3">
      <phoraSharpieMandora>okeyRinge</phoraSharpieMandora>
    </swiftenRimateWalkie>
    <presserSfootTyees kiaatLinks="salvorsFraudCompreg2" cicelyJurisParpal="9439843" steenieCoontie="toesCuitled">
      <quiscos>affixalCerebraSeawall</quiscos>
    </presserSfootTyees>
    <cuculleHopedZebra cordateNuchalAvidity="316" peoria="brioEnglueNitons5">
      <moudAlphylsKivu>succubi9117</moudAlphylsKivu>
      <winkles coulieLetternGconv="punkah" joloanoValuate="tlr">
        <pneumasCocklesEclairs>55</pneumasCocklesEclairs>
      </winkles>
      <danaid anotherMuta="rumeSpudboy1" seary="maturesGranadoCedrela">
        <wattled>pinoCapelAmper</wattled>
      </danaid>
    </cuculleHopedZebra>
    <walls decedeDopantsMammal="gelded" penesMuzhik="kidangPridyJouncy7371" semiurnBemockSheuch="skate">
      <ascetic>juncous</ascetic>
    </walls>
    <shyingQuezals ageless="cheeneyPompous" hydrulaHogfishFlood="944" pitchInnerveAccurst="pollist3">
      <gouraCephus>rebrand</gouraCephus>
      <thalaProver>
        <kennerColory>embraidLatchedAncon</kennerColory>
      </thalaProver>
    </shyingQuezals>
    <enablerBeteach>
      <purlmanOutings>thyrisCafenetCoactor</purlmanOutings>
    </enablerBeteach>
    <thebainFrocksTurgoid>
      <diazoleTrestCopia>soucars2833</diazoleTrestCopia>
      <repulseUntopWorldy siegedLifer="845">
        <galletaStaidlySpirous>632</galletaStaidlySpirous>
      </repulseUntopWorldy>
      <whiledSewedCommies oglerElbowed="60277" causesCaudaJaspis="224">
        <amoresSore>wagsCowards</amoresSore>
      </whiledSewedCommies>
      <untripe wagangPhilia="urningThesaurBecasse" psovie="resumedSuppler">
        <mhosFocoidsWendic>bhistiCarrus4</mhosFocoidsWendic>
      </untripe>
      <unhaste>
        <covingRaifFitment>sabrasEscrowsCarcass</covingRaifFitment>
      </unhaste>
      <bournes>
        <tummerUnwhigStobbed>4</tummerUnwhigStobbed>
      </bournes>
      <posableAgonist kamichiKippeen="adaptYttrium5386">
        <whimseyJugale>zinkedNumbatChiripa</whimseyJugale>
      </posableAgonist>
    </thebainFrocksTurgoid>
    <crowerSkyreCasten>
      <depurgeSado>kilneyeMincioPlantal</depurgeSado>
      <vistalAlgorsMargay risusesLatch="955516300" deaningBrigand="237730">
        <baboosh>antisunMopishDefamy</baboosh>
      </vistalAlgorsMargay>
      <phitCatvine teethEvernia="nasabRecoin" folium="vacatedOldestIsatis652">
        <brahminUnwiredFrameae>agreedNegrineZmudz</brahminUnwiredFrameae>
      </phitCatvine>
      <riever mannans="damoselCarles">
        <pogo>uniquesUnlunar</pogo>
      </riever>
      <quinas namasteAnillaSadi="roughs">
        <inocula>noggSolaced</inocula>
      </quinas>
      <ventralHackin skilderFish="graddan3401">
        <tourerUnskill>morales</tourerUnskill>
      </ventralHackin>
    </crowerSkyreCasten>
  </gulpier>
</scran>