<?xml version="1.0"?>
<heighMespilDodoma>
  <sspAmicalSabbing swird="fusile" guyHoaryGastric="4124233" cryonicBoldinTusks="potsie" lagansGuffawsDoggone="nonage" />
  <exhumedNoebcdOleg fossil="redeferHanting" trialAxilla="workersYearthDeter" reyieldEjusdemPlott="ogaireDualiYodling5">
    <fainsXmasesPish>
      <sanand>309620158</sanand>
      <pedlaryRilesZemstva buxomerAcajous="sullen" rouge="effluxOwtBedouse">
        <hardpanAmutterTowny>tilSnapps</hardpanAmutterTowny>
      </pedlaryRilesZemstva>
      <pobs kanthan="244880" epaxialSnipedJolt="iceman4">
        <salletsUnswornRealms>dolesKamba</salletsUnswornRealms>
      </pobs>
      <abbatieStoicTabs>
        <antewarCreantSprew>chitalPokeful</antewarCreantSprew>
      </abbatieStoicTabs>
      <drilled>
        <crimini>mudless</crimini>
      </drilled>
      <newlins bromalEmimBito="43" respellBefleck="therapCavateSoloing">
        <frothCotiseMairie>refuelsGoosingUncases</frothCotiseMairie>
      </newlins>
      <bluefinBlimp>
        <memberOgeed>bluntlySnobdomCoto3</memberOgeed>
      </bluefinBlimp>
      <nitriry>
        <horserForpine>drove</horserForpine>
      </nitriry>
      <cyanusPukeko>
        <scoot>79</scoot>
      </cyanusPukeko>
      <aloetic hubbleBaste="722">
        <bialyCyclingAsquat>yeldPicudoEsses</bialyCyclingAsquat>
      </aloetic>
    </fainsXmasesPish>
    <bootes>
      <buzzard>driftsJassCranny</buzzard>
    </bootes>
    <west>
      <inosineScarferFerrara>sublidCaves</inosineScarferFerrara>
    </west>
    <artsyFainterRestaur>
      <beodeBlague>mabelGaius</beodeBlague>
    </artsyFainterRestaur>
    <dancy unstowSeccos="hugginGilseEcteron" barbsHugyYocked="aiolisCabezon75">
      <sweeperTassah>katyScorse</sweeperTassah>
    </dancy>
    <caryaLolledCarinal>
      <guisesBashesPetrify>nimshiGluers</guisesBashesPetrify>
    </caryaLolledCarinal>
    <sidderInk cadyingPiecerShirl="29849898" bogyism="sercial">
      <switheSkrupul>224255866</switheSkrupul>
      <strondFrustImmis>
        <piluleShunter>sapor156</piluleShunter>
      </strondFrustImmis>
    </sidderInk>
    <latexTorsoes vlach="geira">
      <alkylol>equatedShopletApohyal</alkylol>
    </latexTorsoes>
    <brandyAscelli>
      <sackenCobiron>fbi</sackenCobiron>
    </brandyAscelli>
    <purlsMicellaCamacey>
      <sufismPipedGarnel>wealfulLemur</sufismPipedGarnel>
    </purlsMicellaCamacey>
    <dooziesObsede>
      <geodesItali>napMusery</geodesItali>
    </dooziesObsede>
    <cachousSugaredFurify>
      <nylghaiNaziismSunday>levantoWeddedRoloway</nylghaiNaziismSunday>
      <ungood disknowPaucitySurculi="969481822" leatmanDephase="mortar4426">
        <aroliumImager>cheneau</aroliumImager>
      </ungood>
      <caunterHaydn vireoUnlistyBells="900401775" shulwarRosated="orachesSerapicEpopees">
        <surgentInbow>flowePets8142</surgentInbow>
      </caunterHaydn>
      <baudsHinduPestles boneletCompassHalver="pross50" defuzed="dervBerhyme">
        <hotkeyCrampetFriskle>6</hotkeyCrampetFriskle>
      </baudsHinduPestles>
      <resatSquatlyHamada>
        <cubicaRedtailAnkhs>daffed5</cubicaRedtailAnkhs>
      </resatSquatlyHamada>
    </cachousSugaredFurify>
    <ourangContePickage>
      <finnipAguishKana>moron</finnipAguishKana>
      <knatchCanellSayal trackThereasMealer="rebobBajra">
        <muskie>acetarsYawweedApres</muskie>
      </knatchCanellSayal>
      <alodium imbaseWaltzes="fezzes8269" amulla="strey">
        <suretteSackingEuchre>robeDints</suretteSackingEuchre>
      </alodium>
      <wattRiprapRecover lauans="outrePellaea">
        <yetSeriemaColdong>toeholdBarnfulBarwal9</yetSeriemaColdong>
      </wattRiprapRecover>
    </ourangContePickage>
    <ess>
      <rsvpBebatAdinole>curatelFooyung</rsvpBebatAdinole>
      <prosperDumpled glarPluton="disedgeRidgelsLempira">
        <blowingScarperDinka>travaleTacso</blowingScarperDinka>
      </prosperDumpled>
      <yessingShyerGrimier spokyPoddies="furilCradgeDoyle" tabor="furtumCymeLocatum">
        <goonsMalayicCarex>92198</goonsMalayicCarex>
      </yessingShyerGrimier>
      <squabSeabootHonker gapaWhimsic="chagomaArnold794" limitorVugg="rubiedWefts">
        <resentTappaul>cryptedKidling</resentTappaul>
      </squabSeabootHonker>
      <pavingArmets eosateClasser="crownalUds11" sparmEnsoberRequit="eurobinTamablyBaraza">
        <gabbierLgthSwaird>barlows</gabbierLgthSwaird>
      </pavingArmets>
      <sneckedBabbler seaboot="phageda">
        <saltmanWurrusSanjeev>allotee</saltmanWurrusSanjeev>
      </sneckedBabbler>
    </ess>
  </exhumedNoebcdOleg>
  <drabant tahltanRotanFram="petrolsClayeLacto2" audited="clinkerDiamb">
    <spakedWhelkerSopher>
      <flakyRouseDecane>heng293</flakyRouseDecane>
      <teazlesCadism gawishTeashop="cobusTomish" enweaveSiversChagal="reproveSicleKhotana">
        <thrope>ashlerHasps</thrope>
      </teazlesCadism>
    </spakedWhelkerSopher>
    <wiseChackerRosella>
      <triaxon>debonerJumart4</triaxon>
      <turgorSkieyElodea>
        <berogue>handlerIsomere</berogue>
      </turgorSkieyElodea>
      <houselsRumba>
        <secchio>389014</secchio>
      </houselsRumba>
      <pastorsAcoasmaSideral oerKhokaFemmes="77">
        <camp>keyageLivethSotik</camp>
      </pastorsAcoasmaSideral>
      <afenilCiliataWetly>
        <chequeArion>9459</chequeArion>
      </afenilCiliataWetly>
      <pithingJupiter vodumsSwab="uranylsOttettoLockpin" revokeCaroneGladen="pepinoShields5454">
        <soireesMascOrder>carbeen</soireesMascOrder>
      </pithingJupiter>
    </wiseChackerRosella>
    <liliedHaikhSimul>
      <angevin>woolderTwana</angevin>
    </liliedHaikhSimul>
    <setlineDuaneRotse>
      <sawyersTaphriaMtx>callo6661</sawyersTaphriaMtx>
      <hurtersTreatedFitches nonpoetUkeleleRefute="5">
        <yaourtiCheatryNappie>andeanDoormanDacian</yaourtiCheatryNappie>
      </hurtersTreatedFitches>
      <licury nude="meloidsOkrugIngrow3">
        <strong>revampsSpeises</strong>
      </licury>
      <duhrPurist jacal="spurgeBlanksPrior" inspansEndways="spills">
        <vips>dabbingCicaleKaibab7</vips>
      </duhrPurist>
    </setlineDuaneRotse>
    <codensCensual>
      <thaveInkra>uplaidTotonacSmacks3149</thaveInkra>
      <fretteJettru dadoed="berthaAmbientOyapock" commotTurf="octyls">
        <nowchCoignesShroudy>weazandPearl5</nowchCoignesShroudy>
      </fretteJettru>
      <wynds pomphusImpregLeafage="lowthSeises">
        <clarineCulletsOversea>wamel</clarineCulletsOversea>
      </wynds>
      <onceTormaRelish>
        <summonRotula>ululuAwryBushy</summonRotula>
      </onceTormaRelish>
      <ostyakDeboss brenderArest="95">
        <frounceEgger>deflowMatax70</frounceEgger>
      </ostyakDeboss>
      <corvoidBeslashDier>
        <gerald>fausantMetwandTikker</gerald>
      </corvoidBeslashDier>
      <shroffsSellaTimbang>
        <karriUnderCistic>twiggerBotella</karriUnderCistic>
      </shroffsSellaTimbang>
      <ramrodsNigher rasher="cuterRamage">
        <boniSwathy>reseau</boniSwathy>
      </ramrodsNigher>
    </codensCensual>
    <ladyfyKwartjeKashers>
      <cantoFraghanIodin>poddiesStowpsDels</cantoFraghanIodin>
      <theses apitpat="kenspacBulkage" remainRiboseTangent="marist">
        <dannerVenom>nateTransl</dannerVenom>
      </theses>
      <breengeProbal husking="snew6073" dilucidSabedWeeps="escrow">
        <boxhaulGalsTendant>gedactReawake</boxhaulGalsTendant>
      </breengeProbal>
      <lioniseAlongDuffles>
        <volvoxVaxCarcake>12406</volvoxVaxCarcake>
      </lioniseAlongDuffles>
      <tannestPersianRingatu frise="faminesUnroofsApio">
        <randonSasa>515251199</randonSasa>
      </tannestPersianRingatu>
      <aromalPinkingLazies>
        <gossyShnaps>cotham</gossyShnaps>
      </aromalPinkingLazies>
      <verdin>
        <kuchenPriorlyNizam>695664525</kuchenPriorlyNizam>
      </verdin>
      <provendDayingFinger>
        <pelagic>mongoesBedote</pelagic>
      </provendDayingFinger>
      <eagletSpiraleInseer elonSkillComs="doghole" remord="sards">
        <paresis>163741</paresis>
      </eagletSpiraleInseer>
    </ladyfyKwartjeKashers>
    <cutcha>
      <furlKishonSkryer>dervish</furlKishonSkryer>
      <olentAmboyna>
        <atonerUnfits>caduceiExplida</atonerUnfits>
      </olentAmboyna>
      <defleaPolaron moorage="7220" crenateWuzzy="wellmanThamesPaktong">
        <odeaUnalNeogene>paduan</odeaUnalNeogene>
      </defleaPolaron>
    </cutcha>
    <topmastYokerSeining>
      <cathood>cortianLavabosReflair6569</cathood>
      <moonitePikesRsvp quietedNiggledBode="indraEmdaLohan4" abashedDustman="clarkiaToadySatan">
        <gobiCarefoxMartyry>alquierAletrisKoibal2584</gobiCarefoxMartyry>
      </moonitePikesRsvp>
      <smaltosAssmanHayrick termin="unloyal">
        <tusheryDeavelyCockney>geikia</tusheryDeavelyCockney>
      </smaltosAssmanHayrick>
      <jew butane="67332071">
        <reshodTots>legmenRetrodDryish</reshodTots>
      </jew>
      <outseenSakti>
        <scopesKrems>67505</scopesKrems>
      </outseenSakti>
      <wraithyStaved>
        <plinks>92772244</plinks>
      </wraithyStaved>
      <comals poising="calceusShearsKendos552">
        <mowhaLowsin>gemels951</mowhaLowsin>
      </comals>
      <danaisAniliidSacrist>
        <ronquilGamb>tactics</ronquilGamb>
      </danaisAniliidSacrist>
      <slinteFir solusInwritMenthol="lutetiaKobang" tome="8798492">
        <dewalCucule>8</dewalCucule>
      </slinteFir>
    </topmastYokerSeining>
  </drabant>
  <girningOarlessMasked webersTronkPamlico="mouflonBiti" geoformFanatic="boccesMorelsSonsie">
    <stogieBroods>
      <oreodon>appair</oreodon>
    </stogieBroods>
    <collieHeadlyFetials dashy="blithe8" gorgeLinolinUredia="poutyHeminee">
      <chopa>21365523</chopa>
      <adcMouthe kobold="thristBerated">
        <curpinDiasGeosid>nebbuk</curpinDiasGeosid>
      </adcMouthe>
      <unsownYonisVaalite atefDextral="dodoism5">
        <aphthaThrepe>hadjiAdzes</aphthaThrepe>
      </unsownYonisVaalite>
      <rudesbyGenomeVisto sniftySmudgeTegmine="cowpockAuricleHuemul" tirrArariba="14">
        <larnIsobars>sunbackEyelid</larnIsobars>
      </rudesbyGenomeVisto>
      <jakos cardiod="puntedIsopodaCany44" undonScun="kabalasCanetonSavitar79">
        <teresaDogger>morular</teresaDogger>
      </jakos>
      <cornbin>
        <keroManuao>22</keroManuao>
      </cornbin>
    </collieHeadlyFetials>
    <galeres>
      <rightlyDilliesAcknown>ilionTrillo</rightlyDilliesAcknown>
    </galeres>
  </girningOarlessMasked>
  <thieverIcicle>
    <crewmenCurat>
      <beneLittlesBoson>blusterJaddingAlludes7</beneLittlesBoson>
    </crewmenCurat>
    <ecus>
      <drimys>nebiimBoringsTewel</drimys>
      <tantras divastSols="sosh" cashawCratons="launch">
        <snobolTalipot>41713298</snobolTalipot>
      </tantras>
    </ecus>
    <germany>
      <dorserWeer>volagePyaemia</dorserWeer>
      <bannersUndoerParas>
        <geomant>jowlerIodite</geomant>
      </bannersUndoerParas>
      <namare>
        <coachsSpurgesRevues>glaconAsapFenchyl</coachsSpurgesRevues>
      </namare>
      <dogholeUrachus>
        <braggle>kirkPatacas7007</braggle>
      </dogholeUrachus>
      <dodunk cookedReemitsSclerae="pomeloLefsel">
        <disobeyAlfirkValium>44740</disobeyAlfirkValium>
      </dodunk>
      <resupClanks shapeHansom="gambled9103">
        <tinmanPronota>chetahUnlamed</tinmanPronota>
      </resupClanks>
      <abbrev>
        <keaOptedCaser>dwayne</keaOptedCaser>
      </abbrev>
    </germany>
    <billeteCranageFrenal>
      <eosines>4545640</eosines>
      <stenchyDogdom guaribaColybaChevaux="loreleiResigns">
        <spleniiGashfulStarch>sixfoldPremialPapyral47</spleniiGashfulStarch>
      </stenchyDogdom>
      <hecklerFurzy wydeShits="mou" newport="gemless">
        <saltly>buoyingFessesPolymer</saltly>
      </hecklerFurzy>
      <tanyoanGasted>
        <mawingMobsman>nobbierPiratyDerails7</mawingMobsman>
      </tanyoanGasted>
    </billeteCranageFrenal>
    <rebookWheats>
      <meuseDryfarmEnjewel>8</meuseDryfarmEnjewel>
    </rebookWheats>
    <slinkyOlives>
      <peeledBegaudLongs>malope</peeledBegaudLongs>
      <rupiah laurentConnex="seathe">
        <swithGynecolEnteric>reamBhaktasGeests</swithGynecolEnteric>
      </rupiah>
      <dovesWestme>
        <lateran>cirrousWoodenyElkhorn19</lateran>
      </dovesWestme>
    </slinkyOlives>
  </thieverIcicle>
  <billianEnoilDrakes libbyDoomage="14" trymaOres="tamers" ketmiePatinae="hustlesAbetsEarmuff" adiate="muniaGtt368" />
</heighMespilDodoma>