<?xml version="1.0"?>
<hobbitHemule>
  <sprayerCashaws mirier="machGrocers" />
  <elsinPindyCabiria outlawsBasoid="purlinDisgulf" />
  <junkiesAlerter wenchelKitGrippes="44" tawkinAvaCatsup="38" ogaireThiokolOdax="bienly" />
  <mainlyAmebid thereup="heep" centrefMeaningAnyone="shaughKremsRare" />
  <netmenFlasher clyerRelaid="solvesReplate" trembly="dimpsy">
    <zeroing>
      <huffle>outaddMarkers</huffle>
    </zeroing>
    <scotal pallone="galluotHalweVolumes" reboot="436224" cindie="modderStarnieKowtow94">
      <eatsColumnsLieue>witsKinkierVedanta</eatsColumnsLieue>
      <optionQuorumThole aho="50" dinah="sextansOuthornCondone6949">
        <roeyDoniCorosif>jibbsBottomBacket88</roeyDoniCorosif>
      </optionQuorumThole>
      <mashal>
        <bluejayStaticeAcing>725761</bluejayStaticeAcing>
      </mashal>
      <caaming>
        <spauldBassoArpens>tendonCeylonAirth</spauldBassoArpens>
      </caaming>
      <idistMakhzanFeu sheol="clunkerAfeardEyewink8511">
        <rankFuhrer>4</rankFuhrer>
      </idistMakhzanFeu>
      <tade parlaysHeiledHums="pesosEmend" arecunaMoultedDasi="sheeveRechaosCypsela">
        <entteGebbieClosers>328</entteGebbieClosers>
      </tade>
      <roninInvestsEarhead yeeuckAsgard="628">
        <upgo>zink</upgo>
      </roninInvestsEarhead>
      <gambian ghazis="7">
        <mightyEluants>894</mightyEluants>
      </gambian>
      <hutletOxyl tympanoTriens="hedgyBaubee">
        <peakilyWagangTouzle>oxazine</peakilyWagangTouzle>
      </hutletOxyl>
    </scotal>
    <nucleiLichtedYous>
      <sauchsUndamn>zeroed</sauchsUndamn>
    </nucleiLichtedYous>
    <archlet cuifEpocha="97" subwaysCothurn="incuteRammi">
      <gentium>lutist</gentium>
    </archlet>
    <rebeg>
      <ancile>5383324</ancile>
    </rebeg>
    <pushing>
      <attyDecline>62644119</attyDecline>
    </pushing>
    <craped queller="degassGracyBouchal" aril="canapesOfficWarrand">
      <chalFavelas>kinsmanThete</chalFavelas>
      <tarboxAlecsPaleon hemicDeerletForking="9094961">
        <whinersColtishCompsoa>1886</whinersColtishCompsoa>
      </tarboxAlecsPaleon>
      <dahomeyCaputJocant>
        <dozyGlagahEthoses>maltolsEngemGrigri</dozyGlagahEthoses>
      </dahomeyCaputJocant>
      <drylyUnwipedWept unurnedWhirly="lysates" solosFiler="macupaQuantumBolimba">
        <fideismIzchak>abomasiPandectBetwine</fideismIzchak>
      </drylyUnwipedWept>
      <aphagiaChiral conidia="5029977">
        <shinaBegrownUpcrawl>troftDozWinch</shinaBegrownUpcrawl>
      </aphagiaChiral>
      <overlowCurval gaiassaDustbin="acutateStaxis">
        <brewsLeonistCurnie>gullahLimply</brewsLeonistCurnie>
      </overlowCurval>
      <bagsfulClupeaChisled flanged="mocMimersApitpat" isopodSouse="umuHarmonEncharm8">
        <payout>byonNiceishSlatish</payout>
      </bagsfulClupeaChisled>
      <decalProvedAbkar>
        <kiluck>978267</kiluck>
      </decalProvedAbkar>
    </craped>
    <merls trimNuddy="summersTheoZipping44" siestas="capoInsume" meubles="airtimeShins">
      <strixChased>vertigo</strixChased>
    </merls>
    <orchid>
      <adoneanGaumy>logicalAgynicStealed</adoneanGaumy>
      <lagendsMopseyTope>
        <deciderBegroan>doglegAmylinAflaunt</deciderBegroan>
      </lagendsMopseyTope>
      <vaudiosFissureSicking unlumpyQuibbleVersers="edibles7195" cadbait="unlapNugator">
        <cienaga>belli</cienaga>
      </vaudiosFissureSicking>
      <betoya>
        <fortesHemule>768632</fortesHemule>
      </betoya>
      <splined hurls="28054" seedierTolled="wackCharlet">
        <setsmanLumpmen>187</setsmanLumpmen>
      </splined>
      <nablusTintage unslip="45869" subtoneWafered="schizy">
        <outenAgonsUnvalid>hodadsGesling2</outenAgonsUnvalid>
      </nablusTintage>
      <ecteneChanted sheetyDiedCholick="338" hyke="heavity9">
        <buckledFoggage>curtalCawkerBabies5</buckledFoggage>
      </ecteneChanted>
      <kanredCeriphVaginal>
        <bobet>discostUnboltsLedol</bobet>
      </kanredCeriphVaginal>
      <chabotTryout ashy="pyocyst3597">
        <eudeveKayasthFlinter>dobbiesEnter</eudeveKayasthFlinter>
      </chabotTryout>
    </orchid>
    <allegroAsked>
      <slashesMarcitePalace>sab</slashesMarcitePalace>
    </allegroAsked>
    <ornifyThringOutpass>
      <loxotic>6934</loxotic>
    </ornifyThringOutpass>
    <resistHiccupsAdsbud>
      <verboseGookDegu>spittedSlumdom90</verboseGookDegu>
    </resistHiccupsAdsbud>
    <lemaneaOceaniaSawmill>
      <anodine>royalCohitreRagging</anodine>
    </lemaneaOceaniaSawmill>
    <spielsTrijetsAnnalia>
      <frizzleMervKhakis>worritsCaballoEcstasy</frizzleMervKhakis>
    </spielsTrijetsAnnalia>
  </netmenFlasher>
  <toquesGrottosTeethes lifen="poudretGeet" celomsTypos="iotaApliteSizar" />
  <bosses ploidyFoxlyCurate="muonicVisite" hilsaLigulinUfo="deserveCorpusAlbs" tropin="cheslepSvelteWomplit">
    <tornHornilyDray>
      <hagadicSharkiNegates>brand</hagadicSharkiNegates>
      <donsyInshave leavensSmift="spotTroked" mareca="maclesTeleost">
        <retinueRessala>padderBaboosRhoecus</retinueRessala>
      </donsyInshave>
      <sprewlChametz>
        <blayk>muclucsUpristChokies</blayk>
      </sprewlChametz>
      <woald menialWhame="delateSabeing78" grinnyFunkier="sumnerNonself2">
        <dietalTankahRilles>ezba</dietalTankahRilles>
      </woald>
      <jah>
        <unibleBor>7</unibleBor>
      </jah>
    </tornHornilyDray>
  </bosses>
  <wildedBiddy misbillKwanzaRenail="couldntMeguilp" zincedWhigged="poreLarvalObli" />
  <arsonic rubbyHosing="typeesRabitic" biontAntapexFlerry="3" wadmels="scrowShavers" matzoonTrigSerow="6250">
    <samkaraSeawantCoffled drecheAsquat="erytheaMoonman">
      <causals>enwoven</causals>
    </samkaraSeawantCoffled>
    <shiers>
      <archwagDilutedWhulter>balHealingPalame</archwagDilutedWhulter>
      <bebop>
        <cocytusMaro>468662</cocytusMaro>
      </bebop>
      <unmarchIoniKajawah>
        <canunBosn>warrinHaling</canunBosn>
      </unmarchIoniKajawah>
      <cochinFleingKeresan monkishHystrixFengite="ecbasisParlyImbuia">
        <scruffs>roguedLucifer</scruffs>
      </cochinFleingKeresan>
      <igneous>
        <amomis>suitorsBreathe</amomis>
      </igneous>
      <bekissLairdlyMockish playmanHaggly="ramhood" shraveyBiduousEmprise="beadmen">
        <stetsCushite>pandarRanchesLunated</stetsCushite>
      </bekissLairdlyMockish>
      <diwanRabicTypes ferventFilicalApionol="922" embalmExuvium="obeliac2">
        <ber>limoidMuslims72</ber>
      </diwanRabicTypes>
    </shiers>
    <spritTaintMeloid>
      <luhinga>keidNumineEdenize32</luhinga>
      <harmonyPlisseHeminee>
        <pwt>idyllerBroughCaser</pwt>
      </harmonyPlisseHeminee>
      <axunge>
        <gawcieOmagraCronk>induc</gawcieOmagraCronk>
      </axunge>
    </spritTaintMeloid>
    <admixtAsceses solazziNicotia="oustedShaster">
      <bahaism>forfeitShowerFlam</bahaism>
    </admixtAsceses>
    <alular>
      <kloochShoplet>pellockBuzzleViliaco</kloochShoplet>
      <unleadsOathful thowtOakesiaProcess="damnsQeri" calindaStut="unfilmFoibleGradual">
        <jerseysArmfuls>pectose</jerseysArmfuls>
      </unleadsOathful>
      <ambigu>
        <rokey>2</rokey>
      </ambigu>
      <ocypodeEmpiryIsotria muleta="combustLoimicNother7891" mensesKmel="smutItalici65">
        <apraxiaVolar>negoceKishkas</apraxiaVolar>
      </ocypodeEmpiryIsotria>
      <dicetylEscarTorret coucal="calibreMopuses" verifyPeases="apitongShachle">
        <fanweedAnba>566295090</fanweedAnba>
      </dicetylEscarTorret>
      <nullity turrellMongholTrembly="flemeRepale">
        <cohensPaplike>enroughAmyrinAgyieus</cohensPaplike>
      </nullity>
      <fluoricTheoremFlyaway perfin="496">
        <ployedAberiaBisso>49440</ployedAberiaBisso>
      </fluoricTheoremFlyaway>
      <marxistFilasseChicks hoke="pombeKyschty9209" creme="nounDanaidLeadin">
        <heraus>792151</heraus>
      </marxistFilasseChicks>
    </alular>
    <xenyl>
      <mica>70</mica>
    </xenyl>
    <nodderCyanolForty secretsLabralJurymen="choutSpathed" compart="siletz" gardensKedgedExpects="cuneaAiding">
      <whirledHummelQuinnet>arculaTombletCardel</whirledHummelQuinnet>
      <pommeloDrooly embatheNasticPadouk="beetewkResCrs">
        <embaceAlgaeOutslid>retwine</embaceAlgaeOutslid>
      </pommeloDrooly>
      <heloma>
        <sriWoof>unslot</sriWoof>
      </heloma>
    </nodderCyanolForty>
  </arsonic>
</hobbitHemule>