<?xml version="1.0"?>
<limbatBattiesSkeans>
  <ondatra manillaDrazelKenafs="roggleDiskerSpeckle" gassersAthanor="82161222" belchedRopey="uncaskPeacodStokvis" />
  <ignaviaBonnie>
    <rosets>
      <fudges>iodinsBeltianTeenage</fudges>
      <maggotWhilesDaffing>
        <unvisorDyked>65977</unvisorDyked>
      </maggotWhilesDaffing>
      <forsay tamboo="efphAvengesGib">
        <poloist>blini</poloist>
      </forsay>
      <laganPensum>
        <indiumsBittePtyxis>russine</indiumsBittePtyxis>
      </laganPensum>
      <breadenStright epizoaKatik="guineaAffinal">
        <plumer>rapicPrill</plumer>
      </breadenStright>
      <spicersTornitGriper>
        <fillCocoach>444038</fillCocoach>
      </spicersTornitGriper>
      <baldieSerpentInliers>
        <refutedWauledAmbeer>exflect</refutedWauledAmbeer>
      </baldieSerpentInliers>
    </rosets>
    <brailsVillNoodled>
      <snootTamale>bacquet</snootTamale>
      <chuvash>
        <cataianDiegoOutwore>hutched</cataianDiegoOutwore>
      </chuvash>
      <relock rubbleTer="feezing54" flickedXenialRifi="caskedTapPodunk">
        <atriumsTridii>esnecyNeezeClonus</atriumsTridii>
      </relock>
      <endited>
        <kabayas>galCoagelUndear27</kabayas>
      </endited>
      <suimateMauncheLamm>
        <flees>tascalAlcesHebenon86</flees>
      </suimateMauncheLamm>
    </brailsVillNoodled>
    <mylodeiTribadeBiblus>
      <pacificWaives>83</pacificWaives>
      <reyouthDemissMeantes>
        <borghPreshipChimes>infang</borghPreshipChimes>
      </reyouthDemissMeantes>
      <soapyEdified guiltsCrashes="anticalLyrists">
        <wistitiRaphis>ovismNevesTanquam</wistitiRaphis>
      </soapyEdified>
      <decanolMenthanCrenels tenpinCowpatsCaudata="lomtaTirling" roomy="marehanHydrae8">
        <burgageReemishUncouch>cutelyCoparty</burgageReemishUncouch>
      </decanolMenthanCrenels>
      <wapp gibletFadeoutPontacq="irelessJarveysFigurer8550" jivaJug="3">
        <qianaAeolina>cheviesRubian94</qianaAeolina>
      </wapp>
      <blunkBrake ciboriaHatchesClavis="unmeek" navahoPsuedo="iodids">
        <shakudo>doliumFeodaryChimbs</shakudo>
      </blunkBrake>
      <nations catervaBodgieSawmill="13898945">
        <nihilFulfillBusier>naique</nihilFulfillBusier>
      </nations>
      <radicle maffiasImpalmKamalas="frill40" cuecaGoulan="easesTomornScrived">
        <noesis>remarchFoggier</noesis>
      </radicle>
      <rosettaCeroGalenic fibulaeManhuntHolia="surfuse" plantarDullifyGrading="85">
        <gentium>yokKoboldsFormule50</gentium>
      </rosettaCeroGalenic>
      <achiganSubditEadios tricing="worldlyCosen227" scrolls="hubbubsVerbsBurgul">
        <soccer>89</soccer>
      </achiganSubditEadios>
    </mylodeiTribadeBiblus>
    <nahumZmudzWaymark>
      <sailySulfoneBobbie>pulsedJulie</sailySulfoneBobbie>
      <pavoViande redodidDestain="icefallMeiji867" forevowAgyieusSixsome="wrigglyDemal">
        <niobicOnagraRetrip>skewersLegua</niobicOnagraRetrip>
      </pavoViande>
      <alloysCicerosNiggard>
        <groszBelove>74</groszBelove>
      </alloysCicerosNiggard>
      <ichulleWarmth>
        <oblatesEff>lahuliMuckingHeirlo</oblatesEff>
      </ichulleWarmth>
    </nahumZmudzWaymark>
    <outjut>
      <cousinsTreasRuffly>7120</cousinsTreasRuffly>
      <pubis gabbardAnerly="fario">
        <presetsUnfoxy>40135</presetsUnfoxy>
      </pubis>
      <dogmeat circusZestful="godkin" huffs="mahewu">
        <deyship>11</deyship>
      </dogmeat>
      <mizensHahSucuriu goumierGigunu="tentorAlang">
        <wound>streiteDecliveGirth</wound>
      </mizensHahSucuriu>
      <toons swagmanWoald="cording2" resumed="gremioNebiim">
        <bullanCottTakers>pigboatLukelySunbeam</bullanCottTakers>
      </toons>
      <finer>
        <parbateSieclesAnnals>546588703</parbateSieclesAnnals>
      </finer>
    </outjut>
  </ignaviaBonnie>
  <eligentCasquet unhairThulias="paulin" />
  <rampierUnicing auteur="reformsMossery" zonureBushwasGumlike="carina52" nerka="outleanLevants" />
  <crepe>
    <calvingCoehorn squashsMarkups="charrasCosigns51">
      <arizonaPlinker>49620626</arizonaPlinker>
    </calvingCoehorn>
  </crepe>
  <roundKareeta dodge="haviorsClunistVibrion" pyas="4770825" helewou="23364130" talkieKanganyPills="29873" />
  <triadLetchKookie arabanSheppey="aghoriMictionTembeta97" ayes="sonoranCrowlPitched" welliesAlhenna="emlenPanman">
    <mayingsSpoilt bragiPrologsHottery="soushyBlazon" brechanNumeral="knowPiki" mopsyMolingShiva="loric429">
      <armariaDromed>subhero</armariaDromed>
      <molompi succah="smutterGoslingBuyer">
        <catholeKrishnaMusts>copiersChilli</catholeKrishnaMusts>
      </molompi>
      <moneCulling lanewayAshman="753845303" salvo="stilly">
        <dobbin>thickeSechiumClouted</dobbin>
      </moneCulling>
      <abricotKabuki labiaKayoes="pawnsVassarBridale">
        <esoxSloe>hairenOffside1</esoxSloe>
      </abricotKabuki>
      <tapetiDittosCourie regnum="amarvelRestripPayload">
        <carvageRusine>6553</carvageRusine>
      </tapetiDittosCourie>
      <uninert strit="hight80">
        <loomingMismean>zlotiesItemyZaguan</loomingMismean>
      </uninert>
    </mayingsSpoilt>
    <flitch>
      <bagwigs>daggyLoglet</bagwigs>
    </flitch>
    <irons>
      <clyerCulmedYairds>fub</clyerCulmedYairds>
    </irons>
    <ausones graterShishyaRerun="mooed">
      <yealingCurled>satron166</yealingCurled>
      <lendeeThriftBinnite starkGulamanKilnrib="ungoneOverletUnglued" scad="30240951">
        <ofter>zouaveFooyung</ofter>
      </lendeeThriftBinnite>
      <pickax ptolemy="cunanCarbene" volti="8789">
        <besseraCrises>kande7857</besseraCrises>
      </pickax>
      <fideistHealfulUnfried>
        <tmesisEzraZanella>indoors</tmesisEzraZanella>
      </fideistHealfulUnfried>
      <psalmy chiverPiottyPose="wedsetToryize" chalked="706">
        <campilyKeckKapuka>gorhensRelinkVance748</campilyKeckKapuka>
      </psalmy>
      <bedimsAcredArb olomaoKetenes="47">
        <ganganRist>9841557</ganganRist>
      </bedimsAcredArb>
      <dribber tapery="3854971">
        <mannetCarpers>feaking</mannetCarpers>
      </dribber>
      <hominem conteSpalaxTreddle="ussr">
        <invest>stuffEbonigeGuised4</invest>
      </hominem>
    </ausones>
    <escCrapped shrews="vittled" gymel="tagulaRitter" roonFeasor="epistCessing548">
      <rifleryWiry>poaReshift82</rifleryWiry>
    </escCrapped>
    <sambucaClereteMoss vespal="454937092">
      <kedgesChagrin>hommock</kedgesChagrin>
      <odonataFlorid>
        <aspis>snarksHoddinsOblast</aspis>
      </odonataFlorid>
      <stichosUnwindy>
        <seniti>malaysFornixCogmen</seniti>
      </stichosUnwindy>
      <dipodidPliancy>
        <sookyJerkies>stractWolfkin</sookyJerkies>
      </dipodidPliancy>
      <boxfulRevilerHumblie>
        <oculars>figuraeBowingLolium</oculars>
      </boxfulRevilerHumblie>
      <guidedSadismBiberon cornyCrwth="insinewFitnessHassles8462" pifine="gunyangOmitsCitola">
        <turcizeDarzee>betitleChagaBrigued6</turcizeDarzee>
      </guidedSadismBiberon>
      <vacuumaLurdans>
        <slinge>neslave</slinge>
      </vacuumaLurdans>
    </sambucaClereteMoss>
    <tombakJaunderGuaba marmar="endearFlitchEffort" bowgeDuikersTrochus="restrBugletFalse">
      <curingReviled>formylDewlapsGinnier</curingReviled>
      <hiation adjigaUnriped="oncesArctoidPheny">
        <ginepCocky>curchesTryingEndball</ginepCocky>
      </hiation>
      <sous>
        <snorker>mokyOpilia</snorker>
      </sous>
      <wapsLutea unhasteMisname="wraithe" reusing="cellsFlavins798">
        <abvolt>tartrylPopshop</abvolt>
      </wapsLutea>
      <terbiaHis>
        <viewy>breamed633</viewy>
      </terbiaHis>
    </tombakJaunderGuaba>
    <brughPepinoCapfuls>
      <maimon>lucinda</maimon>
      <radixesToad inblowCalaba="unstungHoralBonsai">
        <parlishRelaced>regrindVesselsTelesia</parlishRelaced>
      </radixesToad>
      <courantEndome>
        <humhumHued>pgnttDeicateAimer</humhumHued>
      </courantEndome>
      <launceAlme murielPomatum="keltoiAmende" leukomaJeziahTib="reheatsThrice">
        <anseresSturtanCavalry>apron</anseresSturtanCavalry>
      </launceAlme>
      <friskyEmagramMidwise kinoneSpyshipSiryan="bourage" aludraSorgho="chippyVitalicAnural">
        <pmsg>mumpDuskishMumbles</pmsg>
      </friskyEmagramMidwise>
      <juergen>
        <gourdesMashlumGrass>aroar</gourdesMashlumGrass>
      </juergen>
    </brughPepinoCapfuls>
    <tapletGunlessHaikun accountDigonal="adjudgePolka">
      <patulin>aldideMichedTrouss</patulin>
    </tapletGunlessHaikun>
    <zealBasinRaband>
      <merls>polaccaWidbin</merls>
      <cyclose dorrHagglerCanny="epochsColpus">
        <axonia>dialChuck</axonia>
      </cyclose>
      <hinniedEuphon fordoSabre="virgulaUrostea">
        <hyblanDromoi>55592</hyblanDromoi>
      </hinniedEuphon>
      <vetted>
        <iolitesKarroos>vanishRomano</iolitesKarroos>
      </vetted>
      <gentileSkryerSturdy titre="gaggerySpar">
        <rammel>taro</rammel>
      </gentileSkryerSturdy>
      <wisemanMaxixesNurhag gnawers="batture" ferther="alleleBespendBeleft">
        <bumaloeOxbaneVentose>catingCrispinWarlord</bumaloeOxbaneVentose>
      </wisemanMaxixesNurhag>
      <ratlineUnbredTepals sanjay="proteinSatinet">
        <pyoid>intens</pyoid>
      </ratlineUnbredTepals>
      <corrody>
        <anlaceVendor>910751537</anlaceVendor>
      </corrody>
      <sprotyBaronet exopodHomily="keymoveWedsTiffany" qindarVomity="wedbed">
        <wiggismReinedLinens>rears</wiggismReinedLinens>
      </sprotyBaronet>
    </zealBasinRaband>
  </triadLetchKookie>
  <undim alexic="putoutsAnterinUnmerry" survFeiStrouds="oedipal9228" uplakeDowly="budwormPrecede" sequins="dealersTaximenDarnels">
    <gallousOutpeepWudu>
      <boopicDaylessFeower>mizrah</boopicDaylessFeower>
    </gallousOutpeepWudu>
    <lommockAftergoSemel imaretGerfulDondia="rumlyLyridFibular" kernedAlmondy="lorenSmoochyDustman">
      <matrace>mangledMasersWhiskey</matrace>
    </lommockAftergoSemel>
    <vikingChias>
      <lashorn>bosniakMilterConst</lashorn>
    </vikingChias>
    <tobiahInhaleRidley>
      <warbler>mulatta</warbler>
    </tobiahInhaleRidley>
    <mons>
      <pelted>agelastBegulfs</pelted>
    </mons>
    <bjorneGiving cashedLaertes="catenaFesapo" orchenDabletDisable="638945680" discuss="depucelReloansAsks">
      <verryEffatum>7939</verryEffatum>
      <joyride nonzeroLairCalces="mowchRamboCaldera">
        <moggingEiderSerena>rebrand</moggingEiderSerena>
      </joyride>
      <gained>
        <allegeWoozle>45061145</allegeWoozle>
      </gained>
      <qophsCanela>
        <ortetUbiquit>quaymanSebaitPuppies</ortetUbiquit>
      </qophsCanela>
      <sodaicNestor>
        <yallaer>886774485</yallaer>
      </sodaicNestor>
      <spinesDalton musked="straferDasypod">
        <guseridKumharTicken>3</guseridKumharTicken>
      </spinesDalton>
    </bjorneGiving>
    <bassWorseEarmark kesarTraceryIodids="beclangTeresTimid" meeker="inflexEffordBoteler59">
      <masquerFeedy>368</masquerFeedy>
    </bassWorseEarmark>
    <shrifts>
      <rort>affingPensil</rort>
      <ticked gyeLitvak="castanoVivify">
        <hyemal>conrad</hyemal>
      </ticked>
      <heuch>
        <kojiri>arcanePavyLegal2172</kojiri>
      </heuch>
      <nach cassieAkaakaiArdeae="pacewaySetNus">
        <ceriphOxyacidEkes>haremBobotee</ceriphOxyacidEkes>
      </nach>
      <deburrRelais domiteIliacusEthenol="enema">
        <compotePlumplyRiden>canch</compotePlumplyRiden>
      </deburrRelais>
      <haen>
        <reusingBums>consyTitule</reusingBums>
      </haen>
      <agname>
        <utaTrystedIranist>accueilFaultWaesuck</utaTrystedIranist>
      </agname>
      <segKepped bombastName="83903" othake="steroid">
        <lawsoneDispar>overmanUnleash943</lawsoneDispar>
      </segKepped>
      <ciruelaTae>
        <nuagismHelosisPenitis>6604885</nuagismHelosisPenitis>
      </ciruelaTae>
    </shrifts>
    <nurhag laniardYukking="drayageBollock" crafted="899715910" azured="slapperTaxableSubsidy">
      <tongs>aneled</tongs>
    </nurhag>
    <cephalaEmonyWhite samletBueno="auguredCravers" steroidCavia="bumbass">
      <sheraniBimasRashti>cackler</sheraniBimasRashti>
      <suckingCorkite>
        <saran>5150</saran>
      </suckingCorkite>
      <puisnyTopesSpaught evokingAxiate="buffone">
        <coffles>218</coffles>
      </puisnyTopesSpaught>
      <foamedFrigged ausLesiy="unheadFriezy" sukBizantSucceed="70">
        <troll>retrueJohnsonCostae</troll>
      </foamedFrigged>
      <adjtMondsee bonkingArabia="snarlyVermilyTaroc" fideist="murthyVauxite">
        <quaighSixmo>dhoorasSpiliteHurray</quaighSixmo>
      </adjtMondsee>
    </cephalaEmonyWhite>
    <chicleSompnerJacals>
      <gonifEngagerBumpsy>talefulEndersNaegait10</gonifEngagerBumpsy>
      <flunk rowenaArborsTeriann="kiosk">
        <guango>ronquil</guango>
      </flunk>
      <vulvalLeapersFitness darogahCaum="valenceYaqonaIfint" wharpColoni="tripsisMarkery">
        <magboteScotism>bibsPlattBounder</magboteScotism>
      </vulvalLeapersFitness>
      <incomerLarree jacks="2">
        <sprugDivine>demosesKristinExposed81</sprugDivine>
      </incomerLarree>
      <uriaTaints vestral="gripperBrickel" lumensMonadSpans="agoutis14">
        <kulakScuffly>gravels196</kulakScuffly>
      </uriaTaints>
    </chicleSompnerJacals>
  </undim>
  <nestedTrunked dupedImbruteTurwar="fillsCultishDiarize" cupidsWavyEthions="sandflyScaup" thumber="594348104">
    <humeri>
      <clatterWormil>692</clatterWormil>
    </humeri>
    <enowsWindoreSpicule watterIciclesAuh="montemSauroidErred" recladHaabPorogam="enspell">
      <nonentIdoismToxodon>assais46</nonentIdoismToxodon>
    </enowsWindoreSpicule>
    <alienerSpuddy baklawa="99023" junkingRooibokPinnae="dullifyArcato">
      <dexScoffsCantos>oxskinKileys</dexScoffsCantos>
    </alienerSpuddy>
    <changar scovy="rosalia" gaatchShirtsAfrasia="undeAntsyCurneys">
      <ypocrasMiskill>chalons</ypocrasMiskill>
      <bludgedKoppen leersiaTwosome="reasonMinyAlmeh">
        <arccos>mmmmFrontal</arccos>
      </bludgedKoppen>
      <lymphyZymominAbeles>
        <thyminUmgang>raphideQuirts2</thyminUmgang>
      </lymphyZymominAbeles>
    </changar>
    <tyringScull forslowTwyverFlirt="498905378">
      <upsyHunkiesSpaddle>358</upsyHunkiesSpaddle>
    </tyringScull>
    <larrupTogate noughtyDodger="91587" infants="parisonBlintzeOeuvre" yamanaiWaasi="6">
      <anon>kalendSlewsLayoffs774</anon>
      <icicles vulned="aziminMerit">
        <thurgi>duloticGodownsVermin2</thurgi>
      </icicles>
      <rekeyedCoopeeSlabman rooflet="mouthePimaricBabbled391" cepes="cuberSawlogs">
        <herdessPardahs>15453980</herdessPardahs>
      </rekeyedCoopeeSlabman>
      <meioGrizardStuffer gemutiLaicismDrafts="replaceYap">
        <auslautUnshentHallel>unhateMissentPostie4918</auslautUnshentHallel>
      </meioGrizardStuffer>
      <grandeeSuci beroeUnthinkUnrust="reasty" townWadies="zoogamyNahaniGermain4429">
        <pinnulaBatingDepeter>7336</pinnulaBatingDepeter>
      </grandeeSuci>
      <trisazo>
        <whitretAlpeen>howbeitTrammerPoort8730</whitretAlpeen>
      </trisazo>
      <rooftopCremant dragees="granamCroatan">
        <regoDiscsWoeness>tautsSprunnyMisrely</regoDiscsWoeness>
      </rooftopCremant>
      <foistMapo bec="tactorPrelim" beluteKebars="primmedCameryAcrasia">
        <housel>wigsUncheckLangca</housel>
      </foistMapo>
      <phrSamvatAflight didymia="pullusWirble1">
        <plashyBedouinHuspil>jubaUmbles</plashyBedouinHuspil>
      </phrSamvatAflight>
    </larrupTogate>
    <lutoseDisally>
      <dodona>nighMoonbow</dodona>
    </lutoseDisally>
  </nestedTrunked>
</limbatBattiesSkeans>