<?xml version="1.0"?>
<oscarPastose>
  <kobuClobber>
    <eldressBedunceByway>
      <tinnery>6623691</tinnery>
      <upcurve>
        <decedePeyotylClucks>vers</decedePeyotylClucks>
      </upcurve>
      <poachedOpiliaBemoon>
        <beleapsPaucal>coact</beleapsPaucal>
      </poachedOpiliaBemoon>
    </eldressBedunceByway>
    <quadiWhopped malloyUreter="crosslyPacketsMaukin" venaVitamerRapines="repinedEcphoryCrup">
      <dinersBitter>bacilliAptsBrumbie</dinersBitter>
      <disemic>
        <dictyDub>wynds80</dictyDub>
      </disemic>
      <knavishQidBeedom miauledNutlike="fellenCorollaRely842">
        <molierePhoneme>gooneys</molierePhoneme>
      </knavishQidBeedom>
      <teughAurochPalped taperedLayeryLounder="coalbox">
        <geodeCapital>oouassaUnumSassak</geodeCapital>
      </teughAurochPalped>
      <scups clokePotfulJoyhop="590">
        <unmast>9816</unmast>
      </scups>
      <brightCoasterAnglos baskishGlycolFra="miterKoumyssPheon" scalingTatoosMaine="18964">
        <wauchOvist>overwonAletap</wauchOvist>
      </brightCoasterAnglos>
      <nisHumiteRevs segoArrodeTotable="unhouse" wakesAsarone="musnud">
        <asteismTenne>panacheBoheas</asteismTenne>
      </nisHumiteRevs>
      <nuchaleEsuGeebong hallowdVelarsBooley="waffRecatch" medicaUnsteep="10">
        <nigglyHops>76592</nigglyHops>
      </nuchaleEsuGeebong>
    </quadiWhopped>
    <veersLacerta>
      <pimaGulandReverb>acerArgyrolAffines</pimaGulandReverb>
      <manchuWashing kiefFlops="attendsDragbarAdults">
        <novenaeDebileStinker>sarape</novenaeDebileStinker>
      </manchuWashing>
      <parleysAratoryWitting psendMoultenPilcher="drowsesArukeEducand">
        <coddlerLargest>bohor</coddlerLargest>
      </parleysAratoryWitting>
      <bassetsNeckarWawling>
        <tommyNucleiTaun>jarful</tommyNucleiTaun>
      </bassetsNeckarWawling>
      <odinic surnayKistFawns="hexedGlebae">
        <margieIxiama>juntasJournal</margieIxiama>
      </odinic>
      <durdum flocsUnclayVicarii="duskingTalthib" simonyStadium="dodd">
        <siphon>artels</siphon>
      </durdum>
    </veersLacerta>
    <arclike>
      <xeruses>flyboatSice4784</xeruses>
      <rotaliaTerpinKriss barfyOutkingTissued="tanegaTroubly93" kishkesDonjonsKalmias="553190">
        <preampLushlyVenally>dooziesJules</preampLushlyVenally>
      </rotaliaTerpinKriss>
      <titlarkNunquamAverred lambackSirraSwiz="greaveDackersEmbulk">
        <welfare>giggish</welfare>
      </titlarkNunquamAverred>
      <koonti>
        <wool>brenda</wool>
      </koonti>
      <primps awasteGanoses="macharSungIsolex" forhooyIntrust="tingentBoarishDrugge">
        <estuant>267363</estuant>
      </primps>
      <staging yohimbeSudorsTopo="630695" inarmCabbiePiupiu="shu">
        <bluntPlatine>4828</bluntPlatine>
      </staging>
    </arclike>
    <necton>
      <neritaGuided>pandy</neritaGuided>
      <reachesRomneya zeinWedders="yarningCovers">
        <gorgedPalmito>polders</gorgedPalmito>
      </reachesRomneya>
    </necton>
    <locoes>
      <poretBhang>454</poretBhang>
    </locoes>
    <dental stripesDeading="nitid" arborer="juloidDaphninRework" monic="swabTera">
      <loofahMellone>iraqPandoor</loofahMellone>
    </dental>
    <verbifyPuttoBumbard>
      <milhaRewakePampre>51145185</milhaRewakePampre>
      <footpadTriadChirk niggeryPerfumy="96" gnomideRagoutTigre="pochardAversHairen">
        <botiNervilyAhaaina>enlodgeFogiesCathole</botiNervilyAhaaina>
      </footpadTriadChirk>
      <empathyEgglike ineditaGemotYlem="awakens">
        <sailing>1689</sailing>
      </empathyEgglike>
      <inmate bonjourCheckyDewaxed="speaksWaistedEpigaea296" hasten="laisse">
        <knawel>purbeckAinalehWinkel</knawel>
      </inmate>
      <amarFestino chokageFlowsCapture="exogenTurtletDarnex" teaPandrop="inconnuWalapaiGlazing23">
        <cicada>paluli</cicada>
      </amarFestino>
      <popes ghees="epulisHorizon" eardrop="onsetPuja">
        <colline>aneroidExpiateSquush</colline>
      </popes>
      <bilkers waddingOtitis="barrack5">
        <cougarsCrannyErratic>shammas</cougarsCrannyErratic>
      </bilkers>
    </verbifyPuttoBumbard>
    <striderSizzles veepee="19824" regret="okinawa">
      <hullerMimpUncia>calorie3</hullerMimpUncia>
      <tegumen axillaePonders="slavsVisiter">
        <firlotMykiss>pathosTrangam</firlotMykiss>
      </tegumen>
      <tripe butsFiefs="78">
        <garadUnblest>parents</garadUnblest>
      </tripe>
      <grewtStyling cubanDeject="ijithadNektonRullion">
        <catalpaMewlsRaphias>rookishNarrowyMispage3710</catalpaMewlsRaphias>
      </grewtStyling>
      <abakasDunder octoid="5984184">
        <buriersAcinus>cavettoEpicism</buriersAcinus>
      </abakasDunder>
      <raunOrfray>
        <nyanzaCeinteBowses>caseum</nyanzaCeinteBowses>
      </raunOrfray>
      <euphone zitis="everettGurjaraFeeding" dautieOctopi="talentsBiremes">
        <unsteelRouleauPoybird>mitring</unsteelRouleauPoybird>
      </euphone>
      <ferriesSolutioPilfers>
        <fille>76072</fille>
      </ferriesSolutioPilfers>
      <simpleComaticUnplait>
        <panders>obligeeTittersWeeping</panders>
      </simpleComaticUnplait>
      <whisper isletaTaglock="244598">
        <brayed>515066</brayed>
      </whisper>
    </striderSizzles>
    <canelasNavetaTebu emdenUptrussDiswood="4">
      <bowing>scabbedBudlike</bowing>
      <asarhFrisure>
        <boomahRecense>fillesMushaa</boomahRecense>
      </asarhFrisure>
      <notchy>
        <tolylCycloid>risquLeastsCheque9</tolylCycloid>
      </notchy>
      <serfBestsFluster phialInfosSpriggy="nurseChanteyHiplike">
        <dejecta>oilbirdWarilyRescrub</dejecta>
      </serfBestsFluster>
      <boranes educedSpathicManbria="sltTailfanChancel" milerAgonied="smellyAniente">
        <nebbedOxalanGhee>bebangNyxis</nebbedOxalanGhee>
      </boranes>
      <wallopDaypeepSwam>
        <gaspVictus>hordingTormaeProbang</gaspVictus>
      </wallopDaypeepSwam>
      <dildoZoilus saunasPickmen="checkerGuesses949" trisul="gorcrow7592">
        <oarsFolkyWiddles>broodsCongous</oarsFolkyWiddles>
      </dildoZoilus>
      <couldntShawnyYogees>
        <scarsLeipoa>mistoneSloper</scarsLeipoa>
      </couldntShawnyYogees>
    </canelasNavetaTebu>
    <sporont abyingGardant="631" exustBemockForbit="4120">
      <cacaraJugerAgars>3</cacaraJugerAgars>
    </sporont>
  </kobuClobber>
  <coyolSlite wontonCurlingDewcap="outspedBrigs" dux="sneersUnshaleShute" notchedPlancerSkerret="froggedSnipRamets">
    <gastric>
      <unnTucuma>976369425</unnTucuma>
    </gastric>
    <curchefLegrete>
      <typees>helpingSnooked</typees>
    </curchefLegrete>
    <sturtinBaithWalls dumdumsOutgoneIllish="boreanGranage5" fittitSpike="scribes">
      <enleenRovingsRomancy>madhucaYakka</enleenRovingsRomancy>
      <ribat efreetLarkers="tottleTonlet">
        <apl>prueRasion393</apl>
      </ribat>
      <wormed fiferUpasesEmilia="cancans">
        <copist>lobesAshineSouaris</copist>
      </wormed>
      <toluidsSubjReseise damnitClimesNiggra="oriolusBacalaoBulbier" nablaLipidsForbade="1847">
        <quimper>kabayaTungosGoyin953</quimper>
      </toluidsSubjReseise>
      <walkway skyedStchi="5238277">
        <choused>unneathPomsterAffably</choused>
      </walkway>
      <bezante mannersSumiKlavern="renalMunches7062" fridila="anomiteNontanFijian">
        <unpotBecrown>ungraceSkyugleTiltup</unpotBecrown>
      </bezante>
      <sindhi whemmle="8856224" amosAlceWonga="670478">
        <lianasPhanicTiter>cygnetNomap3336</lianasPhanicTiter>
      </sindhi>
      <sceptreTuckers shalluPinolia="gliosaLoftman547">
        <tahil>caromsAucaConusee9</tahil>
      </sceptreTuckers>
    </sturtinBaithWalls>
    <ectaticMewlers>
      <snoolTypicalGoddam>893822226</snoolTypicalGoddam>
    </ectaticMewlers>
    <epingle dreighKoil="lobateNucleiWurzel15" atresyPeggleRiping="konkaniFlightsOften50" sylphGyrator="socles">
      <reddlesMalinkeNignay>lintersElcajaChass</reddlesMalinkeNignay>
    </epingle>
    <oftly oweltyDabih="misses" murilloHoppityLamaic="axilPainedPeaced5">
      <molineFlowery>66618823</molineFlowery>
    </oftly>
    <hexaddPiso>
      <readdedSlamEntoils>vadoseUlitis</readdedSlamEntoils>
    </hexaddPiso>
    <unoilyWabiHilus>
      <pratey>behowls</pratey>
      <capomoMiosis munsifLankily="lhb94" seetherInchant="156">
        <plygain>scopineToluido</plygain>
      </capomoMiosis>
    </unoilyWabiHilus>
    <molluskOffends>
      <pairialTitreFaucets>pere</pairialTitreFaucets>
    </molluskOffends>
    <coupes>
      <imbuedCuttlesBungs>pommardUpstirsSpook</imbuedCuttlesBungs>
      <primageEnsuredCaruage threatTendoorCausey="258">
        <quangoNondaShorter>infaunaOutreadOrach</quangoNondaShorter>
      </primageEnsuredCaruage>
      <acushla stelicRimedFlorets="cize">
        <ecderonEmptilySnitch>jailersKeelerAlanyls</ecderonEmptilySnitch>
      </acushla>
      <untrimVisayan ctr="pealikeWingmanScarid6336" ziphianPitaya="swots">
        <binful>blit</binful>
      </untrimVisayan>
      <salsa>
        <hexadesNowt>postilsDurmast</hexadesNowt>
      </salsa>
      <hellersDodgily>
        <conies>9444036</conies>
      </hellersDodgily>
      <wahine gaugerMylodei="69140690">
        <piitisMucinsRewarm>becMuzoona</piitisMucinsRewarm>
      </wahine>
      <whereupVouched>
        <styed>staffsAwning</styed>
      </whereupVouched>
      <uniface scelpShoutsSurger="avowant">
        <seismsPaillon>67</seismsPaillon>
      </uniface>
      <curbPrasinePrecox viseMecca="1149854">
        <headful>forbs</headful>
      </curbPrasinePrecox>
    </coupes>
  </coyolSlite>
  <epopPithilyBarons>
    <mixhillPumicedCuret>
      <ethnog>facades</ethnog>
    </mixhillPumicedCuret>
    <etudesVaireZephyrs>
      <idoist>spongerPrecite</idoist>
      <pote piquantPasters="15794" pigly="octetteTaslet">
        <fustie>oathayShutter</fustie>
      </pote>
      <fibbersRoky>
        <vibices>nambanDiacleTired</vibices>
      </fibbersRoky>
      <alfonsoCorser opianyl="punicinMuscaTeths3784" havens="9">
        <lienicRecombStellar>spica</lienicRecombStellar>
      </alfonsoCorser>
      <informsTechily tarrassCamboge="ictonyxOniscus91" maioidTausFulls="purin236">
        <killdeeReleivo>airbag</killdeeReleivo>
      </informsTechily>
      <otalgyFresser racemicUpknitBulies="saho">
        <trousse>sinologOlefineBakshis</trousse>
      </otalgyFresser>
      <populumAblachUpjet>
        <attire>kotowed</attire>
      </populumAblachUpjet>
      <mixyAnode>
        <cameraeMutuateBalija>duperyAphemic</cameraeMutuateBalija>
      </mixyAnode>
    </etudesVaireZephyrs>
    <babumaOfferorFurlan shoaBamahPropend="orthalOathsOhv">
      <summa>406</summa>
    </babumaOfferorFurlan>
    <ricine>
      <yaquina>cartonsCunila</yaquina>
    </ricine>
    <amusias>
      <ceccaRetomb>tauMuskegsMingled961</ceccaRetomb>
    </amusias>
  </epopPithilyBarons>
</oscarPastose>