<?xml version="1.0"?>
<encores>
  <pdl abtruseSpanky="yeniWicker" popped="826594389">
    <reuel>
      <menFalsity>outsins3918</menFalsity>
      <runiteVeto>
        <muzarabMeantes>cosse</muzarabMeantes>
      </runiteVeto>
      <gappingMinkChartae buyoutsAttendsKeid="170077819">
        <invToll>creaCentSticker</invToll>
      </gappingMinkChartae>
      <ratbag jibboomArrayalTaiaha="terrabaRhenishGrace">
        <snooksMilesHiation>linje227</snooksMilesHiation>
      </ratbag>
    </reuel>
  </pdl>
  <conicsSnowilySagy tragicDryers="131681" dikdikGrike="murreySpinae">
    <rejigTewit utilityFrontedNonius="aspernBeguinePigsney" pirojki="ruffer">
      <apart>stotterPayoffsJackies</apart>
      <begroanSoogan>
        <agleaf>sochtShodden</agleaf>
      </begroanSoogan>
      <dyeweedDiedralArcula>
        <timarTorrid>navajo</timarTorrid>
      </dyeweedDiedralArcula>
      <mop tinniCoprasVarisse="gimblet" entachTipup="lugwormFractedGollar">
        <dropaxFrosterGoury>knapPosoloBillman</dropaxFrosterGoury>
      </mop>
    </rejigTewit>
    <sunbackWingcut gwiniadCorbanReroof="soekoe" picotSnares="375335">
      <toughtDropax>spuesAcerdol6</toughtDropax>
    </sunbackWingcut>
  </conicsSnowilySagy>
  <wigwamsPartans fanningPersisCorneas="barricoBokeMoneyed" apocyte="17367970" zonic="47261556" cuveAssn="3">
    <stouresInurnsCogger>
      <bongoSeudahGirns>spidersEdifice</bongoSeudahGirns>
    </stouresInurnsCogger>
    <aeolis>
      <anobingGalliot>runway</anobingGalliot>
      <woolsawTeneral>
        <pricklyBetrust>octoon</pricklyBetrust>
      </woolsawTeneral>
      <piecingCahiers>
        <wowSubface>2285204</wowSubface>
      </piecingCahiers>
      <confrTootsieRepaste kiku="tamlungGulfierCadis" quezalNunsEelier="coparty">
        <snorkelShamoys>callantSabrina</snorkelShamoys>
      </confrTootsieRepaste>
      <slatter germing="leaperEboniesUnlusty">
        <vititaUnifyNorsk>stokersFawnySieging</vititaUnifyNorsk>
      </slatter>
      <cogsPulpGlooms electro="12702687">
        <bubblyDernfulTartlet>wearScopePinups</bubblyDernfulTartlet>
      </cogsPulpGlooms>
      <gnomic>
        <antenorTrowth>deceaseDetat</antenorTrowth>
      </gnomic>
      <mashalGoralSipapu rechateTimet="228" septumsSpira="pachisiVivian">
        <swipperMotiles>motacilWebworm</swipperMotiles>
      </mashalGoralSipapu>
      <timiderCollock coorgUnwits="snitchAshyMilage" drams="daubySaveloyRochea">
        <detents>basketsOlivineLithi</detents>
      </timiderCollock>
    </aeolis>
    <wielareAnalgiaEnlock astoreHowker="koronaOutspat">
      <virtuQuarionHoghood>feeder</virtuQuarionHoghood>
      <mexitli>
        <hyblaeaLiasonWairsh>renegesTungusUnpoise</hyblaeaLiasonWairsh>
      </mexitli>
      <melliteSmectis gremialQuayageJumpily="floruitBatedSoutenu">
        <break>lockfulHadith</break>
      </melliteSmectis>
      <gidgeaBeblain lunulaePungs="brosArrided">
        <zoomingCued>posLoretin</zoomingCued>
      </gidgeaBeblain>
      <minimisDhobieSync mouesSoppier="5898" hardieClubbed="seedbedCokieBethink">
        <retrust>424</retrust>
      </minimisDhobieSync>
      <spumierStichelUnsized epigonMoldingBrahma="rubinePennisDinomys" sorbicTillaeaGuywire="tsked740">
        <ciguaVedic>solvendPurpure</ciguaVedic>
      </spumierStichelUnsized>
    </wielareAnalgiaEnlock>
    <falces>
      <feely>byspellArriver</feely>
      <breme>
        <babus>titoismWadmolsMalmsey</babus>
      </breme>
      <sycesWongsky gasanSerdarHetaera="chineeUnfeelGanosis">
        <pogiesLoricVirgo>thiram</pogiesLoricVirgo>
      </sycesWongsky>
      <enduro>
        <stomp>candidsJowPraised</stomp>
      </enduro>
      <rallyesBiotype>
        <revest>ilicinAisled</revest>
      </rallyesBiotype>
      <mabelEnruinDynamo kartvel="luntingMoudieWhereto" clasperSleyed="theriacSamelEmetin">
        <bulliedWilletsPrizing>602</bulliedWilletsPrizing>
      </mabelEnruinDynamo>
    </falces>
    <crawsEwererWolves>
      <sybo>banty</sybo>
      <dewittHauledAirths trilisaBrazerTrenail="437" encodesDecarch="302181">
        <calycliHosier>cyamoidGelly</calycliHosier>
      </dewittHauledAirths>
      <chirp>
        <repollLiquids>96</repollLiquids>
      </chirp>
      <etuveeTinpot citreneRwd="toecapExogyra" lowableFulaPome="bromize">
        <kickeeEsselenVoider>phoned</kickeeEsselenVoider>
      </etuveeTinpot>
      <pitonsHyponym royou="72620">
        <mozingPrewarnChuting>emdenDanging2365</mozingPrewarnChuting>
      </pitonsHyponym>
      <passade>
        <mexican>jeered</mexican>
      </passade>
      <tremorPimpery>
        <hawMuddierUnvalid>honorsConamedCadmean</hawMuddierUnvalid>
      </tremorPimpery>
    </crawsEwererWolves>
    <sealet>
      <piranasReglossAbrazo>58</piranasReglossAbrazo>
    </sealet>
    <bouton>
      <purfledAztecsOraches>unsinDomoid</purfledAztecsOraches>
    </bouton>
    <muller gassit="dubsChickerHoddin">
      <surrahCabbies>frissonSolera</surrahCabbies>
      <timote>
        <moonratTooth>closelyHallali</moonratTooth>
      </timote>
      <physiolMurreys callasIsls="adaizeVelated" clumpstNimb="5157">
        <salvoYwis>unboneNallah</salvoYwis>
      </physiolMurreys>
      <circus winning="sagaiePolistaTopas">
        <flybelt>aquarii</flybelt>
      </circus>
      <vain vulpine="pimaTechies">
        <tilette>1</tilette>
      </vain>
      <joltingObjscan wameJusto="torahDeontic" bulby="kinases">
        <kiblahUnmixedGlent>metanym</kiblahUnmixedGlent>
      </joltingObjscan>
    </muller>
  </wigwamsPartans>
  <teheran />
  <hurted jebels="pholcusIdylism9" clysmic="pashka" />
  <birdsDefacto bullbat="6796279" />
</encores>