<?xml version="1.0"?>
<airsMistingWhitten>
  <corebel chultunRavelly="heilingOurs9190" roguyPreknowUpstaff="3" admitty="balsamo" adreninCrowlTrabuco="stuprum" />
  <amtrakVoiding carbonPechans="166">
    <seawantHeelerPaegle>
      <codetteSketchStum>aluta</codetteSketchStum>
      <mitre>
        <euphemy>stire</euphemy>
      </mitre>
      <pileiLeather keekedOutriveSnathes="4" barring="lessestRefer8104">
        <pantiesHoglingNomine>unbefit6235</pantiesHoglingNomine>
      </pileiLeather>
      <thosSlitterMarkis>
        <coupeAlmeryPaid>warsles</coupeAlmeryPaid>
      </thosSlitterMarkis>
      <leversBoden furaneCoenuriNarcos="menseEdged" bluePorrySunnism="bal">
        <jewism>9852</jewism>
      </leversBoden>
      <ingles lugerSpulyieLeucism="arrayer8">
        <cribsDamselsVeronal>pairtAgynic</cribsDamselsVeronal>
      </ingles>
      <mitringDecresc payoffBreed="gallupMoroc" earhole="anamnia">
        <divaFinchedAlhenna>ratifyTotuava</divaFinchedAlhenna>
      </mitringDecresc>
    </seawantHeelerPaegle>
    <eluder wainsEpithet="kept307" hederPiniestTekya="578992">
      <labretsJewdomKanauji>carnies</labretsJewdomKanauji>
      <quease xylidic="zyminHyalins">
        <lallansCoerce>647914</lallansCoerce>
      </quease>
      <fiddlerRrhizaMushing ozena="over">
        <acrasia>calves</acrasia>
      </fiddlerRrhizaMushing>
      <rebake bifrontTapeteSettlor="uploadsBreakaxRunch" eidolaPuristSlowful="boldest">
        <goresFlabWhitsun>8</goresFlabWhitsun>
      </rebake>
      <huzzahsWhiteBecroak>
        <guasaUchean>8639968</guasaUchean>
      </huzzahsWhiteBecroak>
      <gondComan pads="humulon" aarrgh="dhurnas95">
        <millJaspe>hallionBrinnyDetenue</millJaspe>
      </gondComan>
      <damped regur="44322798" atake="leathIsotone4">
        <pedalerDeclMexitl>tercia</pedalerDeclMexitl>
      </damped>
      <relatedKhodja tinnerDhootiJuslik="termaPoorlyColosso6951">
        <atlatlTeenfulEscapes>abeyant</atlatlTeenfulEscapes>
      </relatedKhodja>
      <carvenBrowzer whissonCracoweLosel="diecaseEyewash665">
        <droddumSwayedHickeys>quedfulChekeStowed5144</droddumSwayedHickeys>
      </carvenBrowzer>
    </eluder>
    <truancyEpinardDroguet>
      <vertsOzoenaHelotry>battyIllyric</vertsOzoenaHelotry>
    </truancyEpinardDroguet>
    <disseat>
      <exposedBonder>medusalKarates</exposedBonder>
    </disseat>
    <jabbing samhain="96499">
      <slicht>1947871</slicht>
    </jabbing>
    <bisterAirwashChamite>
      <snowsAsphalt>mollieHerbageSasine</snowsAsphalt>
    </bisterAirwashChamite>
  </amtrakVoiding>
  <scathyTracked>
    <swirledMissitGladful>
      <cissingWolfianClead>4472880</cissingWolfianClead>
    </swirledMissitGladful>
    <derrid>
      <baculaServist>75</baculaServist>
      <lesgh jeeingArroyo="hits174">
        <lacinia>nattierViner</lacinia>
      </lesgh>
      <ribbons vultureSwirled="linneLam7">
        <ollaSplurgy>tantaraSureSambaed</ollaSplurgy>
      </ribbons>
      <arables adular="guebreScamper" hijinks="gustingTapia">
        <lampletBilbieTiffs>pebbledShooiDucs</lampletBilbieTiffs>
      </arables>
      <jicaque lopemanIncross="divotsQueues" barotseMetochySacaton="315539206">
        <mattedFeudistCulver>fatimidKopek</mattedFeudistCulver>
      </jicaque>
      <unslim mispagePsalms="peng1798" ardebSmlBalatas="carrelToroidOutrail">
        <piteiraDeserve>topekaLeasingFunduck</piteiraDeserve>
      </unslim>
      <sexlyFritEnlist gangsMollyFigura="lotte">
        <caraboa>hemiolaCahniteProfert</caraboa>
      </sexlyFritEnlist>
      <resawer forrilRippet="cherubsLocalsTrochal" boodieExodus="359">
        <saidsIsogeny>6008</saidsIsogeny>
      </resawer>
      <haffit godsakeBigenerIll="sitarsDoggrelStocked6" madrasiAccusesSignori="ruskinDhoonFunfest">
        <engleim>plinked367</engleim>
      </haffit>
    </derrid>
    <quaggleCicalaUntrig>
      <tahrTenuredStoved>6</tahrTenuredStoved>
    </quaggleCicalaUntrig>
  </scathyTracked>
  <rebecca />
</airsMistingWhitten>