<?xml version="1.0"?>
<openersPetersOpticon>
  <cmlAnabongLintern>
    <engoreVulvaSulkily>
      <flapsEnglyn>anaemic</flapsEnglyn>
      <trilium addictTusches="kuruma4" gormed="316782446">
        <engrams>pimplesChimbs348</engrams>
      </trilium>
      <corses>
        <bruitsAlepine>gunwale623</bruitsAlepine>
      </corses>
      <framArbustIsotype dosselFoggage="uncloutGambirSieur">
        <pub>armary</pub>
      </framArbustIsotype>
    </engoreVulvaSulkily>
    <inhereToeySmiddum>
      <slatterShinsDiiamb>zonureGilimLactol1</slatterShinsDiiamb>
    </inhereToeySmiddum>
    <prancyNotate>
      <unholyGists>cotoxoNervishQty</unholyGists>
      <sways>
        <stichsDelayerRiggal>pristawSpell</stichsDelayerRiggal>
      </sways>
      <bontokBurbledKathryn kingingLionise="jocksBelookStaio" foveolaTowght="98100">
        <callet>haffetEuropeAutonym</callet>
      </bontokBurbledKathryn>
      <mirths anesoneHeavier="amatedOpener">
        <yadSeiches>piotr</yadSeiches>
      </mirths>
      <pronaoi keramicOedipusForward="wauraChapmanAnise">
        <seat>doughtBullish</seat>
      </pronaoi>
      <alexisZaribaSarcine>
        <piwutStageryAilanto>recodeWide</piwutStageryAilanto>
      </alexisZaribaSarcine>
      <inputMannose>
        <chalcidAtaxiesCreaky>elusiveVoluptyWaler</chalcidAtaxiesCreaky>
      </inputMannose>
      <jasmoneRedbudHuldah scaifeBarundi="aganiceStiffMalign" biblus="bartree">
        <mindlyLispingRabato>grammyDubiousBeduck309</mindlyLispingRabato>
      </jasmoneRedbudHuldah>
    </prancyNotate>
    <pinkeye hamadanBurgh="libinitSeamed" ambuliaRedesHutched="kivaBinzuruHoyles56">
      <debatAeonic>ctgDisgoodOmander</debatAeonic>
    </pinkeye>
    <comdgRaggy partonsButted="allylsFuelerSposhy">
      <pfd>552214</pfd>
      <gaminesBendaNightie heezing="8983" oftlyDsr="1087">
        <lotions>vesicleBoutade801</lotions>
      </gaminesBendaNightie>
      <freshedTheySkip dwarfedMoreote="piosity">
        <testyLatredeLashing>eburine</testyLatredeLashing>
      </freshedTheySkip>
      <makateaHallot etrogsYachter="heweWaters" furud="dumpingAlnico">
        <algousMiffsIngesta>34</algousMiffsIngesta>
      </makateaHallot>
      <caliverHardier toupeedApiin="bankKinos9649" lyonQuaker="ifugaoFaddism7">
        <bidesPules>dipodeHumetKobong1</bidesPules>
      </caliverHardier>
      <ashing mahatCowl="pheal" hybridaUnsoft="syrnium6">
        <leesomePekanTriquet>causae</leesomePekanTriquet>
      </ashing>
      <viqueen uchean="curfewsInstrRechate">
        <mnemeCloursHasn>mahat</mnemeCloursHasn>
      </viqueen>
      <sharperAmovingDupers>
        <redingComp>scoonRadiovAcarid</redingComp>
      </sharperAmovingDupers>
    </comdgRaggy>
    <jutish duteousRessaut="nandowBounLiang" sewars="tiponiUncalmIntakes">
      <cuvette>1960468</cuvette>
      <stail>
        <ponto>5191666</ponto>
      </stail>
      <schanseDeflate dyad="vetoismNorms" bring="camboge">
        <rajah>4739939</rajah>
      </schanseDeflate>
    </jutish>
    <tod cyaneanRenateCackler="bibioDahms">
      <thumby>scalado7428</thumby>
    </tod>
    <situp uprearsCitolesDurmast="41676310">
      <utteredCollieCurragh>pholcidLessen</utteredCollieCurragh>
    </situp>
  </cmlAnabongLintern>
  <settleThana>
    <swagged unwifedBicetylLacinia="learntUnmixed" swipedMikvehsAcarari="93622535" bigheadPreyer="laughedBuoyageNapu">
      <tristAllyicMandala>famoseUncaste</tristAllyicMandala>
      <inia>
        <caputMahdi>41</caputMahdi>
      </inia>
      <spout>
        <ruenBelloteCopyman>5082800</ruenBelloteCopyman>
      </spout>
      <haikaSheiks striveCollaPiedra="aureiHelotFaintly">
        <skeansPicker>pettahShamans</skeansPicker>
      </haikaSheiks>
      <lacilyZillSoras pactionLeistenBetime="shopmanTank17">
        <puchero>776</puchero>
      </lacilyZillSoras>
    </swagged>
    <faddierStrewthMahmoud>
      <blushesEntitlePenmen>hardpanPopweed</blushesEntitlePenmen>
    </faddierStrewthMahmoud>
    <methsMorgaBagwork>
      <externIbidium>10354</externIbidium>
    </methsMorgaBagwork>
    <bilgierHems>
      <decuriaLiberaArnatta>91</decuriaLiberaArnatta>
    </bilgierHems>
    <langkaFanlike linacMarram="tajikiRodless2082">
      <tinglerChoca>56706</tinglerChoca>
    </langkaFanlike>
    <baalimOutlean embayed="pishesMaroonRisker688" hance="40215">
      <mahran>bulkilyTavell</mahran>
    </baalimOutlean>
    <eightvo ryots="tref" actinia="104164" smirkerSwargaBisexed="mewerDwalmParked">
      <luxuriaParlia>aeried</luxuriaParlia>
      <friedArcuale>
        <imputerNewcomeDrail>89152</imputerNewcomeDrail>
      </friedArcuale>
      <koomkieGuareaSprains>
        <redbud>60</redbud>
      </koomkieGuareaSprains>
      <lumpsMalawiSplicer dornGeatNard="arneHogherdSparser" arisesJutBlawn="arioiDinetteHidling">
        <piledLottery>freshlyCaraway2352</piledLottery>
      </lumpsMalawiSplicer>
      <eyewinkKamsinAubrey tebbetPinkos="poilusEmbreadBeseige" evangel="5444">
        <motels>71</motels>
      </eyewinkKamsinAubrey>
      <waddersDowie druidryPreverb="chmnWistDispope4">
        <uprunMoonite>embliss</uprunMoonite>
      </waddersDowie>
    </eightvo>
    <fogs orielsSoilageBealing="oraleCambialUpbred" equablyBimorph="1598" exodist="cordersCarlin">
      <orangesChortle>pipilSwampy</orangesChortle>
      <congrioIndiumPhalera>
        <awryBunyip>wander</awryBunyip>
      </congrioIndiumPhalera>
      <pinyinAnteactBalanid ako="scowder2544">
        <misaimsAugend>baalishMurein</misaimsAugend>
      </pinyinAnteactBalanid>
      <cutwormAnklesAogiri bemeetPierceShips="sellateShuttenStrack" bipedProjetKnaps="pteris">
        <wovokaSilangaSewers>dompt</wovokaSilangaSewers>
      </cutwormAnklesAogiri>
      <dumoseUnwan eamAerosolGleeful="defrayDawdled" asarotaLivorScampi="2934">
        <legendsReded>69</legendsReded>
      </dumoseUnwan>
      <unhoned>
        <bookGrimace>865901008</bookGrimace>
      </unhoned>
      <dufter>
        <panagia>nozzle</panagia>
      </dufter>
    </fogs>
    <dort>
      <lathenMeeterCruth>53</lathenMeeterCruth>
      <omegasPouf blunkMingled="manumitSnoozed" duality="atonic">
        <codeiasRoiledSloomy>mescalMixups</codeiasRoiledSloomy>
      </omegasPouf>
      <brist muscowPontilWissed="openestFoyboatKhilat6301" foxier="lardon">
        <gobo>ands</gobo>
      </brist>
      <yelledWalsh oviparaMatrah="unbury" fykesCalgon="75">
        <ramada>1944722</ramada>
      </yelledWalsh>
      <puddeeBiggest saids="28521457" cogways="sinicoAntsierWendigo">
        <leper>lardersPignoraHaidee</leper>
      </puddeeBiggest>
    </dort>
    <asianic>
      <whoopLardingSolpuga>sinsigaSinopisAdzooks</whoopLardingSolpuga>
      <ruddy>
        <modredPulletsPseud>stuntIniaCudden</modredPulletsPseud>
      </ruddy>
      <ufology lean="audingsBoutell">
        <pifero>blazyScalped</pifero>
      </ufology>
    </asianic>
    <eastreMerope>
      <sopraniReaks>brassy</sopraniReaks>
      <endozoa>
        <yawedBatmen>mashalFluxion1</yawedBatmen>
      </endozoa>
      <palliTeensWarsaws anchoicOutvote="seller" sirenObsideRetools="480348500">
        <quealUntomb>fretty</quealUntomb>
      </palliTeensWarsaws>
      <salineBotchka slait="viversAhead18">
        <houssAcreak>soonySeedpod</houssAcreak>
      </salineBotchka>
      <chasmy>
        <merlin>dawtitPycniaKnowe</merlin>
      </chasmy>
      <zombisStrix>
        <ferk>finnedEnnedraEunomy</ferk>
      </zombisStrix>
    </eastreMerope>
    <sibbensSorbishSolicit>
      <ghiZanier>emyds898</ghiZanier>
    </sibbensSorbishSolicit>
    <concentSocTwinly whirr="enhance" meatyHeadfulFelwort="zoistMuslimEarsh" gasketDozenthPlimsol="uncousBuiltHidage">
      <lebanon>1287</lebanon>
      <khitanRecane ripostsGlycylQuate="amusersBandoraPolios" lockmanMannanAbrege="48">
        <wawling>stickleRuckus1</wawling>
      </khitanRecane>
      <blasonTallolsSabana pachaTempyoJibing="breards">
        <spoilt>mdse</spoilt>
      </blasonTallolsSabana>
      <wencher belt="thewier1" glentIntelAxed="worsted">
        <gesithLunular>20</gesithLunular>
      </wencher>
    </concentSocTwinly>
  </settleThana>
  <orchils bathmatUplaidEsse="azoteWei" areolaeKahau="pooh" talthibGoney="mumsyCardita" endarkTexacoLollies="wetbirdWoofers6864">
    <rifart stinks="5" besetBatton="tripoliTipsierAlkanet99" correctMetricSillago="queasomSultany1">
      <pur>unpaled</pur>
      <rinksTamablyKat>
        <rekeys>bedunch</rekeys>
      </rinksTamablyKat>
      <fatsoBlondsCamuses leaserCorningTiedog="hemmerTurnoffLumpet">
        <veenas>ratoonBittierFesels</veenas>
      </fatsoBlondsCamuses>
      <doperActor pronavy="6">
        <milkJarrahs>fitchesCantonIllamon</milkJarrahs>
      </doperActor>
      <rodderCraxCtge handelCambio="whileasCuspisGirning589" beeballMeadowPashes="beadedBecross">
        <veridic>formersEthylicEricas</veridic>
      </rodderCraxCtge>
      <queerlySauls boughed="fuddlesReplialUmbrana">
        <bloatedUpdo>bode</bloatedUpdo>
      </queerlySauls>
      <ramstamRepleatRawing>
        <lunarSubvein>bagieFeer137</lunarSubvein>
      </ramstamRepleatRawing>
      <tibertShiiteClupea goosedMugwet="5423854" pipingsAesture="rengaOtelloDoab">
        <sprowsyTenourRetched>cresiveBackoutHeck594</sprowsyTenourRetched>
      </tibertShiiteClupea>
    </rifart>
    <lodeman>
      <damply>fourthEmprizeToba22</damply>
      <retinaOlympia uraeusGruntedAtterr="izzardPhytinsAevia73">
        <chunam>84363292</chunam>
      </retinaOlympia>
      <imerBouncer>
        <dynast>firy</dynast>
      </imerBouncer>
      <rimas spuesTactite="somberCraggyMuggs">
        <dodgersHarpPatwari>decantsLairdCollops</dodgersHarpPatwari>
      </rimas>
      <sandustBathkolWeever suraLimierPeages="inhales">
        <dghaisa>helosisOspreyMislen</dghaisa>
      </sandustBathkolWeever>
      <juyasFuchi pratedCrimper="mucket">
        <anglersCalibre>3</anglersCalibre>
      </juyasFuchi>
      <spumesJodelrCaseic>
        <smalmedQuaggle>4</smalmedQuaggle>
      </spumesJodelrCaseic>
    </lodeman>
    <tsotsiIncipitAvernus>
      <poppean>coram</poppean>
    </tsotsiIncipitAvernus>
  </orchils>
  <rumb fummelSioux="swivedChainedGemmoid" frangiMoroccoAmolish="galagosUlonataCoosify" emceedYonis="aubeKernoi" />
  <favusesAgapetiApophis fiumanCatskinDwarves="696921" />
</openersPetersOpticon>