<?xml version="1.0"?>
<gypeUphroe>
  <flawfulSloper gravel="dwaleTehsil">
    <panaceaLawbookCuriums>
      <hastes>5</hastes>
      <medocBunning raurikiAced="resends">
        <lobaria>pleaterFighterAngolar793</lobaria>
      </medocBunning>
      <reoils lwpOdorOroides="342">
        <kirstyVising>hurrian</kirstyVising>
      </reoils>
      <colpeo espeire="wakonMiffyWrecked">
        <zooidCheetieLiaise>765178</zooidCheetieLiaise>
      </colpeo>
      <lehuaExurbia>
        <omsAcetolLaptop>sinuateNicherBrunion</omsAcetolLaptop>
      </lehuaExurbia>
      <cheesyKaskaNedder defiedDeifies="guniter" marlinBighted="dikers">
        <spasmusUrgersSencion>sheva</spasmusUrgersSencion>
      </cheesyKaskaNedder>
      <gentileCleanly inbdReknock="tops">
        <caussePhallis>daricsGossep</caussePhallis>
      </gentileCleanly>
    </panaceaLawbookCuriums>
    <browetBummerIgnoble>
      <roan>sheeterLocums2244</roan>
      <bunkerAlagau sacredCatvineBiggity="etymolKimbang" ozones="broguesEmbolyRheumy9990">
        <toxotaeMacrons>5381178</toxotaeMacrons>
      </bunkerAlagau>
      <dassieBocalSnock>
        <succesHaulersRec>amenity</succesHaulersRec>
      </dassieBocalSnock>
    </browetBummerIgnoble>
    <sprugs>
      <elfinsSafestPlough>embrueUloid</elfinsSafestPlough>
      <coloppe smiles="hdweBagnet">
        <basenetCushatsWavery>succuba</basenetCushatsWavery>
      </coloppe>
      <stooled elytrinHooey="88" urartic="dynamicKudusHabble13">
        <decoys>sandix7</decoys>
      </stooled>
    </sprugs>
    <poecileIronman>
      <autosForerib>698013</autosForerib>
      <laurasAltared boring="jukeGavyuti">
        <jatoba>okasCurtedSipibo</jatoba>
      </laurasAltared>
      <ratosSwerver teopansMirkier="glauryOutleadSleighs">
        <knospedGraphed>668</knospedGraphed>
      </ratosSwerver>
      <harfang>
        <boobish>weirdoMurexid</boobish>
      </harfang>
      <aciurgyTryst happyJunco="strigTribalHomogen">
        <bulimus>tentoryZizel27</bulimus>
      </aciurgyTryst>
    </poecileIronman>
    <chhatriSheppeyBopyrus sledgedBeen="90197409" blucherCarper="736093">
      <punyStaning>bonersWandleIdeaful</punyStaning>
    </chhatriSheppeyBopyrus>
    <cephenAcomousOnions>
      <pontusLimby>817</pontusLimby>
    </cephenAcomousOnions>
    <bandhBowge>
      <fleshyAgraceTashlik>ideafulBabelicEsther7</fleshyAgraceTashlik>
      <musclesCheetahGingal>
        <fussify>iodoxySallee</fussify>
      </musclesCheetahGingal>
      <odyleSnum sanaiMarlin="4">
        <lockmanPloutAborts>mangelsYahvehArches</lockmanPloutAborts>
      </odyleSnum>
      <epeeYlems semmet="nayaurWiedFrances" coolth="ruin">
        <gurk>94260868</gurk>
      </epeeYlems>
      <pilfreBare>
        <apeakCleche>targets</apeakCleche>
      </pilfreBare>
      <nicolsQuininsMildest crusilySandip="theres" jugerumBarbs="259">
        <maycock>exudateWhams164</maycock>
      </nicolsQuininsMildest>
      <trioseFoddersTittlin woevineNeoned="insists">
        <fuchsinEncinas>shamoisCirclerIllude</fuchsinEncinas>
      </trioseFoddersTittlin>
    </bandhBowge>
  </flawfulSloper>
  <solenneToymen>
    <rowland>
      <idaeinVotally>maraud</idaeinVotally>
      <taboosTakeSoka loggersStotingSnoots="taxmenBalsamButea" locoWhitely="klutzesBadransUnimped">
        <lifefulShalwarUpsteal>5414</lifefulShalwarUpsteal>
      </taboosTakeSoka>
      <azimechLoatherThallic attaskWield="dowagerMucusinNabak" oddest="turbitMetonymSikes8551">
        <craningVellumGoran>483</craningVellumGoran>
      </azimechLoatherThallic>
      <paltryWashtub>
        <monismsStepupSterope>actualsWhekiForthy</monismsStepupSterope>
      </paltryWashtub>
      <fart ausonesSafer="swoppedHexsub" sapplesKinah="pigmeatHogpen">
        <tonify>drunksHoned</tonify>
      </fart>
      <chakobuHejiraBawl>
        <nankeen>invadesHardy56</nankeen>
      </chakobuHejiraBawl>
      <hastiveMiryExscind figuresUnsolid="634214" enzymTarpum="reblueVolleyHom">
        <stomachPostea>astelic</stomachPostea>
      </hastiveMiryExscind>
      <pgnttrpPassive perp="1" piffleBalija="araujiaFlueyProcris">
        <kapai>siwan</kapai>
      </pgnttrpPassive>
      <thinglyInfitJambeau ratals="outjutsVaunty4975" wangoni="scarvedGraals">
        <shnapsLoral>inmateErse</shnapsLoral>
      </thinglyInfitJambeau>
    </rowland>
    <eddyingGalasLavacre>
      <mikirDebell>523605396</mikirDebell>
      <clysesTetrad faints="guzzler">
        <amobyrDustee>disownBahmaniEstadio</amobyrDustee>
      </clysesTetrad>
      <parsedCaroche sterid="bearing">
        <wallopSinae>181</wallopSinae>
      </parsedCaroche>
    </eddyingGalasLavacre>
    <poddiesDosBroch securesSoaperyTantras="2285153" geebongPartageMatrace="7005602">
      <causalMerlonsPakawa>tetrant</causalMerlonsPakawa>
    </poddiesDosBroch>
    <recurPetsNew eggar="3276564" refuterPriggerNaivest="ganoinKansansEnjoins4399" kambal="earlierAswough">
      <esses>stimes</esses>
      <ryukyuTorsi aggros="enaptTain" cwt="infarce">
        <taelsChuffsDroved>sucklerTolmen</taelsChuffsDroved>
      </ryukyuTorsi>
      <verbidsPumping replanCateranPeisant="perwickErnieUhtsong7810" bleater="80470">
        <toysomeHullos>degumJohnnieDiketo9</toysomeHullos>
      </verbidsPumping>
      <muyusaFlakily>
        <tetrantXeme>misaims</tetrantXeme>
      </muyusaFlakily>
      <midlegArris gullerGolland="hyaenidBlodite">
        <impair>shaheen</impair>
      </midlegArris>
      <dequeenChunga fervOutrung="jumpy38" farmeryBornyl="reffelt">
        <verruga>isochorBawdier23</verruga>
      </dequeenChunga>
      <mitisesAcutish>
        <arcusOdour>rifianPlumbet1</arcusOdour>
      </mitisesAcutish>
      <adams>
        <thiller>ainhumChamois</thiller>
      </adams>
    </recurPetsNew>
    <mutual mise="drunkCiconiaWagwag">
      <britzkaUnbornSynoeky>trivets3</britzkaUnbornSynoeky>
    </mutual>
    <florulaInweedOthman>
      <aslopWagons>bardismVowsonBolis</aslopWagons>
      <oxreim rewaxesBlousySevres="linecut">
        <refilmsTiang>294848610</refilmsTiang>
      </oxreim>
      <warstCanariSkellat flawingCriedAribin="chandamRedcapsRepry">
        <quaddedCouchTardo>6075749</quaddedCouchTardo>
      </warstCanariSkellat>
      <mooingDankestAureus cestos="ascared" outpeep="759677">
        <stuPegless>slugsIceboneBabbles2068</stuPegless>
      </mooingDankestAureus>
      <quetchFeroniaUrgent frizeAnywise="towhees" tembeAffordBlebby="badderFilmsetGonitis">
        <bezettePompistTangent>7148</bezettePompistTangent>
      </quetchFeroniaUrgent>
      <gillnetFunaria>
        <pylarPodley>blocsPalletIritis</pylarPodley>
      </gillnetFunaria>
      <arrimbyJambs>
        <otaries>muggyDeputeBakairi</otaries>
      </arrimbyJambs>
    </florulaInweedOthman>
  </solenneToymen>
  <stoae mafflinSharira="footway" />
  <unhazyLaudes witjarYearock="1719238" hoboeSifted="tubiferIstana" bratina="494" enam="shapenKeechPagus" />
  <miffy mamoIranian="elapsAvenousBenne4898" nextlyAbbasidDecanes="manfishEagers" garbLimitedLender="gurlePiste" nipter="3741" />
  <minted defilesCurd="clavuvi" />
</gypeUphroe>