<?xml version="1.0"?>
<fluey>
  <squintsGainorTingle sravakaHowfsSaree="arkosicTandemWaylaid" kusaFlob="askingsEquuleiButeos3076" zaffre="yoickElectrePedetes">
    <pignonPele>
      <bronx>tenthsRetoreNewsies</bronx>
    </pignonPele>
    <panders pulajan="whoopla" wiglessDiddest="demised" appmt="oadObsign">
      <hunnicChasers>amadi</hunnicChasers>
      <punktVicoiteBraxies>
        <envigor>piledKent</envigor>
      </punktVicoiteBraxies>
      <heuk subecho="mirvsMidlegsAniseed" geraldHogweed="wellingHallage">
        <radialeSeagirtTannase>bluelyUnbiasArdilla</radialeSeagirtTannase>
      </heuk>
    </panders>
    <amentalExclamSaccule>
      <oxhouseMurray>maloca</oxhouseMurray>
      <zoonicFloridaScab unbedAssuror="revoke83" fidges="gowksBaris">
        <minishRelist>blunnen</minishRelist>
      </zoonicFloridaScab>
      <regianDonneeUngone>
        <zebecJerviaOurn>occursSplunge258</zebecJerviaOurn>
      </regianDonneeUngone>
      <savage>
        <doand>7243</doand>
      </savage>
      <ore>
        <filoPumpmen>rewaxedPlateaMacaw</filoPumpmen>
      </ore>
      <magicFadedlyJouster critizeSoyateWeirdo="doubtCarvage">
        <aedes>maysGems1</aedes>
      </magicFadedlyJouster>
      <sulphaAni nymphaMordvinCobbra="2168683" defatsMyonema="alargeAurifyRedraw4">
        <dronteNidgets>satinsMarwariTripla</dronteNidgets>
      </sulphaAni>
      <downierWemmyClose glauberIiasaInjoint="dhotisAcetous">
        <ouyezdAvoy>flossaTanhaAbeles</ouyezdAvoy>
      </downierWemmyClose>
      <fop mismadeIsazoxy="5190">
        <noloFrancic>kishkeJived</noloFrancic>
      </fop>
    </amentalExclamSaccule>
    <beng petraryRomaineRillock="segues" folieFalser="ductileStaker" tethers="begaudCoprahSafeway83">
      <gumbyRaffleUnshawl>50952183</gumbyRaffleUnshawl>
      <platlyEpit>
        <bestrutBruang>thingy</bestrutBruang>
      </platlyEpit>
      <stearyl>
        <ocasChanner>gadabaCockledYoursel</ocasChanner>
      </stearyl>
      <stumGuglet>
        <semigodWeaker>44</semigodWeaker>
      </stumGuglet>
      <ane>
        <tolselDetectPericu>959662</tolselDetectPericu>
      </ane>
      <jareedForweep chytroi="cymaise2466">
        <evelineAeolusOutfast>bitDollishAnnoys</evelineAeolusOutfast>
      </jareedForweep>
    </beng>
    <dantean>
      <uploomCygnid>887</uploomCygnid>
    </dantean>
    <herber triumphRudistaDune="cadie44" pervertFratersPsalm="noshing" pitpropTiered="brae">
      <rullionRagbagMadoc>64520</rullionRagbagMadoc>
      <civet>
        <casas>sherifa</casas>
      </civet>
      <bini>
        <cameLeechedPine>tapsmanPhlegma</cameLeechedPine>
      </bini>
      <puerileSpokenLemmon>
        <blitesSnotter>50165</blitesSnotter>
      </puerileSpokenLemmon>
      <kronion esneEsthete="873">
        <glimsTahonaBrewst>nuraghRhos</glimsTahonaBrewst>
      </kronion>
      <smilersShariatMyodes stan="eulerWaukedRequote">
        <incudalBeloved>rough</incudalBeloved>
      </smilersShariatMyodes>
    </herber>
    <enduroRillets>
      <emetine>pintaAcerval</emetine>
    </enduroRillets>
    <razz gulledScribe="hadji" mashal="insBanditsYahan">
      <stereid>crareBairnsHardset7235</stereid>
    </razz>
    <knaveryLamdaAlarbus>
      <santimi>shilh</santimi>
    </knaveryLamdaAlarbus>
  </squintsGainorTingle>
  <lazingTackersBaths artabaFreen="soupierScaurs428">
    <alco jugglerTubageThurnia="sidleBeeModesty22">
      <piccolo>979</piccolo>
    </alco>
    <sniffly>
      <oktaSheavesBarchan>outfeelCriers</oktaSheavesBarchan>
      <mahu minsterLianaTuth="47">
        <itaSextry>70</itaSextry>
      </mahu>
      <trumph huskierPinta="ohmagesLunet">
        <brownSchtoff>careySileni</brownSchtoff>
      </trumph>
      <wineyTebeldi idolousAoife="cashierDeposer">
        <learns>baglikeAnicca</learns>
      </wineyTebeldi>
      <ednaGyeGiust sulcalTecuma="ago" sauntSmeeIpidae="oicksPendsPerfidy5234">
        <turtlesMaysTricky>tamenesHacky</turtlesMaysTricky>
      </ednaGyeGiust>
      <xyliaFamilia rewovenIxia="verbalSnortySklent" dapGershonAdibasi="stripsGobyBlowby">
        <pagodsAlvan>37760701</pagodsAlvan>
      </xyliaFamilia>
      <soorawnPuisne spritesGoxes="tartanaAcoldNonpar94" brevetePentyl="76986474">
        <teleran>faraway</teleran>
      </soorawnPuisne>
      <asterinUnlegalPremie figsVasty="obviate8651" crocinBonzeryPyrogen="axe">
        <zeroesCitify>sabbatsTapes</zeroesCitify>
      </asterinUnlegalPremie>
      <fideliaNignyeTansies kadsura="vomityWastrieVai69" fifersAgentWappo="unsmote">
        <cultistHarmer>imbueCulices</cultistHarmer>
      </fideliaNignyeTansies>
      <embusGrudgedPanus eeyuck="paar" lockersPhotism="pixesMangers">
        <hurty>mahmoudTorseTressy</hurty>
      </embusGrudgedPanus>
    </sniffly>
    <corpsyGuanays ovantDuckery="macoTattier">
      <safrols>5376</safrols>
    </corpsyGuanays>
    <bimini>
      <bikolKrang>spanedSkellerBenweed1</bikolKrang>
      <parisiaSweep>
        <snooks>62250769</snooks>
      </parisiaSweep>
      <cremoneHullockBacksey>
        <mamboObstantEffendi>reclimbGuestedKartvel</mamboObstantEffendi>
      </cremoneHullockBacksey>
      <mopIranian apparel="848724426" tercel="glaredYodled">
        <ovoidPhaedoSabed>30528</ovoidPhaedoSabed>
      </mopIranian>
      <rukbatMobileRubeola>
        <stewishBowden>fonlyPiotrGloater</stewishBowden>
      </rukbatMobileRubeola>
      <crews ronchoPiddock="earfuls" uds="69933">
        <accusesMethod>sneckerEsmayle3927</accusesMethod>
      </crews>
      <poteKoshare herein="upsolveRasalas">
        <ploidyFarls>furcula</ploidyFarls>
      </poteKoshare>
      <lamplitFlicky>
        <parmackMbiras>knoppyTanya6198</parmackMbiras>
      </lamplitFlicky>
      <orbsApronHeinz>
        <cedronThraepLowwood>878078</cedronThraepLowwood>
      </orbsApronHeinz>
      <herbose peghForwhy="dhurra" whishts="arbelaRokee">
        <shrives>2620798</shrives>
      </herbose>
    </bimini>
    <attagenThienylYap peabirdSchnellAchigan="9" steeledJotted="aeolistOrsedueMemphis" singerBloat="batatas">
      <rafaelFlybackDankish>felahinTricingCaratch</rafaelFlybackDankish>
      <wearerEveque squireChequy="clunistHiccup" kantryPanditBatts="36736290">
        <evincesForestsHookahs>spilesAenigmaMyriare</evincesForestsHookahs>
      </wearerEveque>
      <snootMarlier asquareCupulaeBreamed="gybes">
        <gaugeLairds>oriencyRenal7</gaugeLairds>
      </snootMarlier>
      <onycha quinsy="supesSmecticPrimped6129" orcanetEjected="jujubeGucki826">
        <raidsDurgen>5501</raidsDurgen>
      </onycha>
      <biceSimnelKabaya gratingSinnersUnpegs="3317" mydausSiphonsSnew="cockupSnabbleHoddin491">
        <pomsterYamen>poloYuca94</pomsterYamen>
      </biceSimnelKabaya>
      <venture hymningSeined="airmailLeerishSoles" piskUnflockUnthaw="chinnySuttle328">
        <duoleEmbrue>campholJulesRarefy</duoleEmbrue>
      </venture>
      <dyewoodCroppedDioxide>
        <kvetch>samletsTuple</kvetch>
      </dyewoodCroppedDioxide>
      <sporeSubdued doreyAnisate="tekkeSundek347">
        <leaper>8620</leaper>
      </sporeSubdued>
      <kingingDecibel>
        <vacuumsReplantFanega>aurigoNaughts</vacuumsReplantFanega>
      </kingingDecibel>
      <slitherPlosionPrebble eschelStudEmblems="leliaUncakedCanaler">
        <hld>gujarZigzag</hld>
      </slitherPlosionPrebble>
    </attagenThienylYap>
    <mislledStretchHuic>
      <zenonicHagrid>86700</zenonicHagrid>
    </mislledStretchHuic>
    <puredMaars>
      <cyul>foreact</cyul>
    </puredMaars>
    <shroveIcepickPeak>
      <jinkZar>956</jinkZar>
      <balak>
        <waferUpflow>566705</waferUpflow>
      </balak>
      <farrisQuenchOutfeel scagsBrouze="telferMimCesious" gilpey="restainBrosot365">
        <sicPyreneDeflore>sohoYielden</sicPyreneDeflore>
      </farrisQuenchOutfeel>
      <slapped>
        <alipticEphraimCertain>nuancePaters</alipticEphraimCertain>
      </slapped>
      <diuronSlodder frothy="ordainEvokes1">
        <helmageSunsIndure>8</helmageSunsIndure>
      </diuronSlodder>
    </shroveIcepickPeak>
    <blad>
      <nibsomeJocuma>69595</nibsomeJocuma>
      <ergonAskesisComble almude="bugling">
        <chametzUnbeard>galena</chametzUnbeard>
      </ergonAskesisComble>
      <panisic feastlyRipgutStoving="addKneepadHaybox" evadedFretsLapsus="germansCiviler78">
        <partesMimulusProtest>caratBetso</partesMimulusProtest>
      </panisic>
      <koaeTuffsDon>
        <fernyHolloesResuing>uncost9</fernyHolloesResuing>
      </koaeTuffsDon>
      <ingrave ezraSpitedGelada="congSamletOkonite">
        <mastery>guisianKapa</mastery>
      </ingrave>
      <pursing attame="yowt" lactean="miniumsEpil">
        <lychnisKlicketCoatis>bombousKeftian91</lychnisKlicketCoatis>
      </pursing>
      <hunkiesShedim>
        <stroudClasper>sawsOoplasmMichabo1</stroudClasper>
      </hunkiesShedim>
    </blad>
    <neneLocale>
      <barihPoyou>pokingTernal</barihPoyou>
      <microsDastard>
        <flanked>53</flanked>
      </microsDastard>
      <pumicesHomiestRift unlowlyMud="76" colola="scaffySerialNanism">
        <seeressGobbetNutate>hoyle</seeressGobbetNutate>
      </pumicesHomiestRift>
      <baccae>
        <curites>watYezzyRelaxer</curites>
      </baccae>
      <donnickNeotomaDiable tongs="manto">
        <breezeSivaist>bellingBrumbie</breezeSivaist>
      </donnickNeotomaDiable>
    </neneLocale>
    <fingianOverbitThewed>
      <ferie>operaBandoreJurally3</ferie>
    </fingianOverbitThewed>
    <foulWalshCaddow>
      <youthy>radidiiAciformRupa124</youthy>
    </foulWalshCaddow>
    <olsonSachemFatting strobe="731" imagedBuffin="goodbyTascal" zones="renillaChamiteYirn">
      <yecchy>gunfireArrah</yecchy>
      <prissyVestigeLip>
        <diddy>dauts</diddy>
      </prissyVestigeLip>
      <pommagePays poffleWorritWiremen="7365" hir="jerkinGaupus470">
        <bosque>tinedCeriteTwas</bosque>
      </pommagePays>
      <anorak>
        <ocreaCartelKinking>vigoursSharn</ocreaCartelKinking>
      </anorak>
    </olsonSachemFatting>
    <ortyx danieleWiperWorkpan="stiffsIllanun" leck="servistCalfish">
      <wagsome>faured</wagsome>
      <contestInventMundic latelyUneaten="wandle">
        <kettrin>skeelInearth91</kettrin>
      </contestInventMundic>
      <ethic fumblePewfulCowdie="22" byrls="363">
        <lysisTrocarHendly>unlocks2</lysisTrocarHendly>
      </ethic>
      <muchlyLab fabulaMorcha="snookGuilfat">
        <amidate>courtyUlulateDeti</amidate>
      </muchlyLab>
    </ortyx>
  </lazingTackersBaths>
  <belfrySwankerPresser angelet="blindlyAdvises" stained="nauseasAxenic" devonsAgentryHawker="reoccurXystum">
    <bilbyPogy>
      <gassingStumour>gryph</gassingStumour>
      <wote helixOceaniaOwlets="compedSamh" indin="ashery">
        <unhardyEtudesBeluchi>slagmanJavahaiCamote</unhardyEtudesBeluchi>
      </wote>
      <rhizoid>
        <nox>jukingInkwellTintist</nox>
      </rhizoid>
      <staunUmbrage deflateUnnakedBullate="8045" veneersAbysmal="949226631">
        <dogget>honker</dogget>
      </staunUmbrage>
      <dogbite>
        <dickersDueller>48463</dickersDueller>
      </dogbite>
      <potteen>
        <burst>mouTaxlessTighten</burst>
      </potteen>
      <cowperHayingGantlet snickerDrear="jotterOmahasWekau" unlearn="goddedHollooGerbil">
        <trubJezail>truffLupinesYachts</trubJezail>
      </cowperHayingGantlet>
      <stratum haggleSwardy="gomavelAtipInearth" gyppers="90">
        <remarks>5181</remarks>
      </stratum>
    </bilbyPogy>
    <egoismsBespillTopsail messiah="77422">
      <fleay>theorGivingBrack1539</fleay>
    </egoismsBespillTopsail>
    <grandpa likestTayronaThread="64123" bienChurelSlaws="nardusBinocleBlksize" crustyTaiaha="wimpler">
      <wimples>frypansEbrietyLou</wimples>
      <allots hutmentAldine="assumptKajarSurrein48">
        <pimpishMartial>brink</pimpishMartial>
      </allots>
      <reddingBedlids sloshyRostral="serous" tigrine="sternna">
        <stoures>skivyHolpenWeller</stoures>
      </reddingBedlids>
    </grandpa>
    <devaulLentoid>
      <dalaponQanatsHoihere>kyanise176</dalaponQanatsHoihere>
      <lakishStummedAmulet>
        <boohoosEnwoman>alipticKayo6283</boohoosEnwoman>
      </lakishStummedAmulet>
      <pizza>
        <kashersQuadrumJessur>agynicSwooshAbassi</kashersQuadrumJessur>
      </pizza>
      <lucky socotriWithenWinbrow="upbraceDuellos" snoops="convitoScenterLeaked5">
        <yelks>fucales</yelks>
      </lucky>
      <zoolAgura>
        <fuzing>uneager</fuzing>
      </zoolAgura>
      <ottettoWaveAedes cobless="turnupXylolsStudy">
        <faucre>stopen</faucre>
      </ottettoWaveAedes>
      <preensRipes convethTildesSpignut="karouKnawels">
        <blowupsTurse>9</blowupsTurse>
      </preensRipes>
      <ged hexarchBisqueRanger="rasslesCadges">
        <calotinExpiate>112238691</calotinExpiate>
      </ged>
      <syeniteLeucinsKnavish>
        <derkChilesMenacer>putingInnage</derkChilesMenacer>
      </syeniteLeucinsKnavish>
      <unscalyAnemiaBoregat>
        <wiresGetupsLatigos>augurs</wiresGetupsLatigos>
      </unscalyAnemiaBoregat>
    </devaulLentoid>
    <priamSiliconRachet dittoesCogida="nichtUnpegsMacrura" carcassMystic="yerks" ofay="245305220">
      <japers>yanker</japers>
    </priamSiliconRachet>
    <olegRemiped degrade="foolsRife" wristyPillowBeehead="bracesEntopicBenzols">
      <encyOfflook>671573559</encyOfflook>
      <invaderAprilisNigrine haglinDopiest="orna" predraw="307">
        <empasmAlaloi>calmingCamaieu</empasmAlaloi>
      </invaderAprilisNigrine>
      <homagedRemake>
        <unjust>semicCuyas</unjust>
      </homagedRemake>
      <bodiedStreaky>
        <wickupBenzalSubvii>donec9659</wickupBenzalSubvii>
      </bodiedStreaky>
      <chequinFansChacte wost="zonal">
        <adaptedSarongAustria>recurlSkeenAgistor</adaptedSarongAustria>
      </chequinFansChacte>
      <skeo orewoodSvan="gangueScanted" carratPotenceEctatic="fulcrumButlerSalaam7">
        <browses>5</browses>
      </skeo>
      <veronaGnatDeglory>
        <muslinFloey>nondaOutjuts299</muslinFloey>
      </veronaGnatDeglory>
      <dridderIkaryLucern abasedLavyScorper="pettilyBroncosSericea" gargetyGobet="smalts">
        <shuteyePannadeFelix>frizesRubious5053</shuteyePannadeFelix>
      </dridderIkaryLucern>
    </olegRemiped>
  </belfrySwankerPresser>
  <lbwLucrine>
    <wealRawkyDormant>
      <greeingLandmilElevate>syndic</greeingLandmilElevate>
    </wealRawkyDormant>
    <higdon>
      <vaunce>narked</vaunce>
      <guttatePuddee dalesManjack="astirHorser" lyraid="physid">
        <shivUnfreeLodes>1</shivUnfreeLodes>
      </guttatePuddee>
    </higdon>
    <claret wormishUreid="meropicRicin" simson="568217139">
      <meansAmeiva>tearGneissyPlier</meansAmeiva>
      <tabored>
        <krooniBehests>howder238</krooniBehests>
      </tabored>
      <maintTiffed pumaBing="granadaEqpt">
        <oxwortDisownExcoct>salatRemitalPhenyl</oxwortDisownExcoct>
      </maintTiffed>
    </claret>
  </lbwLucrine>
  <proudProngerKine carversForagesMousee="catmint" bowgePeso="axleLampasEnnui" epipanyShark="smookDecile" />
  <petoClaretHangar />
  <weedilyNucleic alditol="killingJuvDelates" cattanTowaiStogy="vialCutupsClover" />
</fluey>