<?xml version="1.0"?>
<borascaBoutadeLapb>
  <scrMaranon octet="shantJigget" preknowGripierStaling="asgTakao" gobblerHalpace="withalGrizelFootman">
    <riflingAbjectCakra geoidNitriot="sturtFanfishFlche" eriaCasked="atua">
      <squushyLurkDobbing>chillsSennet</squushyLurkDobbing>
      <tarzans>
        <muriate>bits</muriate>
      </tarzans>
      <earwort awkFittestIseult="farmySainte">
        <gippingVagrom>digyniaErnst</gippingVagrom>
      </earwort>
      <gers sookeBowsman="cmdgPetioliCarols" glaver="educand">
        <spindly>spill</spindly>
      </gers>
      <roselTelemenDago>
        <gozzanForced>lessonsSpector</gozzanForced>
      </roselTelemenDago>
      <rotator wamusesExequyUrinate="inedita" isosterFidded="neglect">
        <storiedMelders>nucleusHeidi</storiedMelders>
      </rotator>
      <austereTurus dhakLowing="ischiaLawks43" fourreLuxiveSambara="crapsLlb2877">
        <elleck>827335</elleck>
      </austereTurus>
      <coyestAlbugo moblikeSuaver="piskunNonuse313" latiner="deprest7">
        <coupeMyopiaMorsing>caperIpsoBlowzy</coupeMyopiaMorsing>
      </coyestAlbugo>
      <samishSwiver>
        <subbiasOnymyBrott>saraadRereeve</subbiasOnymyBrott>
      </samishSwiver>
    </riflingAbjectCakra>
    <jimjam>
      <morel>fazeInapt</morel>
      <azulineNepidae>
        <decants>72501775</decants>
      </azulineNepidae>
      <cardiaGrunts tartanaEmoted="zelantGuldensMattery">
        <arrayBirsit>prajna</arrayBirsit>
      </cardiaGrunts>
      <sortal manacusFrundel="cogmenHyppedRetar">
        <urazin>hotcake</urazin>
      </sortal>
      <tranchePupuloSextant vodkasPenney="girlChenet" lacmus="pufferyRadded">
        <axled>hodadGaperDanagla</axled>
      </tranchePupuloSextant>
    </jimjam>
    <scler>
      <asopHeliconKlop>nacrousCasalVowers</asopHeliconKlop>
    </scler>
    <refeelPenceAkindle posseHamsterYogas="fisk" gownedNakederEleanor="wadset">
      <tunaPliableOuthold>boyangPeke</tunaPliableOuthold>
      <phiz>
        <guilty>viandryJackerDisrout</guilty>
      </phiz>
      <cavallaAunties packmenWiggingRenewer="459" leprousOsmicCaning="decard">
        <atteTankageHaikun>impelsWistingNegroid</atteTankageHaikun>
      </cavallaAunties>
      <idylize gripeEthoxyMutatis="betakenPelota">
        <obesity>lungisTunkBebat</obesity>
      </idylize>
      <sylvinsViscum intortsFatorSubitem="bardier" annumButtal="alakiRebaseWinding">
        <crabutNuncioNostocs>factyJiff</crabutNuncioNostocs>
      </sylvinsViscum>
      <proves velellaLieges="befrillHelotry" crazyIkonaHarling="uptrillLineupsCamooch">
        <useably>selety</useably>
      </proves>
      <octavesFormica>
        <pyxides>zeiss1413</pyxides>
      </octavesFormica>
      <pipaHydnoidUnplan beewareGollyScuts="loweryYawledAppale">
        <pashedDuluth>betesAlpacaPayors</pashedDuluth>
      </pipaHydnoidUnplan>
    </refeelPenceAkindle>
    <cornersDjehad>
      <anhang>440305733</anhang>
    </cornersDjehad>
    <milers>
      <nursingKythingEloigns>sensoBertinJai</nursingKythingEloigns>
    </milers>
    <swotter>
      <mightedBasicNotaeal>calorie</mightedBasicNotaeal>
    </swotter>
    <mercySlaving>
      <diomateGlyc>balugaAnker</diomateGlyc>
      <copoutsOutly rootageGhattiLocals="shafted">
        <voidly>finishZeuxiteNereid</voidly>
      </copoutsOutly>
      <mutablyAlaunt>
        <outdoer>2829</outdoer>
      </mutablyAlaunt>
      <fraghan>
        <thereinCombeRoseate>911241</thereinCombeRoseate>
      </fraghan>
      <parava>
        <bloomy>irruptJaunty</bloomy>
      </parava>
      <nikeSwifty>
        <cyclMamasLaria>linous</cyclMamasLaria>
      </nikeSwifty>
      <retails mucosaWongGraylag="key">
        <maulana>peptide</maulana>
      </retails>
    </mercySlaving>
    <stamHiramKahuna almost="pacquetBerne" perused="384569874">
      <unfurlsLimited>ascots</unfurlsLimited>
    </stamHiramKahuna>
    <beyshipKinless>
      <static>teraLuckier</static>
    </beyshipKinless>
  </scrMaranon>
  <comsTucking idrosisDivvies="jugataeAssisa568" aholtRiddleMiskin="grivois">
    <turfen>
      <aludraFactsWraf>boreasBombastKef</aludraFactsWraf>
      <puker boohoosTormenLongjaw="serapeaViscera">
        <couponTragion>dahoonBiggiesFly</couponTragion>
      </puker>
      <hoofers jollyer="hutzpah" pyoid="areng">
        <groanedEmbreadKumiss>943746</groanedEmbreadKumiss>
      </hoofers>
      <aliencyGuides outdureCacanaOsmanli="animasUneager744" swinishGimlety="87148840">
        <scowlsCaseicRatoons>nanmuChuddarFuzils532</scowlsCaseicRatoons>
      </aliencyGuides>
      <eaglesArleng>
        <boarish>sagas</boarish>
      </eaglesArleng>
      <cretizeRechafe mangeryDegamesGeek="76">
        <tgtEdgrowVoilier>pearlerChoicerXeronic</tgtEdgrowVoilier>
      </cretizeRechafe>
      <repro>
        <grecize>sandakParnas</grecize>
      </repro>
      <malls>
        <ladinFiddedSumdum>knyaz</ladinFiddedSumdum>
      </malls>
    </turfen>
    <moche>
      <razes>661624</razes>
      <shohetCacciasCaromel kairinMtdGrovels="jiggle699" noways="deckelsUntaHeight">
        <jamokeAlgiers>incused</jamokeAlgiers>
      </shohetCacciasCaromel>
      <glopsHattock anniv="kurveyLoweiteBaling">
        <relMessZygnema>pathsCaroli</relMessZygnema>
      </glopsHattock>
      <raimentMoreish senegaSabre="pokomooCrash" jaspeHeraldsBooze="475762">
        <avalent>manuaoTouficDisobey</avalent>
      </raimentMoreish>
      <nitencyYearPortway dotlessElemis="sorbed6832" sudder="unhoardAdeninSifflet">
        <faceteOronocoTessara>unwooedColonerOuteyed</faceteOronocoTessara>
      </nitencyYearPortway>
      <enluteDucdame plotter="adustDogmanVallary">
        <muscotForsay>almugMayeye</muscotForsay>
      </enluteDucdame>
      <lavasLoynSolving cobcabWamelRebold="whame">
        <rho>wit</rho>
      </lavasLoynSolving>
    </moche>
    <friz>
      <braiderSesiaPecker>livedoComedoDirect</braiderSesiaPecker>
      <luteinsOogamyAmabile omened="isingSalamoWauled66" tosca="alclad">
        <leakilyCandock>ambsaceBrokersJebusi</leakilyCandock>
      </luteinsOogamyAmabile>
      <outwashBalding>
        <fcompDivorce>mendiEnribHallex</fcompDivorce>
      </outwashBalding>
      <gladdon keriteIdoletAstint="nillRhombic" annexes="oranger">
        <bravos>rusted</bravos>
      </gladdon>
    </friz>
    <snibs>
      <agauWarple>exiture</agauWarple>
      <thooNikeItalici zoarium="sateenMayeye">
        <korBidpai>noncom</korBidpai>
      </thooNikeItalici>
      <predark>
        <unbrownDizzier>257085</unbrownDizzier>
      </predark>
      <buxusJarPimento doggies="garnettAsdicsPentoic">
        <nurserHemenScarfy>1420</nurserHemenScarfy>
      </buxusJarPimento>
      <snoredCarolan zeta="exhumes" menkibFacundGentles="fatihaBergh">
        <norwestZonarSympus>gardenMincy</norwestZonarSympus>
      </snoredCarolan>
      <kokum dop="dalea38" fathead="yaffing717">
        <tone>supinesSorbsGestalt</tone>
      </kokum>
      <overlieProlin quackedBenthosLathier="egboAsokaMered57">
        <toneGrottosForlive>nabak</toneGrottosForlive>
      </overlieProlin>
      <sileneBonking pappiDer="froeman">
        <surd>hebamicMowingZythum</surd>
      </sileneBonking>
      <lagerIngomar nentaCesteInure="ailetteGamondTintack">
        <bahutsSacking>prolanSpiss</bahutsSacking>
      </lagerIngomar>
    </snibs>
    <mackUnhale>
      <adjunctBurweedJavanee>decoys</adjunctBurweedJavanee>
      <egeranWelders minuetSeconds="romaneAxonDoated">
        <ovalizePradeepMullet>coking</ovalizePradeepMullet>
      </egeranWelders>
      <warmlyComte>
        <scomfitKippur>8</scomfitKippur>
      </warmlyComte>
      <floitFinkedLarkish yetts="yieldEddy" depaintCobbs="gorgedSpumier4">
        <shuteMattery>verdeaJostlerCoontie</shuteMattery>
      </floitFinkedLarkish>
      <rakeoffSensileMuffet tizzies="unawedMagyarGoys">
        <unheartBetornRerisen>4654669</unheartBetornRerisen>
      </rakeoffSensileMuffet>
      <joyingImine jacobusDjeribRetorn="saligot">
        <capelinKimuraSperple>beode</capelinKimuraSperple>
      </joyingImine>
      <quiniteApout jujusLamdaJingo="poorga" esqLedgier="siroccoGraeaeRink">
        <chielsMotacilObject>hectare5470</chielsMotacilObject>
      </quiniteApout>
      <madhabPuriri buzaneReedmanRebaked="81623" carposKairine="589129575">
        <idenceCokemanMowhawk>jucuna85</idenceCokemanMowhawk>
      </madhabPuriri>
    </mackUnhale>
    <tappaul>
      <smerkedVerier>entomOughtedSynange9</smerkedVerier>
    </tappaul>
    <atuleJalkar>
      <sawbackKrangPriding>pentiteFlaxyUnnobly4172</sawbackKrangPriding>
      <landeEaterNabbed sonhoodSnoozerCharr="rooingHanker9">
        <tergaSlurbowRestep>murlinBemuckLuggie</tergaSlurbowRestep>
      </landeEaterNabbed>
      <gitalinVishnuJussive refit="8290022" isohyet="rewedTwillyGhanian">
        <grovel>549437363</grovel>
      </gitalinVishnuJussive>
      <ethenol>
        <alkyRelaisHaloa>ensiled</alkyRelaisHaloa>
      </ethenol>
      <iridiumSquaredOctoped bulbelsFortsBrendan="athirstChattelUniflow" venger="branchy9732">
        <quakersSuckage>refold7649</quakersSuckage>
      </iridiumSquaredOctoped>
      <buzzleAjowansBremely corylinTildaBeweeps="psywarClowderGranite">
        <outpartReifierAnoia>restirCistoriSawney</outpartReifierAnoia>
      </buzzleAjowansBremely>
    </atuleJalkar>
    <scouses>
      <varmentPlexSprint>1</varmentPlexSprint>
      <culmedAcates>
        <foiledBepray>679</foiledBepray>
      </culmedAcates>
      <cleaned anisoleEddaicLithog="obarniCoudeeWaget" jikungu="suavely">
        <abrood>oaths9239</abrood>
      </cleaned>
      <reagins segmentDowries="tmesesPlott" preventSimoolAvidya="loadDisyokeAbrico">
        <maarsAsokaSuited>rackersPimento</maarsAsokaSuited>
      </reagins>
      <nixesChapper diglots="couhageFatigue" reedifyKosos="logoiDrawlyUntough219">
        <refight>7652</refight>
      </nixesChapper>
      <appdBabusSolar outnessReaderThrutch="solonMuricidKhutbah">
        <jewellyPreedPalster>wurzelChaineOsella</jewellyPreedPalster>
      </appdBabusSolar>
      <gangaJottersMalade>
        <tollyTussahBlowier>repaper</tollyTussahBlowier>
      </gangaJottersMalade>
      <clodlet aborad="boomOutmode">
        <maimers>751</maimers>
      </clodlet>
      <toppleHawsed>
        <teian>orfgild</teian>
      </toppleHawsed>
      <vermontAbarisSceptic>
        <deignedPanga>bractedWorkup</deignedPanga>
      </vermontAbarisSceptic>
    </scouses>
    <quantaBeggedRheme>
      <abettedZizzle>pilgerWelshedHughoc383</abettedZizzle>
    </quantaBeggedRheme>
    <applTrothYonis lambent="mushingEluatesEccl" teatheWisshe="punningSlacked" orante="felonesSye">
      <clingedCowper>16942934</clingedCowper>
    </applTrothYonis>
  </comsTucking>
  <deadestSinico heiauRubbery="butchBairam" summar="3764224" />
  <guanaysBaithMullein eumenid="cathion" />
</borascaBoutadeLapb>