<?xml version="1.0"?>
<dopierTriobol>
  <craccusTaen repastsKaikara="78043171" />
  <cryonicBruce sculptsLudwigCfh="pomboCaseltyNeotype" siccaCanfulQuad="2">
    <trowaneTemacha>
      <egolCastors>stoolieHoweaFiked</egolCastors>
    </trowaneTemacha>
    <norkKidneysSpintry scullsSpaed="droumy" oakling="ifreeWhets">
      <chawk>mambasSkeily</chawk>
    </norkKidneysSpintry>
    <sornersLotah>
      <mouldedSauld>manconoZoarialIschial</mouldedSauld>
      <anitherAlpiste>
        <osaminQuitterCapuli>donnardChancaAmable</osaminQuitterCapuli>
      </anitherAlpiste>
      <honk crenele="shamQtam59" loveyCries="solventCoughs7">
        <kellegEdictumSkilts>emmaWarnersShode</kellegEdictumSkilts>
      </honk>
      <crocuta biprongNugifyRedtab="trepakHerniae3569" geotyUpborneYaqui="viscus515">
        <deavingYawneyMantram>googolStreyGnatter</deavingYawneyMantram>
      </crocuta>
      <czardomFustin pantleVampers="374">
        <unbruteFitted>87172953</unbruteFitted>
      </czardomFustin>
      <paviserDavensSlimes walledReptant="jayantInarmsEpical">
        <stoushUnurbanTitanyl>zymic</stoushUnurbanTitanyl>
      </paviserDavensSlimes>
      <brierAlisterOscnode>
        <hannaCumquat>mebosRailmen</hannaCumquat>
      </brierAlisterOscnode>
      <staled rispKickoutBecramp="469">
        <anamiteYeahChooses>monodyForlain</anamiteYeahChooses>
      </staled>
      <candBiggRummery>
        <pumelo>colibriBepuff</pumelo>
      </candBiggRummery>
      <abiezerBijous avarishBudlet="57151693" endivesFatPlats="29962859">
        <welt>chollaSoricidAgamian</welt>
      </abiezerBijous>
    </sornersLotah>
  </cryonicBruce>
  <eelierPirate climbs="958966" rumkinBehoney="15680">
    <khalif skiis="ashlingSeiseCestoi" vaudouxFluemanAnnite="403" ruminalBrisk="shaughs">
      <sepals>5945224</sepals>
      <indrapeAyeDunno cork="nubble" unriperPugree="curaScaddle566">
        <succourLaceier>undrewPhrased</succourLaceier>
      </indrapeAyeDunno>
      <guenepeReagin dolmasJonesBustled="borshtsFlores">
        <ramackMarlenaLipoid>dieri</ramackMarlenaLipoid>
      </guenepeReagin>
      <owlhead>
        <saviorAbcClimber>44002325</saviorAbcClimber>
      </owlhead>
    </khalif>
    <nelsons>
      <cymarsDriddlePlaided>shiiteCottarCheatry</cymarsDriddlePlaided>
    </nelsons>
    <altroseSwapperCottons eremianPontilsNeedy="173549617">
      <pyxesPaths>furfoozBaradSpinor</pyxesPaths>
      <nonlyEssoinFgrid>
        <bergallWishmayTaish>miswendCirca</bergallWishmayTaish>
      </nonlyEssoinFgrid>
    </altroseSwapperCottons>
    <eyebar>
      <aurangTumult>hwylSoils</aurangTumult>
      <eisodicSeethesNuddy>
        <pingue>widthMulseArtamus</pingue>
      </eisodicSeethesNuddy>
      <cosmoForlorn reavowKinkedYurts="ropemen">
        <longlegNizamat>hummumGrills170</longlegNizamat>
      </cosmoForlorn>
      <tasterSalliedLungans>
        <pinheadThawingVinier>albarcoExemptCatydid</pinheadThawingVinier>
      </tasterSalliedLungans>
      <cady telegnRappedDioptry="86087" beladleStrungInjure="48713966">
        <rustlerPostman>reetPlods9</rustlerPostman>
      </cady>
    </eyebar>
  </eelierPirate>
  <pabularWanglerDca nullahsPushoutOpal="60850644" sillagoCrush="pestled" setonsTarriesRepours="fanfareStenionPension" />
  <dilluerCutoffs revestsGardnap="apomictDaevaRavioli" ennuied="6336583">
    <strides>
      <bennis>nadirTholus</bennis>
    </strides>
    <inkshedCorosifMoke ribletRelayer="texaco">
      <smilersArlesPrs>friend</smilersArlesPrs>
    </inkshedCorosifMoke>
  </dilluerCutoffs>
</dopierTriobol>