<?xml version="1.0"?>
<valylSomaliComfier>
  <cendreColove paramIsatide="ablutedRougyWrayful" feelyCahnite="ecstasyFavella5" saughy="19186502" vilela="hornletTrypetaFinn" />
  <gannetsFlaysFlossa pleatsAmmino="analyse" mispaidDemy="nanniesSuttinRomal" townlet="speckleApiary" cressy="pittardPisoteDishrag">
    <vermes>
      <trumeau>turnpinImputedDirigo</trumeau>
    </vermes>
    <scribedCapote>
      <yodhsSaws>fruitsProbedMaestro</yodhsSaws>
      <linnaeaOffletParley>
        <claveRetools>wyson</claveRetools>
      </linnaeaOffletParley>
      <pubisAdageHulsean>
        <winkleNoshed>smarts965</winkleNoshed>
      </pubisAdageHulsean>
    </scribedCapote>
    <condGalaxyBenefit dicty="crustal">
      <septetDikeletAnhima>sacbutRealestChera</septetDikeletAnhima>
      <toledan bene="pickleHotfootAutoma" leudsPestsVahini="ashlarsEnvapor">
        <echelon>14</echelon>
      </toledan>
    </condGalaxyBenefit>
    <netleafAquageTragi outglow="ludditeZenickAuguste2" stretto="91718276" carloSovran="hyllus">
      <immunolToylike>visita</immunolToylike>
      <asop mailbagTrowelsMestiza="clamMorasPhytate" regear="9">
        <reeksEyrar>belord</reeksEyrar>
      </asop>
      <dispart majestyAmelu="7865" vrilledPresser="phoresyYockingGrugous">
        <apilaryJacalsSewar>sanpoil</apilaryJacalsSewar>
      </dispart>
      <retin beemenDenda="tulipa">
        <sameksFeridgiFumier>pissoir50</sameksFeridgiFumier>
      </retin>
      <barren sunless="bistroMandyai" tetricOchreaWises="syrupsNickeys529">
        <airers>princes</airers>
      </barren>
      <skinkle>
        <triodiaGirkinImam>befallsHottleJagger</triodiaGirkinImam>
      </skinkle>
      <papaioMoral>
        <cutdown>widdieToddler</cutdown>
      </papaioMoral>
      <zuniAshramsWhalish>
        <stowingNymphae>impeded8</stowingNymphae>
      </zuniAshramsWhalish>
    </netleafAquageTragi>
    <leastsZygoteScaly sunt="7152">
      <dumpierFanaBuglers>2</dumpierFanaBuglers>
    </leastsZygoteScaly>
    <spurgeFirmsServing quin="retestClaiverNine5662">
      <agamousNodous>clernlyLigan</agamousNodous>
    </spurgeFirmsServing>
    <tucktooUntallDivi>
      <dryfoot>phrMetristGuetar</dryfoot>
      <pasts tareqDextran="fraistPredraw" kendir="prepgStrumae">
        <darren>7245235</darren>
      </pasts>
      <follyerCremona knudsen="air">
        <upplowExplode>zootaxyMaulGalax</upplowExplode>
      </follyerCremona>
      <hoglike estrayRevive="bearcatSparids" sepalsFoundry="leep2366">
        <pomonalNamatioDucting>paydays1959</pomonalNamatioDucting>
      </hoglike>
      <sowl>
        <normanEgosTackey>sendoffKismatEyewear</normanEgosTackey>
      </sowl>
      <dispeedBibbers bowersAlexas="growthCoolly">
        <appallsSugihOctopi>caudadTufter</appallsSugihOctopi>
      </dispeedBibbers>
      <dorizeAvour>
        <sibiricBetelNukes>medalsTurtler</sibiricBetelNukes>
      </dorizeAvour>
      <pacersPksFixates twale="omissusPeres">
        <lakotaAirheadEzba>elated</lakotaAirheadEzba>
      </pacersPksFixates>
      <pinboneHeftingPapilio cultsXenianCyclism="sachet">
        <meccanDecyne>mouly</meccanDecyne>
      </pinboneHeftingPapilio>
      <uptakerVangloImper downers="vedicCressesReeded" dashelQueuing="solonRambong">
        <muchHenhawkTubeful>92</muchHenhawkTubeful>
      </uptakerVangloImper>
    </tucktooUntallDivi>
    <caroticCyanids acrasy="amvis" yechsDrailed="rowlet3">
      <patronCrojikMelling>pilledDecorumIdcue</patronCrojikMelling>
      <rushed amniacSameksSorer="68166" murlin="aparejo">
        <kellysKorin>learoyd8745</kellysKorin>
      </rushed>
      <tarkhan>
        <pollackMite>moler</pollackMite>
      </tarkhan>
      <outages fourthToeBasters="chicles" aveneryPaxes="talkersSallier">
        <grumbly>choreicToastee81</grumbly>
      </outages>
      <faggerSorbishEmceing slyerJoel="deliriaManjeri" skyphoi="donnasBuxinePaviser">
        <quartosMirkier>emoterTeleostKecky</quartosMirkier>
      </faggerSorbishEmceing>
      <bulgari mashak="705">
        <cabalsRumplesPortman>5403</cabalsRumplesPortman>
      </bulgari>
      <glitterPicara>
        <pennage>nixing</pennage>
      </glitterPicara>
      <taskingSarcina bumpy="feusInnetGears">
        <osculeQuirkedXenon>crusile</osculeQuirkedXenon>
      </taskingSarcina>
      <papyrinAlliesBoite garfish="perdrixCessed" orderedYorkistAlagau="ververPreplotReivers">
        <akaakaiAbsentJambs>pungiLatinicRappist550</akaakaiAbsentJambs>
      </papyrinAlliesBoite>
    </caroticCyanids>
    <feuteCecumChapper lauraRammack="pappousSpruced175" polyped="aevumTraitCodders" bullyAisle="soldatCortaTrial">
      <pongeeOddlegs>phlomisOutrock</pongeeOddlegs>
      <infuserWareful pinyl="471" geek="61">
        <hattieUnbinds>clericsShandry81</hattieUnbinds>
      </infuserWareful>
      <swarms>
        <venkataQuashed>2306113</venkataQuashed>
      </swarms>
      <littersLollopy bodega="93953559" butaneDenis="dottler">
        <pocking>scious</pocking>
      </littersLollopy>
      <upjetEnisles fishedGrownPinxit="admanVaruses" boche="566">
        <galootCrakes>betons</galootCrakes>
      </upjetEnisles>
    </feuteCecumChapper>
    <graperyBrecken emboly="sencioForamRaises4875">
      <squirrPoisDangle>frowl</squirrPoisDangle>
    </graperyBrecken>
    <papillaInbond>
      <lummeSpireOcypode>pyrulaRodentWettish</lummeSpireOcypode>
    </papillaInbond>
  </gannetsFlaysFlossa>
  <besluitEthylicFulldo berkAnnoyer="kiefLut" />
  <datablyCoyolGausses hospiceRuffing="deseamIndows" elymusSnowkAdultly="duniteHeederBraving7" shaftyDisgood="mhosZosteraGreisen" infanteWonnotHandsaw="dey">
    <furnaceHatterySyndet trigynDoob="rumneyUntruthRovetto" ponceau="passadoHalimot" sadhuTucuna="carnicSilvan">
      <floozieGoofierSpiler>9</floozieGoofierSpiler>
    </furnaceHatterySyndet>
    <ajenjo moveDari="boeSaltboxShea6" mockadoBraysQua="collybaLevisUnsell">
      <labiate>floaty</labiate>
    </ajenjo>
    <comboyUnfilm>
      <tishriThyiadEncamp>binateAlumite</tishriThyiadEncamp>
      <sorer batardeJuntosVolapuk="toasts" attagenJellilyWerecat="abbeysAniente3">
        <viiiKindles>offendMinuets</viiiKindles>
      </sorer>
      <vironBranHyoides>
        <daresayHask>pstBritany</daresayHask>
      </vironBranHyoides>
      <flyaway subaqua="beakedAllonge" beeswaxKella="glidedTalaje760">
        <perusedAriledCereals>rains</perusedAriledCereals>
      </flyaway>
      <ghaziUncart mudlandMashlinGloboid="8195">
        <outtorn>shiksa</outtorn>
      </ghaziUncart>
      <welderEvicke>
        <genesisAmorinoHalfwit>sculpts</genesisAmorinoHalfwit>
      </welderEvicke>
      <burdon begobAwakingRamanan="gaywingArmletOutgive" unsoberShizoku="unroostPianosa">
        <annexes>gainsetSumlessFuhrers</annexes>
      </burdon>
    </comboyUnfilm>
    <chondreBrash erasing="1646" blendedCassonsOxboy="bespewMelismaOslo4637" tubules="pilingsMandatsStorken25">
      <carrom>spignet</carrom>
    </chondreBrash>
    <versusDawdles>
      <legumesWeeplyCicale>desorbs</legumesWeeplyCicale>
    </versusDawdles>
    <nemos shoodBharalHalogen="tamanu" ditherAribinAbider="patapatUntopPacing" assuror="853644">
      <peplosAgues>palaticWittall</peplosAgues>
    </nemos>
    <pauseParetic homburgHenpeck="bald" finding="spaedMoolveeLobelin" remoted="111">
      <joukery>decays</joukery>
    </pauseParetic>
  </datablyCoyolGausses>
</valylSomaliComfier>