<?xml version="1.0"?>
<howkedAilmentHoodie>
  <sneezerMinionUnwheel hyleanAphoniaDoting="baryonsJobber" huskerGnabble="plangor">
    <harierArcsin>
      <hoboismSabeing>5289547</hoboismSabeing>
    </harierArcsin>
    <peumusParader>
      <bimbos>bhavaBlessedShojis747</bimbos>
    </peumusParader>
    <coadoreMarica>
      <cyamoidWekaOrgiac>isthmalCapedReburst</cyamoidWekaOrgiac>
      <cense>
        <fleamyPluses>alkoxylLounder</fleamyPluses>
      </cense>
      <oilcoatStreetTopped>
        <bandageAmoebicBuick>3</bandageAmoebicBuick>
      </oilcoatStreetTopped>
      <preciso patternInfima="8222490">
        <cyathosGruffyNarcous>allowsCuspisPrelect</cyathosGruffyNarcous>
      </preciso>
    </coadoreMarica>
    <crangOxanate>
      <vocablyFewmetsBurleys>keynote</vocablyFewmetsBurleys>
    </crangOxanate>
    <dildosDiploeSigher>
      <boiled>6</boiled>
      <micheryTerais lemuresSwardy="schultzPoggy17" inspireMikirAcharya="pennyGemeledBoza">
        <naughtCockalGossan>choirsHeptads</naughtCockalGossan>
      </micheryTerais>
      <filliesBrummer caner="scirpusBran7">
        <ushabtiBritainOsamine>radlySissierHuffcap</ushabtiBritainOsamine>
      </filliesBrummer>
      <reviver>
        <atellan>iraqian</atellan>
      </reviver>
      <unelect>
        <wishyFervorsPelagic>366646113</wishyFervorsPelagic>
      </unelect>
      <tocomeTiering>
        <lawmanNattle>caitiff</lawmanNattle>
      </tocomeTiering>
      <uncorksChest darkiesUrarticHiking="gliderQuamashArayne" clayishLoma="chinkedLipworkDretch4887">
        <virasonIntoTurtled>furnishBahoeAbey</virasonIntoTurtled>
      </uncorksChest>
    </dildosDiploeSigher>
    <bolelia sneddedDoneArgive="bumpityJundie1" pappies="gowpin" gowningGodsend="7390">
      <upanaya>pretzel</upanaya>
    </bolelia>
    <monkdomCloud>
      <hoggin>stamErodedLoller</hoggin>
      <riggotDoceticPolity striftCupping="arabeskDowries" grexDowyPhano="effund">
        <unkillBraveRebuilt>trillo</unkillBraveRebuilt>
      </riggotDoceticPolity>
      <horny venosalNamasteAtavi="illogicEveryYouse1850">
        <riveterLou>2</riveterLou>
      </horny>
      <chafery voilier="samuel" bopsTisane="paleman">
        <platery>pubsObloquy1997</platery>
      </chafery>
      <tidioseBlightyWeewee gry="laqueusNeronic" oficinaAlpidPuzzle="vaporedUmiaq">
        <huldeeGrufflyBore>98889392</huldeeGrufflyBore>
      </tidioseBlightyWeewee>
      <torpedoShily brevet="sneesh" murchy="6816">
        <gusleeCoggle>atrenJaunces5</gusleeCoggle>
      </torpedoShily>
      <minnies>
        <tavernZambacStlg>52777</tavernZambacStlg>
      </minnies>
      <griding>
        <besaintKhahoonTumtum>crozleFacundSaleps</besaintKhahoonTumtum>
      </griding>
    </monkdomCloud>
    <bariteApochae>
      <hoyDame>stookerWigs</hoyDame>
    </bariteApochae>
    <faze>
      <vierIncudesZiram>9</vierIncudesZiram>
      <roilsEnkidu tagala="224" daddyInkbushIllus="ignavia">
        <sledder>gomartIrgun</sledder>
      </roilsEnkidu>
      <bevors>
        <diasciaAutecyBunker>borrowGangwayAssais</diasciaAutecyBunker>
      </bevors>
      <lurcherPoiana>
        <chummerMinbuGaoled>rowel2444</chummerMinbuGaoled>
      </lurcherPoiana>
      <emanentRattish eclairs="blightMirfakEntour" satisfyFeat="rpsSpannedAefauld">
        <couples>myatonyCuratel6</couples>
      </emanentRattish>
    </faze>
    <ocelots>
      <hemeSorosis>165</hemeSorosis>
    </ocelots>
    <chored>
      <tegulaePosoleArenoid>lysines</tegulaePosoleArenoid>
    </chored>
  </sneezerMinionUnwheel>
  <dude mahoneOutride="ramateWeepHeehaw" kip="29868" />
  <rushingFurrier>
    <beodeTaroksKiss>
      <mhoLinier>9338441</mhoLinier>
    </beodeTaroksKiss>
    <mammate>
      <yawned>cookery</yawned>
    </mammate>
    <fldDelaine>
      <getahTantrumRubatos>reableAltify</getahTantrumRubatos>
    </fldDelaine>
    <halacha>
      <sloanea>3815</sloanea>
    </halacha>
    <cahuita>
      <arbiterSmacked>churrs</arbiterSmacked>
    </cahuita>
    <runnels>
      <tollsDeboner>60</tollsDeboner>
      <commons>
        <feloidNoilyMutive>aferLamutCloots</feloidNoilyMutive>
      </commons>
      <listing arioleWeste="varusSheols" jerkerAnalityVisors="cagnKabarIffy">
        <dipper>ricks2155</dipper>
      </listing>
      <mcphail snarler="tremieTabby">
        <laminaeOuphe>norito</laminaeOuphe>
      </mcphail>
      <gammonOdylWhangam hibitoRusinDewan="sutor" pumperAtheliaSquinny="witwormTogateSalter">
        <patcherFlexureHustled>flet</patcherFlexureHustled>
      </gammonOdylWhangam>
    </runnels>
    <propendPeeweesRefuge fogram="ficoRunty1963">
      <scudded>byteOstsisDirl8</scudded>
      <origansFluterOam enaptChisel="ungrave">
        <eligent>bumpilyMelder</eligent>
      </origansFluterOam>
      <aotus tlingitChunnia="gooeySnape2123" utrecht="bywords">
        <lutesWhoosySenlac>dhobee91</lutesWhoosySenlac>
      </aotus>
      <savvy>
        <wistfulGraphisNadiral>apepsyDaidlyAflower</wistfulGraphisNadiral>
      </savvy>
      <dolousTapererPrerent chirksFlenser="ideOmmatea" lysol="kinaImbalmAnogra">
        <alantinDablet>6648497</alantinDablet>
      </dolousTapererPrerent>
    </propendPeeweesRefuge>
    <ucayale orestesComalHeaper="creem">
      <fanega>bestialEucti</fanega>
    </ucayale>
    <pileup>
      <naiadWeedilyParlay>61963</naiadWeedilyParlay>
    </pileup>
    <iddioLamestDevoid>
      <henlike>thiazin</henlike>
      <tatbebNervalUratic>
        <plewghBranny>bulbarFelling</plewghBranny>
      </tatbebNervalUratic>
      <smouserNiaisRottock>
        <yahganTillersCasino>61621136</yahganTillersCasino>
      </smouserNiaisRottock>
      <solderUnglib>
        <hipposDemot>694</hipposDemot>
      </solderUnglib>
      <woggleElitism darger="croyden" potass="74937">
        <rehone>chaffPettleGessoes353</rehone>
      </woggleElitism>
      <cheapoPole ploverKosinTaxer="siccingFalsify" sartorsPlaitsKoku="933">
        <shankerTubaeNeuma>filers</shankerTubaeNeuma>
      </cheapoPole>
      <surfeit patents="glowingOselaDessus">
        <consortRecrateMollahs>inksRubsChoragy</consortRecrateMollahs>
      </surfeit>
    </iddioLamestDevoid>
    <garrafaSeatron>
      <bibulusLitten>gooderOxanateForaged4</bibulusLitten>
    </garrafaSeatron>
    <gripy>
      <princoxLakyCellule>2114913</princoxLakyCellule>
      <seraphsJigger>
        <rectifyCoriin>indianaCoxy</rectifyCoriin>
      </seraphsJigger>
    </gripy>
    <adviseFumbleKago snookerNasat="rutateLinoxynAahing" mirkish="fogging" ratiosReduplMauls="muddify306">
      <kcalMiffSotadic>begot</kcalMiffSotadic>
      <tambursInfang runtishAhrimanSundry="157145080" retainZizzleCambaye="2819">
        <sutured>gliffySpicae</sutured>
      </tambursInfang>
      <zilpahGuanare>
        <chetive>oxgoadAdamineVawards77</chetive>
      </zilpahGuanare>
      <gailOlonetsMired ireless="cocklerSquabbyManpack">
        <vervesArnica>95</vervesArnica>
      </gailOlonetsMired>
      <rathestNapery>
        <coemptsSize>burgherPuledSequel</coemptsSize>
      </rathestNapery>
      <filicalMisstop>
        <rivages>babblerSeder99</rivages>
      </filicalMisstop>
      <foams>
        <eadSteeplyLant>981781263</eadSteeplyLant>
      </foams>
    </adviseFumbleKago>
    <templetEspinel>
      <wakingUnsulky>chengPioury</wakingUnsulky>
      <posher unmixSnively="eglogue">
        <tackAculeae>demesSenator42</tackAculeae>
      </posher>
      <noviceMarginsGlossal zenobiaSaltily="curdlyMagasin" minings="satieno9">
        <boogiesKeranaIsogeny>hexacidBedogDuroy5959</boogiesKeranaIsogeny>
      </noviceMarginsGlossal>
      <sommite pisang="36335625" shawn="87">
        <unwits>sachetMoiseOutdrew75</unwits>
      </sommite>
      <wosomeKickishAglance>
        <ephete>decine75</ephete>
      </wosomeKickishAglance>
      <earwormSpake>
        <haesFluemen>thecaePimentCrevet</haesFluemen>
      </earwormSpake>
      <grabbedAfresh>
        <reavowsPommageBaeria>suburbsMarries</reavowsPommageBaeria>
      </grabbedAfresh>
      <morvinMineralAftward throedCoxal="scroff" swardedUsurpTsi="airfare852">
        <marginsEmbarksNuzzle>caskCruxes</marginsEmbarksNuzzle>
      </morvinMineralAftward>
      <seppuku whimsBleeds="fordyFlavorsEscout">
        <boteteCavumPartied>sclater</boteteCavumPartied>
      </seppuku>
    </templetEspinel>
  </rushingFurrier>
</howkedAilmentHoodie>