<?xml version="1.0"?>
<clachVileyns>
  <clipeiMorianPaprika>
    <jorgeVocesStarved hein="baruriaRinka" heliconLucksTermine="railman" nonomadMissive="hackTearingQuokkas">
      <whippetGanodusSawbill>ifritCognati418</whippetGanodusSawbill>
      <nestsMappyOpen>
        <wouraliPresets>caryFalcerMarkaz</wouraliPresets>
      </nestsMappyOpen>
    </jorgeVocesStarved>
  </clipeiMorianPaprika>
  <unvainWolfmen rubinWalkup="hexsub">
    <ichthusEmilBepity>
      <implied>ogmicCarious76</implied>
      <coremaFibrils>
        <slewed>daimons</slewed>
      </coremaFibrils>
      <bepityTilsEquulei quohogsHackees="marten2020" palelyDidoEmicate="lisere">
        <lynn>509</lynn>
      </bepityTilsEquulei>
      <angelicMayhapHamated heroismExists="quadleHageinDural" spirousPriceLhd="2426">
        <reglow>kincob</reglow>
      </angelicMayhapHamated>
      <glisk menkindClyer="tortaTraceFess388" abucco="nammoEpigneKanap326">
        <whoBonaghHezron>gurryInterAtaman</whoBonaghHezron>
      </glisk>
      <congaedRegards>
        <gleeds>patly</gleeds>
      </congaedRegards>
      <agelongSackageAgnoete spading="apronedAranea" hurtersFlaneMissort="29">
        <tingerLiney>burelyBuffos</tingerLiney>
      </agelongSackageAgnoete>
      <resale cocaSnodlyFeff="7">
        <thyiadShoolSabe>priory75</thyiadShoolSabe>
      </resale>
      <iambusJatacoHoulet angusesSaging="swarf" lizards="lampongPontinAmotus">
        <blondWanyoro>64717</blondWanyoro>
      </iambusJatacoHoulet>
      <leistenPukesMaffick scalfFrazeFamines="4468" cuddlePeckish="tidifePuttyEchinus">
        <regroupAdoxies>774</regroupAdoxies>
      </leistenPukesMaffick>
    </ichthusEmilBepity>
    <bidderyChomp>
      <changaGruelIdeas>cotidalBoxfulsSiever</changaGruelIdeas>
      <stella peching="portersKarrooBawdric" shrogLotahGalante="rehbocScungy">
        <rose>5603519</rose>
      </stella>
      <bobbing tempyoForebar="sampansDeer">
        <intransFuturoHabitan>rigodonLeah</intransFuturoHabitan>
      </bobbing>
      <yetiHooter bahayGlower="lister">
        <apathyIciness>astintMilhaMowha</apathyIciness>
      </yetiHooter>
      <busiest zoneShowedAlmondy="hwtFisetin">
        <pavises>swoonedShishCabaho</pavises>
      </busiest>
      <liveredSmrgsGlaucus nursy="pardal">
        <grits>12621</grits>
      </liveredSmrgsGlaucus>
      <labbaBainite>
        <buddedMeaticTruncal>hadji</buddedMeaticTruncal>
      </labbaBainite>
      <seskin>
        <tahgook>dalemanAlants4541</tahgook>
      </seskin>
      <dipsieBatardeAmunam>
        <crookleRelease>beniLearoyd</crookleRelease>
      </dipsieBatardeAmunam>
      <replaitBumbo megaricRecusesRunrig="dizenMoore">
        <fallwayLingleLotus>26529497</fallwayLingleLotus>
      </replaitBumbo>
    </bidderyChomp>
    <burster>
      <adopter>37111760</adopter>
      <psizeBedpanGlauke misgiveDomnei="oarfish7187" timpani="pyknicBehelpRigbane">
        <fackinsDotard>54</fackinsDotard>
      </psizeBedpanGlauke>
      <beshowCiliium ergotinNoncock="minoredKnatte" eyecupsDromon="cutlipsBetireMassig">
        <migrant>varical</migrant>
      </beshowCiliium>
      <julien mananasCongiusEpicure="cutwormGualaca86">
        <pickets>smooge7333</pickets>
      </julien>
      <pickierJimperRifling copyismTofus="prenderVineryCalked" geeing="slippyPeepul328">
        <mistuneFerriedSectile>scat</mistuneFerriedSectile>
      </pickierJimperRifling>
      <renablyYampee zlotyJibes="osirideRagging681" tango="stared">
        <fightSwonken>unburstWouldn</fightSwonken>
      </renablyYampee>
      <incanWhistly thorter="991352">
        <dialersSimply>japes</dialersSimply>
      </incanWhistly>
      <plashy>
        <thysel>71546</thysel>
      </plashy>
    </burster>
    <menthaPanton>
      <reinduePhenoseCaviars>inmorePentitPattie</reinduePhenoseCaviars>
      <curying>
        <lutao>8</lutao>
      </curying>
    </menthaPanton>
    <lardryBevinedMoutler algumHathiPhoneys="24573" ossaRacistsBrasero="allegroLealty" inurnRagi="ogeeOakland9759">
      <recaps>skeeredMotmots</recaps>
      <ukaseAcouchy peelOneism="cosiesSimiansRavines594" nandinaZonuridNoance="bossboyThyselSubset2">
        <unquoteUncoft>ostlersHaltReblock</unquoteUncoft>
      </ukaseAcouchy>
    </lardryBevinedMoutler>
    <bremberAngolar>
      <swanksSadh>birrus</swanksSadh>
    </bremberAngolar>
    <addaEosateGhoulie>
      <orotund>miskyPutcher1074</orotund>
      <remillExcel swanksMarronsLazuli="begirdsDistyMuvule" bouleComptly="nipmucHeafHickish">
        <benicMasses>68871</benicMasses>
      </remillExcel>
      <bandleWourari mendyStrettaEductor="272" laurasOutlung="foretopEyespot">
        <pill>1202</pill>
      </bandleWourari>
      <blake sitsOutrage="56000">
        <orgamy>fiordsSorrelElatcha2</orgamy>
      </blake>
      <flotageMisdealPoddock>
        <fatness>idestAngstGrete</fatness>
      </flotageMisdealPoddock>
      <cannerAlevinPucka dewormsExaltee="gharial" jerlSuzanne="38636847">
        <congery>toman</congery>
      </cannerAlevinPucka>
      <plashet unboxedPaintedFreezes="layeryPaddies">
        <morone>schmitzSadistSude</morone>
      </plashet>
      <radly unnailsCologPrelacy="6903" serootKinkled="ineptlySulfone1152">
        <roaderMikeyDisrank>joblots</roaderMikeyDisrank>
      </radly>
      <yarwhipBurhel>
        <snodSubsereUngaged>radularOenoneRundle617</snodSubsereUngaged>
      </yarwhipBurhel>
    </addaEosateGhoulie>
    <boutellRecopy>
      <pielike>ulvasCodicil</pielike>
    </boutellRecopy>
    <tosser>
      <macana>hastatiOopakEighth</macana>
      <unhingeQuitsMurdrum>
        <corralsRunedBeshear>3638672</corralsRunedBeshear>
      </unhingeQuitsMurdrum>
      <mitogen pinyl="oologicTabbyArctan">
        <fodient>pectusCauses8</fodient>
      </mitogen>
      <exiting>
        <yernAntapexDroit>wareggaTikkunZaurak</yernAntapexDroit>
      </exiting>
      <rhizineBabeSigma>
        <unshylyChinseGaulish>cribbed</unshylyChinseGaulish>
      </rhizineBabeSigma>
      <luskBailoutTabefy coveyUpcoverArgali="amylsBadgersHowked7" malayFulgentSpurges="paunchyAvenge">
        <bouclesPrimus>iononeTimoEssede</bouclesPrimus>
      </luskBailoutTabefy>
      <borzoi wined="upsendSamsienGanam" cucurbTelicBerean="dextranRhinosEast574">
        <bayalLavic>774</bayalLavic>
      </borzoi>
      <tristBurrers viagramTillotRacings="moronry" arnautQuarticCanones="11076">
        <usheredAlbite>poach</usheredAlbite>
      </tristBurrers>
      <yorkTilaka khevzur="isolead">
        <sabbatBusway>crackupAccuserSquaw</sabbatBusway>
      </yorkTilaka>
      <visardVellumStanine simagreLueticsCendre="weaponMizmazeGoetic68" percussCogue="tenterOutspanAskers">
        <gruePala>agonizeLaurieQuiting</gruePala>
      </visardVellumStanine>
    </tosser>
    <muckAtoke glinkWhipray="pomster" tomsBedcord="untaste" legalDatedlySpikier="areallyOnions96">
      <tentletJavasRagtag>blagueTeenBetted</tentletJavasRagtag>
      <canopidVucoms echoist="perfixBaseman" gaupingOctavicMussuk="speltsVampishBluffs">
        <bernice>rikshaAntonioEnrage</bernice>
      </canopidVucoms>
      <khirkaSicilyOculi ungloryNonny="tropoyl">
        <sawwayDunnessDado>millesSurgerSaccage</sawwayDunnessDado>
      </khirkaSicilyOculi>
      <ribe orality="mountee">
        <sydneyRoynous>385652</sydneyRoynous>
      </ribe>
      <toedHeathFellest calved="luted">
        <howsourBathe>ryaniaVapourStoter</howsourBathe>
      </toedHeathFellest>
      <degage>
        <eucreWeestDrugger>ashanti</eucreWeestDrugger>
      </degage>
      <prytanyStrass>
        <chacoliAssumed>tequilaPirn</chacoliAssumed>
      </prytanyStrass>
    </muckAtoke>
    <jant>
      <upkeepWirablePectic>beaume</upkeepWirablePectic>
    </jant>
    <akeyRetally>
      <jotisiSyrphus>dropsWinces</jotisiSyrphus>
      <sutile>
        <pozMalism>bathesCashawJigs</pozMalism>
      </sutile>
      <guebucu biprismEchisParuras="acapuYees" cli="zestyPrefoolKinked">
        <queerly>836434238</queerly>
      </guebucu>
      <elongOomancyNosy carceagNinety="henpeckQatar">
        <sephen>caryaLibr</sephen>
      </elongOomancyNosy>
    </akeyRetally>
    <outjuts>
      <alnath>filateRecodes</alnath>
      <toluRookerSandbug honoraWishers="staplesMargery71" holsterSarky="boys586">
        <lavantGillnetOutsung>halloos</lavantGillnetOutsung>
      </toluRookerSandbug>
      <pareiraJeffieCaroch>
        <funduck>nuzzerCountedOildom</funduck>
      </pareiraJeffieCaroch>
      <wavelet willowAnisilPyrrol="natriumAnaphia" utopistInly="torvity">
        <tringa>pumiceYin3</tringa>
      </wavelet>
      <staffed curie="lockjawDewfallDamage" hewholeNepote="cactusOverlegSinew8034">
        <endyma>zoilusTabered</endyma>
      </staffed>
      <laziest tweetsChanceDanes="626644992" osella="1493020">
        <orgueilShradhDemos>giltShould</orgueilShradhDemos>
      </laziest>
    </outjuts>
  </unvainWolfmen>
</clachVileyns>