<?xml version="1.0"?>
<suppersDrillet>
  <salukisGenianDimoric coshed="umbranaBroomy" sparseUviolToward="3" valors="dinklyAjog" />
  <ironmenLottedCine sortita="365786" redden="532">
    <fatefulFurling>
      <puccoonVaughnWarbler>69348</puccoonVaughnWarbler>
    </fatefulFurling>
    <smiddyDoused dobbin="reskewHistieBylines" expremeTalcerKoko="alf">
      <knapeLintelsCrucian>405857</knapeLintelsCrucian>
      <snellerBurionBarye treefulTitisDampang="you" grassetRunklySaltfat="257">
        <quarrelSveltePrivado>macrons1</quarrelSveltePrivado>
      </snellerBurionBarye>
      <chookieSculsh vied="selles" martRepile="boston4704">
        <ateuchiPerusal>sprintEjulateFastiia</ateuchiPerusal>
      </chookieSculsh>
      <nounDimaneDoater>
        <bacao>comvia</bacao>
      </nounDimaneDoater>
      <foveateAhiNanes rainfulSangirProv="berapt">
        <hacklyPascualLinwood>sparerWraps</hacklyPascualLinwood>
      </foveateAhiNanes>
      <polys enfirePhosis="droseraChoopWitting">
        <painterAnormal>270651467</painterAnormal>
      </polys>
      <ukuleleRosttra peanuts="acajouTsuma" loselsElogyOrgany="botfly">
        <amidineUnregalPunkin>weerishSlimpsyMundal</amidineUnregalPunkin>
      </ukuleleRosttra>
      <amoebic>
        <resiner>expireeDowdier26</resiner>
      </amoebic>
      <sordineWolf unheal="ribworkPulleys">
        <packway>contourPerrie</packway>
      </sordineWolf>
      <leary>
        <outspy>untread</outspy>
      </leary>
    </smiddyDoused>
  </ironmenLottedCine>
</suppersDrillet>