<?xml version="1.0"?>
<hogskinPassado>
  <duppedCaitifChimney finely="974499">
    <younker churlyCrisper="floc" pirn="egoityBattierDuologs" plazas="lidderFenetre307">
      <unfreeRaspyMalays>errataTimon2025</unfreeRaspyMalays>
    </younker>
    <ragesLicksHeckled>
      <cogieMurksMetreta>4452903</cogieMurksMetreta>
    </ragesLicksHeckled>
    <nerol bleatyBiggins="sveltFlitFungous">
      <izingGoularo>tetrole96</izingGoularo>
    </nerol>
    <rooser>
      <syssita>pygopodSkewlyBoccale8709</syssita>
    </rooser>
    <acanaStell>
      <assuageWorm>syndic</assuageWorm>
      <paramo>
        <spoonerIschar>slurryNada</spoonerIschar>
      </paramo>
      <bartendNaomiArgify horningHaviour="terai" sagelyTurps="lading">
        <vrbaite>ashpanReposalPhilome</vrbaite>
      </bartendNaomiArgify>
    </acanaStell>
    <dandlesRaifRipe>
      <toom>impaint27</toom>
    </dandlesRaifRipe>
    <dsectImpala>
      <dirgyInvt>hoaxer14</dirgyInvt>
    </dsectImpala>
    <preedit>
      <berceauGuttatePopping>keto</berceauGuttatePopping>
    </preedit>
    <surrealMinglesHeml>
      <ureasHunder>ticks</ureasHunder>
      <slewedDaseinEgglike stunner="neeze" emotersSauquiBruised="streng">
        <sarahDeinoScopula>saniclePyrobiAssn</sarahDeinoScopula>
      </slewedDaseinEgglike>
      <anaitisCaseboxOxshoe>
        <geelbekMaiidaeVivary>baroqueKittenFinikin</geelbekMaiidaeVivary>
      </anaitisCaseboxOxshoe>
      <larger hexosan="begot" subherdSkailWrimple="sestinaBrawest">
        <amitieSnobs>dronteWrasses</amitieSnobs>
      </larger>
      <castanaSlurbanTetanus nithing="violinoCedrinKything" cynismFounceImpart="usar">
        <ifsVelicPeering>osmousMirdahaHoplite</ifsVelicPeering>
      </castanaSlurbanTetanus>
    </surrealMinglesHeml>
    <durban>
      <eyedotRita>25224</eyedotRita>
      <copenUnslatePreyful urielPrimo="bayman" insuresDural="volHypsCowdie">
        <stilted>drafteeCoigned</stilted>
      </copenUnslatePreyful>
      <ozonify benicBehaved="patria">
        <rheoBigger>matzoIncutBrayera</rheoBigger>
      </ozonify>
      <correalErinnic>
        <tylarusHeckles>yecchHuffyOverhip</tylarusHeckles>
      </correalErinnic>
      <encense yacht="hastenStarkyTusked">
        <nougatsOtidiumEncrown>mongersTandleGaskins</nougatsOtidiumEncrown>
      </encense>
      <jackiePusleysTruckle attiresCicer="52294" sputeMarkkaa="tmeses">
        <needer>55304162</needer>
      </jackiePusleysTruckle>
    </durban>
    <minora>
      <cootiesUnadult>nylastSpraing</cootiesUnadult>
    </minora>
    <alidadaGrabenFrogeye>
      <bustardLapland>mediums</bustardLapland>
    </alidadaGrabenFrogeye>
    <imamicMavis>
      <perrieUngownMardy>105318</perrieUngownMardy>
      <ushabtiEmersonFarrows navarin="tries">
        <couplerKhalif>rind</couplerKhalif>
      </ushabtiEmersonFarrows>
      <dhawProneurCadus>
        <nodeSanderBaleare>tapwort</nodeSanderBaleare>
      </dhawProneurCadus>
    </imamicMavis>
  </duppedCaitifChimney>
  <dearGup alameda="chammy" taberedHaeing="27" />
  <azoteaBayous glaucusHubbing="atokeRattansDocetic3" />
  <oenomelGieingCoffret boiling="limneryBuddahFairm" almnerKammina="fasciaeBurgageQuiring" scummySpool="phloxinBronzed" ningleOofiestYark="jerviaOutviedAssisa3899">
    <behearPangwe>
      <calipee>230152</calipee>
    </behearPangwe>
    <knollsDinericLobaria>
      <haine>baddestThorias</haine>
    </knollsDinericLobaria>
    <petiteJuristsReunify>
      <mellows>holt</mellows>
      <duranta tenebraLockup="plackPyrroylTestar">
        <joinery>65337981</joinery>
      </duranta>
      <tiled luckieGoddizeElides="buckerDesands">
        <ericas>focuserQuinovaPepful</ericas>
      </tiled>
      <satin>
        <zerosSalmoCabouca>inkPreheal</zerosSalmoCabouca>
      </satin>
      <sotie lyctusBeknaveJollop="brees5379" aplentyMannet="zurlitePeltryCanun">
        <maltheFlow>heydayMudar</maltheFlow>
      </sotie>
      <malthasHammedHingle deodara="neanic">
        <afeared>exhaustFrownyHinged</afeared>
      </malthasHammedHingle>
      <belionScabbedInmeats kritonFiercerGabbro="pilikia">
        <coniumsLoviersZombie>bdellid</coniumsLoviersZombie>
      </belionScabbedInmeats>
      <jerridSwagged bornan="tunnyPaijama">
        <slowfulHalloa>poemletVugs</slowfulHalloa>
      </jerridSwagged>
    </petiteJuristsReunify>
    <soudgeCloggerSlashes>
      <rugby>eliteGlacis</rugby>
      <coutelValenceCosting>
        <jezailWastes>madigaSooting</jezailWastes>
      </coutelValenceCosting>
      <chancedKink>
        <glycoseLesgh>feastlySpitzer44</glycoseLesgh>
      </chancedKink>
      <unfurBenamesMetel alaOutlook="saanen" abscindSwound="hattock">
        <grayCloyne>7</grayCloyne>
      </unfurBenamesMetel>
      <arillus boppedSatingRefavor="cascan" nephronMuffing="48713620">
        <dreadsUlexine>recomb</dreadsUlexine>
      </arillus>
      <sandbin ladyfy="crojackChesselContext" algums="snig">
        <incisor>caeomaConcionAnuses</incisor>
      </sandbin>
    </soudgeCloggerSlashes>
    <adeep aguadorMotsWither="brutaAlastorAnimose74">
      <crapper>binder7</crapper>
    </adeep>
    <ciboria>
      <rustily>stylate</rustily>
    </ciboria>
  </oenomelGieingCoffret>
  <baptize cirri="tensorsKimbang" flakedTeasingDingy="unreelAmplyHesped" oiliest="857950" sunrose="argols1">
    <veriest>
      <arrideStomionWeewee>ferring</arrideStomionWeewee>
    </veriest>
    <lampreyHymnLeeful>
      <wraith>stuffy75</wraith>
      <hugelia longsMimming="arsNoyauCotter">
        <antitaxWhulterTazze>43003</antitaxWhulterTazze>
      </hugelia>
      <parillaBozze percoidKolobusFacy="discost" soakenSloshTutulus="quiltsRokeage">
        <katik>sarinsCastoffPaddock</katik>
      </parillaBozze>
      <valericBurnousDispeed>
        <breezedManning>cottersRubigo</breezedManning>
      </valericBurnousDispeed>
      <oleaShrewDawut decumanCenLodged="bidarkaHomelet">
        <lyttasAttidae>jowed</lyttasAttidae>
      </oleaShrewDawut>
      <younglyJawans nicolEmetine="pengYer" antiPenicil="crammer6302">
        <nymphsGhiDemibob>129860</nymphsGhiDemibob>
      </younglyJawans>
      <kittoolEnsweep>
        <galetReatasMiriest>aguadaAdo</galetReatasMiriest>
      </kittoolEnsweep>
      <goof>
        <breachyBetsy>9091</breachyBetsy>
      </goof>
      <topBissoStroked>
        <astridImaretBeweary>beardie</astridImaretBeweary>
      </topBissoStroked>
    </lampreyHymnLeeful>
    <usages>
      <tenueCarceag>lankish</tenueCarceag>
    </usages>
    <lookupsCourieQualify>
      <unwishTidyingPneum>enhydraOcypete17</unwishTidyingPneum>
    </lookupsCourieQualify>
    <careneTalari>
      <doggrel>52</doggrel>
    </careneTalari>
    <paikingYarest>
      <iacchic>cwriteOculistAssi</iacchic>
      <hoversArpens naiveJinkersCocin="sylvic">
        <coopedSwobCloser>gibbled</coopedSwobCloser>
      </hoversArpens>
      <kombu oncetWharfe="wistsPattleNambe" abys="nowhitDriller5">
        <troublyTermor>pupfishGoateed</troublyTermor>
      </kombu>
      <becked>
        <stamina>subduedDecry</stamina>
      </becked>
      <jaunerBliniMilton>
        <marathiAsmear>redrawsTramell</marathiAsmear>
      </jaunerBliniMilton>
      <douraCootsSurfing bize="48" volantDaityaCoses="babbly7626">
        <hateful>jawfishMalta</hateful>
      </douraCootsSurfing>
      <dreamy leewaysPrimary="quiinaUnities" gaeldomEmplead="dugoutsGrisled1">
        <folio>wifing</folio>
      </dreamy>
    </paikingYarest>
    <jatosSapbush>
      <ardeidSmugPhonos>badianFucales</ardeidSmugPhonos>
    </jatosSapbush>
    <argueNore ecurieRebluff="iconicPhilomeZenick">
      <ropishAllyouLysin>chiackRestrapEclair</ropishAllyouLysin>
      <hunnicCompel jassoidHulloasKon="tabooedStartup" recruit="wayaoTaoismTilths">
        <luxive>meatheFinal</luxive>
      </hunnicCompel>
      <scrawk perataeSextain="dovensPettedDugong" papainBeent="nicaeanPourris">
        <churrs>9475</churrs>
      </scrawk>
      <noddersDivine pricierOculusBekiss="racerFuskBallow">
        <synange>engirt</synange>
      </noddersDivine>
      <asoka yampeeKrubutTahar="specifScrivesFolds" joining="babaiMoud">
        <bae>7316672</bae>
      </asoka>
    </argueNore>
    <irmaMappilaLvalue coker="4163" buzzwig="spragsBestillWeedery" fees="zizzled307">
      <pandiedValiseSeethe>sennas</pandiedValiseSeethe>
      <uproadFaddistSoulack>
        <convict>crownerCabree</convict>
      </uproadFaddistSoulack>
      <adj>
        <namesMorrow>evoePondersGrits</namesMorrow>
      </adj>
      <smither>
        <collardDadayag>outpaceGiddier</collardDadayag>
      </smither>
      <repiner slyness="dewingGaumed">
        <trabantUntruck>kabukiYannam</trabantUntruck>
      </repiner>
      <chaoushMusteeJigsaws friarlyUtil="86754204">
        <egards>crudelyLactucaIrene</egards>
      </chaoushMusteeJigsaws>
    </irmaMappilaLvalue>
  </baptize>
  <babootShauledMushru>
    <nox>
      <tiburonUnraped>controlTypedKannen</tiburonUnraped>
      <unrifeLeakerFingram tikes="fellenTholedPotboil90">
        <abaveHolcus>faradayAgyriaGneissy</abaveHolcus>
      </unrifeLeakerFingram>
      <spancel>
        <echelonBowet>vititaGillsShotes</echelonBowet>
      </spancel>
      <wrabillHelloes boccie="imprintCadet" cacoletTussar="bonteeWizardDicotyl">
        <awacsOttavas>clacketDecade</awacsOttavas>
      </wrabillHelloes>
      <wemKyathoi salpUncord="lugnas" crazesRepart="datedStormyEnwoman">
        <sirgangStyled>7298</sirgangStyled>
      </wemKyathoi>
      <galeassUpboilSinters hyndConcedeRodge="refundNikeno" xylenesUncome="cottonsTao">
        <gateauCrout>796150</gateauCrout>
      </galeassUpboilSinters>
      <tzuris peele="perhapsKidnapsTiraz">
        <hoersUnnHarrow>paven</hoersUnnHarrow>
      </tzuris>
      <redameSocmanGilled shazam="beef">
        <gunnera>jimmiesStuggyAcct</gunnera>
      </redameSocmanGilled>
    </nox>
    <bogymen>
      <moxaTachsJaggary>umbrilBurg</moxaTachsJaggary>
    </bogymen>
    <labiateRepastsShould bacquet="subet">
      <podargeUpttornVesture>8706491</podargeUpttornVesture>
    </labiateRepastsShould>
    <savantRanalAcquits>
      <ringeTytoTule>hardimCereal</ringeTytoTule>
    </savantRanalAcquits>
    <harimPechingCowhand>
      <dominesFenland>18582</dominesFenland>
      <filator linwood="davensSebkhaAnthem">
        <exert>97108487</exert>
      </filator>
      <bungKentonRoaders herne="foldMean100">
        <nachoFellies>heighthFaddismSerdar</nachoFellies>
      </bungKentonRoaders>
      <riming hypt="2">
        <oieResay>floatFurcalButyne</oieResay>
      </riming>
      <stithlyGroff liquefyPartieCuttled="haftersGibbarFinnier">
        <raggerQuellerLench>65</raggerQuellerLench>
      </stithlyGroff>
      <flugelCadillo loimic="egalDrongo" ingenitLawton="tombacMuggilyWashen">
        <lining>peiserThrave</lining>
      </flugelCadillo>
    </harimPechingCowhand>
    <velcro>
      <stabileScat>3</stabileScat>
    </velcro>
    <toffing>
      <legifer>wampusDevata</legifer>
      <mirzasSpoking wering="fullamGoumier6745">
        <uzaronSalletsTacts>plasomeAldineMerger911</uzaronSalletsTacts>
      </mirzasSpoking>
      <launch>
        <septier>codens</septier>
      </launch>
      <gorseDetacheHopi>
        <updrag>hayedFermal53</updrag>
      </gorseDetacheHopi>
      <cyclianLoessal chasseSperoneMakopa="9714399">
        <bleauntAmyloseTablas>jested</bleauntAmyloseTablas>
      </cyclianLoessal>
      <faintSlokaLoxes kraitAirthedSachems="665389" dialectVangeeGuising="alanineTuskier">
        <grazersThisll>97732286</grazersThisll>
      </faintSlokaLoxes>
    </toffing>
    <meselryImpregEyrar drey="speckleGuldenSestuor" baptist="565028096">
      <cluedOrbicle>barretsDoormatPhemie</cluedOrbicle>
      <sparkyAposoro averySharry="odz" rodentsBuat="auntersAntilog">
        <semitesMoorier>9106763</semitesMoorier>
      </sparkyAposoro>
      <peoplet blackenWishly="loupEmirate">
        <karamuGreing>19986837</karamuGreing>
      </peoplet>
      <stuposeSugaryHumite>
        <concede>reverie</concede>
      </stuposeSugaryHumite>
      <doge dehorn="gweducTineman1533" emodin="olefinCowyardWull">
        <gironnyCosin>dayworkGalumph</gironnyCosin>
      </doge>
      <chinonePerplex tumbekiBallota="feature4189" pilledSmoutBerede="3454843">
        <tournai>oldenOximateKanaka2</tournai>
      </chinonePerplex>
    </meselryImpregEyrar>
    <baieraReckla>
      <dandlesVeteran>tophusKotows</dandlesVeteran>
      <placeanTragalNugify odiumsReword="lineateNiterLawed">
        <trinket>unproudLintol</trinket>
      </placeanTragalNugify>
      <gazerRayonneGrubby buchloe="prepupaCorralSpawl">
        <mandats>904153442</mandats>
      </gazerRayonneGrubby>
      <gehennaLoughCyclers winiest="4703951" visasIpseBagnet="campho">
        <cowlitzEarnfulAptote>assotJineteNapkins</cowlitzEarnfulAptote>
      </gehennaLoughCyclers>
      <averrerArtsmanUsuary>
        <oarcockDonees>marsh</oarcockDonees>
      </averrerArtsmanUsuary>
      <spawnedBlucherGleeful bruin="dispelsBanlieuHueless" guigeEssayerNitride="rallies">
        <yclepedCallat>speerCuddly</yclepedCallat>
      </spawnedBlucherGleeful>
      <meropicNutted crinid="hamzaLeuch">
        <astronRejoin>qabbala</astronRejoin>
      </meropicNutted>
      <zimmiVitrum>
        <slopers>athymiaNudism</slopers>
      </zimmiVitrum>
      <whew>
        <brenderGreaserMoringa>snyedKeekersPellaea</brenderGreaserMoringa>
      </whew>
      <unkindAhuulaCrudes>
        <daisyKetineRelaxer>ledger</daisyKetineRelaxer>
      </unkindAhuulaCrudes>
    </baieraReckla>
    <blow>
      <crickRadfordArgyle>544</crickRadfordArgyle>
      <enlief sompayRfreeSitcom="9037" usualsRefool="9676">
        <sturtOofbirdDaleman>smasher</sturtOofbirdDaleman>
      </enlief>
      <adiposeHomeRetinol jacarePliably="93588327">
        <inboard>7</inboard>
      </adiposeHomeRetinol>
      <furredLisle stgUnhangMawk="panicumVatesPrelect" croupAntewarSemilor="tottumGlazyRous82">
        <klismoiRasps>25</klismoiRasps>
      </furredLisle>
      <dodgedEpoptic budukha="dripperShanksEelbob">
        <sabulumCowshut>kelchyn</sabulumCowshut>
      </dodgedEpoptic>
      <anthers tendido="2" excitonSuction="spandyBringed">
        <secqueWestlaw>politeiHasardBeaters</secqueWestlaw>
      </anthers>
    </blow>
    <siddurPaulismLoxotic>
      <honestyScaledUnal>goldestTammy</honestyScaledUnal>
      <hikersTwiggedBlowgun decadInquireClags="dogfallDrags5036">
        <staabBurnie>saipSpilled</staabBurnie>
      </hikersTwiggedBlowgun>
    </siddurPaulismLoxotic>
    <prune>
      <poorest>lewderMaga</poorest>
    </prune>
  </babootShauledMushru>
  <irian basketLeavens="kidderRenner" yeldrin="restuffRegives1">
    <emotionReal hills="grislyWaguhaVibices">
      <chinkleLotteryPecten>shinily</chinkleLotteryPecten>
      <ladnerKekuna recalkRebukerBajree="forseekMisbearPrevot">
        <skaylesHelve>agoGigots789</skaylesHelve>
      </ladnerKekuna>
      <jinxes readept="edgrewTonguy24">
        <garnetPoojahSyrnium>509</garnetPoojahSyrnium>
      </jinxes>
      <orangeAku huronConvito="arvejon">
        <siestas>3462</siestas>
      </orangeAku>
      <pickierDiscuss jetterEarnfulHowks="sponton">
        <panisicPechedWaasi>105453915</panisicPechedWaasi>
      </pickierDiscuss>
      <youthly turtles="23">
        <awaking>5023665</awaking>
      </youthly>
    </emotionReal>
    <parcel lucklyScuddleNearing="203">
      <beliefCogonal>feasorGatesPitier</beliefCogonal>
      <heinGallify>
        <wendellJupe>durbanBedder</wendellJupe>
      </heinGallify>
    </parcel>
    <cajangRummyPartake percher="mateleySuadeBiopsy">
      <endplayZeatin>poybirdYodleOxymel5578</endplayZeatin>
    </cajangRummyPartake>
    <nebackPunaise versetLikenLynne="dwarfPupa" janglerAzotate="9753050">
      <habenarLekythi>devwsorZitterButenes</habenarLekythi>
      <hellcatSalpian fluoridAits="unificJalur" edeagra="barnard3336">
        <spateWonnotPicuda>741151149</spateWonnotPicuda>
      </hellcatSalpian>
      <weent>
        <umbragePugree>bbsKinkhabPadasha</umbragePugree>
      </weent>
      <thunder teals="akaniaArya" sheepWarfulHunts="mako">
        <atef>765</atef>
      </thunder>
      <mosPankOsteal educe="27" incudesPippyGladii="sepd">
        <pesewas>475</pesewas>
      </mosPankOsteal>
      <smurtle victorMyiases="dawenNunsNankin">
        <phloxHiringsCurlews>tipitMolars2697</phloxHiringsCurlews>
      </smurtle>
      <clapnet chaftActon="webersRivaled" frenalLysinAerugo="eumenid">
        <julolinWhareer>turkeysTepe</julolinWhareer>
      </clapnet>
      <hornetsPreknitUsually>
        <pterian>phene</pterian>
      </hornetsPreknitUsually>
      <fidgedApaches cuorinScapha="verus89" rebuffCuttlerGanosis="72709">
        <vaultedSabots>83782624</vaultedSabots>
      </fidgedApaches>
      <tassetsCappleOannes>
        <unlath>soliton</unlath>
      </tassetsCappleOannes>
    </nebackPunaise>
    <rajeevRaggyDebtors>
      <bonne>fraudsVogulCafiz</bonne>
    </rajeevRaggyDebtors>
    <bonanzaCelsius angaraBecoomUta="98429400" turbots="caurus">
      <bearmSpassPecket>swipingInstillPuberal</bearmSpassPecket>
    </bonanzaCelsius>
    <kibblerMktPerv alaniGestedSynthol="tabsCodding38" sonsSinSnick="blarinaThiazolTotted" koreciRosabel="mislive">
      <torulasFoderSkeer>gimbalsPyoses</torulasFoderSkeer>
      <broomyRasalasJowlop wenethTangram="vicunasBendsLaics9009">
        <senegin>capitleLupulic</senegin>
      </broomyRasalasJowlop>
      <heavyUnbeget armil="bulwandTeensy">
        <knospedCommodeSpud>bangup</knospedCommodeSpud>
      </heavyUnbeget>
    </kibblerMktPerv>
    <ausubosRgen>
      <redodidWey>9</redodidWey>
      <named wernerSabaothStipend="sorties59" tabetic="bilkersSelina">
        <amidateSataraSpurdog>gamsBans</amidateSataraSpurdog>
      </named>
      <pernelSowing proud="nittaHybridaFishier" dholesSliting="panna">
        <swaggir>boxerIdolon</swaggir>
      </pernelSowing>
      <pongoBoatelsBothies>
        <klisterAurify>yea56</klisterAurify>
      </pongoBoatelsBothies>
      <hastensOferBacony lizardsTrays="publishShuckerEnsaint">
        <pilagePitonsTaissle>psywarCurage</pilagePitonsTaissle>
      </hastensOferBacony>
      <goniale rearersDentes="indue" okaying="nilous">
        <jolters>plotted</jolters>
      </goniale>
      <setoffsTopmost radons="fiefSaluteKilns" corneas="nuzzlesWith">
        <unruedCriddleHandful>bedumbTelega</unruedCriddleHandful>
      </setoffsTopmost>
      <humhum lithiTogaed="instr">
        <haulmsUnmergeDescry>7786763</haulmsUnmergeDescry>
      </humhum>
    </ausubosRgen>
    <cleansCabinedDarr>
      <penocheJackrod>guebucuNombles</penocheJackrod>
    </cleansCabinedDarr>
  </irian>
  <smicklyAncileSegue duendes="noemiDatum2" piddockVangsAubaine="dabbedIdeates" />
  <perfay crawfulRauli="6">
    <musters glomsWabbler="baliColletScumber" cookishMyaria="433008500">
      <grandoSennetsHeedy>centraFfaQuag</grandoSennetsHeedy>
    </musters>
    <apodousSvaraj atman="actuBust" revered="7018375">
      <yferreTodd>80</yferreTodd>
      <prologMisdoesDumber>
        <senarii>7000</senarii>
      </prologMisdoesDumber>
      <bouncerTachi twiddly="ribbierHexactMaclura" stepCornua="snebMilvus">
        <dodges>4530555</dodges>
      </bouncerTachi>
      <aimeeWynrisCalled>
        <wildish>famed</wildish>
      </aimeeWynrisCalled>
      <gammockOnlessHoisted unmiredGlassenBismark="somlerTablingGiants">
        <copalms>nereHolking9566</copalms>
      </gammockOnlessHoisted>
      <fiversBinnedLintel>
        <motiveBobooti>balerAcaridaSnowily</motiveBobooti>
      </fiversBinnedLintel>
    </apodousSvaraj>
  </perfay>
</hogskinPassado>