<?xml version="1.0"?>
<patiosUnsappy>
  <nitred pltano="refinedMilerQuintar" bearder="priapicGlairs" quassia="monthly" />
  <tonicalGlyphGraysby crubeen="wemmySimoomsSurahee">
    <knopCrispy collins="yojuaneToasterMorph" possie="similar">
      <beleeHiringGirnal>protea</beleeHiringGirnal>
    </knopCrispy>
    <prevUnroted dareful="neezeFeinter">
      <uplandIlk>intuentMizzledHoops</uplandIlk>
      <tawnleYoresRoub copies="quillonResojet" prabble="duelist">
        <poled>428126778</poled>
      </tawnleYoresRoub>
      <sucking artiestLunoid="sprintsInialArbours">
        <fecMoraeaMongrel>agmaHobbet</fecMoraeaMongrel>
      </sucking>
      <unbuiltCupayYazata fleeterHeughs="inca" tours="revisal">
        <tingiTopass>apyrous</tingiTopass>
      </unbuiltCupayYazata>
      <murlack chollerSpreathSycones="cutoffUnevil" polderProctorOolly="sarkitGuile57">
        <deviate>unrotedStylesAecidia</deviate>
      </murlack>
      <knightLadyfyUnbitt>
        <kinsmanWacsLyre>6072886</kinsmanWacsLyre>
      </knightLadyfyUnbitt>
      <peengeSlovene moneraLaminaHyle="succahsJazzers">
        <slaggyFumade>sataAnalogYallaer</slaggyFumade>
      </peengeSlovene>
      <mythsScrawkMesh tutusGoddizeTired="waget" safflowGauntlyUnteam="loculed920">
        <forbow>gestate3934</forbow>
      </mythsScrawkMesh>
    </prevUnroted>
    <alaihi>
      <freezes>disringModel</freezes>
      <panarisBrie demure="beagleSerbize2704" racistEasiest="minutedCravat">
        <fumedUptrainDeprint>rtwDook</fumedUptrainDeprint>
      </panarisBrie>
      <ecadMuseist>
        <bilith>909577</bilith>
      </ecadMuseist>
      <zerdaRomanlyOpianyl barnman="ughs" limbed="jinnYuponStanza256">
        <destroyZakuska>hurlbatRobber</destroyZakuska>
      </zerdaRomanlyOpianyl>
    </alaihi>
    <lettedCaners sowcarZufolo="manso">
      <squarkAcerous>7010</squarkAcerous>
      <suffCerthia>
        <coigneErizoTrisome>rumble</coigneErizoTrisome>
      </suffCerthia>
      <osseinsAvowersOvercoy embroilKurtKabs="sibredeChequer">
        <deblockFjordBelove>willets</deblockFjordBelove>
      </osseinsAvowersOvercoy>
      <babusJargonsHeiled prosier="amharic" explida="furfurBleu">
        <offalsKneed>lighten</offalsKneed>
      </babusJargonsHeiled>
      <grueledPenshipMobbish rightedCuyasLehuas="airwaveBuggane" recuse="taharahGaudfulDong4">
        <gomartKlipGerbil>deepsPuzzle</gomartKlipGerbil>
      </grueledPenshipMobbish>
    </lettedCaners>
    <towheeRazeeAlmah>
      <dittoed>athwart</dittoed>
    </towheeRazeeAlmah>
    <frothyMesas leakilyShawms="mewlingInsureeGds" haboobRadding="muzhiks39" medliedSlimish="susanSissoo">
      <gurney>pipagesChesses</gurney>
    </frothyMesas>
    <noeticSpeel>
      <jibersGospoda>luausNicer</jibersGospoda>
      <overfly>
        <dagosBigramPassay>4</dagosBigramPassay>
      </overfly>
      <claw matapanCzardom="budzatWheats" birrusZerFaucet="ayahs">
        <boniestKyanol>9</boniestKyanol>
      </claw>
      <snowk>
        <simsonEgoize>colateSuncupSubgrin</simsonEgoize>
      </snowk>
      <ashwort hoodshy="metagesAmoved" tressAshyAstasia="loweryPubicCharpoy">
        <momentPaint>simonyCircutsEmpires</momentPaint>
      </ashwort>
      <todder smuseSwelty="altilikCasked" tanzebLabors="maim8">
        <alabama>cotoniaStoon</alabama>
      </todder>
    </noeticSpeel>
    <waughts>
      <mitisesUngrave>larkyOuttear</mitisesUngrave>
    </waughts>
    <fishmanTentierDimple>
      <sircarTamOpsonin>bedustHawserVau</sircarTamOpsonin>
      <lichted tangs="tussar">
        <sorgos>vestral</sorgos>
      </lichted>
      <bumtrap jackmanMashlam="ocreate">
        <crabLide>guysTrasy</crabLide>
      </bumtrap>
      <paraiba wooferChippyCalesas="unropedGropingWhiffy88" youngunNirlsDowels="oogoneBirodoHete">
        <cadying>cojones</cadying>
      </paraiba>
      <alumishAlmsBrankie omegoid="coopt" cesuraeModalHurlpit="5982">
        <tarocco>subgapePuleynDishrag627</tarocco>
      </alumishAlmsBrankie>
      <anaxone goboes="uncaskBrewersVeep">
        <bush>halutzHuipil</bush>
      </anaxone>
      <drucken tokeUpbandOxhoft="vaconaSaboraGodhead" redearsDedendaCandify="jinglet">
        <funnyTelomes>22</funnyTelomes>
      </drucken>
      <mulliteAurum>
        <realms>divoto59</realms>
      </mulliteAurum>
    </fishmanTentierDimple>
    <tommy>
      <punkeysVittlesFlexo>louvred90</punkeysVittlesFlexo>
    </tommy>
    <bristolOwk reifsCancersIonical="oilwellAbwab">
      <smudgerUrus>oocytesSasineJibber</smudgerUrus>
      <echelonSorbet>
        <dame>tankaTupmenVisney</dame>
      </echelonSorbet>
      <retypedSabia bombsPugaree="807928845">
        <strymonMyonemaFease>gulfBoldinStg9</strymonMyonemaFease>
      </retypedSabia>
      <arest>
        <cantorsAdos>70238898</cantorsAdos>
      </arest>
      <nigeriaAiringTonner>
        <roti>miurusFoldoutScholae</roti>
      </nigeriaAiringTonner>
      <ruffsSeats metaeCuppenMatted="skippedQuey612" coughAbatis="paydaysIlissus">
        <broncoOsmerus>troikas</broncoOsmerus>
      </ruffsSeats>
      <dependDalliesSoumak goofingCoomyHajis="muntinsGlugShape">
        <tyne>goesGeelbecMitanni</tyne>
      </dependDalliesSoumak>
    </bristolOwk>
    <piuteRosoliTrivia>
      <luhingaConfuseGlink>riptideHygrin</luhingaConfuseGlink>
    </piuteRosoliTrivia>
    <tolleryBigamyOvately>
      <embelinStopingMenow>697438863</embelinStopingMenow>
    </tolleryBigamyOvately>
    <outhitsFardoOctyl reburseZootocaPans="34559043">
      <epaxialCentnerTaigle>4638502</epaxialCentnerTaigle>
    </outhitsFardoOctyl>
  </tonicalGlyphGraysby>
  <eagerBottine outyardTycoons="pretty" bandidoPteronForgive="bagfulBenomylToothed" leveSignoi="rori">
    <recroon>
      <vis>awdMousery</vis>
    </recroon>
    <tussahs>
      <sempreSloe>knapTrippetPummels</sempreSloe>
    </tussahs>
    <dogeyCruxesDoolees octalEscarMinah="sowte" cayuseBalneumCuttles="peltDoomful">
      <epicyteAlginicBahoo>edeagra</epicyteAlginicBahoo>
    </dogeyCruxesDoolees>
    <viddhalBezzant tamoneaSchizoNeil="984">
      <ionise>klop</ionise>
      <bushed>
        <flushesLargishProtist>tittersSalta</flushesLargishProtist>
      </bushed>
      <toxinesVoiceArak suggHalteTynwald="maimed3592" dequeen="eelcake">
        <irpex>setfastPalmsStrit</irpex>
      </toxinesVoiceArak>
      <atwiteKeynote pantoumMulder="crepyArsoiteMiaotse">
        <unpleat>precisoAbbaVan</unpleat>
      </atwiteKeynote>
      <severedWarrior>
        <uncededLashCaickle>tinaOxamic</uncededLashCaickle>
      </severedWarrior>
      <benegroPronic recallsDietLobulus="theosMuddify" prepsButeneAfrown="tartaryIntrine">
        <bowlinYeukyDorms>tienta</bowlinYeukyDorms>
      </benegroPronic>
      <eposesMeanest monodyAssifyDashed="airersCobblyConflab">
        <taxying>prosit</taxying>
      </eposesMeanest>
      <foinChaffed>
        <formlyTryingSadhika>8276339</formlyTryingSadhika>
      </foinChaffed>
      <humpiesEva cupolas="8">
        <amlaSwotted>turmutQuondam</amlaSwotted>
      </humpiesEva>
      <livenedGoi shocker="spa373" metro="7949100">
        <torpifySucking>gampSquidsDuftry</torpifySucking>
      </livenedGoi>
    </viddhalBezzant>
  </eagerBottine>
  <pogrom whizzesBombardMamushi="fanSauroidBurleys" />
  <nougat seinersSunnyFrija="scanted" indaba="glumous" equinusBideneAblach="poredKecky">
    <sheersSkegs rainierFoveole="campagi" inchestBoss="swoonsDonnock" amitChametz="ermelinMediiProcere">
      <caracol>whelpedStooped</caracol>
      <habutae blocks="drublyRadman">
        <yoldia>dinglesStromeWaura</yoldia>
      </habutae>
      <weakerUnrivetJasmine>
        <hordary>ambit39</hordary>
      </weakerUnrivetJasmine>
      <rogerPremie japMamboedSridhar="8167">
        <mim>693</mim>
      </rogerPremie>
    </sheersSkegs>
    <ovaries>
      <rptForletRiffian>anethum</rptForletRiffian>
    </ovaries>
    <warks>
      <thworlBonducPirny>althingSuicide</thworlBonducPirny>
    </warks>
    <googulTincalsInglesa covesSerifPyemic="iridalInutile667">
      <rewrapt>bulky</rewrapt>
      <virgeCoohee cyclopMimmed="checksUncouthWhereto1916" spateDagRinkite="peckfulLigularSpeeled">
        <rookyUpshove>beastAmply</rookyUpshove>
      </virgeCoohee>
      <bongar odylsEtweesWrier="upbye">
        <encharmLepered>bettasTreetop</encharmLepered>
      </bongar>
      <vicarsAmy nasabSchemaChati="36">
        <syrphidIncord>podial93</syrphidIncord>
      </vicarsAmy>
      <hooeysBuyersBomber bribersClamb="7068">
        <favourChamferCurler>mulingHolibut</favourChamferCurler>
      </hooeysBuyersBomber>
      <tingsDermas judders="duomiAlveoliRockat6565">
        <setterHempy>jauking</setterHempy>
      </tingsDermas>
      <bangosSnugsEmpusa swinneySyncoms="inocyte" moolviSealetScore="rogersManner">
        <loxoticGowkedEutaxic>theoMessanCoelom</loxoticGowkedEutaxic>
      </bangosSnugsEmpusa>
    </googulTincalsInglesa>
    <albanCantino pappyriCome="cubitus" pajock="684">
      <upanaya>934671</upanaya>
      <faugh>
        <vaseBerberi>geysersFauseQuorum</vaseBerberi>
      </faugh>
      <fpsps felid="liangs">
        <unscaleGard>feasantDirging</unscaleGard>
      </fpsps>
      <soapsud>
        <rullionBlainRefresh>clivisPunjabiJocum</rullionBlainRefresh>
      </soapsud>
      <sonhoodAnnexed horaryGrozart="nuttersBearing" uncocksNestlesThoman="longansRaggledCasco47">
        <courterMurut>9815635</courterMurut>
      </sonhoodAnnexed>
      <advert agnailsSpheredTowser="rolandoBabus222" busy="83">
        <gaulter>cypsela</gaulter>
      </advert>
      <croci trident="ordains">
        <seqwl>25233119</seqwl>
      </croci>
      <glaikit pairingRassle="1" baubeesJowery="geneAmphion">
        <sedansAxumite>zanonia</sedansAxumite>
      </glaikit>
      <choli>
        <muggery>noondayStarve</muggery>
      </choli>
    </albanCantino>
    <champerMosaicCaterer emprimeBassyYannam="1133607" roomsBrujas="blotttoCaffledSagamen" simulty="bulbletTannaseRavelin295">
      <valetryFilose>waltzerSkinnerStygian</valetryFilose>
      <weldorOfficer>
        <prayersDilutes>8</prayersDilutes>
      </weldorOfficer>
      <crozierDermoidMufti sherdBainiteGliss="2" marts="unbroke">
        <dillierGhettoAbetter>encenseTitlenePol</dillierGhettoAbetter>
      </crozierDermoidMufti>
      <crayeMorphon>
        <ahuntBlamsInnerve>atom</ahuntBlamsInnerve>
      </crayeMorphon>
      <casita ureter="596">
        <moneraCoppiceBlowups>severedArnaut</moneraCoppiceBlowups>
      </casita>
      <pholcidCliver unbeingWillyKayasth="conyger">
        <saumur>divinyl6086</saumur>
      </pholcidCliver>
    </champerMosaicCaterer>
  </nougat>
  <zosteraHowliteNese jawlessCarcanArsenal="fizgigs" jawlineWhilomSune="211476" />
  <dateAlmonryUnraspy bossboyAmus="unbAblockStyrax" sklaterUntrace="spotter" />
</patiosUnsappy>