<?xml version="1.0"?>
<preppie>
  <solace miaouOocyteQuerns="chafery2" jurors="whirryDrablerTolan" />
  <amuseGlossic />
  <clickyCowpony mokihiDictery="213" barisChalahGubbins="culliesAntares2710" wingsScrumpHalurgy="condemnMatcherVidicon3" />
  <machilaOratorySelfdom dirtilyForesay="ceresinUnspicy" nimrodBarre="wunsomeFarfal28" vicudaGonionZesting="nation" famousUnpeel="3">
    <teapoyCrusetsMutage dull="343486" zemstva="banting">
      <hangupsGaudishUnbet>rappenHallier</hangupsGaudishUnbet>
      <awreak>
        <buz>convellDecreer</buz>
      </awreak>
    </teapoyCrusetsMutage>
    <dratsInqilab>
      <timaniKissersHaori>rangingDuane34</timaniKissersHaori>
    </dratsInqilab>
    <clothes>
      <fylkerVerbal>2427404</fylkerVerbal>
      <aerobic degSav="shopsIodoxy">
        <peeksBooths>cantata</peeksBooths>
      </aerobic>
    </clothes>
    <rakefulVisiveUnfloor>
      <chats>osirian</chats>
    </rakefulVisiveUnfloor>
    <achyliaChasers norfolkGuloPapboat="burntlyDiocese">
      <duckpinPlastin>triste</duckpinPlastin>
    </achyliaChasers>
    <valetaAcronyx>
      <culets>cienaga</culets>
    </valetaAcronyx>
    <papeEmeer>
      <spooferFreezy>riginalCarkled</spooferFreezy>
      <velourAndricByrls shottenMyophanHackmen="117618">
        <chuggerMetal>7378429</chuggerMetal>
      </velourAndricByrls>
      <giles>
        <coationNatuary>jubhahs21</coationNatuary>
      </giles>
      <unquiet punan="hanchHerdboy">
        <chemungParters>rosesColletsFestal</chemungParters>
      </unquiet>
      <cantaroCaphClaimer>
        <crummedHellenOwldom>kachaDipnoid</crummedHellenOwldom>
      </cantaroCaphClaimer>
    </papeEmeer>
    <koumys>
      <skunked>polsLuiginoCling</skunked>
      <optant desk="hemina">
        <russine>1444</russine>
      </optant>
      <issuedPearlyCasuary>
        <usw>swingle295</usw>
      </issuedPearlyCasuary>
      <brouze mossy="replaitFastestCrevet764" bourd="57">
        <gatha>brownlyZinkifyTay</gatha>
      </brouze>
      <burletStaple hellerMalpaisNed="talliar">
        <greavedAtty>twine</greavedAtty>
      </burletStaple>
      <affreuxUalis balowTicker="myitisFallen" kited="unlyingPraised">
        <colon>agaricsJacal</colon>
      </affreuxUalis>
      <briteTompon scrapeMateys="alongHomos14">
        <cycad>stonkCooker</cycad>
      </briteTompon>
      <sowder taxer="legible" sliders="cobourgPsoas">
        <uncs>ileonGedsEcesic</uncs>
      </sowder>
      <chemiseHeml>
        <roelike>998</roelike>
      </chemiseHeml>
      <burglar scolops="magianPhacopsGamont" emetin="polishLepiotaCrinel">
        <pilingsBelaceButton>agnamedActianGasmen2</pilingsBelaceButton>
      </burglar>
    </koumys>
    <baredSatient bighornPeppinWhare="4333">
      <gitter>geasonOmitted</gitter>
      <shindleTernar gorkiCumlyCards="rebuses93" whulkPyjamaEnlay="acarol">
        <cidSclimRaffia>sarinda</cidSclimRaffia>
      </shindleTernar>
      <bakundaDidusBalks bullismGilgieIvorine="spanemyDemeter">
        <bayanoAiglets>storaxNordic</bayanoAiglets>
      </bakundaDidusBalks>
      <horsilyNares alphos="235" lopseed="27858960">
        <athrillJomon>achorEpical</athrillJomon>
      </horsilyNares>
      <storeyQuintes stylliGrebes="dowable" joyceanSixtesSkittle="385095">
        <aortismDaylongVanist>20974874</aortismDaylongVanist>
      </storeyQuintes>
    </baredSatient>
    <sightsTrag coins="578557700" purlStasima="wharp" glassyJemezDoaty="3068">
      <prenoteChufa>8201</prenoteChufa>
      <turmetJacques>
        <haemsDomalHymner>rentierSustain</haemsDomalHymner>
      </turmetJacques>
    </sightsTrag>
    <alibamuWaxhaw>
      <mildfulGaze>fass</mildfulGaze>
      <planesEnchain spatlum="boled">
        <andine>brails</andine>
      </planesEnchain>
      <earlessNoticed bauckiePrivily="525651772">
        <sacae>50731</sacae>
      </earlessNoticed>
      <unusage brewerPrefCental="unsteekJixie">
        <mung>8918</mung>
      </unusage>
      <sherifsCesteBiniou vacouaCombat="9">
        <gatsbySanghaBehoves>repage</gatsbySanghaBehoves>
      </sherifsCesteBiniou>
      <unsplitDecurve cananga="fingerPlessorBrevete" aponiaHexylic="501489256">
        <sennetsUnpopeFinis>hallowsLithiumCuriosa</sennetsUnpopeFinis>
      </unsplitDecurve>
      <mondayMarlier neper="cowtailWanklyMoltten">
        <refallAmylsDap>psoitisVii</refallAmylsDap>
      </mondayMarlier>
    </alibamuWaxhaw>
  </machilaOratorySelfdom>
  <angels mithersAshfallHornist="proavisRoland" scodgy="pbxes">
    <battier>
      <filices>serinesBasnetChytroi</filices>
      <bullismExuvialJumped tsungtuMechlinBroon="89571" whatreMassOct="vetch2906">
        <glitch>growthyQuieted</glitch>
      </bullismExuvialJumped>
      <kavaic>
        <costalTin>dhobiPlacoidWite3</costalTin>
      </kavaic>
      <quoterErst>
        <bizonia>gladite</bizonia>
      </quoterErst>
    </battier>
    <patristSprigEdestan>
      <kleenex>luxates</kleenex>
      <blisterCund baa="slimingSmarmy">
        <impisAverish>passageStull5</impisAverish>
      </blisterCund>
      <cassianUncrate untunedPunchAnaboly="sackenZeismOpec" ratoonLallans="briardBilboasBaddish9">
        <latenedPilpul>priggedCaroticIschial</latenedPilpul>
      </cassianUncrate>
      <eskarsNybblesIndign riksha="2">
        <euclasePhearse>smackeeTonsilePlexor</euclasePhearse>
      </eskarsNybblesIndign>
    </patristSprigEdestan>
    <netopSpallerSporont hodureEyeflapAstrid="offward" apathiaGeedIanus="nogadaPecks">
      <ungyve>censorsCoyly8574</ungyve>
      <prologiHashiyaAestii enviousCowskinWirra="annoy" belaWitessAzote="673827440">
        <electedTerreneRust>hubris31</electedTerreneRust>
      </prologiHashiyaAestii>
      <aplome nabobry="preideaDural2" earthedLuffsGantry="mynah616">
        <sabbathSiddha>anisoyl</sabbathSiddha>
      </aplome>
      <seedful spokePotdar="keywdTeerer6" tattoosFiefs="flasqueKadiShpt">
        <adiceaBillage>ablatedWaxerLepero436</adiceaBillage>
      </seedful>
      <garredMildfulMelinis denudesSaurianGed="208622941" wintleSeggromIcosian="868">
        <torfelOutfindWishers>17689532</torfelOutfindWishers>
      </garredMildfulMelinis>
      <happy tineolaIndict="10">
        <tryma>klopBraccaeAgnus</tryma>
      </happy>
    </netopSpallerSporont>
    <theyreHooseAryan>
      <orale>talesSerfage</orale>
    </theyreHooseAryan>
    <tophDustour>
      <sciath>89</sciath>
      <clunker otitisUpeyganMaru="evolverCajunAgainst">
        <achango>463019</achango>
      </clunker>
      <egoismsYielden litch="dealing">
        <lagginJillet>8</lagginJillet>
      </egoismsYielden>
      <portageSulidesTypica shiningBelook="subbandUpsends">
        <bosonic>afieldPorcine</bosonic>
      </portageSulidesTypica>
    </tophDustour>
    <groanedRandal>
      <balata>incepts354</balata>
    </groanedRandal>
    <lustrumPushes pegallToucherEvens="ihiTch" gowfWairs="dismissSudden">
      <vulvaeFinch>octantPlayed64</vulvaeFinch>
    </lustrumPushes>
    <ingotUnstyGeta irisin="55" jebelMarrersTussor="woozily" geckedOrthian="feedCasingGrail">
      <cowbarnAlvearyHollong>slusher</cowbarnAlvearyHollong>
    </ingotUnstyGeta>
    <alannah>
      <wapper>scudded</wapper>
    </alannah>
    <speeledMonas>
      <scutum>parises</scutum>
    </speeledMonas>
  </angels>
</preppie>