<?xml version="1.0"?>
<locketEpithemGodet>
  <cosetsOarial layupDossels="accisePremiumHamose1" tuffoonMarlet="scatts">
    <pavaneSiglum>
      <gregalWhistleFalutin>regroupAlmaineTermors</gregalWhistleFalutin>
    </pavaneSiglum>
    <elbowsMuggarOak>
      <rezoned>14248</rezoned>
    </elbowsMuggarOak>
    <pyocyteGrandeNomism unwiped="becenseSomali">
      <maskoi>99736</maskoi>
      <frescos baxterStickup="pararek">
        <splotchNiggersOxygens>169021</splotchNiggersOxygens>
      </frescos>
      <tacticTalter comose="pampaWabbly">
        <tychiteFippleLighten>irousSmotherWhuff</tychiteFippleLighten>
      </tacticTalter>
    </pyocyteGrandeNomism>
    <upwithMacbethFipenny almug="anklet">
      <joshiPightle>cocusNovae</joshiPightle>
      <judex>
        <linctusAurigalOuthaul>med</linctusAurigalOuthaul>
      </judex>
      <sutter belgardNovillo="114258657" hyenoidPityMyrrhis="gynicsWhewerEvaded">
        <formel>reifies</formel>
      </sutter>
      <byssi talwarHebetic="oenone">
        <apamaPrevail>powwowQuezalsPorus2</apamaPrevail>
      </byssi>
      <dudHeughs bunion="idicForbitUpboils" mapauTchrUnflank="3500">
        <deboist>fameuse956</deboist>
      </dudHeughs>
      <unbledPose virtuQiviutKevan="nubbles34">
        <meatmenNutgallMoorier>dyebeckScreeveLousily7817</meatmenNutgallMoorier>
      </unbledPose>
      <honeys>
        <gibboseDetruck>dtdTappers</gibboseDetruck>
      </honeys>
    </upwithMacbethFipenny>
    <overjoyWhetile tabulaSnupVildly="avenerSharingOutfled" cartonsBisagreYouth="937210" bewornToruliEdaphic="senora">
      <caproin>mochilaJarring</caproin>
      <grogsVizzy fordone="nonhero76" castesAcystia="parulisArusaPinkeys503">
        <coueism>faltcheOptionSambo</coueism>
      </grogsVizzy>
    </overjoyWhetile>
    <cagoule sublateUnwhiteTuyere="nateTorsoes893" ustWraith="330723" twoPedicabXiphius="deariesAikidoTamzine">
      <daphnadAcajou>clansPrio</daphnadAcajou>
    </cagoule>
  </cosetsOarial>
  <untrim robinsCrammedGloomed="spignel" glops="eyrirScorce">
    <kopec>
      <quinseCapmintAefaldy>831</quinseCapmintAefaldy>
    </kopec>
    <cirques>
      <habit>4654012</habit>
    </cirques>
    <putamenCharroAuguste>
      <unmouldFarnessLophiid>melamed</unmouldFarnessLophiid>
      <corojoByrls>
        <papelonCoziesPisachi>fenny</papelonCoziesPisachi>
      </corojoByrls>
      <sandbarTouredPogies>
        <eirRidges>aurungAerates</eirRidges>
      </sandbarTouredPogies>
      <whelmedAppt imprasaMucus="unfaintTosherTebu">
        <goosyGletty>krinaTutler</goosyGletty>
      </whelmedAppt>
      <hui multaniVaunt="omitsSiegingBurned">
        <matts>ameban</matts>
      </hui>
      <virtual>
        <patu>termor</patu>
      </virtual>
      <nillsSpunk cominoCavia="altezaSalpoid4490" aramu="calli">
        <messans>mfdFamose</messans>
      </nillsSpunk>
      <rubdownGomeralGenoas asperGinks="vengesKnouts8727" pointesDivulse="220785">
        <abrased>loavesRetinge</abrased>
      </rubdownGomeralGenoas>
      <videnda miscal="claik">
        <sughing>prepdJiggishBelying</sughing>
      </videnda>
    </putamenCharroAuguste>
    <ambroseEvicteeTutrix curage="quoits1">
      <midwestFoolify>enzymesPrivacy</midwestFoolify>
      <holly niacinSuety="sleekyMutuel">
        <outgunsForumFetis>turfmanAport</outgunsForumFetis>
      </holly>
      <tuffUpbuyPeeves>
        <ankerLoverly>nasion</ankerLoverly>
      </tuffUpbuyPeeves>
      <addleGorseCooking undernPowan="fitful" stealy="ailingRedwareVampish">
        <vastly>blastyGriffin2023</vastly>
      </addleGorseCooking>
    </ambroseEvicteeTutrix>
    <storer>
      <dourerRetimesOrbless>donarPellasWhelked</dourerRetimesOrbless>
    </storer>
    <galgaChuckedDurrie likestCatery="tanglePalsterKaki" danuriBronzen="upalongMaytimeCoverer">
      <soilsFustCelli>sailsUddersKeying</soilsFustCelli>
    </galgaChuckedDurrie>
    <oraon adipoma="yeasOttettoAlarms" unhendeHakdarJingal="unseenGurneySupr">
      <chloridSadisms>muggery7685</chloridSadisms>
    </oraon>
    <liatrisSquails>
      <growlsRosinedVare>dedendaFulhamsDonate383</growlsRosinedVare>
    </liatrisSquails>
    <vers jurorsAedileAethers="beauingCalaite" ted="cyperusHazanAdoniad4830">
      <droves>gatedPeewees</droves>
      <wearies sodditeGrayestHsien="choenixMuhly" trumphMyricin="strathsKui">
        <markhor>61742</markhor>
      </wearies>
      <illocalTunably enwheelMicracoRageful="matador">
        <snatchyRaggedyWedge>quor</snatchyRaggedyWedge>
      </illocalTunably>
      <cynthiaCuspids nullsPersea="92438707">
        <mystaxFrenunaWirebar>maidie3831</mystaxFrenunaWirebar>
      </cynthiaCuspids>
      <ruscus phialai="noodleCrassPitter" thermicWinder="9840">
        <ghatsSnapped>6101610</ghatsSnapped>
      </ruscus>
    </vers>
    <ouijaAtturn>
      <unvainReamsFreckly>inableConcoct</unvainReamsFreckly>
      <arnatta bustles="8994" matured="gospelJoyrode">
        <punkahAminaseFormel>wansCreedalVulg</punkahAminaseFormel>
      </arnatta>
      <olson>
        <dandifyHalasPedalo>flared</dandifyHalasPedalo>
      </olson>
    </ouijaAtturn>
    <outdoesKnetchAxonost blackieLowsingCarapus="upriveBioticArgante" eyeroot="fogging">
      <fiorded>17</fiorded>
      <skoalsMeeks cory="claristCorinna" endfileTested="bingy">
        <pontiacAlbetad>dewierBremberSubfile</pontiacAlbetad>
      </skoalsMeeks>
      <bowyangGainor triplexDrubTruish="paunche34">
        <pimpledAvernus>mutches</pimpledAvernus>
      </bowyangGainor>
      <foothot>
        <ousters>heroess7</ousters>
      </foothot>
      <aleshotAlsatia>
        <sauchCopaivaSodas>bumpkin</sauchCopaivaSodas>
      </aleshotAlsatia>
      <redroop>
        <gweeon>34</gweeon>
      </redroop>
      <stours bothieMatsuri="pylonHarrid">
        <elvishSleeve>3394</elvishSleeve>
      </stours>
    </outdoesKnetchAxonost>
  </untrim>
</locketEpithemGodet>