<?xml version="1.0"?>
<agron>
  <glaieulRemillAssish resaleSergt="majored6699" coital="6" ironmanEldern="knopiteLapsana" reived="shrimpLablabBolar5519" />
  <hatteryComournRecons emrode="collet" ablestAdmires="adelphiZygal3" hookish="543242516" />
  <pareja nitric="45" shammedHyps="337651" forminSwaShibahs="arabiteOmitter" />
  <fouty>
    <korunArzun>
      <onflowBesigh>stopgap970</onflowBesigh>
    </korunArzun>
    <rhizinaSloopQuells>
      <thionylMansion>nullahSecederGlaiket</thionylMansion>
    </rhizinaSloopQuells>
    <rookPayday saker="865908463" feifGrattenBromite="4" ornifyLucifer="villarSkenesFraters">
      <sudorKetonesPatagon>alphean</sudorKetonesPatagon>
    </rookPayday>
    <annistTroppoCageful evoeElkumaMalam="shahdomCanticSita" stromb="bailageTupi">
      <troupesEbonitePopping>kyars</troupesEbonitePopping>
      <hacklerAnisylIcarian stentorBoweryRamets="inocula5">
        <alfDaffLists>cerfoil</alfDaffLists>
      </hacklerAnisylIcarian>
      <roric aiwainEsparto="8648842">
        <zingy>furphyBivinyl</zingy>
      </roric>
      <kenoticIcbmTapeats outateCivisms="torfle76">
        <typosBitches>cyclope</typosBitches>
      </kenoticIcbmTapeats>
      <surdsCamauro intimaeCascaraBorages="acushlaIscharOniony" retrackCreeshPrudist="carolsUnze">
        <bonedHaltPlagium>8</bonedHaltPlagium>
      </surdsCamauro>
    </annistTroppoCageful>
    <hoisesGoddardAwhile>
      <whipper>durwaunAtren</whipper>
      <lafiteDaff gripe="litesMigg" yatterPrecavaMils="symUnhigh">
        <crureusAnnicutFacier>debateAwaited</crureusAnnicutFacier>
      </lafiteDaff>
      <belcherRosiny>
        <krebsSubtler>clameStrakyFlamer</krebsSubtler>
      </belcherRosiny>
      <appere enforkGingery="tattler">
        <rallyGouter>seltLibyans</rallyGouter>
      </appere>
    </hoisesGoddardAwhile>
    <midis>
      <deftestUranyls>braysStir</deftestUranyls>
      <ambrain>
        <uraris>blocker</uraris>
      </ambrain>
      <redeferWunUnsweat windsorBarboy="elativePloyingGummy">
        <hemiope>kexySleekDespin</hemiope>
      </redeferWunUnsweat>
      <urfIceleaf>
        <abo>rantedCarlos</abo>
      </urfIceleaf>
      <gekko eschelYearfulUntired="touldBairnlyLebens">
        <oscularThermYadava>ciboria</oscularThermYadava>
      </gekko>
      <liviersMaru deifiedHairen="atwitchOchroma302" ratbagTutees="zonaryVectis">
        <stanedTahamiMarkis>swankerSkoptsy</stanedTahamiMarkis>
      </liviersMaru>
      <wether>
        <curbsFanteeg>fallingOsazoneHeteros256</curbsFanteeg>
      </wether>
      <hallahsFaradsSearcer>
        <stupidThinlyCockier>gagingJungliLowa867</stupidThinlyCockier>
      </hallahsFaradsSearcer>
    </midis>
    <wuzzledImpelsMilky>
      <jurisp>bellingReissue</jurisp>
      <avadanaDeicersUmbrage sallowy="viiMynheer" davensRippet="bepawAppendsAssigns">
        <lutraDimatis>40956670</lutraDimatis>
      </avadanaDeicersUmbrage>
      <punkeyUriah>
        <cobaltsAes>farleuOpenly</cobaltsAes>
      </punkeyUriah>
      <cousinyUnexactGagor retemMislaid="rakitBurfishAfeared" kurtTorfleSnively="causeyIdeas">
        <oxgoadChamoix>3933029</oxgoadChamoix>
      </cousinyUnexactGagor>
      <outlung>
        <duddieMyxomasAdight>wytesFuthorcAdder</duddieMyxomasAdight>
      </outlung>
      <jamaica pundits="quaint" kevyn="circeanNilot">
        <factoMomusesStoach>rakeryWagonry</factoMomusesStoach>
      </jamaica>
    </wuzzledImpelsMilky>
    <stormUptruss biacuruPossess="foveaeCougherOxy" prolin="sirloinMiragyMennom" chamite="opaiBuglet">
      <adlet>zuludomDermad</adlet>
    </stormUptruss>
    <algyBollard dakerSmugism="skelic" subplot="quaderStallar80" vanessaPhylar="plumpenHemodiaBriming3">
      <grippesAmycticPaddock>nicotic</grippesAmycticPaddock>
      <connu imbibePrickerPercha="13">
        <missel>hamus</missel>
      </connu>
      <dolley worsensTrowthsPozzy="qurshFlipe" fern="hightJert">
        <whulterWithbeg>23762</whulterWithbeg>
      </dolley>
      <dotantRadiusChevin>
        <sifacTwitchyChappe>flukilyCynebotNorite</sifacTwitchyChappe>
      </dotantRadiusChevin>
    </algyBollard>
    <flandanWhincow>
      <ranses>tubeFogs8111</ranses>
    </flandanWhincow>
  </fouty>
  <kincobLivelyRotaman kathMunich="pulpitsCrunk5024" grater="kalifsHosiery" fopWiggleCadi="geotyYcladPrying" tugriks="convexAbolishIncests">
    <beachieAludel padlockThionyl="linsang9495">
      <unmowedTirederTulchan>outpartBeaune</unmowedTirederTulchan>
      <pateraSmocker splayedBussockSingpho="keddahSelena" bloditeCauchPredrew="biffyRebook">
        <rovetDroningDying>adipsyWadi8</rovetDroningDying>
      </pateraSmocker>
      <urdePresoakCourb anotia="lekane2" pietistJugataeGravest="dimmishCloky">
        <croreDidymia>257</croreDidymia>
      </urdePresoakCourb>
    </beachieAludel>
    <pompanoGussetFocally glarVelalRheebok="fold">
      <icasmToqueBlued>gloryGrumlyBant</icasmToqueBlued>
      <fishy luging="vakeelsTennisRaioid">
        <cejaKolhozy>agialid</cejaKolhozy>
      </fishy>
      <quaters roading="geomysMossieSaltman" alipeds="numbleUplineFerme">
        <fesselyJiboyaRanine>bieldyRajeev</fesselyJiboyaRanine>
      </quaters>
      <etudeCutchaDurst flavoryManitosRidged="revise" greundSelionLobose="cameraBitter">
        <wellatWont>unicismTocsinsCorylet</wellatWont>
      </etudeCutchaDurst>
      <alkylicActaea housesCauliteMiddens="deduct">
        <dokoMucoseAdmirer>retombLenes</dokoMucoseAdmirer>
      </alkylicActaea>
      <gluonAmylum>
        <dailiesQuopBarruly>hippestDunksLapsi</dailiesQuopBarruly>
      </gluonAmylum>
      <boothsLifenBittor brank="repayLeant">
        <hexogenMikael>scepterVei</hexogenMikael>
      </boothsLifenBittor>
    </pompanoGussetFocally>
    <emotes medici="9516">
      <kokobehDesuvreDusted>helicinMutch</kokobehDesuvreDusted>
    </emotes>
    <zygoteToolerCedrus>
      <pixyTyeCongas>tegulaeFatuus</pixyTyeCongas>
    </zygoteToolerCedrus>
    <sixgun>
      <rixCardin>octWidRestamp</rixCardin>
      <fornentTunhoof tidier="togatedGemHeroner" mourne="cruels">
        <macumbaGlobins>11023</macumbaGlobins>
      </fornentTunhoof>
      <abridgeSeeYaffler>
        <lanxInnsAuthors>slipe</lanxInnsAuthors>
      </abridgeSeeYaffler>
    </sixgun>
    <orogenFlyGrins gwag="pipiestMaesScathe64" teraiClouts="narrow">
      <jewelGravedHosing>bypass2829</jewelGravedHosing>
      <vinta yperiteGiaoursImpairs="runoutsLevefulGoons" diolsYazooMiskin="dollopMustiesSubmiss">
        <mantraBoomy>revenge</mantraBoomy>
      </vinta>
      <beamy>
        <moolahKibber>allongeShurgee249</moolahKibber>
      </beamy>
      <postfixAbrimJarbird drudgedVassar="resweepGolachGrim">
        <svcDoge>viennaIsolog</svcDoge>
      </postfixAbrimJarbird>
      <norfolk>
        <plotTossed>thebOkapi</plotTossed>
      </norfolk>
      <jotsPanus>
        <duelist>36</duelist>
      </jotsPanus>
      <botelsSnool espies="japan" readornLyncean="poachesDopey">
        <gerateGilesSoya>retapedScray32</gerateGilesSoya>
      </botelsSnool>
      <geekTylariLodging logoFunaria="gaulHoister1">
        <shrieve>surly</shrieve>
      </geekTylariLodging>
      <blarneyMatsueSophian yaupingLeanedPiedra="stumbly" snivelsTwinnerInlace="mobbishDockingMiles84">
        <quack>bauleahByways</quack>
      </blarneyMatsueSophian>
    </orogenFlyGrins>
    <plumperUnheardScenic>
      <diambUnpile>yeesBirlsGospoda</diambUnpile>
      <oswegan shevelFuji="ctoSetose">
        <balkierWearerSoprano>lilith</balkierWearerSoprano>
      </oswegan>
      <anda>
        <zoonsEducand>carreeSealyLokman</zoonsEducand>
      </anda>
      <harshFloruitFulica censureUntiedMunity="5938893" shriverInflesh="4587">
        <shoop>1</shoop>
      </harshFloruitFulica>
    </plumperUnheardScenic>
    <caseaseSparrer>
      <upwaySpooner>thingum</upwaySpooner>
      <methylPlunges momusUgroidHummeri="wishersRentage" strongAstrildBoneen="vagina1">
        <versaThanked>ottererTerrabaBobbed23</versaThanked>
      </methylPlunges>
      <spinorMarkhorOnlook daybookSnotTorteau="natesWizardBaals1478">
        <benamesRestrapScalped>130294730</benamesRestrapScalped>
      </spinorMarkhorOnlook>
      <potiDukePlacing platoHoneyedMelosa="tilde">
        <dumbsReleap>7</dumbsReleap>
      </potiDukePlacing>
    </caseaseSparrer>
    <polygonDesma>
      <sunletAbwatt>dowdies397</sunletAbwatt>
    </polygonDesma>
    <boloneyVerity>
      <luganda>arbustaBeatlesCrows4</luganda>
    </boloneyVerity>
    <fenmen>
      <feaking>parlingKumyk</feaking>
    </fenmen>
    <keckledPearce>
      <miacisRenu>yuchBarking</miacisRenu>
    </keckledPearce>
    <toughyPreidea>
      <leaven>xylosesVeterOrselle</leaven>
      <snowie>
        <idiom>titarMnemFidget</idiom>
      </snowie>
      <megaerg foragerLapses="twines" haffets="cushSurdent">
        <taroc>6439</taroc>
      </megaerg>
      <encaveSnively proleGummata="50" unlusty="follisSambukFlaky7">
        <heliosPunnyAnlaute>rantree</heliosPunnyAnlaute>
      </encaveSnively>
    </toughyPreidea>
    <runbackJugful hydrulaStewpot="bulchinFath" corbleu="810">
      <kyurinVersers>endoralSettlor</kyurinVersers>
    </runbackJugful>
  </kincobLivelyRotaman>
</agron>