<?xml version="1.0"?>
<pioneer>
  <lallingKufiyeh>
    <stubFliomaBatuque>
      <eagererCampongAcademe>teasingHohn</eagererCampongAcademe>
    </stubFliomaBatuque>
    <gangismHateful ouvertTiffs="248" youdith="certain757" attainsGorlinRee="tandan">
      <hallOutweepPokeful>vocalsRinka</hallOutweepPokeful>
    </gangismHateful>
    <clakeChawSlaps>
      <toothsSkirlsBags>jemidarAlannah9233</toothsSkirlsBags>
    </clakeChawSlaps>
    <edeniteSunckeGuacho>
      <decibelSheaveTerm>tanaka</decibelSheaveTerm>
      <trigonsAldrins barbarLargenKepis="forageLiddingReceipt6927">
        <ibidineDessaAgnus>indole</ibidineDessaAgnus>
      </trigonsAldrins>
      <encloakBraye cadaverPinders="luganda8120">
        <assay>coting</assay>
      </encloakBraye>
      <valse hazleScholiaAroon="yeldRecipHalloo">
        <cantorsRedrapeAshing>alamosSinuousMinimi</cantorsRedrapeAshing>
      </valse>
      <epiuralAunties>
        <hortGawkedCalypso>saucy</hortGawkedCalypso>
      </epiuralAunties>
    </edeniteSunckeGuacho>
    <amuckOpposit fribble="outpeerRutheneCotter" meetenGested="claques">
      <schulnWracksEpergne>jannerLyrisms</schulnWracksEpergne>
    </amuckOpposit>
    <atokalLamster>
      <vattedCaribedMorocco>fishbedNuchalsEster</vattedCaribedMorocco>
      <damp>
        <outslidLaurelsRagwork>swagmanBroochWillawa</outslidLaurelsRagwork>
      </damp>
      <muddishBandorLidgate meiklesWarnel="murriesMissa">
        <cuir>431</cuir>
      </muddishBandorLidgate>
      <platerIberesFudder>
        <haptenChakarDoat>acaraTweedy</haptenChakarDoat>
      </platerIberesFudder>
      <also cabahoBete="648969319">
        <ipecac>4</ipecac>
      </also>
      <summaeGemmed adure="amoretAuthor" nymphaAncoral="yakaloChauve">
        <portate>483</portate>
      </summaeGemmed>
      <kabelUnplaid>
        <alang>gridder</alang>
      </kabelUnplaid>
      <starrAtaxic>
        <suckledTeeting>carrotyDobrao</suckledTeeting>
      </starrAtaxic>
      <phonol>
        <give>turfdomDildos</give>
      </phonol>
    </atokalLamster>
    <forefit>
      <huggingSurcrueEdemas>nahuaRyokan</huggingSurcrueEdemas>
    </forefit>
    <galops>
      <imploreRptRumbly>snorkelSimson8797</imploreRptRumbly>
      <balmonyImmoved hashtRelivedPruigo="5" halp="sprunny">
        <undeaf>aftwardUnnaked</undeaf>
      </balmonyImmoved>
      <pauseOrgiasmKhivan sockingSaimy="271">
        <benthalTopsTikkun>wolfUngaudy714</benthalTopsTikkun>
      </pauseOrgiasmKhivan>
      <spencesYgerneUngouty bubbly="salarMesopicCeders" wedgie="daylitGroomy">
        <duologs>sloatLibitumPhloems</duologs>
      </spencesYgerneUngouty>
      <ginepBefouls>
        <nagari>sondTenant</nagari>
      </ginepBefouls>
      <sappilyMispenScart unseelFamilia="scilDipsey">
        <quakeryGeodSpics>620296697</quakeryGeodSpics>
      </sappilyMispenScart>
    </galops>
    <cougnarMadhucaCellule>
      <biggityStireCarbon>lataIdeas</biggityStireCarbon>
      <shrubbyWhatten yawperTsunami="gimbalAnalogsRings" hellierSimialOffload="pattu">
        <elanceWappetCram>6024</elanceWappetCram>
      </shrubbyWhatten>
    </cougnarMadhucaCellule>
  </lallingKufiyeh>
  <coutherHimati jarflyPlutterZebrina="5317660" conicle="dabbedDeed2360" hexadsOrganaSlopes="habiruAcreman">
    <manksBelamy>
      <lepus>springUnguesScuta</lepus>
      <aspirin irisateRebosos="ogdoasAcinuniEbonist" muggilyBoubasBeeyard="gangdomInseeAcouchy">
        <marys>anadromEucre</marys>
      </aspirin>
      <astray launchChroma="explat" boarishPastsScalare="squillYeel">
        <squiffySensizeRestrap>369297</squiffySensizeRestrap>
      </astray>
      <nomblesCognati>
        <subageEthalPinite>distBaldish</subageEthalPinite>
      </nomblesCognati>
      <lobelia hapax="boatersAnatta">
        <huskGrane>hybridsClimb</huskGrane>
      </lobelia>
      <edemic idylismDiverts="exercePommetTratler" miffedEmeGaggle="nudiesResgatJyngine">
        <coadaptShtchee>froreMinbarMethod373</coadaptShtchee>
      </edemic>
      <evans arere="4467" mucusin="zanier">
        <carochDiiodidBeseem>serumal</carochDiiodidBeseem>
      </evans>
    </manksBelamy>
    <swami lionSitulae="7" palarVialful="2337424">
      <mergh>46102906</mergh>
      <cycadsTurfageJabbers moudieRaiserSnouter="bheestyRewend" agalmaPariah="farmost">
        <blunterDcolletIrony>basquedCervusKnape</blunterDcolletIrony>
      </cycadsTurfageJabbers>
      <zoogamy puelcheMaskoid="shriftCajeta4" pulvilOoidal="ganam686">
        <haleday>decan</haleday>
      </zoogamy>
      <rebillTollGalerie entoireBlaykUncoked="rapalloOraisonTrilli" reested="roamedLakelet">
        <dharmasSundarQuiffs>invoker60</dharmasSundarQuiffs>
      </rebillTollGalerie>
      <tornalPopuliCodger chalkosPsychosDelead="grabTophus">
        <unkeptTruismsSpake>gomeJoukingPooka9345</unkeptTruismsSpake>
      </tornalPopuliCodger>
      <mizraimProlegBewreck dobroesNuba="codonKotalUnseely">
        <pentyneCupels>fissureAvulsedWrasse</pentyneCupels>
      </mizraimProlegBewreck>
      <torsk vaconaCoart="dhurnas" biddieSpadone="biset">
        <niftier>lactideCaoinePedicab</niftier>
      </torsk>
    </swami>
  </coutherHimati>
  <faden lacquerMaltaseIsogon="makeMentheRases" cranial="ushasCussedGympie">
    <pondmanThokish>
      <brevityJeweledDisbind>pouffShovers</brevityJeweledDisbind>
      <cabbagyBecolmeCrena dicticNozzlesLimer="truvatEndazeTaring">
        <doloresExect>maga</doloresExect>
      </cabbagyBecolmeCrena>
      <cyans psaltesSurlilyAuthors="flyswat" coneine="disbud46">
        <genom>ficelle</genom>
      </cyans>
      <jocelinPhillisMoun ironersSyrnium="oftens">
        <piccageAnatole>horouta</piccageAnatole>
      </jocelinPhillisMoun>
    </pondmanThokish>
  </faden>
  <desireHantle ruddlesCisco="phanicLimningSlipt" tmemaDioptra="setteeUpthrowYoicks" color="attain" drafty="riflersStripVisie" />
  <ortmanPolyzoaElfdom slunken="1013389" oratorsBardashMoneys="cappie" fishmen="yirrFoldyPumicer" />
  <peroxidOutsawGauger braided="958922" />
</pioneer>