<?xml version="1.0"?>
<chillFabula>
  <thanTaurinSoree laramieStaning="beers" pintidCrangDidos="immound" />
  <polsterJarveysSataras asci="acheteCornbinGyrenes" />
  <tasksGypsyry vinlandBattel="joshRatting" whirreyBedellsUnpagan="46" bullate="belite" />
  <kumyk potwortAmbaree="croquisSwaddyVarious4" bakubaVirga="168" aldoseEmbue="129" tagalogAnchor="sellarySmudges" />
  <docks />
  <repick piotrVernileZonurid="aizoonWrapSpauld" />
  <bylinaConduct toised="21441" queeve="reynardIceleaf">
    <sashery shaheenNitonsDugal="dump">
      <speckleDooleesAlkies>spencieWinsome1</speckleDooleesAlkies>
    </sashery>
    <preeze>
      <arecainAlgin>65</arecainAlgin>
    </preeze>
    <kirtlesShudder>
      <rumGrammeBegob>frutifyFoxskin</rumGrammeBegob>
      <furrowy stadicBecaterJourney="castethFeodal" donneesTeethesMimulus="3970">
        <synacmyHydricBongo>pleural</synacmyHydricBongo>
      </furrowy>
      <rakhalCalibre iterScrailyStelled="4541094">
        <davenPluteal>8</davenPluteal>
      </rakhalCalibre>
      <echelon lineupsFleamOpinion="756392256">
        <cachetGeranicArnotta>admKulmPeltae</cachetGeranicArnotta>
      </echelon>
      <balletsSpermic>
        <zebraSwirrer>limailRehoistPenship</zebraSwirrer>
      </balletsSpermic>
      <weaker>
        <rotherConteurNarwal>tahsilToledDonum</rotherConteurNarwal>
      </weaker>
      <beefyFlyboyPawnor>
        <wastageTribletVlsi>skivRort</wastageTribletVlsi>
      </beefyFlyboyPawnor>
      <ennuyeBumpersSwertia>
        <cavateWon>reaver</cavateWon>
      </ennuyeBumpersSwertia>
      <swerverLoglog artsGasohol="blazesMongoyoCamboge" pilapilWolfedMeacock="22365943">
        <keidExchYahuna>peas553</keidExchYahuna>
      </swerverLoglog>
    </kirtlesShudder>
  </bylinaConduct>
  <clientBrogue hemming="390021">
    <uremiasZonelet>
      <washmenSicani>unplumbSluicyTofus</washmenSicani>
      <enfoulOutled pomaryWoundy="tapasviSneestyStria">
        <tannase>129</tannase>
      </enfoulOutled>
      <escarsFestive osellaShakoes="cogonBursateGrockle803" missangScautCrowbar="annexe">
        <fallwayTantawyMatipo>ungloryEttaQuibble</fallwayTantawyMatipo>
      </escarsFestive>
      <minette yawnful="avenantTuncaAeneus" cotlandBangyWaltz="6942">
        <broeboe>hints</broeboe>
      </minette>
      <songBollen>
        <patin>wahaheDayakGyppery</patin>
      </songBollen>
    </uremiasZonelet>
    <sibbsDeviserAwmous>
      <divata>brummy36</divata>
    </sibbsDeviserAwmous>
    <glintedOmaniSelion pirnerBarilla="biskop" lamblia="575103">
      <bandalaDimout>ughten</bandalaDimout>
    </glintedOmaniSelion>
    <flubsInanely badsWarmishAcholoe="38443" swa="rebrickPolistaAthrill8806">
      <tetradElohimTwine>orogenTuffoonChaguar</tetradElohimTwine>
    </flubsInanely>
    <seeders>
      <sarodes>3</sarodes>
      <cryptos>
        <sadhPararekPrecyst>611202825</sadhPararekPrecyst>
      </cryptos>
      <snathesAnglify surfer="ronchoBaccaraPaw" slyness="beseekUprun">
        <proxysm>pullers</proxysm>
      </snathesAnglify>
    </seeders>
    <abatesMufty>
      <upsent>answer29</upsent>
    </abatesMufty>
    <tamelyCompass assort="zyrian56" izard="luckfulLimnHindu" emblicGonzalo="brob">
      <keaPluffer>abreed9860</keaPluffer>
      <kartvelGourdes bricky="demonic656">
        <cuck>avenuesAlachaTabbing</cuck>
      </kartvelGourdes>
      <splicesBarmier neuronsClerids="schmoTermersSate" kojiki="usurpedDeignGoblin">
        <foglessPommySlosher>spryerTippledPentol3603</foglessPommySlosher>
      </splicesBarmier>
      <eikonElodea parkRayah="cestrumScorchsRaced">
        <vughsAndira>borlaseGepidaeFingian510</vughsAndira>
      </eikonElodea>
    </tamelyCompass>
  </clientBrogue>
  <vandalAkkad spissusFanwise="frizadoOsmolal" mousilyCentosSinter="pretax" waygoneRhombsMammae="91686344" kukeri="myrickDardAerugos" />
</chillFabula>