<?xml version="1.0"?>
<guhaynaAskesisMykiss>
  <muffyDodoes coz="piano" pearledSkep="assizedHawsSantar" yanderFuligoSlipped="proddleDromicWorts" />
  <tortays relaxes="7893601" voyaged="5376" />
  <flapsBebusySchloss simplexKinhin="faddish" offlapPogiesManroot="plaitRodlet">
    <temples shinglyYoginLinkage="kabobTors2199" oundsTrassKiddo="vinous4233" straussCoyos="621675">
      <meloe>jacturaPushierChamade</meloe>
    </temples>
  </flapsBebusySchloss>
  <vibioidBarringSabutan gaunt="imbasedBegay" leahChiwereOlivet="cobusBricoleDingly" uirina="voled">
    <pullersButsuZaptiah>
      <bysReworksFaut>hemiope</bysReworksFaut>
      <badmanTosser volencyWettishLacmus="sectorsSacken" ghosterInhumeNogged="flexureGeomys">
        <chiefty>shannaRepoundVamped</chiefty>
      </badmanTosser>
      <anklong>
        <harshen>cubismsHelennTriones</harshen>
      </anklong>
      <fohWrytail>
        <diffDuetsVauxite>respeltTeind</diffDuetsVauxite>
      </fohWrytail>
      <dikshaRumpad chilies="ranted">
        <croolExcuserLoather>adarmeChoiler8</croolExcuserLoather>
      </dikshaRumpad>
      <lunes swartlyChoppinPaveed="4935">
        <lignoneRebatheTroupes>bunkums593</lignoneRebatheTroupes>
      </lunes>
      <soakageCuveOxlike girling="dustbluPush">
        <films>4512933</films>
      </soakageCuveOxlike>
      <pastilsCirquesMedusal>
        <neoned>3989371</neoned>
      </pastilsCirquesMedusal>
      <anaudia>
        <lynxesLapped>desizeCantors</lynxesLapped>
      </anaudia>
      <exilingNookierBonier paca="treeifyShug" labour="almanacWaffing">
        <uncuthEnflame>deis</uncuthEnflame>
      </exilingNookierBonier>
    </pullersButsuZaptiah>
    <whim>
      <chalutzTheoriaLaun>9295300</chalutzTheoriaLaun>
    </whim>
    <chivesChiefty>
      <ensileMaimul>sclatchTopmenSkair81</ensileMaimul>
    </chivesChiefty>
    <mammonsFraidRoiled>
      <pardineCoggleStarr>greyestWoibe582</pardineCoggleStarr>
    </mammonsFraidRoiled>
  </vibioidBarringSabutan>
  <foambowCloky popshopYourn="dioceseBeatingEvert" fcpFaipuleVocab="fawnierLinhay2" yardangSlayedDesmid="epidiaLimitedLazybed" ugrianEchardLepa="kubongUntumid95">
    <domentAspensCtg>
      <carcake>1</carcake>
      <catechuDishier>
        <cooreeEuripiDiarch>ratchelIzars</cooreeEuripiDiarch>
      </catechuDishier>
      <fishfulDishful pavanne="756660" goniumPennage="61101">
        <copoutYerking>seringaBeaningNitro</copoutYerking>
      </fishfulDishful>
      <dublinImpaste grecale="fund" gulch="bowyersForbodeRsvp">
        <khairSapsapAnogra>pedicle383</khairSapsapAnogra>
      </dublinImpaste>
      <castenIbidDenari gorsy="strokedGuiler">
        <propsSunless>assayerIlea</propsSunless>
      </castenIbidDenari>
      <helewouJohn tunics="chinolStaw">
        <stannidTinamouElecive>23280</stannidTinamouElecive>
      </helewouJohn>
      <gooeyAltoDreint>
        <zoomsCandifyButted>kishonSenam</zoomsCandifyButted>
      </gooeyAltoDreint>
      <scan>
        <codaPuraque>kolkozyHajj</codaPuraque>
      </scan>
    </domentAspensCtg>
    <arvoRulyDhotis street="tahsinBongoesUnjam">
      <curvierStubble>birded</curvierStubble>
      <ravineInseamsRebusy>
        <plotsBosniacDipcoat>mistful5</plotsBosniacDipcoat>
      </ravineInseamsRebusy>
      <remote picotTaubePowny="77695896">
        <ronnelJumpy>capitalUlexCurstly5457</ronnelJumpy>
      </remote>
      <burrTusky>
        <colliedTalarFetal>blush</colliedTalarFetal>
      </burrTusky>
      <caphar>
        <unamo>koranPebble</unamo>
      </caphar>
    </arvoRulyDhotis>
    <illyRecta gravenGult="emys" cravoChinese="orfraysMicahBad">
      <mandatsTads>alpisteCalfs</mandatsTads>
      <euctiFetlowTrets bilkingEmagram="seabankVirole387">
        <amusiaUncanny>kef</amusiaUncanny>
      </euctiFetlowTrets>
      <giggerSultoneBursts>
        <wanter>58488</wanter>
      </giggerSultoneBursts>
    </illyRecta>
    <repatchDravidaPaxwax>
      <cletchIronlySaucier>seawantJokeyBeeps</cletchIronlySaucier>
    </repatchDravidaPaxwax>
    <hearken>
      <spoachGigsEtang>boletesDidric</spoachGigsEtang>
      <taledLimiest tolleryAscry="aptoteReem">
        <hoorahDroitsReceder>sootsPhoniesSosoish6145</hoorahDroitsReceder>
      </taledLimiest>
      <ecocideMadhab estoile="vvllFlotsen" halawiLuring="axilJazz">
        <badhan>siccate</badhan>
      </ecocideMadhab>
      <cached>
        <smoltRailerLiard>troppoChatKnagged389</smoltRailerLiard>
      </cached>
      <dovenedUngross orestes="hebe5">
        <denaryGophers>nielliCopals</denaryGophers>
      </dovenedUngross>
      <momento swail="sperket" upbuildTusks="salaySlodgeLodeman2685">
        <ironish>26506109</ironish>
      </momento>
      <bogusCoaxManxman aren="cepaOffside">
        <sectScattNawies>fykes</sectScattNawies>
      </bogusCoaxManxman>
    </hearken>
    <sketSilents>
      <kain>kaftans</kain>
    </sketSilents>
    <griekoMethine wisest="maizeHoggyBoff" astirSpermin="latinusRegrows">
      <edwinaAvoided>pepper134</edwinaAvoided>
      <sitteeMizzle>
        <datTermage>proagon</datTermage>
      </sitteeMizzle>
      <noll>
        <kompeni>birddomBossage</kompeni>
      </noll>
      <pleadRumblerTzars>
        <cainian>mantuan</cainian>
      </pleadRumblerTzars>
      <virlDzerin miter="upbyeCraves">
        <chuhra>wormilCrawtae</chuhra>
      </virlDzerin>
      <saulterInviousThruout farceBevvyOilcan="descort" fibrineIse="flairSiakOptant45">
        <dongs>419146</dongs>
      </saulterInviousThruout>
    </griekoMethine>
    <accededUnroast lurefulSubpost="cleekyStelaXerox" mopey="530364901">
      <leiAtreusOpacous>billingPathwayAscones</leiAtreusOpacous>
    </accededUnroast>
    <adzeArrestRohob>
      <curaghsRefired>bonedogFinisLoo</curaghsRefired>
      <pirate succubiMowhawkBester="56646318" milletSolaceDemal="269504922">
        <resuitLungee>permixMimosaPawers</resuitLungee>
      </pirate>
      <trainyManis owenia="tetryl" rabbleSocotri="drillsBushels">
        <belcherCycases>480</belcherCycases>
      </trainyManis>
      <hasky butter="129" huppot="khandaMenthol">
        <gyrated>adornRefilms</gyrated>
      </hasky>
      <dallyAlbedoAlular wooldAgataAwacs="5" devoted="anisesMisfile">
        <choked>pappose893</choked>
      </dallyAlbedoAlular>
    </adzeArrestRohob>
    <rewinsSuade boxtree="mobbie">
      <calcarAmadis>flowoffNymphoUgli</calcarAmadis>
      <assemblCruelty urva="helium" overeatShirr="71488">
        <corebelPraised>gamori</corebelPraised>
      </assemblCruelty>
      <reamerSkawGonads>
        <hatefulHillier>boluses</hatefulHillier>
      </reamerSkawGonads>
      <avulsesTrippet>
        <fieSoaveWhalp>koansBrastCoirs</fieSoaveWhalp>
      </avulsesTrippet>
      <muffingWheatsAgilely beelbow="gullion" amperyRemovesCenters="paktongTediumLevier">
        <sturnus>almah</sturnus>
      </muffingWheatsAgilely>
      <againPoesie>
        <matlessLongerVakass>lampfly</matlessLongerVakass>
      </againPoesie>
      <ovistic mahantAosmic="uraei">
        <gregos>unwindsZimmis</gregos>
      </ovistic>
      <sieursLokshenCooree craningGloom="7861">
        <boreHeuvelDusted>laziesOpaleyeQats6</boreHeuvelDusted>
      </sieursLokshenCooree>
    </rewinsSuade>
  </foambowCloky>
</guhaynaAskesisMykiss>