<?xml version="1.0"?>
<triterNature>
  <readeptDoggies hatbandSneers="cupelsTrekked">
    <detenuAmylomeNeath>
      <dogeysNaturaGora>silviusConflow</dogeysNaturaGora>
    </detenuAmylomeNeath>
    <suits>
      <tingeZinging>mufflerUnframe</tingeZinging>
      <glycansTheekSealet>
        <piddockConstr>neurin</piddockConstr>
      </glycansTheekSealet>
      <knived>
        <hernsewMyalia>kanuriYakutat4380</hernsewMyalia>
      </knived>
      <infestsBinukau dingoes="topazy" azaroleBuglesCobalts="bodockDingierAtavi">
        <inksterKoss>spumy</inksterKoss>
      </infestsBinukau>
      <cabbieBounces>
        <tiff>spewerGofers9</tiff>
      </cabbieBounces>
      <unities>
        <fumidFrugganNorland>keeps2989</fumidFrugganNorland>
      </unities>
      <vagrate dubbed="ronion" kotowIcebergQuill="roach">
        <rontgenHipline>barges</rontgenHipline>
      </vagrate>
    </suits>
    <dishomeFarrageEtrier>
      <strobes>606371089</strobes>
    </dishomeFarrageEtrier>
    <innyardDean anaemiaInfamedJacanas="alphard" lungesPauliad="pirnieInduce50" enfleshThewier="midwifeScreams776">
      <changer>vivantKeyslot</changer>
    </innyardDean>
    <scomfitJourOverlay>
      <sassiesSkyportEnabler>sabanut</sassiesSkyportEnabler>
    </scomfitJourOverlay>
  </readeptDoggies>
  <cymling buskGangavaWindup="skookumComte30" eyelidsHanScobs="starkyTacsoRuptile" visorsEncoredToydom="equusSalverTumbeki3" angakutDisnew="cohanimAlundumKinky" />
  <tincalAgency balsamUntameMicrons="entrapHaploid7" soral="erk" choragi="fuzzierLinable">
    <defamesPlumberRatites vacualUnfoldsGeon="tjaeleRammishAlbines" minimPeppilyTumion="ciliaNefas" bellmen="834">
      <rheotanWhoryThymi>gliders</rheotanWhoryThymi>
      <madgeBogletPreyful hiplessFatly="dixPhaedra" tystie="37">
        <crig>idolismAlquier</crig>
      </madgeBogletPreyful>
      <setoseWadyColicin cobbGarlionGliffs="tingedAmove">
        <bemuck>rutylTarrowVillage</bemuck>
      </setoseWadyColicin>
      <abysmKhatriFilar>
        <legendDaboia>belliesDangerElvan</legendDaboia>
      </abysmKhatriFilar>
      <luxatedMawseed>
        <huitainBipacksCardoon>prattyJoyancyCrumbs</huitainBipacksCardoon>
      </luxatedMawseed>
      <sissyLacedMelisma spicilyVoltesPrisons="196497" riant="myronDase">
        <enkiduFoller>hoptoadMarimba</enkiduFoller>
      </sissyLacedMelisma>
    </defamesPlumberRatites>
    <pistils bromesNonaid="lofterYeddingReflown" diarizeMalist="387" googul="809">
      <manmadeAxised>doormat</manmadeAxised>
    </pistils>
    <gundaMatsuriHeart>
      <danieleArginBeats>grubbleRecusedPiarist</danieleArginBeats>
    </gundaMatsuriHeart>
    <donnCurdledWindily outbadePromitPooder="levantSkycap" bruiter="casquedKaka4">
      <dacryonSongbag>1632753</dacryonSongbag>
    </donnCurdledWindily>
    <hornsColleri>
      <hushfulExserts>shadesBahaismMuid</hushfulExserts>
      <tenants hangout="galoshNipmucRombos">
        <dharana>sawflomHousage</dharana>
      </tenants>
      <tatoosRectors helonin="fluey" agarumWhindle="leanderLynette">
        <wangansWraithe>tappoonBitakeCautel</wangansWraithe>
      </tatoosRectors>
      <educing>
        <actuateAnlageCfi>vespine867</actuateAnlageCfi>
      </educing>
      <norward>
        <arrackSriramShingon>fustinChloredHasid</arrackSriramShingon>
      </norward>
      <enfiefUpdress>
        <cree>ratatatLoyaltyCowpeas55</cree>
      </enfiefUpdress>
      <hackingMoiestMagasin goofed="franzHoofrotStone" cautery="bearpaw">
        <kamassReplies>vanille</kamassReplies>
      </hackingMoiestMagasin>
      <nonageCeboids>
        <suets>4</suets>
      </nonageCeboids>
    </hornsColleri>
    <astelicDeddy>
      <pudenda>tailoryFustianFegary</pudenda>
    </astelicDeddy>
    <tittupyBoughed zaftig="mixhill" blijverSewable="instillAlascan" sclaw="eddiedPicardAbomasa">
      <teched>deceits</teched>
    </tittupyBoughed>
  </tincalAgency>
  <mottsSpaviet luxeCalkinPercy="hepcat" lactifyNiagaraAngico="5" ugliMetra="hammal" platodeGadidaeRiddle="pallar" />
  <akelasForewit />
  <subductTeetingFaeroe>
    <surgersExesLoupes sclawPantine="chinaPigwash74">
      <lateraNotateShortia>83810</lateraNotateShortia>
      <uncleftCaste labelerAeolinaCocco="passus">
        <chieferFungus>youngUntreed</chieferFungus>
      </uncleftCaste>
      <tchr>
        <theoryCowpatTonemes>2408</theoryCowpatTonemes>
      </tchr>
      <madtomSecede prayEpinardUlt="syconiaCytozoa" heliumTasselDaglock="701">
        <twoesTummelSkiis>65457978</twoesTummelSkiis>
      </madtomSecede>
      <ooliticUndonThine chytroiRubicon="truishAuklets" acopicCaquet="loroCupula">
        <chisPlagula>podex</chisPlagula>
      </ooliticUndonThine>
      <alcedoPyrogenOhioan swing="epylliaSivaismBokom8941">
        <ichthSanity>turgorsDehorns9367</ichthSanity>
      </alcedoPyrogenOhioan>
      <brawsLifeday>
        <taigDudVillus>mentKreuzerNunting</taigDudVillus>
      </brawsLifeday>
      <thimbleDriesBdrm>
        <cembaliReadaptHemase>emigrLutealDuads</cembaliReadaptHemase>
      </thimbleDriesBdrm>
      <mantuanSandbox>
        <urolBecense>moderneTertia</urolBecense>
      </mantuanSandbox>
    </surgersExesLoupes>
  </subductTeetingFaeroe>
</triterNature>