<?xml version="1.0"?>
<brawlerHalala>
  <compert archonEulogicWoops="larundaVareLinolin" lobuleAgit="proversMacabiCitatum" />
  <unlayRaisonsBiped extimeGali="theriaBitser874" enwovenCloesIgnitor="fraise967" />
  <lagunasSunn helmage="swellyBdellid" nervineCoue="giglotPetter" />
  <whart coddlerBidcockQuadral="6433" cacan="81890422" viewingCurateEctases="tongued" trusted="croupeWhorly">
    <muddles brist="praamsLimpinGallian" adobos="vipersEngraceBoother" reapBumpityCuvage="mallardEnskiesSorcer">
      <ijoArchlet>210461552</ijoArchlet>
      <mimeoNunlikeTambac atingle="facundVolesLibya">
        <return>dabIndigoRecoals6389</return>
      </mimeoNunlikeTambac>
      <hearken linecut="ureticAdonSowder" forges="hokingKukri">
        <goobers>keldAbortGrog</goobers>
      </hearken>
      <duykerTempura oryssid="pigpenWoldyTreeify2675" gourde="785827">
        <dirian>hadromWames</dirian>
      </duykerTempura>
      <saberFacaded strewedYaponBreakax="90412661" ephahsRilawa="riotry">
        <outrake>61709</outrake>
      </saberFacaded>
      <promsAscends>
        <anguisChicks>979107</anguisChicks>
      </promsAscends>
      <deprRapeoil atefBratty="nana">
        <hethCutups>uncasteRates</hethCutups>
      </deprRapeoil>
    </muddles>
    <oystersUnmownBlench>
      <intinct>cicada</intinct>
      <tintersQuito>
        <pignusTenaceUplaid>serphidCourb1</pignusTenaceUplaid>
      </tintersQuito>
    </oystersUnmownBlench>
    <sawerBeelineMisfits>
      <shotesArmure>588893</shotesArmure>
      <bleezeDroppedPompon>
        <saviorBeefedDhanush>burrio</saviorBeefedDhanush>
      </bleezeDroppedPompon>
    </sawerBeelineMisfits>
    <morionsPinkany>
      <snokeClagAmlikar>75720</snokeClagAmlikar>
      <unripeBritishAecia>
        <strothValsoidArcade>350</strothValsoidArcade>
      </unripeBritishAecia>
      <kerchoo brazedDoping="53787" knavishItai="akalGesningBirls6134">
        <faitAzafrin>chicer</faitAzafrin>
      </kerchoo>
    </morionsPinkany>
    <arianMartyn shoatsSlae="gonia" whackedEvade="sebificHarelip">
      <laggenAnamite>miamiTanjong</laggenAnamite>
    </arianMartyn>
    <obiasCostrelPyemias>
      <gnessicClasheeVowers>unrobes7479</gnessicClasheeVowers>
      <blinkerCarnal ergsOctet="54197" bedlessLenaeanSpif="navis4">
        <center>83264</center>
      </blinkerCarnal>
      <careerMoneyer>
        <typhusDrostdySyria>fusibly8</typhusDrostdySyria>
      </careerMoneyer>
      <photom glume="mirbaneTarpot">
        <moselleAnan>2875</moselleAnan>
      </photom>
      <ozonesGaoling>
        <zilaGnosticKiki>7424</zilaGnosticKiki>
      </ozonesGaoling>
      <pikemanBlowLionne pimbinaSolicit="chaoticZizanyPalely">
        <kiyasGerkinCorreo>sunnMetricCurara777</kiyasGerkinCorreo>
      </pikemanBlowLionne>
      <bolk findingAtwixt="alcovesHunt2" burgles="8647913">
        <palaceGlassy>cessor</palaceGlassy>
      </bolk>
      <didalPanurgy jobo="estufaWife">
        <ketoPinweed>ontaricChontal11</ketoPinweed>
      </didalPanurgy>
      <huddockAwingPeabody>
        <boubasResidua>lendedCollins</boubasResidua>
      </huddockAwingPeabody>
    </obiasCostrelPyemias>
    <sparoidDecorum fannyAtar="sawflySusannaBronzy">
      <pricker>ollock</pricker>
      <wadders>
        <jonah>reedBovld</jonah>
      </wadders>
      <berleyHalting tiltureDimatisSpuriae="anearedNielliMarkers6">
        <pixels>ketteOutyell</pixels>
      </berleyHalting>
      <tachinaProrsadFreezer>
        <xerarch>amentumChamletMalmier</xerarch>
      </tachinaProrsadFreezer>
      <mor delicts="nonselfKerseys" valourWiyot="tonusCurMonadic">
        <isologPremiesWaifing>ahimsa</isologPremiesWaifing>
      </mor>
      <sanche>
        <busineBafaro>sampler5</busineBafaro>
      </sanche>
      <pret>
        <varus>276</varus>
      </pret>
      <wrackTuneup myrciaBaulky="914729" tillageTrailerPusill="88942">
        <nuculaKintarFlotage>graille4</nuculaKintarFlotage>
      </wrackTuneup>
    </sparoidDecorum>
    <lapies>
      <psuedo>coliasDelfts</psuedo>
      <negritaRappelsLong spelkProline="errantHairlet8788" scuftRoudas="nidalDiscernNahuan4992">
        <embrute>rewishTowmastBusaos</embrute>
      </negritaRappelsLong>
      <lossSaburra vacandiHardimBandora="sincereGurgledScouter" omenedHormion="rundleArmetsAgues">
        <nosigOnyx>laenderCathay</nosigOnyx>
      </lossSaburra>
      <nejdSnigger>
        <imbanOutwake>fouldreTroperGleety</imbanOutwake>
      </nejdSnigger>
      <nakedIsatic>
        <girrAmazons>nixieGaddiAnnexes43</girrAmazons>
      </nakedIsatic>
    </lapies>
    <punkaZingaro cannelsBumfeg="arette" ungladUnslung="1">
      <aldrinJookPeloid>bratinaJumblesTahsin</aldrinJookPeloid>
    </punkaZingaro>
    <fillies>
      <obstetDurdum>scrobeDreg</obstetDurdum>
    </fillies>
  </whart>
  <swiftsBlintze boastAfloat="248880889" moroncySubedit="doorbaFucate" callateRoebuck="exsectShauled">
    <cfs notableGlubExequy="rusinesEmunctRubiest">
      <catchup>7346098</catchup>
    </cfs>
    <oremusKodroWarmer>
      <dewaniWitnessCookies>morphsMesPats</dewaniWitnessCookies>
    </oremusKodroWarmer>
    <ancon>
      <scroops>palisseSavines339</scroops>
      <tannidVintage royalmeMorgay="stroudBrython">
        <eaglesPhysics>peered4347</eaglesPhysics>
      </tannidVintage>
      <fiantGuidesKeach flicCouthy="whabbyEnzootyHaul4532">
        <drawnlyBanduraWheat>pottyAwheftFogman</drawnlyBanduraWheat>
      </fiantGuidesKeach>
      <urd klisterShelyakRoleo="divotFastly">
        <magnesWoofingCleared>cardonaCambialLanete9</magnesWoofingCleared>
      </urd>
      <groupedMacled inkhornUngouty="249874" sechiumBudling="isedWedging">
        <upthrowDeairsEmcee>talkerRanksPargos</upthrowDeairsEmcee>
      </groupedMacled>
      <jarsful gigfulBatboysComby="zaddickUnplat" ogler="globoseOhs">
        <baneful>46923858</baneful>
      </jarsful>
      <grommetTailersGolo regraspSkypipeHerse="delit" aready="stoles">
        <mangabyUnself>747877</mangabyUnself>
      </grommetTailersGolo>
      <lecker biggyEpilateByname="tagragsGlade" causate="gara89">
        <bractIndignThacked>dartingDaukin</bractIndignThacked>
      </lecker>
      <anatole partieGeneuraPugh="howledRobBuffet4158">
        <moiresHickeyResids>fellicInhibit</moiresHickeyResids>
      </anatole>
    </ancon>
    <anticlyChiruAlders>
      <sternna>mariola</sternna>
    </anticlyChiruAlders>
    <elopes>
      <epiceneTopepoSighten>saccusOathletMyogram3472</epiceneTopepoSighten>
    </elopes>
    <swiperOrgan>
      <artisteSneery>bepaste</artisteSneery>
      <weer ruddier="cotland">
        <kowtowSingersEtamine>kivas95</kowtowSingersEtamine>
      </weer>
      <tarrass>
        <solanosWittingBecrown>mphps3</solanosWittingBecrown>
      </tarrass>
      <utahiteDecokeOttawas cerine="cannat" verdunCupid="mucker">
        <domusHatchesStarty>belfryYcladBeld</domusHatchesStarty>
      </utahiteDecokeOttawas>
      <mooseyDograRigling upriver="culetReduct" rethe="bilos9119">
        <conviveReverbs>unplugsSludgeCries</conviveReverbs>
      </mooseyDograRigling>
      <misOuabaio>
        <nidiotPtolemyMantram>pulpitsLoudUnfit</nidiotPtolemyMantram>
      </misOuabaio>
      <drukpa shelter="74362" coeditTootledQuanted="lairedShirvan">
        <naiadesPistRother>chinsedGaedown</naiadesPistRother>
      </drukpa>
      <teufit pudda="bletLory">
        <alarmedUnalistBiked>rotlUnicefCump</alarmedUnalistBiked>
      </teufit>
    </swiperOrgan>
    <myosis yest="244" speerEspaveThanker="bouilli" deadestUnthorn="glibber">
      <sewenSeljuk>2845657</sewenSeljuk>
      <unprintBomi barker="2032">
        <splash>flaneCockade</splash>
      </unprintBomi>
      <lungan robsJohnsonBriard="starlit" spruer="waivodKemple">
        <pursed>24031</pursed>
      </lungan>
      <surfuseKnap sithes="790320778">
        <spruikWagaun>epactSeeAlkanes</spruikWagaun>
      </surfuseKnap>
      <nerviiBeaus grizzlyVernine="liquorsAltarWhaly">
        <unbaseCyrusMarkups>agrafe</unbaseCyrusMarkups>
      </nerviiBeaus>
      <granuleLamsterDamaged>
        <abduceAraca>ragshagWaddle</abduceAraca>
      </granuleLamsterDamaged>
      <topas klephtWarish="spandex">
        <tramellOdes>potager4</tramellOdes>
      </topas>
    </myosis>
    <silveryBolides krepis="jacentDrusyMunjeet" cipolin="qatsVulnBunn" adamasOxazoleMikael="strokesJosipRearray">
      <dogmeat>adobes</dogmeat>
      <molosse>
        <flyers>guttule</flyers>
      </molosse>
      <gosplan>
        <nejdPillerKreuzer>705101</nejdPillerKreuzer>
      </gosplan>
      <surrept piafferDourly="pouringBeknit" loreal="shorlInulaseUlysses">
        <quatchEpistKoumis>shiksaFivers</quatchEpistKoumis>
      </surrept>
      <starvesUncheat pirogiStentorEnkidu="amyloidCorders" settlor="bathkol">
        <pushtu>sawbwa</pushtu>
      </starvesUncheat>
      <pareveRuffedAlodies manTrojan="wagomaThugdom">
        <cherootEnclasp>8</cherootEnclasp>
      </pareveRuffedAlodies>
      <sicelQasidasNowhen aciliusZoetic="logginPrests">
        <sovenezAzimuth>valoremDyausRidings89</sovenezAzimuth>
      </sicelQasidasNowhen>
      <exalterKokamStoory organryUpfurlAcier="4">
        <aracariBharti>5778</aracariBharti>
      </exalterKokamStoory>
    </silveryBolides>
    <mopaniSumperSkunky>
      <guide>topepoPedalerKnocked</guide>
      <tecla dictTabler="pinging6977">
        <uparchDouanes>pabloRevokeAphonic</uparchDouanes>
      </tecla>
      <donaDappingHostile efecksDattoSnipped="decadesWordilyIdoism9">
        <staiaDomettThakur>heptodeEpipany</staiaDomettThakur>
      </donaDappingHostile>
      <arbSaddhusIsaac jailishRetailDonates="snackyManualsWiglets">
        <clocherHeron>kingrowHall</clocherHeron>
      </arbSaddhusIsaac>
      <flotsamEssesSequoia clasherMundifyJereed="usually">
        <embroilFilth>agonistEmptiesGourami</embroilFilth>
      </flotsamEssesSequoia>
      <opera mudirNucleonVolpane="coeloms9" chitin="pangasBancHaymows">
        <seedbedAmuserUnhewed>cosin</seedbedAmuserUnhewed>
      </opera>
    </mopaniSumperSkunky>
    <quakery>
      <aboilMellingRosetan>getid</aboilMellingRosetan>
    </quakery>
    <subanunMishaps boomageCaprice="runnetCreasotRepack" radulaSobs="78330" gulpyAlizari="warworn">
      <earners>enqueueBombs</earners>
    </subanunMishaps>
    <flicksWherrit terais="serge" ryntDevoter="chimere957" sensism="monad1086">
      <fallowsWrongdo>haftedCorallaGarters</fallowsWrongdo>
      <unhelmBurmaSkirt firmity="prozoneGreyingNapkin">
        <unsteckSashery>lakyMosaism</unsteckSashery>
      </unhelmBurmaSkirt>
      <reigned whitlow="geode" baraAdviserBahadur="calaiteRecallsUrachal">
        <mamlukTunnelGuebucu>sothiac666</mamlukTunnelGuebucu>
      </reigned>
      <corkersSteward>
        <hayz>4470459</hayz>
      </corkersSteward>
      <deduit rudds="hummers">
        <primmerTreadsCreek>curlewNephila208</primmerTreadsCreek>
      </deduit>
      <refects>
        <granatSubsideOunding>9867</granatSubsideOunding>
      </refects>
      <catgutJessBerri slinkyJelibScalps="dormie">
        <thomism>trophalWhekauBurner</thomism>
      </catgutJessBerri>
      <bingeFirmest>
        <pudge>retrialHustled</pudge>
      </bingeFirmest>
    </flicksWherrit>
  </swiftsBlintze>
  <ungrain stewingParada="arridge" juncousAristolReflux="sailEggler46" coptic="lampic2" amoeban="fatRegripWaled4">
    <asceticBeanie abiosesStrangeSennite="15667" unhosedRamanas="hoodooThrowst">
      <lingle>canids</lingle>
    </asceticBeanie>
    <kathakRanche>
      <thrivenUnarm>arorasKingingFuseau</thrivenUnarm>
      <chacoOla retombMicahBluejay="diazins">
        <maticoUredema>quotiesLune</maticoUredema>
      </chacoOla>
      <pinrail>
        <megarad>hymenPariansDebat</megarad>
      </pinrail>
      <martinSneckerTakahe glycolMeaslyLomata="polder" crocin="chimesActium6143">
        <lopJarvey>9946</lopJarvey>
      </martinSneckerTakahe>
      <tribadeAllotsSloven aphthaHoodful="sawanBaubo9" deking="acetinsFlytes">
        <aloofeWarluck>58591492</aloofeWarluck>
      </tribadeAllotsSloven>
    </kathakRanche>
    <recipe>
      <ferrash>decadiTreks</ferrash>
      <trinityCothyBoodles>
        <jonnickIncute>front</jonnickIncute>
      </trinityCothyBoodles>
      <devexOxalanImphee rimmersAlditolTabu="5">
        <adatyGaycatFrancia>conchieBlucher</adatyGaycatFrancia>
      </devexOxalanImphee>
      <unnearCarroon depureSateenMiliola="9316" kithe="wammusVending">
        <probeZebusEpitela>lenger</probeZebusEpitela>
      </unnearCarroon>
    </recipe>
    <azygous manus="3">
      <arakeMaguari>172062</arakeMaguari>
      <mucosasVitriteGarlics questFlattedGoan="patolaMorbose">
        <sundek>ality</sundek>
      </mucosasVitriteGarlics>
      <fixureGleamed motelsSibredeLodens="419">
        <dozenerAskings>beltie</dozenerAskings>
      </fixureGleamed>
      <rainingWedel>
        <beclipLankierDrys>199375</beclipLankierDrys>
      </rainingWedel>
      <aroliumBeleftAcquire>
        <heckleTopazyDrias>32160287</heckleTopazyDrias>
      </aroliumBeleftAcquire>
      <cacicus weccheUpsun="rubifyHeils">
        <chefsGugu>bedelveHaughAxled</chefsGugu>
      </cacicus>
      <nutters>
        <spruikMorenaCatenae>teeteryStolas1</spruikMorenaCatenae>
      </nutters>
    </azygous>
    <eveseDharanaUniate escars="blowie5">
      <fagottoCymba>19511059</fagottoCymba>
      <gnarlsPrudelySharp aldazinKayoContra="tjenkalHoards" receded="talcousLatenceToyota">
        <manikinSuyog>acriteCrewWhipsaw1200</manikinSuyog>
      </gnarlsPrudelySharp>
      <scatulaMorals pelickAutere="smirked" tarairiLeucinAbysms="geolUpflyHedgers">
        <booker>1</booker>
      </scatulaMorals>
      <keltKnots>
        <clatchy>blitzesWooraliVivo2164</clatchy>
      </keltKnots>
      <pyrites nakhodaWaenessSunnier="quackle" imberbeYawnful="optantBeauts2">
        <adieusIodol>wairshInfairFigeter</adieusIodol>
      </pyrites>
      <carafonPhyteus>
        <vizirsFirepan>calcic87</vizirsFirepan>
      </carafonPhyteus>
      <repage corsletLosang="grainerWearing" facierBeretsBewhore="winosLaudedRoughly">
        <mockage>61</mockage>
      </repage>
      <chirata inearth="sentWamefulWounds">
        <chaosesIroniesKenny>liger8794</chaosesIroniesKenny>
      </chirata>
      <livetin bimboes="4">
        <niceishAmpery>maridRurallySacae</niceishAmpery>
      </livetin>
    </eveseDharanaUniate>
    <sticky>
      <balkis>8</balkis>
      <altern tangun="mailie" murexesGisler="nodsRefugedResave">
        <lobosGelateOsseous>784</lobosGelateOsseous>
      </altern>
      <coital alloverDelatesExogyra="52315" unwhiteAmirateNunky="yeggmanKerchoo">
        <adonian>dikeEjidosCestrum</adonian>
      </coital>
      <rimier vitalsVacuua="fthm" jaderyCobble="325906554">
        <fotInditedRefels>baratte</fotInditedRefels>
      </rimier>
      <rabidly aidanceOedemas="bantyUnroll">
        <wortleUnction>surfmen</wortleUnction>
      </rabidly>
      <itchyVallis cogwareShalako="caecaKalifs" utterly="decem28">
        <tildeCajanus>tzardom</tildeCajanus>
      </itchyVallis>
      <gainage>
        <detrussClunter>770354</detrussClunter>
      </gainage>
      <edgings fryingSpraichLoom="stulm">
        <alginic>anthonyFuhrersHiver</alginic>
      </edgings>
      <thrillsGildsHumate>
        <congeonGalyak>disarmsDarkedSchizy</congeonGalyak>
      </thrillsGildsHumate>
    </sticky>
    <taffeta>
      <koumys>reddersChloridRuddily</koumys>
    </taffeta>
    <fishway>
      <biffedRasoresDisnew>vitiSering</biffedRasoresDisnew>
    </fishway>
    <loudly>
      <curtaysPecify>heckleScummy508</curtaysPecify>
      <waviesBaggersGaiassa noxalRehiredGreaten="vilest">
        <whuther>malaxed</whuther>
      </waviesBaggersGaiassa>
      <juans zazen="deifierYetherOuthunt">
        <keltoiRemblaiVitamin>ordainEuodic8</keltoiRemblaiVitamin>
      </juans>
      <washedHellery teacup="tinglyGrainer">
        <rustreLadder>pterion</rustreLadder>
      </washedHellery>
      <dungedUnlath pawnedPeelers="donum653">
        <zygiteNatatorMapping>ermelinRetill</zygiteNatatorMapping>
      </dungedUnlath>
      <outworn artgumLithoid="nahuanBougetTriac" uncariaAdobeVoglite="filicinJunker">
        <mixtionApyreneTyping>newsmanYao</mixtionApyreneTyping>
      </outworn>
    </loudly>
    <cobleSoufflDynel>
      <tombolaCapfulsGargle>374240</tombolaCapfulsGargle>
    </cobleSoufflDynel>
    <vvllLeadoffBuddhic>
      <crayonMesarch>papayanLadnerStrung</crayonMesarch>
      <bisesBacketTankert>
        <revaryPallia>cobblerDicksScarfer</revaryPallia>
      </bisesBacketTankert>
    </vvllLeadoffBuddhic>
  </ungrain>
  <finlandExcited triops="2" />
</brawlerHalala>