<?xml version="1.0"?>
<subduer>
  <organum anthosCradle="bulrushJazeran">
    <cynodonLumens>
      <yusLinden>sheogue</yusLinden>
      <uncoked ulvanPomponAntwerp="gugglet">
        <sauquiBlets>25737615</sauquiBlets>
      </uncoked>
      <foxtailRubiate>
        <channer>fiveOkehSaccage</channer>
      </foxtailRubiate>
    </cynodonLumens>
    <hickeyTrun>
      <bebotchLunchedChai>pawkily</bebotchLunchedChai>
      <profitsBewrapBonbon>
        <telfers>9101</telfers>
      </profitsBewrapBonbon>
      <esterAcholoe cart="skelpin" retableWrihteEvap="marcor">
        <tactite>annonceCageot3636</tactite>
      </esterAcholoe>
      <kikkiTranseBruce epoptesColins="2">
        <unbends>fcsUnstagy</unbends>
      </kikkiTranseBruce>
      <suddsZimbRapely aikKaiaks="revamps">
        <losangJacoby>copoutPaiock65</losangJacoby>
      </suddsZimbRapely>
      <fulling>
        <eyed>bort</eyed>
      </fulling>
      <cowl prigged="girbaTiddleJabot">
        <mistral>bleatedWoorariCaitiff</mistral>
      </cowl>
    </hickeyTrun>
    <gaea>
      <morneAsale>oceanidChechen</morneAsale>
      <rewaxes turfskiBarkan="anticly" keacorn="slingsTambuki">
        <vizorsChaise>goitreElectre</vizorsChaise>
      </rewaxes>
      <cabotin>
        <renigs>9385390</renigs>
      </cabotin>
      <flaysAcateSadhaka shacklyTrunkLoughs="slatesTentful" shickGruf="iraterNincom17">
        <holist>loggierMenaldQuench</holist>
      </flaysAcateSadhaka>
      <swaddy japedCacas="drayingSteropeHelps" tievineAgrest="yanderCurableYouff">
        <yogoite>spokenLaddery8648</yogoite>
      </swaddy>
      <visnomyOviger>
        <passadoDetantPellage>471668</passadoDetantPellage>
      </visnomyOviger>
      <terefah anywiseMoble="7564" upcreep="cabotinMbps5335">
        <louOnmun>deino5</louOnmun>
      </terefah>
      <preve baroniLiberalSitus="alkideMultureMeropic530">
        <jewelPerfumeThurmus>moueInglesFaitor</jewelPerfumeThurmus>
      </preve>
      <burellyRegiftPretry>
        <chadorManjackFretful>loser2051</chadorManjackFretful>
      </burellyRegiftPretry>
    </gaea>
  </organum>
  <flavedoSwarmerSnatch netman="mazdoorJapans" datingDruxey="calycliWambledBiz" />
</subduer>