<?xml version="1.0"?>
<soldadoIndefColzas>
  <skiverDonnee>
    <seorUpgrown>
      <broochLariatsDoubts>umbeledWiringSaccos722</broochLariatsDoubts>
      <tedesco closeTizeurVassar="peepsEnoplaBecheck">
        <squawPertuse>igorotObitual</squawPertuse>
      </tedesco>
      <ethiopLatchetEaring buskTroupeSheathe="blae2101">
        <smiledRaxed>3</smiledRaxed>
      </ethiopLatchetEaring>
      <azaleas>
        <fungoes>kashimTapasviCalkins</fungoes>
      </azaleas>
      <finagleLushes tipsifyShaw="uveitisSaleleAerial">
        <gyromaTriture>diverbNavars</gyromaTriture>
      </finagleLushes>
    </seorUpgrown>
    <aletrisDossesStripes>
      <nomeusCrass>57490</nomeusCrass>
      <undyDeady>
        <dureeYengeesVolume>804923</dureeYengeesVolume>
      </undyDeady>
      <wingmenBroider figsToyotaInvest="albianTenace">
        <doylyDravya>outbowl</doylyDravya>
      </wingmenBroider>
      <keltyVesicleVolosts>
        <exhortBifidly>cussesWarb</exhortBifidly>
      </keltyVesicleVolosts>
      <twanged pugman="saimiriChirata8334">
        <swertiaAlencon>jensonJumbyJourn</swertiaAlencon>
      </twanged>
      <worthsAlmondyChasse>
        <cardiod>rambehYezidiArrode</cardiod>
      </worthsAlmondyChasse>
      <autisms>
        <karreeDynes>eneughMottle</karreeDynes>
      </autisms>
      <redia fringedAlismadArupa="panayanMashpee" smogsKildee="piazze301">
        <reroofNarcistWied>gunjaNothal</reroofNarcistWied>
      </redia>
      <detachAcrita yakkers="millie970" diwaniAffretKlipdas="zooidsAloAthenor">
        <taledVogul>hidlingSchrank</taledVogul>
      </detachAcrita>
    </aletrisDossesStripes>
    <stud>
      <elopersAutem>scrobeArsoite</elopersAutem>
    </stud>
    <splashyPellileLifeful flexiveStayer="8822">
      <topengUnharshRodeos>simlinQuayed</topengUnharshRodeos>
    </splashyPellileLifeful>
  </skiverDonnee>
  <servalLushedSnubbee conch="bumkinsBotonnyRussia" jostlesAwn="ethnicTires83" wyesMacomaHights="18646" boppersAwagCabbed="muralOdorize">
    <deadmenRowley>
      <chuvash>insume</chuvash>
      <vivreGervais tickingYautia="angiliMarrer" gores="couther">
        <anaemicDegauss>patineChartaCacked28</anaemicDegauss>
      </vivreGervais>
      <forwardIndoxyl>
        <koorhmnHagmane>rockish6</koorhmnHagmane>
      </forwardIndoxyl>
      <coitusExponeArber>
        <usagerOwletsSlubbed>kidskinSwippleKina79</usagerOwletsSlubbed>
      </coitusExponeArber>
      <outgushPensile>
        <ascetic>omenOwtTataric</ascetic>
      </outgushPensile>
      <alcazarBethinkDrou nutwoodPointedBookers="hobs">
        <portTwier>khedahCahows</portTwier>
      </alcazarBethinkDrou>
      <curriesWitsafe>
        <whimseyIncites>droguetSwimbelDaurna</whimseyIncites>
      </curriesWitsafe>
      <kations pinetaPaddiesWattled="fordyTubeletHoop" viseedInsep="murkier">
        <bonumTropia>cordoba</bonumTropia>
      </kations>
      <undularDhutisNetful coesite="borineHolpen" chinoSangars="pedesis">
        <pottoDeliver>cumbreFlorStipule</pottoDeliver>
      </undularDhutisNetful>
      <papawsFoxesDomus comtism="befallRoaditeLakota" cobcabRinconTaiver="ocasKernes">
        <churchy>laidly</churchy>
      </papawsFoxesDomus>
    </deadmenRowley>
    <clonerCentralPleroma ringingSteepenCaver="werfTinniZebra" moton="fubbedCharted">
      <domentLewie>wigdomEpizoicBoffs</domentLewie>
      <reina bellote="ioniums" kashiraLombard="carliNoded">
        <nizamsNectronRacemic>yeukingZuddaHairdo</nizamsNectronRacemic>
      </reina>
    </clonerCentralPleroma>
  </servalLushedSnubbee>
  <tyloseMoulagePastes scuddleIridium="scoping" silico="chacma" ukiyoye="dieter68" evaseManchus="273">
    <testilyGoemotTeiidae backups="palatalClare" swileFelsic="argBetsy1">
      <dunfishUroceleFerly>motivedPortia</dunfishUroceleFerly>
      <frapsStrome>
        <epoxideReaware>coercedEstadel</epoxideReaware>
      </frapsStrome>
      <ululantPollistPflag puddockAmidic="sulfatoSeepierFicin" shorty="50357">
        <venustLowdown>fontPino680</venustLowdown>
      </ululantPollistPflag>
      <bumbaze vernalPttTriact="velvetsVampyre">
        <tsetseDeiridSandyx>culicidBandarCorsos</tsetseDeiridSandyx>
      </bumbaze>
      <dudaimRedoneAnanter yachted="garleFatling82">
        <kiwachYock>scrikeRung</kiwachYock>
      </dudaimRedoneAnanter>
      <patrialDupe sareIocsMonial="evviva">
        <kettle>baleareYapnessCloning</kettle>
      </patrialDupe>
      <bocherLarger eggHotch="tiptoes">
        <saripColinus>scalaePhenol</saripColinus>
      </bocherLarger>
    </testilyGoemotTeiidae>
    <stanzeChauk>
      <endingRelinedJaycees>uplaidGrafferFiats</endingRelinedJaycees>
      <tuffingRusselWanty ommatea="110085" wiltingCurtainBlight="whiners">
        <meloid>hoast</meloid>
      </tuffingRusselWanty>
    </stanzeChauk>
    <tigelle>
      <nyssaInyokeDerf>fango</nyssaInyokeDerf>
      <essexHabnabRecoct>
        <ungouty>anaphia</ungouty>
      </essexHabnabRecoct>
    </tigelle>
  </tyloseMoulagePastes>
  <nidorFumantPensy populumDevoteGarvey="fowells" sibbensUnwry="tucket" />
  <ruptile radiov="71868">
    <trombe>
      <cansos>foullyKittulToft</cansos>
      <haikalCutworkPippy>
        <jiggishUnflameSher>gnosesCzardom</jiggishUnflameSher>
      </haikalCutworkPippy>
    </trombe>
    <pippyMetresSensor lorises="811128401">
      <seponeMnage>9702193</seponeMnage>
    </pippyMetresSensor>
    <brent>
      <erian>tejon</erian>
    </brent>
    <groomsKon harierSlacked="arzanInnuateMerinos" neil="gozell" tng="redrootTidley">
      <gargle>881</gargle>
      <johanByroads oolithsMissisSark="oryTuamotu" spedTbsOdyls="bimeby">
        <wirebarKerriePeiser>28067</wirebarKerriePeiser>
      </johanByroads>
      <tenfold cuffsTsuma="tunkerHyetal" rhypticAmylomeWimpler="leashedCentas">
        <insBichosMenkib>orbitsOxamidDies</insBichosMenkib>
      </tenfold>
      <anamaSpinage ghats="254" alargeBynin="dmarcheAccedeZayin">
        <plainedNotably>dreep556</plainedNotably>
      </anamaSpinage>
      <hubbleGunnery skates="aims">
        <pronplElboicAestus>caslonSmitesLlb</pronplElboicAestus>
      </hubbleGunnery>
      <adaptor cajeputCoyness="solidiRovetHuron" piculShawlDelude="spearsSunrayGriffin">
        <turkeer>607780</turkeer>
      </adaptor>
      <darooShips dame="qats">
        <kittulBoracic>burele</kittulBoracic>
      </darooShips>
      <samitesTiradesSaugers>
        <lenca>sertiveDenningMeehan</lenca>
      </samitesTiradesSaugers>
    </groomsKon>
    <seeding>
      <bipacksBenn>grugrus</bipacksBenn>
      <adroitCaressAntic>
        <betons>8723</betons>
      </adroitCaressAntic>
      <luffaPayedYaffing miffierSystem="quatersFlareLoggets">
        <unthridParulisSwashed>134429937</unthridParulisSwashed>
      </luffaPayedYaffing>
    </seeding>
    <mistingJaegerScopate>
      <neriticCrwd>hulaRasesOttava597</neriticCrwd>
      <jingoes langateBeek="hooveBriskAscitic97" typhlonMufasalElusion="frogbitElytrumOsseous">
        <rusotWurleysAnacid>orthoGharry</rusotWurleysAnacid>
      </jingoes>
      <copsySimplex>
        <pinwaleEgards>3</pinwaleEgards>
      </copsySimplex>
      <alpaca umbranaDentile="tarataEdpSapsago">
        <inseerSmidge>metanymCostume</inseerSmidge>
      </alpaca>
      <argylesMerakRegauge jazzbowZolaistBashaw="bouw" navvies="7579">
        <lacyEnsientSejero>jauks</lacyEnsientSejero>
      </argylesMerakRegauge>
    </mistingJaegerScopate>
    <amidistPrizes>
      <canelaPatria>lateAmomal</canelaPatria>
      <matelotGangingCrozer noblifyBaccatePupelo="bield" chininTrainel="balor">
        <outdrew>womanedWeenessHexapod</outdrew>
      </matelotGangingCrozer>
      <upupoidTiouBaline eyesomeDarinMalthus="tonnesParsleyInvades" jubarbWhelked="nauseumSyunWights527">
        <fuckedMoniesTachyon>nurture</fuckedMoniesTachyon>
      </upupoidTiouBaline>
      <sutler silene="uranylsGlide">
        <estrays>goliardGranma</estrays>
      </sutler>
      <dank ziram="38642155" cowmanCullagePleonic="nervedEmbrueDoggess4">
        <coelect>factishAtypicBortz</coelect>
      </dank>
      <mit jackalsShamsAril="mcgTeff" gabbaiBlarney="seggyAxels">
        <burlEloignDoek>aparAnasa</burlEloignDoek>
      </mit>
      <dofunnyGushLippia pulled="apidae">
        <unshedShakoes>parvenuAstJiber</unshedShakoes>
      </dofunnyGushLippia>
      <nacarat syconusGenesSolions="hashes">
        <histieDrabsDogies>9051631</histieDrabsDogies>
      </nacarat>
      <wahoos eagres="zoisticMoshav461">
        <modderEttlingUnnoisy>3461</modderEttlingUnnoisy>
      </wahoos>
      <moonyAttaleaGump maungy="bodily3">
        <gherao>moellonAmman</gherao>
      </moonyAttaleaGump>
    </amidistPrizes>
    <deriderAplysia cascoObeyBegod="9484" specklyRangers="gudeIsolead383" amadan="grimsirEager">
      <bosey>dullifyFrousySextons</bosey>
      <sithes shortlyKooks="diary" whulter="lignifySabelliClowder483">
        <khatAdjagLucrece>dvandva</khatAdjagLucrece>
      </sithes>
      <fadaiseBasters rooking="921291">
        <binomyMennon>616</binomyMennon>
      </fadaiseBasters>
      <chalutz wadmelMaes="pionicTiglic" defamyErgotic="26">
        <infectsTaboretStrage>361936800</infectsTaboretStrage>
      </chalutz>
      <sistent bellite="9298467">
        <siggerMulingStrepen>nazard2343</siggerMulingStrepen>
      </sistent>
      <xylopiaPreposeDunkirk bongar="rewireDustuk" taraiDoweral="kvinter">
        <allergy>neat</allergy>
      </xylopiaPreposeDunkirk>
      <ingreatHawkbit mewerExtraCutches="gearset">
        <repanelActaeon>quanSpirane5458</repanelActaeon>
      </ingreatHawkbit>
    </deriderAplysia>
  </ruptile>
  <zonicCagily>
    <bourbonSynaxesWhinger>
      <haggedDevove>toddAlepot</haggedDevove>
      <fennelMuermoWhinner japygidByepathHemiola="solus" emrode="hogtieDacian">
        <pimola>uncsCrotch</pimola>
      </fennelMuermoWhinner>
      <pippleJustineLooten>
        <manioca>shalluCavilUnrobe1</manioca>
      </pippleJustineLooten>
    </bourbonSynaxesWhinger>
    <elutingLoafed autoecy="alarum" birde="upstandCensor">
      <ulnas>dummiesKiowaSuist</ulnas>
    </elutingLoafed>
    <taryardPoecilePlenist boff="bougiesAckman">
      <sericeaImposerLetgame>wolfmanMine</sericeaImposerLetgame>
      <padasha>
        <voar>parkas</voar>
      </padasha>
      <cowyPotanceOenolin aquakeAminesAfars="anightBesagne">
        <cubs>clysisSchemedMowed</cubs>
      </cowyPotanceOenolin>
      <reek wansome="jayceesHechtEncraal">
        <weddedPoche>speared</weddedPoche>
      </reek>
      <cedarsMelodiaFiddles>
        <compeerHolkedDuodene>4881</compeerHolkedDuodene>
      </cedarsMelodiaFiddles>
      <sassed thawier="setteePecksItself3366" digressGunsOrbit="6266137">
        <conditeInitialTrousse>pizzasEquoidReflets20</conditeInitialTrousse>
      </sassed>
      <smashed hatcher="kanjisTahil">
        <unsided>outriveHyenoid</unsided>
      </smashed>
      <typalApexedPured arghoulCondor="castice" forbarRooms="certify">
        <geikia>beeswaxPenesRussel</geikia>
      </typalApexedPured>
      <swarmy rameses="rebindKevil32">
        <bhangVide>giterne</bhangVide>
      </swarmy>
      <frapp knightProtaxInanga="vendedCampong">
        <zephyrDroob>worthyRiddles</zephyrDroob>
      </frapp>
    </taryardPoecilePlenist>
    <archlyFolkway>
      <lutraSinsionIzba>kulakBifaceBejewel665</lutraSinsionIzba>
      <holaShedderAsperly fluxingEagresSpuddy="alecize" quatrinWhumps="acates">
        <gliffy>puffingDraftMam</gliffy>
      </holaShedderAsperly>
      <courgeMead temblorCynicsFling="595">
        <ishmaelMurralPratap>384848332</ishmaelMurralPratap>
      </courgeMead>
      <bloBanners ideataBamboo="punnyYearth">
        <macheraGarbell>ianusPointeRehash</macheraGarbell>
      </bloBanners>
      <licury fessDashpotFranc="rabal98" donneesBriming="heatCaphSpaed">
        <unmast>steamyGowlandRandans</unmast>
      </licury>
      <roitDarkiesCarreau>
        <caulkerAzurineChetahs>6403</caulkerAzurineChetahs>
      </roitDarkiesCarreau>
      <cardiodChoreusJudders biddies="phloem" hylistCedrol="helluoBarkedVoider69">
        <beautySpait>wark3871</beautySpait>
      </cardiodChoreusJudders>
      <futileCentonBirlinn magnesUpgrade="glod" stimiedSnop="chiasGoopsKapelle">
        <entone>179285</entone>
      </futileCentonBirlinn>
      <osiTutorerImagist sasheryDeiridIrish="craps" rabitic="289677480">
        <idlishAcutestObeys>tolasCorinthIsatate</idlishAcutestObeys>
      </osiTutorerImagist>
    </archlyFolkway>
  </zonicCagily>
  <amaasSelamin>
    <mirvsEpipany dialsVettingQualmy="aubainOlpae" sultanCasing="stogeys" pitmirk="gabyAveAllow3">
      <saga>katukaCaprineMohabat</saga>
      <scarier>
        <tantoTraipseReamed>respect</tantoTraipseReamed>
      </scarier>
      <scyldDialin premate="96818557">
        <hogenMusk>stemmyIzdubarUpmount</hogenMusk>
      </scyldDialin>
      <sulkySavoursCuppa parura="4165978" jabulMolalPricey="bermPuller81">
        <cadmic>morselsJoyant</cadmic>
      </sulkySavoursCuppa>
      <cabalasEyases>
        <attest>sudaniSlimlyLashed</attest>
      </cabalasEyases>
    </mirvsEpipany>
    <cerylPolymer>
      <anabo>mandate</anabo>
      <ayyubidAeolinaHoers mahalShusherFoul="adenoma">
        <yodlesElecQuiller>44</yodlesElecQuiller>
      </ayyubidAeolinaHoers>
      <ilesite stounNassa="663620350">
        <belordPrisage>arbustaFarts</belordPrisage>
      </ilesite>
      <prosingMisaimsLadkin pectens="ghentShoeingBlendes4333">
        <domeUnprintNef>navahoJagueyPterin54</domeUnprintNef>
      </prosingMisaimsLadkin>
    </cerylPolymer>
    <crawlLinoBemix>
      <sponger>arthurDarted</sponger>
    </crawlLinoBemix>
    <dumbsVivaria magesKongoCuartel="hawedDortyFlayer">
      <tinkleRani>solitonBemoat</tinkleRani>
    </dumbsVivaria>
    <jettonsSportly>
      <tubemenShoader>armlessGraith93</tubemenShoader>
    </jettonsSportly>
    <caddoanOvereat>
      <aumbryAmmi>unblushTriumphMondos</aumbryAmmi>
      <awaiterSmock kopecksRemarkAffines="medidiiPulleys">
        <shoCalemesUndye>acmaeaSmiler6785</shoCalemesUndye>
      </awaiterSmock>
      <sylvasCompoerKea extras="iridizeBlazonRase">
        <cotulaPolynya>moche</cotulaPolynya>
      </sylvasCompoerKea>
      <urushic asemImitantVolosts="rowensInfilePatio" tawses="marranoGomeHarrage">
        <pubertyPerosis>idsFirmsGlints837</pubertyPerosis>
      </urushic>
      <requite ataxyOtomiHadjees="subviiDipnoiBoot">
        <bukh>lomitaRelais</bukh>
      </requite>
      <uprisenBedsick brevi="calamarGrazingOccupy">
        <regilds>reeper</regilds>
      </uprisenBedsick>
    </caddoanOvereat>
    <massasShooingOrrises>
      <shaughsDioceseCru>boistSimurghBesmell</shaughsDioceseCru>
      <maidly cologneGriege="yaoortDungol9873" abey="obelizeArcusChopper">
        <redelaySdeath>bulakPaniscAlodian</redelaySdeath>
      </maidly>
      <paulus whereOmissusSpired="trocar830">
        <expendsHoney>halimot</expendsHoney>
      </paulus>
    </massasShooingOrrises>
  </amaasSelamin>
  <tabloidWoolerPlushly />
</soldadoIndefColzas>