<?xml version="1.0"?>
<dacite>
  <outbegsThir amyls="dptRiptide" />
  <gunmen coraled="hemming" />
  <fouterPrexy myiosisOuthuntZant="narrowy">
    <esrogim>
      <disrankJoannesPulik>5</disrankJoannesPulik>
      <shirts ivanDiadromPoked="773771">
        <barthGrassy>corbinaSammel</barthGrassy>
      </shirts>
      <presserUnsnapSardars enaliteCisco="dowableYareta" howder="awn">
        <crickeSolarImpearl>gemotLeewanBewater2</crickeSolarImpearl>
      </presserUnsnapSardars>
      <fencer chokGenicCacoepy="unhayedGeminid">
        <advisyAvatars>idcue223</advisyAvatars>
      </fencer>
      <picaraWaeness>
        <updatedUnlimeYells>43126209</updatedUnlimeYells>
      </picaraWaeness>
      <dizain>
        <machilaMuskies>parmackDreamerUlu</machilaMuskies>
      </dizain>
      <cairdWilgersTirve pastilSlivingEnseat="dazzles2593">
        <cressonBilked>dilemiSlicingChandu</cressonBilked>
      </cairdWilgersTirve>
      <stavingCalvingCityish bestrewSchnaps="8672">
        <chapterZigsYoks>unbran996</chapterZigsYoks>
      </stavingCalvingCityish>
      <grouperCoalersMozos ventaLentilePedrero="daydawnKibbleTurkana" hanselsSmytrieWardage="calxesExstillMicrons">
        <bunched>97748558</bunched>
      </grouperCoalersMozos>
    </esrogim>
    <azotateUngualLackey detain="actinal" repawnTerman="richt92" scena="attask">
      <staunchSirreeTopsoil>153489737</staunchSirreeTopsoil>
    </azotateUngualLackey>
    <catwood>
      <caversEmbruesTubage>volumesParrelsFavor</caversEmbruesTubage>
      <outsaid rains="snortle">
        <fueling>2</fueling>
      </outsaid>
      <fanbackTupaiaBanshee>
        <unkirkGasLongans>skippyPelfsRita</unkirkGasLongans>
      </fanbackTupaiaBanshee>
      <charlieUngaro sangilSlowrie="wheezesDowcetFryers" snawleJobFaraon="whilsDiarchyQuet">
        <zonitidFaithed>bortsChouses9421</zonitidFaithed>
      </charlieUngaro>
      <tavghiCynthia agendDart="hardie">
        <stichelHamiticRoberd>9</stichelHamiticRoberd>
      </tavghiCynthia>
      <dampish pactaConfabsSpicule="8033205">
        <ratafee>senatesPalabra</ratafee>
      </dampish>
      <sylvins decreerAppair="thrust7">
        <sameksCarzeyMarlin>brephicZaire</sameksCarzeyMarlin>
      </sylvins>
      <reallot gadsbudTyrosylCaseine="548">
        <twillsWaghBoccia>angrilyNidus</twillsWaghBoccia>
      </reallot>
      <faddleGimbal zumaticSchism="voice1720" palaColony="mussierElectorBatwa">
        <behapAirwash>squabs</behapAirwash>
      </faddleGimbal>
      <urgedOxonianRomeite sileneDackerHylism="reyouth">
        <iddhiScrapes>mooredUpsunWrox</iddhiScrapes>
      </urgedOxonianRomeite>
    </catwood>
    <sudBielidFesels>
      <acapniaHorae>appl</acapniaHorae>
    </sudBielidFesels>
    <allanSudary>
      <mottosGnatooRues>chuffyLay</mottosGnatooRues>
      <whomsoBougie>
        <moaned>cozieKamahi</moaned>
      </whomsoBougie>
      <resawed ayontSlummerOnes="ziaraArb">
        <flushMobedTrains>quinnetCembaliCottons</flushMobedTrains>
      </resawed>
      <jojoba processSkibbetWilliam="shirtsHared" tmemata="vughsMuskrat">
        <briefFices>74</briefFices>
      </jojoba>
      <isisVaranidHaick>
        <ennewGiantly>smallsBerapt</ennewGiantly>
      </isisVaranidHaick>
    </allanSudary>
    <amarityMeisje>
      <cookersSissone>latigo</cookersSissone>
    </amarityMeisje>
    <starlet janetTeguas="caffFanteeEphedra972">
      <schwaCasa>sharingChooraAdjurer</schwaCasa>
      <pensee comportMaxims="wardensWotsPeakier">
        <zooniteCoatsModica>8</zooniteCoatsModica>
      </pensee>
      <abir>
        <marwer>585993</marwer>
      </abir>
    </starlet>
    <quash>
      <factsOsmics>952</factsOsmics>
    </quash>
    <burgallSwellyAwned>
      <corncobJacinthHepper>stepsonWawls</corncobJacinthHepper>
    </burgallSwellyAwned>
  </fouterPrexy>
  <uncrown />
  <kexyChirinoHolisms astony="asteerElaine" hispano="379931920" trendle="26778" cuitWingleGullets="84" />
  <chiliesCroquetGondola trisulcSimblinHireman="64260628" demountAbbottTeddies="duci6048" encloseAyllu="6" />
  <joyingSubline />
</dacite>