<?xml version="1.0"?>
<delves>
  <poufsBlote betail="botchedPees">
    <cornice thirtDjelfa="begluc" caproicValeria="shorterCorvusSnye688" altoistSpermaDawny="atavistCarnateCrozier1358">
      <wilcoJakey>mtnSuccory</wilcoJakey>
    </cornice>
    <annates>
      <pluggedTweesh>glueing</pluggedTweesh>
      <unclickWassie>
        <falsie>3604</falsie>
      </unclickWassie>
      <blondPstSheet>
        <toluolsFirn>kyotoShaughs</toluolsFirn>
      </blondPstSheet>
      <crackly>
        <lased>260653332</lased>
      </crackly>
      <telarly opacityCaslonManeh="umberty">
        <stagerSleekenWant>hideoutBatableSlish</stagerSleekenWant>
      </telarly>
      <peptic speltzAviatorWaffing="danta">
        <batchedSorose>mahometCobbyPrigs</batchedSorose>
      </peptic>
      <roqueThorax>
        <currie>novena</currie>
      </roqueThorax>
    </annates>
    <losersZizith>
      <stooks>bethornPidanMyoses</stooks>
      <mowerFrocks>
        <ilya>77555</ilya>
      </mowerFrocks>
      <componeMetaeFreefd tofornKnurl="retailsRicracsOofier">
        <latenceCoree>elopeSpinule2</latenceCoree>
      </componeMetaeFreefd>
      <rotulaRhe>
        <toner>smearer11</toner>
      </rotulaRhe>
      <hawMonades ginks="91608657" turtledFuselUnarted="thecalUnshoed">
        <burnieChuse>reshodAntesShear</burnieChuse>
      </hawMonades>
      <babiedKeup>
        <bogeys>standupPridianCredent7</bogeys>
      </babiedKeup>
      <koeri tended="473638706" mawedUnsoggyRicket="prolog7343">
        <waggers>saltate</waggers>
      </koeri>
    </losersZizith>
    <dobbiesRightsBodegas>
      <bedunceBrawnyExoderm>sestiSubduceSquarer</bedunceBrawnyExoderm>
      <patuca tatther="nasalisNaamanYucatec" tema="cliteFledgesUnist859">
        <carap>ephorLinacsBriton</carap>
      </patuca>
      <wurleysCabful bumfegUnpicks="27">
        <robombSayst>velvety</robombSayst>
      </wurleysCabful>
      <slepezPledgedCraney pile="semirawCangy" gaeldom="toucans">
        <turfCotch>ethicCanilleEllasar</turfCotch>
      </slepezPledgedCraney>
      <bigbury secessInfamedTawkin="436">
        <bumbazeLinksKoso>testata</bumbazeLinksKoso>
      </bigbury>
    </dobbiesRightsBodegas>
    <ratafeeAwolCrc buriedGutter="manful" chicer="flute">
      <pressedAntigay>mains</pressedAntigay>
      <loupenKlister maunSinto="woozleApodan">
        <reflame>94</reflame>
      </loupenKlister>
      <quakers abilao="murresDabihMeseems" sopperJoyanceCanal="degoldGothicHagbush">
        <granterSendPres>cresylsPeebles</granterSendPres>
      </quakers>
      <roomerDune vishnu="67805848">
        <cornualPicamar>axeWeirdly</cornualPicamar>
      </roomerDune>
      <kikongoBurooWaxers crenaAnnuent="balabos" buriat="718863729">
        <kebarsJinjili>daghesh9105</kebarsJinjili>
      </kikongoBurooWaxers>
      <deturAkund pumpmen="baetuliSambharGromia" bushedEntrezSpiran="padnag">
        <seiserTynes>cupeledOds</seiserTynes>
      </deturAkund>
      <atauntSnakeyLabile earholeSenaBlash="coppinOdaliskLehayim" koodoosAortism="deiparaMuffy">
        <nareshNymphic>shulsDiets</nareshNymphic>
      </atauntSnakeyLabile>
    </ratafeeAwolCrc>
    <daboyaDafferyPiaffer>
      <singletDakhiniBepress>reflateAnomer1625</singletDakhiniBepress>
    </daboyaDafferyPiaffer>
  </poufsBlote>
  <collab taxemesWef="stropsFretum404" unresty="rawhideWhatd" tebeth="mixiteHeinieWatson877" aimable="josip">
    <ley natalsBensail="oopakRampikeBonsela" unfiberSalpa="fornax">
      <felonry>82090473</felonry>
    </ley>
    <copticCadmic rume="asteriaHelmet27">
      <keesterAlmud>voideeDehorns</keesterAlmud>
    </copticCadmic>
    <airship>
      <albeTowzie>58512418</albeTowzie>
    </airship>
    <guisePreconyKassak>
      <paddy>mentionYarryAttaint</paddy>
      <faeroeSuffixMaggie vaireScuttle="andries" sorbolGaufferElides="liestLoamsBosher">
        <elocuteInanityUrgent>blemishBestridZenana</elocuteInanityUrgent>
      </faeroeSuffixMaggie>
      <orpheanBopyrid yamunsTaiyal="ribososPoised51" pinwale="dosselCumuli">
        <gamesQuiddleTejon>screensRhoda481</gamesQuiddleTejon>
      </orpheanBopyrid>
      <sluesChivw enfinSubCardias="mah49">
        <whynessShilfaQueens>rindyTheekDrang</whynessShilfaQueens>
      </sluesChivw>
      <gantangBagwigsCure poacherPurestBaguio="ongaro459" nachusIsomereBajardo="betain49">
        <birkLaxityGoodies>inkenKetene</birkLaxityGoodies>
      </gantangBagwigsCure>
      <cushagPpi mitoticCyathos="784">
        <swineBaidar>juris</swineBaidar>
      </cushagPpi>
      <citeMossieUngild>
        <toshesTussursJambart>54578</toshesTussursJambart>
      </citeMossieUngild>
    </guisePreconyKassak>
  </collab>
  <tirageCaruaCuemen />
</delves>