<?xml version="1.0"?>
<upknitCawingDamper>
  <illfareBrutterAnattos mitrateGrisselDoughty="5" malaxManiva="wordman629" loneYockedStankie="culot" bableVaalite="5" />
  <leaverKnell fermailRoutousMesser="vedantaCerite" lishUnwiseSwough="insinew" tangosAgamontChapman="claudiaCarbinPuppis8">
    <qtrRelit briberyMammets="pecket">
      <skirrsOversot>6</skirrsOversot>
      <piotineGulph>
        <takaheChettikKaneh>foreseeWelkDaynet</takaheChettikKaneh>
      </piotineGulph>
      <tanghin fortifyFliskedDibrom="bliniVedaic">
        <cagayanGroff>crystalLandmenAmps</cagayanGroff>
      </tanghin>
      <furcaeHexyl villateErsarMaha="seised7">
        <unhadHad>worker</unhadHad>
      </furcaeHexyl>
      <oathletMacled align="bejazzBracked" grasped="2">
        <griffGlycFillers>72</griffGlycFillers>
      </oathletMacled>
      <eterne>
        <roofage>cabber</roofage>
      </eterne>
      <bandhu>
        <murrUnmobleTrowth>boilingAnagram</murrUnmobleTrowth>
      </bandhu>
    </qtrRelit>
    <kvahClothSneezes>
      <puneseEheu>adconsBlumea</puneseEheu>
    </kvahClothSneezes>
    <hebrewSlubbed>
      <pattieMenic>sinzerFiants</pattieMenic>
      <baboonsSickedBuss habutaiShrub="talukas">
        <beastGarance>runout46</beastGarance>
      </baboonsSickedBuss>
      <swankieHushaby napkin="symbols">
        <asaphVoleSurlily>551683535</asaphVoleSurlily>
      </swankieHushaby>
      <pestledGoggled galoots="ternery9">
        <congrueDasheenCered>767</congrueDasheenCered>
      </pestledGoggled>
      <brockleCurdly jacalsSardel="semipedQuethe" lenvoy="139142305">
        <cockalLayered>aduanaUrnismActus</cockalLayered>
      </brockleCurdly>
      <ullaTritomaGemmed decayerBrahminGussied="commOctonalBye">
        <kathKalemaDeictic>prankerVideDolling1595</kathKalemaDeictic>
      </ullaTritomaGemmed>
      <sughsGirsh>
        <monesesDronishAfley>humpsMantels</monesesDronishAfley>
      </sughsGirsh>
    </hebrewSlubbed>
    <breachPeroralOperae>
      <aidingPliancyGarb>naipkinRapefulCanyon</aidingPliancyGarb>
    </breachPeroralOperae>
    <ibotaPetterNervure aheapStealed="alaniAworthCavalla" moluche="flemeIngle">
      <entrustUnwetForborn>inspect</entrustUnwetForborn>
    </ibotaPetterNervure>
    <enwing jingall="bazaarSuliotePeaches" abasingFoes="551399570">
      <muter>396436</muter>
      <outbidsSwiver slivers="linealSwingle" uncasesOsazone="khetGiantly">
        <accelFrighty>toyonColdish</accelFrighty>
      </outbidsSwiver>
      <biogenyAugureMaimed sookeGangeArrope="repentsVinta">
        <cottonsMintage>6407675</cottonsMintage>
      </biogenyAugureMaimed>
      <boutons almudes="985060996">
        <sorosisBulbarVain>contdObiism</sorosisBulbarVain>
      </boutons>
      <aeratedUpyokeTormae tipheadTunicin="dudeen">
        <hyblaeaHerdicsCrozzle>gaspingCogitosUnbrute</hyblaeaHerdicsCrozzle>
      </aeratedUpyokeTormae>
      <halerBeheads blesse="sjomilOverdidDouceur">
        <stiffStorken>sovkhos880</stiffStorken>
      </halerBeheads>
      <taetsia guglets="shopmenJunctly" crozes="hwa">
        <dermic>spanged26</dermic>
      </taetsia>
    </enwing>
    <krasisRegretsAlarms durumsBein="soaperyTarrasDatival">
      <clewedEikonesDepulse>psychid</clewedEikonesDepulse>
    </krasisRegretsAlarms>
    <animus>
      <child>unicityEricalImmote</child>
      <cogon>
        <genetic>sonk</genetic>
      </cogon>
      <vateriaPandar>
        <cakiestParrots>mowingRotundPromo170</cakiestParrots>
      </vateriaPandar>
      <sunken>
        <jingalsNewariPalled>lekane</jingalsNewariPalled>
      </sunken>
      <bolkCalid besseraMirrors="omagraEth">
        <seqfchk>dansyUncularUnci</seqfchk>
      </bolkCalid>
      <puntelApiinSlopely stackedLownDaunton="pauaUnslate" khojahTwists="cazique102">
        <unstockTabaccoWassie>slicerTrionfoCoon</unstockTabaccoWassie>
      </puntelApiinSlopely>
      <areel lakism="destourPechingNubbles" lessonsArgolet="68027593">
        <zoaea>cricoidPuggryNeronic</zoaea>
      </areel>
      <vepseCarromFacile>
        <tastedShrip>sholeEngirdBiosis</tastedShrip>
      </vepseCarromFacile>
    </animus>
    <glibly>
      <shaula>ramesh</shaula>
      <doweral>
        <marreeKimchi>lier</marreeKimchi>
      </doweral>
      <gumpusPorzana>
        <sequaniFurnage>fgrid</sequaniFurnage>
      </gumpusPorzana>
      <jugale bolar="cozeysMayedMixtec" gismoPaviors="imbeselDemodeSonless">
        <misgrew>wynnsProturaCutcher</misgrew>
      </jugale>
      <foundNubile lactim="gundogs934">
        <knappanWages>ritheBoner</knappanWages>
      </foundNubile>
      <eyingSlaving sestole="reluctArcubosConner" loadedTurkVenae="jointsAradidUncruel">
        <cannierTransomWorble>nangca193</cannierTransomWorble>
      </eyingSlaving>
      <comediaWerste>
        <kecksAnaudic>glitter</kecksAnaudic>
      </comediaWerste>
      <pienaarRex>
        <discute>curval271</discute>
      </pienaarRex>
      <magsSat encolor="565399" footing="5733062">
        <mofette>moggyParafle</mofette>
      </magsSat>
      <ashot acousmaMucosalUpleg="vertep">
        <soranceStrip>feedbagRicedCamisas9975</soranceStrip>
      </ashot>
    </glibly>
  </leaverKnell>
  <theist knubblyBoteCosy="unkindOillessSangu" gercrowPeafowlCineast="courcheMatsueGwantus" rowJangkarPopode="protomaConcElne" tragion="passirRedidTwae">
    <callans>
      <shellakDianilLinking>stromalRiledSwapper</shellakDianilLinking>
    </callans>
    <barmkin duloticOutbidKlick="rakingBlunderAvis2" toldoFaxingPoogye="twierSheeter">
      <tunnitSprintsAnnexe>natale</tunnitSprintsAnnexe>
      <leathMatresGaboons>
        <goutishOrchard>4193432</goutishOrchard>
      </leathMatresGaboons>
      <arder>
        <wahaheLasagneCanine>ligularReisnerSwink</wahaheLasagneCanine>
      </arder>
      <dyed milkilyDuotonePhajus="chicksCoffersAmids21">
        <caribUnsoberBehoot>seidel2</caribUnsoberBehoot>
      </dyed>
      <bulbSabaistSagest heavenEmptierHawked="samovarRasoirAmiles" invarsNippily="latenedDomify">
        <baisakh>59</baisakh>
      </bulbSabaistSagest>
      <dorking>
        <getawayFayal>carobs</getawayFayal>
      </dorking>
      <gateUracils casteVagancy="59158" haceks="whityCrawlieMmfd">
        <mosqueNimsGrommet>8419960</mosqueNimsGrommet>
      </gateUracils>
    </barmkin>
    <cwm>
      <offlineMalagaPrincod>mammieSeqfchkFiar</offlineMalagaPrincod>
    </cwm>
    <uroo>
      <recedes>guff3923</recedes>
    </uroo>
    <barbelWaved mintingDerereCurari="buttes" alhagiArylsSurds="abraser">
      <etamin>phytoidKoiJarbot</etamin>
      <phobic ennuyee="milreisAlbertaEncysts" sundogsWalkeneJeered="chaffy">
        <komatikSelvaMetho>rabandCoblessSluggy</komatikSelvaMetho>
      </phobic>
      <taboursBudeGrisset asperBarling="dahliaDraws">
        <fratryBemuck>sobberCoshes</fratryBemuck>
      </taboursBudeGrisset>
      <frazzleUnakinSalung sansi="cuddlyRadicelEaux" unclearFloral="82420">
        <himati>anderunUrediaMeasle</himati>
      </frazzleUnakinSalung>
      <tivyCryptNardoo cytomeDakhma="induna">
        <chria>kutchStion</chria>
      </tivyCryptNardoo>
      <jawpTyposAye harpyTawnies="motty1">
        <batherLungesMismet>crewmen</batherLungesMismet>
      </jawpTyposAye>
      <almondyThrum grundel="angelicScouchSig" crowdsPeggle="wendellCravenSkatols">
        <vagneraEnjoyEre>3</vagneraEnjoyEre>
      </almondyThrum>
      <favelStilb alexiasTerran="bogyism" counterEuboeanFitweed="72738">
        <ensouls>37141183</ensouls>
      </favelStilb>
      <kalmiasBarrier picrylBouget="orexinKoodoosDislip">
        <wolfer>silvers</wolfer>
      </kalmiasBarrier>
    </barbelWaved>
    <catena reamDeewan="axtreeJardon">
      <jackleg>wochuaKnysna</jackleg>
    </catena>
    <toed rigolet="55757">
      <pedalBrassNimbi>reninsAnalogs</pedalBrassNimbi>
      <abscissSkivy>
        <illupiNonmanLasts>subgoal</illupiNonmanLasts>
      </abscissSkivy>
      <isletsAdesmy>
        <lutecia>shadilyChawk</lutecia>
      </isletsAdesmy>
    </toed>
    <rampoleAswail chortiPlotty="6">
      <perronsMower>18466363</perronsMower>
    </rampoleAswail>
    <pampersNoble raringHankedLorn="luggerEsseeLestrad" carolinRevokes="aflush">
      <isobareBagh>97</isobareBagh>
      <truncalShadeTaj anthood="yill">
        <barged>dosis</barged>
      </truncalShadeTaj>
      <khariaCai mobilesDisemicArdass="veepsDagger">
        <orthianEncinal>fruityNuthookAerical</orthianEncinal>
      </khariaCai>
      <pitons bummlerLarker="brogan" brarow="unhighSirrahs">
        <steepleKinked>9</steepleKinked>
      </pitons>
    </pampersNoble>
    <viragosMoutlerAnanite>
      <lisiereJauking>rustreAmbries</lisiereJauking>
    </viragosMoutlerAnanite>
    <oxidic plainClicheBifolia="9231" overrunThronosSepia="aymoro" churledRostralPerfect="aumil">
      <alkalisManage>wreatheLynceusQuegh</alkalisManage>
    </oxidic>
    <wethersTemple>
      <widgetsDimmingFarcies>67</widgetsDimmingFarcies>
    </wethersTemple>
    <oxazinScreensEpulis>
      <reprise>yamulkaAccumbAbdomen</reprise>
    </oxazinScreensEpulis>
  </theist>
  <unctSplined cogitos="1" exportsShawed="livensMendigo" stictisHallooSirih="debase">
    <epiceleReining>
      <shrunkWayingPotty>wickenFamille971</shrunkWayingPotty>
      <daurOatearAchage upcome="sunups" faipuleHanses="86149301">
        <gowpenGeezer>guarishBirrus</gowpenGeezer>
      </daurOatearAchage>
      <aweingGranthOofy nomblesSummateGrouter="marring" sexier="22">
        <camletSmudgesNogal>tawsed37</camletSmudgesNogal>
      </aweingGranthOofy>
      <lakatoi bearingHolloedRejail="eirenicVauntie1093" squeegeDunger="443736">
        <tomtate>hyahyaSocages</tomtate>
      </lakatoi>
      <outpartBletted naperyLullingPasquin="starletShuts">
        <occurName>grapsus</occurName>
      </outpartBletted>
      <cheer vivaxSorchin="filledDusackTiang" colzaBunking="heedingMailerNullos">
        <niblick>pomary</niblick>
      </cheer>
      <ytterOedipalDancing karaism="5">
        <cardExam>aymaran</cardExam>
      </ytterOedipalDancing>
      <comices ohioPudgy="wilfulLetup" tongueyBunkumMozo="ourebi">
        <eremic>asaphusSaveloy</eremic>
      </comices>
      <adeems>
        <attiresJinnsMuphrid>9689</attiresJinnsMuphrid>
      </adeems>
    </epiceleReining>
    <mayTordion>
      <begall>myopiaNanasCastral</begall>
    </mayTordion>
    <hornetTeddyMsl hyperon="335577">
      <summit>fanners</summit>
      <burbleLogiaSwidge>
        <ciphers>aleyardRecededEmmett</ciphers>
      </burbleLogiaSwidge>
      <kueiCheney juamave="retenueScolionHagrid">
        <burgeonSialidTripler>empyema6801</burgeonSialidTripler>
      </kueiCheney>
    </hornetTeddyMsl>
    <dreamyAmeba>
      <levefulEthide>harpoon</levefulEthide>
    </dreamyAmeba>
    <undeepScarved>
      <wacago>nachoRicin</wacago>
    </undeepScarved>
  </unctSplined>
</upknitCawingDamper>