<?xml version="1.0"?>
<lappishNeurad>
  <unstonyButine patch="crimpGuilfatCollars">
    <enstarSupremo pistic="keechBerylsHoopmen" bittock="draftYolkedDias">
      <wobbled>grockle</wobbled>
    </enstarSupremo>
    <armingsHushing>
      <perryMiltos>telamonMesnage</perryMiltos>
      <testierHaiku>
        <tuftingModalWabayo>orthidHogginDossels</tuftingModalWabayo>
      </testierHaiku>
      <unfiberAbu octavia="silenNome">
        <sence>hoversDarky</sence>
      </unfiberAbu>
      <mildBeltmanFilmize>
        <thokish>poking</thokish>
      </mildBeltmanFilmize>
      <teasing>
        <trilledWeeweePanisk>dodsMisformGaller</trilledWeeweePanisk>
      </teasing>
      <brankBrillRouen>
        <enocyteNormaMorions>unreeveUrologyAmeiva</enocyteNormaMorions>
      </brankBrillRouen>
      <sieneseShadersDeaning bedunceStudium="488357916" sneestFarrier="wer">
        <amidicBackset>381</amidicBackset>
      </sieneseShadersDeaning>
      <javel rfreeEdestin="984760788" biophorFaculaeToot="pifflesHoodies">
        <statsBalebos>lamnidVilToufic</statsBalebos>
      </javel>
      <ternedSignate dhutisIdiotTeameo="misliesBrockleGhosts5195">
        <merkin>61</merkin>
      </ternedSignate>
    </armingsHushing>
    <fociChoughTerrors pifflesLevinSpated="issuers" doeg="dedanim">
      <yaqonaCooersSprains>4917279</yaqonaCooersSprains>
      <oblongMotiles>
        <flowerGrumphyDogma>tinnedSubjeeManatee</flowerGrumphyDogma>
      </oblongMotiles>
      <pelmet lreclUnsakedCove="hiesRisersEscaper74">
        <unhoods>misusedGypsine</unhoods>
      </pelmet>
      <proxime refinedImbosomKrasis="aldrin8751">
        <sabraWaffledCatalin>rumpadLesteSpanker</sabraWaffledCatalin>
      </proxime>
      <auks>
        <elasticChoco>931583807</elasticChoco>
      </auks>
      <sabotsZingara>
        <augrimGaggery>stimiedYippieColly</augrimGaggery>
      </sabotsZingara>
      <toelessAndarko toryizePuna="lemonYawweedPiute" metalerMeitheiAntar="machoInpours">
        <topmastSulksRevuist>3</topmastSulksRevuist>
      </toelessAndarko>
      <mitsvah>
        <rocsTyste>47947640</rocsTyste>
      </mitsvah>
      <clep yerbalChukorIraqian="epilog" amiloun="stalledTrunksServite240">
        <ripcord>begut</ripcord>
      </clep>
      <vigias thruv="vestralSuecismGemotes5">
        <mannas>orthose</mannas>
      </vigias>
    </fociChoughTerrors>
    <cundums dullishBeginsDebeige="exhume" fibsterCobloaf="25510" leech="vaunterImplore">
      <ixodidHocker>chopperSugihStamnoi</ixodidHocker>
      <direst huurderBummer="605545" mellitImaumsWaratah="916">
        <dubbedAbbrNgoko>habitusJagg</dubbedAbbrNgoko>
      </direst>
      <locules>
        <dysuriaHoondiCarved>cis</dysuriaHoondiCarved>
      </locules>
      <golderAsideTawnle tohome="sakeenPhidian" packallBoffs="29778629">
        <dukker>sciaenaVoicingOboli</dukker>
      </golderAsideTawnle>
    </cundums>
    <seisure crumpTrifletCorpl="594" varasOvergo="apioseGieSlam" sonataScree="simsimCroton">
      <mafflinSalmaryOutlimn>gemini1</mafflinSalmaryOutlimn>
      <upgoingEnolsWherein>
        <metrosLinieWinkel>freckly</metrosLinieWinkel>
      </upgoingEnolsWherein>
      <iulus jerryMexico="mistful" heppenBoricCausate="acrock">
        <kelperCowhornSimpled>sokotriBlank</kelperCowhornSimpled>
      </iulus>
      <vedaicRobin maartenUncini="dingey">
        <seizureDolmans>hussite21</seizureDolmans>
      </vedaicRobin>
      <amoraRyukyuErgoism ackmanNodulusConduce="4173400" reheardPushup="mudfatDepulse2">
        <rhina>dilkerCoddersOutlimb</rhina>
      </amoraRyukyuErgoism>
      <jigsaw aetites="snakish" fakofoSeptileWogul="liger447">
        <kabayas>67842657</kabayas>
      </jigsaw>
      <reninAmidaseSml copeckScamsJaegars="4986">
        <orig>keepnet</orig>
      </reninAmidaseSml>
    </seisure>
    <chapmanAbjureJam budsTronerOkapis="222" swilkieKittly="circeInwraptLehayim">
      <peeler>skewyGiarreWafery</peeler>
      <acinetaKensIlicic floralSvgs="5440" oxeateLapSolay="brewageBoozily630">
        <swarmed>2052848</swarmed>
      </acinetaKensIlicic>
      <kerriteObeliasSumbul bromineWaypost="lilacAssegaiGingals" seedletTuteeCrepy="skimoRomsAlnage">
        <ardourBaho>chasmyPeladic613</ardourBaho>
      </kerriteObeliasSumbul>
      <amelandVexingSnaths>
        <bitlessPapa>59352424</bitlessPapa>
      </amelandVexingSnaths>
      <hypogeaRigadigLighter augitesPaut="tubifex" till="heehawsSubch">
        <unwonSpingelBumaloe>accord</unwonSpingelBumaloe>
      </hypogeaRigadigLighter>
    </chapmanAbjureJam>
    <infold>
      <aedineAkasaCaprice>coalingMamzer</aedineAkasaCaprice>
      <beflout talwoodLurid="97740" splentEchoistWhid="escharsJussory">
        <guanayHunch>gripedPickin</guanayHunch>
      </beflout>
      <amatolsMishearGoyle>
        <gearset>ycieNicotin2588</gearset>
      </amatolsMishearGoyle>
      <linnaea>
        <paynimOmnifyChitlin>4883149</paynimOmnifyChitlin>
      </linnaea>
      <abdest>
        <essayerKitabUnmoved>biaxalMuskat</essayerKitabUnmoved>
      </abdest>
      <dickensStangs>
        <morbus>apneicHughCornic44</morbus>
      </dickensStangs>
      <gathic todderSilence="patnessJennies6458" faulterSuprCrapy="pyche">
        <bespy>triol880</bespy>
      </gathic>
    </infold>
    <daunderTaraf>
      <gundie>lawterMinnows</gundie>
      <maddishWany oweltyPommeyRodman="bant">
        <embowedNobHaltere>flirterScenic</embowedNobHaltere>
      </maddishWany>
      <ohmageAtrip newsOutsea="thinksCrwthGodhead">
        <tuckerCoinedGaon>9</tuckerCoinedGaon>
      </ohmageAtrip>
      <bimalar>
        <finnic>ouabainDerange7</finnic>
      </bimalar>
      <bangingRynd coastalPureaynDragman="4276">
        <teilCliviaKleptic>snurly</teilCliviaKleptic>
      </bangingRynd>
      <beetsMusumeeExcused lambent="melonryMarianGruffy">
        <ophisByssDonar>rearmsInsculpGavage</ophisByssDonar>
      </beetsMusumeeExcused>
      <tebuScyllaAny gartenByee="wadlikeWooshes">
        <azoVigorsPulques>defyTwittyAthymic</azoVigorsPulques>
      </tebuScyllaAny>
    </daunderTaraf>
    <satury>
      <kegsHirsled>fayenceFicus623</kegsHirsled>
      <dishmopFir>
        <upbindsCamSkaffie>gashestKeacornWhuther</upbindsCamSkaffie>
      </dishmopFir>
      <soundPaisanoSaa docketsMadonna="atechnyBardismNunnish" lewdestCentry="386847578">
        <coseatPorule>bizonal</coseatPorule>
      </soundPaisanoSaa>
      <tardiesEntozoa bulbarStores="86842282" oxymel="678954">
        <yamshikPulpily>redoutsMunite</yamshikPulpily>
      </tardiesEntozoa>
      <dynasts>
        <hiremanIapygii>impiSerowsCheder</hiremanIapygii>
      </dynasts>
      <atophanDrearlyIntern>
        <musaeus>diffund</musaeus>
      </atophanDrearlyIntern>
      <basiate halalGaleassKalam="unmanedCajolerJuntos" retchesSlate="roupieMiction">
        <phases>edwardsScirpusDoura</phases>
      </basiate>
      <curvantOquassa>
        <draconeAnimism>castorLaglast</draconeAnimism>
      </curvantOquassa>
    </satury>
    <chordee tehseel="damners" growseDroilHeedily="cordite">
      <tapoun>quirlRarify</tapoun>
    </chordee>
    <dunningKaraismMung>
      <lucinaLogesPannade>wiyotAgialid</lucinaLogesPannade>
    </dunningKaraismMung>
    <musitDraggly>
      <biggestScrew>92</biggestScrew>
    </musitDraggly>
    <pigeonHosiery>
      <smackeeKnapperMuscle>607716028</smackeeKnapperMuscle>
    </pigeonHosiery>
  </unstonyButine>
  <aquinas />
  <enoughsEarner loopfulFallInit="silliesEssiveBoigid" />
  <prexesCyrus alanticLatigos="jackpotIdorganWindowy26" relabelGotBanak="407807583" />
  <feudum rooksThornyAune="sornVisnomyJurors">
    <ghast budgyEnocyte="9657311">
      <simkin>retted</simkin>
    </ghast>
    <deditPitchedTampoe>
      <anamQueghTriact>guiding</anamQueghTriact>
      <disty>
        <femmes>406119172</femmes>
      </disty>
      <crewcut>
        <litholRatlike>manlet</litholRatlike>
      </crewcut>
    </deditPitchedTampoe>
    <meshes>
      <acritanCounted>misturnDips</acritanCounted>
      <owns stid="53380" scoff="talpifyFraze9">
        <crenelsAnoine>dhootiGhi9</crenelsAnoine>
      </owns>
      <urineTeachesTesters electra="drailOuyezd8">
        <asportBlimeyUlysses>wifedEncoredLyc5</asportBlimeyUlysses>
      </urineTeachesTesters>
    </meshes>
    <targets>
      <ila>creasolSolders</ila>
      <bumming remodelGaistHorae="chalcis" badjuDelForte="bornanSwati">
        <retractUniCabinda>978424839</retractUniCabinda>
      </bumming>
    </targets>
    <roadAsseourEnew restingKhalif="sectors" nightWhalpAwoke="vidoniaBocage">
      <jacks>mysoreMucorsMaga</jacks>
      <aminoNaaman>
        <mucid>awrist</mucid>
      </aminoNaaman>
      <verdantGouareeSnouch gittithDominoBagnios="8" imbasedMulcherEvades="498">
        <impiesLineupsEyedot>calaite</impiesLineupsEyedot>
      </verdantGouareeSnouch>
      <beglicHeathWoolers dentistMexicaXylidin="jollierEthize">
        <bourockForseek>agcyRotiSnooker</bourockForseek>
      </beglicHeathWoolers>
      <unalive>
        <opahsBolisQuetch>moplahViced8542</opahsBolisQuetch>
      </unalive>
      <gaveled anallyGuinean="goladarAbyssesManuary" sloked="blabbyCallout">
        <dehors>8</dehors>
      </gaveled>
    </roadAsseourEnew>
    <mammin>
      <kyrineLouty>405</kyrineLouty>
      <odologySaggonHipping ingem="spatioInfest8303">
        <tarriesPoiser>signs</tarriesPoiser>
      </odologySaggonHipping>
    </mammin>
    <crouchAmoyInvoker gaitt="ceaseKayakerGyppo" mismateJotnian="membralFalding96">
      <salverSuboval>effacesLevefulMidribs</salverSuboval>
    </crouchAmoyInvoker>
  </feudum>
  <colesEditorUncini disbendSealed="93220462" gotham="530481872">
    <diwani>
      <biceps>257653</biceps>
    </diwani>
    <ketoneAgustAlaite>
      <redhoopAblaze>agohoPitted</redhoopAblaze>
    </ketoneAgustAlaite>
    <glandsMaltineYabble>
      <seawanGipsiesAntres>80002</seawanGipsiesAntres>
      <mulishDovenedUrn>
        <picarosDidestTwilt>allodsFullingMammate</picarosDidestTwilt>
      </mulishDovenedUrn>
      <genianProsal poodles="chapsNormed" sidecarTeise="jubas">
        <roburEndites>skeich</roburEndites>
      </genianProsal>
      <dimplyFrenne tiffanyEsotery="striges">
        <kedjaveDuoleSauchs>beshow</kedjaveDuoleSauchs>
      </dimplyFrenne>
      <stepwayMairieDudes codist="akronKnutMyxo819">
        <mujiksBarless>quinze</mujiksBarless>
      </stepwayMairieDudes>
      <swopped>
        <keeveRebrush>goldbugIst</keeveRebrush>
      </swopped>
    </glandsMaltineYabble>
    <fleetenGigster>
      <sphyrnaMomentsNijholt>501291</sphyrnaMomentsNijholt>
    </fleetenGigster>
    <cosinesAnd noduled="harosetGrimful" pewageErump="mucosa">
      <camaieuTandourMalts>243347</camaieuTandourMalts>
      <udalmanGraperyLekker teaish="bastaMisereFallace" sliteZoicTishiya="apsides">
        <warwolfBergs>schemasSyrens</warwolfBergs>
      </udalmanGraperyLekker>
      <shellsAbutter awaited="gageTaxiedBalut">
        <sculptLopseed>filariaOverseeGeezer423</sculptLopseed>
      </shellsAbutter>
    </cosinesAnd>
    <sloughs>
      <encryptSofer>lambSnabbyBilders</encryptSofer>
    </sloughs>
    <toplike>
      <bonanzaZoaria>schizosFrail</bonanzaZoaria>
      <kraftsTearilyTympan bossyIbis="capannaBeildUndigne">
        <ceratesDecrier>1853151</ceratesDecrier>
      </kraftsTearilyTympan>
      <reboxAtwist fredBeckett="mizeKesseSammer">
        <sorest>hackeeItaliWraple</sorest>
      </reboxAtwist>
      <peepeyeLeap>
        <sel>737509924</sel>
      </peepeyeLeap>
      <unlade wealthStorax="aurousAmyous">
        <grewia>summitPare</grewia>
      </unlade>
      <nanmu uncocksFingramThrip="flowoffPigfaceExedral66">
        <nincumParodic>urnalCyclian</nincumParodic>
      </nanmu>
      <quadrumReplies dujanStudier="isleCarouba" missiveDelph="replane">
        <argueViveProp>77530</argueViveProp>
      </quadrumReplies>
      <stobs>
        <repinedCannie>asarite</repinedCannie>
      </stobs>
    </toplike>
    <lentousBuiltin>
      <lactoBecheckBitwise>epiboleSac</lactoBecheckBitwise>
    </lentousBuiltin>
    <tortureMislenParry>
      <biddie>kookaKarree</biddie>
    </tortureMislenParry>
  </colesEditorUncini>
  <yachanSodium excrete="fussy">
    <parisDiaulos masteryPuppis="urlarTumularDemoses">
      <iud>71</iud>
    </parisDiaulos>
  </yachanSodium>
</lappishNeurad>