<?xml version="1.0"?>
<pirangaAnodes>
  <doloursRigor />
  <glaives>
    <uinal>
      <rerose>halids</rerose>
    </uinal>
    <laxBasuto>
      <chiaus>clawedMaimerSonlike</chiaus>
      <neighGooders>
        <stipule>dautsOuphsCones</stipule>
      </neighGooders>
      <dixainSlimily rashlySmoreRecluse="62">
        <perditTookAzotous>dugwayBolognaRefills</perditTookAzotous>
      </dixainSlimily>
      <gammerSneck>
        <unraced>2</unraced>
      </gammerSneck>
      <grivet doozersKenareh="trigosBiped">
        <curbed>cracoweRielsInfeft</curbed>
      </grivet>
      <catnepPhilter>
        <prexy>herdersBlabby</prexy>
      </catnepPhilter>
    </laxBasuto>
  </glaives>
</pirangaAnodes>