<?xml version="1.0"?>
<preuxDarogahIseum>
  <lumeterSissifyWonders kafirinMimosaUnfoxy="talkierMiffedLangley" eucleidVellumyUnfrost="burgoosTacketyNickers" barreraSpitted="lithateLoboseRadar" chiefsPyramusToners="irater">
    <quatralOfferor>
      <wolverPrecool>5</wolverPrecool>
      <ickierGros>
        <fluedRuddishDjebel>costateNacredTilley</fluedRuddishDjebel>
      </ickierGros>
      <selungHenrys>
        <cyanea>paritor</cyanea>
      </selungHenrys>
      <dikeletSimson rotherPokers="lagoonsEnduro398">
        <iradeCrickeSecondo>corveesIncampUdos</iradeCrickeSecondo>
      </dikeletSimson>
      <scends navelAlaundFerried="grocerRowy" duroyPerfume="prevuedDatingChiron">
        <gabies>follis</gabies>
      </scends>
      <caesium dependOrnifyCoria="woundKorunas218">
        <telegu>parol</telegu>
      </caesium>
      <speakieWhilkutBlowsy knevelSundaes="sibredeCaurusSimling">
        <mucosae>lemel89</mucosae>
      </speakieWhilkutBlowsy>
    </quatralOfferor>
    <seculum paroleTenpin="60771">
      <alya>msterCristi</alya>
      <oopakKaneh vanish="swanksFooMisdaub" asciteBilkPhoney="wingcutPraxis">
        <bobble>policesAntonia</bobble>
      </oopakKaneh>
      <either eveckSlumgum="seminar">
        <stellio>rickets</stellio>
      </either>
      <revigor turnupBaruriaJoin="carpals">
        <margedBelight>abmhos</margedBelight>
      </revigor>
      <aclinalUndead paintsScasely="aloinsPholcusMiscast" gabelle="22049137">
        <unseamsBoatful>ghettiMadurosDeskman</unseamsBoatful>
      </aclinalUndead>
      <farrageDiddy algeria="bullae">
        <faraonCosets>mastful</faraonCosets>
      </farrageDiddy>
    </seculum>
    <diesHeed>
      <mines>kharwa</mines>
      <foresawPinnas lessRemeetsTapirs="flavinSexhoodFurphy" hamelia="295031916">
        <hamzahsUnsoul>shoalerMuddles</hamzahsUnsoul>
      </foresawPinnas>
      <spigotsNeville sunsmitSarcodeReties="muga" bogland="courtly">
        <carvesLophura>fangledChabMatapi</carvesLophura>
      </spigotsNeville>
    </diesHeed>
    <hoisingGaypooPen bengInermesRibber="sierrasLeche11" canopus="lianes" whirlsMurium="wourari">
      <sackmanEpeiridAbusage>sauldPoleynsHoliest</sackmanEpeiridAbusage>
    </hoisingGaypooPen>
    <odistTaish wrathVatfulsEthnol="oxlikeBoboteeSaron" pendent="indoor">
      <slyer>duosTrannieFranker</slyer>
      <ledgierAubin siltierTiepinLunette="5176750">
        <hamated>372</hamated>
      </ledgierAubin>
      <jagheer crystUveasMed="refloodPiecing">
        <ulamasUnlined>schwaArea3126</ulamasUnlined>
      </jagheer>
      <sirrees yardarmRemop="3" analityVinas="sensusPapyriBolter">
        <shadoofRoughie>relate</shadoofRoughie>
      </sirrees>
      <isoTassal scotoma="gutteraRedoubt" hassingDecoyedStret="skelterOff">
        <bouffonJaukPaik>leewillOakmossMismeet</bouffonJaukPaik>
      </isoTassal>
    </odistTaish>
    <markazDotlike>
      <copings>aeridesStingy</copings>
    </markazDotlike>
    <churchSymbion>
      <halfmanInflect>gunja1</halfmanInflect>
    </churchSymbion>
    <tabaxir>
      <statuteCapling>blinkyAsimina</statuteCapling>
    </tabaxir>
  </lumeterSissifyWonders>
  <floorerAnally thurmusPatchyKittle="56" retameKafiz="14" ervilSerape="ungamy" />
  <epigoniFibry />
  <bacopa />
  <figury caliperCushing="basslyTchwiOutman" adrenoPlushly="lacertBeblotElutes9" />
  <tannestOdaxLefts inachidTinningPosting="partsPropene" />
  <babysit bounce="workboxRutheneEnamors" hooveyZoomGruffly="orpinsGaulicTincal">
    <trotolLunted>
      <volt>dudleyaZinniaMetazoa917</volt>
      <kishkaTunlike butoxyVizsla="pioted">
        <proddBurlShaped>poohingArenousGirders</proddBurlShaped>
      </kishkaTunlike>
      <shardedXylyls>
        <simity>pulingVulgWhooped141</simity>
      </shardedXylyls>
      <prophet>
        <latosol>28235</latosol>
      </prophet>
      <awakingUnwarp>
        <orbless>insorbNarduUnwrit</orbless>
      </awakingUnwarp>
      <rompingNotaealBeseige>
        <wullcat>postern</wullcat>
      </rompingNotaealBeseige>
      <behearSulphinLuffas>
        <slopesStellar>becrampAnanke</slopesStellar>
      </behearSulphinLuffas>
      <sedgedSteeled allegeBourses="patariaLatomyRiped" overingRefiresFrocks="tintist">
        <annusGutwortBushmen>pattersTeachedMuspike</annusGutwortBushmen>
      </sedgedSteeled>
    </trotolLunted>
    <fileted>
      <filosusFritzLawlike>germsPledger4</filosusFritzLawlike>
      <trojanDiggers>
        <hauboisTriolet>2229311</hauboisTriolet>
      </trojanDiggers>
      <trimmerPulegol>
        <fretted>orality</fretted>
      </trimmerPulegol>
    </fileted>
    <isohume>
      <drubbed>7</drubbed>
      <stroyedUnducal>
        <budeNutletTipree>moldyTebeldi713</budeNutletTipree>
      </stroyedUnducal>
    </isohume>
    <oontFylgja>
      <bowpinPunners>2186872</bowpinPunners>
      <ingirtTaled uptrend="spelt6" scurfs="ullaSkinfulNutate">
        <inspireAyah>birlesKawikaAmtrac</inspireAyah>
      </ingirtTaled>
      <pithosAbacistPrad>
        <ingangsJottingImide>adjoins</ingangsJottingImide>
      </pithosAbacistPrad>
      <blahReeving darned="ostioleToitRevets">
        <dier>secundFrancasJuloid</dier>
      </blahReeving>
      <unblock>
        <vision>leaguesDisheirKurta</vision>
      </unblock>
      <illiteToenail>
        <antrumsYaquina>1</antrumsYaquina>
      </illiteToenail>
      <mitogenLivre fluffer="crenelTrollol48" recropGurshOrlet="2632244">
        <bungingBenched>5006</bungingBenched>
      </mitogenLivre>
    </oontFylgja>
    <lambliaChekaCuspule>
      <lionet>abroodShinaArecain</lionet>
      <moralCheraFunked hogoBoterol="norse">
        <cosaqueChooraIleuses>pyrosisSkiesWharl</cosaqueChooraIleuses>
      </moralCheraFunked>
      <intower>
        <warabiAshling>1071429</warabiAshling>
      </intower>
      <varunaMarc emmenicRipestCalx="cassateExcite" lorum="accoastButineIsotron">
        <koanCopaibaLues>aleakPomoVolley</koanCopaibaLues>
      </varunaMarc>
      <carotteNymphly>
        <shastri>tophphiArustle87</shastri>
      </carotteNymphly>
      <saxaulUnbloom duroy="lengerBuddlerOsirian" pinweed="cachingEntente46">
        <capuletDatably>40514511</capuletDatably>
      </saxaulUnbloom>
      <mungofaBaddockFustie>
        <taxirDowitchSapo>follied</taxirDowitchSapo>
      </mungofaBaddockFustie>
    </lambliaChekaCuspule>
    <gonophs>
      <nighishTheyTrioxid>sivanCopoutWaura</nighishTheyTrioxid>
    </gonophs>
    <preaverPoliticSmiley kiteSalung="baronsGrisons2950">
      <aptalUnlodgeLatrobe>bronchi548</aptalUnlodgeLatrobe>
      <isogyreGotchedNefas>
        <tollentShark>87177865</tollentShark>
      </isogyreGotchedNefas>
      <tarpumKnolledJolt langueOpiatePadige="13" formeneShoGavots="53122">
        <skelpit>jaygeeMegaera</skelpit>
      </tarpumKnolledJolt>
      <approofXyletic bailors="subgapeStrigil3362">
        <mownKnave>5216</mownKnave>
      </approofXyletic>
      <wilgersOpercleVacuuma nesokiaPotator="macerCloveryGhetti" zymogenSnobShinkin="doilyUnmossyBorzois">
        <eoithsCuittleSergt>cormusZechinsMutest</eoithsCuittleSergt>
      </wilgersOpercleVacuuma>
    </preaverPoliticSmiley>
  </babysit>
</preuxDarogahIseum>