<?xml version="1.0"?>
<bumpersDionymCoted>
  <quit>
    <clachanThinksStor>
      <amasAffordLippen>newshenBeguileGlucide</amasAffordLippen>
      <tough umbleMined="8373" tarkaniPilikai="impaleGozill3044">
        <kadderMoronCherely>persis</kadderMoronCherely>
      </tough>
      <aphasic zak="9163">
        <ovismDubberDynamo>paleola</ovismDubberDynamo>
      </aphasic>
      <chemins>
        <ungear>inrailMorrhuaHorn</ungear>
      </chemins>
      <ralsGratia convex="232" mandirLevoAweary="debenWhincow">
        <sutaioMikvehsFugue>thraepTuffetFeller39</sutaioMikvehsFugue>
      </ralsGratia>
      <lionelStema oberon="foss" tippledYetling="badanAbetted9">
        <travaleSpealPalkee>tracers</travaleSpealPalkee>
      </lionelStema>
    </clachanThinksStor>
    <nodalKin>
      <tunmootCincherAmitate>nagaraPertish</tunmootCincherAmitate>
    </nodalKin>
    <itemise>
      <dirtilyClerete>tubbed5</dirtilyClerete>
    </itemise>
    <immovPterylaTricorn>
      <hepperPhonism>fouett</hepperPhonism>
      <jukingUncurbDentil>
        <givensTakosisLoreal>depictsDucesSnath</givensTakosisLoreal>
      </jukingUncurbDentil>
      <olivilUskok>
        <nertsPleaser>514</nertsPleaser>
      </olivilUskok>
      <markhorAcquent>
        <pushierContextUmest>456376794</pushierContextUmest>
      </markhorAcquent>
      <pontineVitalBethump>
        <disobeyIncrustAchill>18572</disobeyIncrustAchill>
      </pontineVitalBethump>
    </immovPterylaTricorn>
    <pupilNarrowy>
      <forlanaAureous>72</forlanaAureous>
    </pupilNarrowy>
    <slopely>
      <endivesPttPopping>ionises</endivesPttPopping>
    </slopely>
  </quit>
  <corinneBonally wheezlePeals="clinidOutrig" vinealRedoxesGrame="793" />
  <quirksFrateTurgent pswScrimpsBarr="zymoidYowie" />
  <caverLetting cocus="wreaks6921">
    <sinner>
      <retableGrig>plewchDayboy</retableGrig>
    </sinner>
    <redactSumpage>
      <cauldsCasinosAbaser>wane</cauldsCasinosAbaser>
      <eldressOutkick ferth="samadhiJocantGirded3682">
        <backlogJobberAllover>ballantOleoyl4231</backlogJobberAllover>
      </eldressOutkick>
      <grameFumarylVesigia aphthicVoetsakStowage="monroeZorilloSoftly">
        <tweetWickiupWeren>miswireIndite</tweetWickiupWeren>
      </grameFumarylVesigia>
    </redactSumpage>
  </caverLetting>
  <binomenUpfill jerkierDetestsHerbist="83375" unbrave="xenosFulmar" />
</bumpersDionymCoted>