<?xml version="1.0"?>
<feintEjooYapocks>
  <stentorSuntanSunweed magma="mhorrHinterEscopet" prancesAidlessEringo="gaiter528" celluleCravensByrls="ratioScungeDaddums9">
    <molierePipiriGecks>
      <hoddin>mantlesFinanceDumpy279</hoddin>
      <corner>
        <hedgerHerbGrutch>jittersAetites</hedgerHerbGrutch>
      </corner>
      <semifit abraumNarcistSixmo="deciseFatalesAtroce91" aplite="avellFishAbollae">
        <steelyUbietyOctdra>spaikPositumGraals</steelyUbietyOctdra>
      </semifit>
      <kurumaHedgy moverWoidreEnneads="epiloia">
        <accel>navel</accel>
      </kurumaHedgy>
      <hutsWhaJurel ehlite="waiver">
        <baled>consyTundun</baled>
      </hutsWhaJurel>
      <stiltCdg lupininBingFustics="houveNorice30">
        <rabbleUndaily>panoplyDecupleCoryzal</rabbleUndaily>
      </stiltCdg>
      <cretify>
        <ries>snirlPrivilyMaypops</ries>
      </cretify>
      <ghastBalkishAlas cansoArrivesMiombo="journalHocker" rollmanLanasFaki="saucer">
        <cucurbSeed>doesYergaLivid</cucurbSeed>
      </ghastBalkishAlas>
      <paplessFlonGreed>
        <lupulic>rooty</lupulic>
      </paplessFlonGreed>
      <buseraNonegoAskings corpl="pomfret" curialLitiopa="75593234">
        <aeneousAlandAutre>poohingCorncobMowana</aeneousAlandAutre>
      </buseraNonegoAskings>
    </molierePipiriGecks>
    <vattedPlayockFusses edwardsUgly="swabbed83" ganoine="larreeBeglare" foibleAspens="skelper">
      <voluteBeluga>kneltGlenoidGills</voluteBeluga>
      <disodicIkeyAura carmot="694577959">
        <belaced>zoaea</belaced>
      </disodicIkeyAura>
      <mahoesHushed>
        <bowmenFashedLazybed>unchildSawway353</bowmenFashedLazybed>
      </mahoesHushed>
      <elidingAlkanolOrgiacs>
        <snakingVariedCither>coast</snakingVariedCither>
      </elidingAlkanolOrgiacs>
    </vattedPlayockFusses>
    <glettySkooAdmin>
      <serversBrantCop>beckingFloozieVivary77</serversBrantCop>
      <lovelyLarkier solvent="mnesicGeoidal">
        <unslip>9</unslip>
      </lovelyLarkier>
      <nohLowbredEmbain knocksKnagRentee="veneres">
        <groowRainingRoquets>lifenDichas</groowRainingRoquets>
      </nohLowbredEmbain>
      <enowsPisayEvinced superbPotong="witlessNirles" racedSalvos="bedmanSinkboxDog">
        <torrefyTerassGoggly>coexist8556</torrefyTerassGoggly>
      </enowsPisayEvinced>
      <uppropJowerThienyl uptake="linsang">
        <picotCutcha>abomasiRestem</picotCutcha>
      </uppropJowerThienyl>
    </glettySkooAdmin>
    <doruck>
      <upfloatPropupa>drosser</upfloatPropupa>
    </doruck>
    <vestaBram>
      <aimaraStoredSealed>pulpers9941</aimaraStoredSealed>
    </vestaBram>
    <swisser>
      <awakens>sludgy</awakens>
    </swisser>
    <scab>
      <moonier>rangingUnfixtSciarid</moonier>
    </scab>
    <snibsGangan>
      <qualmsNepaMoha>spokenNastier</qualmsNepaMoha>
    </snibsGangan>
  </stentorSuntanSunweed>
  <viuva ozoned="escarps7959" katogleVaudouxCoddler="leotard">
    <stupe>
      <mastiffIgneous>emetineDecimusRuin</mastiffIgneous>
    </stupe>
    <clameMiser coueism="bertha2435" caroFlossy="ladronAbr3637" sonars="ammaFirmedAinhum">
      <mentors>acosmic</mentors>
      <otyakTarapon bufagin="aclinicDoggone" chirmed="snod">
        <loftersSivaiteAplenty>kristinPallar</loftersSivaiteAplenty>
      </otyakTarapon>
      <jackets calmest="chummerChints" phlegmsCrofts="885830">
        <edgilyGades>jokesOlacadImphees</edgilyGades>
      </jackets>
      <repageIsawa>
        <tourer>sootingZinganaMedals</tourer>
      </repageIsawa>
      <archonsDitas amokHadjesJohanna="53596" tsonecaLeg="netopsUnkidOtocyon2">
        <relevy>4317262</relevy>
      </archonsDitas>
      <blockyFestiveLemurid purreBermsRoucou="padnag" bryanCulbute="falangeHumateAnaphe">
        <breakaxSafflow>sphalmaPanga7400</breakaxSafflow>
      </blockyFestiveLemurid>
    </clameMiser>
    <duologAcini>
      <delace>premixBasad</delace>
    </duologAcini>
    <ogler>
      <abigeiAcier>27970291</abigeiAcier>
    </ogler>
    <dioptraCollenMurine>
      <tapenPentyls>violetMusquaw</tapenPentyls>
    </dioptraCollenMurine>
    <alferesResuckBeauing>
      <fieriBoeoticBamalip>nodoseSozinesSouldie</fieriBoeoticBamalip>
      <ferulesUpanayaDanagla rentersNaticaJails="certoseLeerCuria">
        <calemesPipeage>drostdyHauberkEeyuck</calemesPipeage>
      </ferulesUpanayaDanagla>
      <birsleDicetylRopeman travelsAnuric="brainge" crimmerMittAliases="kuskusPacquetUppoise">
        <reposeErasmusSapiao>annumKoinonLoosish</reposeErasmusSapiao>
      </birsleDicetylRopeman>
      <auftakt tiebackSoapsudInocula="fraid">
        <bergamaBugabooLactide>vestralChibritAirless</bergamaBugabooLactide>
      </auftakt>
      <unroven hapiFaeriesUnwordy="abkaryPortly760" stifeGlucicDurenol="inlookShoerFoxlike">
        <puzzled>14515141</puzzled>
      </unroven>
      <festal solidBromeUnfrost="64436" burgledJumbo="4592">
        <eyresHaledSurely>421190708</eyresHaledSurely>
      </festal>
    </alferesResuckBeauing>
    <umpirePlods>
      <triwetKosoSongman>smouch</triwetKosoSongman>
      <amorite>
        <ariesTitmen>tritolo4126</ariesTitmen>
      </amorite>
      <stirrupOblates>
        <urbsAmowt>dunkersGambits</urbsAmowt>
      </stirrupOblates>
      <scumCreekyAginner>
        <biuretBazooDelimed>984572</biuretBazooDelimed>
      </scumCreekyAginner>
      <rocherBigginFlax stonenLarvateGermule="34901">
        <recd>triose</recd>
      </rocherBigginFlax>
      <souaggaDiplexLoxing litherPayor="18">
        <tibetPanter>zimarraCotoxo</tibetPanter>
      </souaggaDiplexLoxing>
      <swoonChaliceHorrors amtracSallowyHomard="703">
        <waikPenisCapos>owerBulla</waikPenisCapos>
      </swoonChaliceHorrors>
      <soh>
        <dentil>8252061</dentil>
      </soh>
      <sekos>
        <sciTiebackBufonid>hoggeryNereGesture</sciTiebackBufonid>
      </sekos>
    </umpirePlods>
    <immuredOscellaTieback jervineUnspilt="ambreic" employs="loisJuror" anarchKermanGaskins="maziestPaddyImponed">
      <sakeMado>notably</sakeMado>
    </immuredOscellaTieback>
    <effusedMucoseMomi>
      <tangsTates>dints228</tangsTates>
      <vitularNestyUpbbore stodMorusPolista="teapotsThymate" scharf="malkinsMutator">
        <encheckScrawls>823833</encheckScrawls>
      </vitularNestyUpbbore>
      <delfs akeleyPonders="affying" cheve="risiblyUnavid">
        <wavesonTipheadCicala>duadicUnknownGloam34</wavesonTipheadCicala>
      </delfs>
      <chaggaPsoae>
        <clangPirnPulvini>bushing</clangPirnPulvini>
      </chaggaPsoae>
      <rhodingRimples thienyl="elemisSitula" workout="43621952">
        <kirmewGongman>hitProgsJant</kirmewGongman>
      </rhodingRimples>
      <sourerQualityCostars squint="petto" tecominPudShauled="baaingNawab30">
        <markaDixiesIngeny>terrier</markaDixiesIngeny>
      </sourerQualityCostars>
      <limbiBlijver>
        <propendCoostKhivan>obarni</propendCoostKhivan>
      </limbiBlijver>
      <cabildoRoutesDognaps delayed="322239478" typps="fluffsVamoose1">
        <boggierTempyo>presoldSteno</boggierTempyo>
      </cabildoRoutesDognaps>
    </effusedMucoseMomi>
    <tolleryGrotzen obligesSowishFeeable="pailsChurled" nornAdonean="7862" jangleScrapeDroops="tanquam">
      <xyphoidDraft>teleranGehenna</xyphoidDraft>
    </tolleryGrotzen>
    <barbery>
      <pachas>cuing</pachas>
      <idolaSindoc>
        <obviate>rhombusDravya</obviate>
      </idolaSindoc>
      <inholdOncoticRouged ramularTibicen="urbanaQuasheePostie75" hentedBunchesArctics="palsterPetro">
        <shafted>craaled</shafted>
      </inholdOncoticRouged>
      <seasBobNashira bugaraAxin="caduke">
        <haftingSkiingsCodal>drags</haftingSkiingsCodal>
      </seasBobNashira>
      <donsyAlabama>
        <strondForrilWabbler>genesicRetame</strondForrilWabbler>
      </donsyAlabama>
      <layneItenean>
        <undirkBirseRedux>kerasinEosinDrabbed979</undirkBirseRedux>
      </layneItenean>
      <wicketDartsMonocot pyxesCurriedNard="lutoseBurezSnoga">
        <hylist>14</hylist>
      </wicketDartsMonocot>
      <planing>
        <valanceStalags>unlinksScionsNecklet</valanceStalags>
      </planing>
    </barbery>
    <jeepers>
      <nineted>bority</nineted>
      <sooke perlaNornaRosabel="heiniesDecator">
        <burgusSemiproBiogens>calaiteEthineShojis</burgusSemiproBiogens>
      </sooke>
      <bonsaiMouthes alibisLeakingHoots="hinney">
        <thos>pusztaSurcoat</thos>
      </bonsaiMouthes>
    </jeepers>
    <eng>
      <jetton>dumoseAlgid</jetton>
      <menura jonah="ardoiseWisking533">
        <learoydWastage>damosel</learoydWastage>
      </menura>
      <flagNoopDrawbar>
        <algatesGyrally>orcinsImmiInstop3919</algatesGyrally>
      </flagNoopDrawbar>
      <novellyJetsam vitrifyBoodh="propr" prigmanBingos="minchen">
        <pardahsSmootRaked>indishDrch</pardahsSmootRaked>
      </novellyJetsam>
      <erraticPoolingBowyer>
        <spellerHalfwit>midmainHemeraTurndun7</spellerHalfwit>
      </erraticPoolingBowyer>
      <dunesFelts sunburn="459445" gushetXyloseReloads="hardBribeesLycea">
        <gonif>tactusConin1</gonif>
      </dunesFelts>
    </eng>
    <planateInta undazed="beslashClaudioBlosmy775" hyalinFlamierSpouter="sairlySwattle" opaleyeOutmen="cyaninePaumari419">
      <embusk>amen</embusk>
    </planateInta>
  </viuva>
  <nuttedHunky />
  <voteen enghle="goshButyricDiadrom" chauvinKnaps="grabman" twaggerEnema="foldAcushlaDixit">
    <gestionCaramba>
      <mythism>diobely</mythism>
    </gestionCaramba>
    <deponesCsectNags acoelaUmbraeYeraver="outplanLeucismExody" lungingSwampy="93641">
      <cidLookumBile>ectozoaRoucheLevers</cidLookumBile>
    </deponesCsectNags>
    <preoticSullageBunger robleCardiacPallu="cappaeTypobar" bagpipe="blanca" mavensForker="junkman">
      <delisStrawer>tonguyMascotSwans</delisStrawer>
    </preoticSullageBunger>
    <recusesOutmoveOutblew>
      <mycoseCalesasBraced>unruledHewelAntiq</mycoseCalesasBraced>
      <masticCreek englut="matieMusesJoe" japingEntada="858633">
        <bald>calcomp</bald>
      </masticCreek>
      <cavingVatman pinfoldAlgins="teguaNidiot69">
        <perukeUsneoidPatrist>dolcianThripid410</perukeUsneoidPatrist>
      </cavingVatman>
    </recusesOutmoveOutblew>
    <spans arrhalWorths="amanda" baldedRegaliaLyrate="tuskRetradSkaw9890" parado="kalwarHemoid">
      <shineMoilingAtropal>cyborgs</shineMoilingAtropal>
      <dcaKylix>
        <pilonRefugiaCicadae>mires</pilonRefugiaCicadae>
      </dcaKylix>
      <ixoraSoldado>
        <thakurTrouserOwenism>yanquiMustang</thakurTrouserOwenism>
      </ixoraSoldado>
    </spans>
    <jades>
      <bdleGrafts>axseedsOutcure</bdleGrafts>
    </jades>
    <cottedUnwontSanity coritaSevery="baboons" erthen="aionialFadesSwayers">
      <recheck>begunColarin</recheck>
      <logic partialHoopedKanauji="inula" atoms="upspinBolasesUncoly">
        <outroopPairingWifie>401760</outroopPairingWifie>
      </logic>
    </cottedUnwontSanity>
    <wotlinkCorrode>
      <eobiont>godlingCorreoBienly9491</eobiont>
      <tempsVenomyCollab sofiaZonelet="1" magnets="henbitsCopaiba65">
        <snowmen>65537303</snowmen>
      </tempsVenomyCollab>
      <glycinsPuquinaCereal enableWigher="4160" joukery="schrank">
        <pavageBauckieScobs>talliarAlberta9</pavageBauckieScobs>
      </glycinsPuquinaCereal>
      <daintySalvoesCodilla glarier="70" mateysTelesesMantuas="guaraGhostlyObject">
        <masher>enjellyWashery</masher>
      </daintySalvoesCodilla>
      <fineryLimbiApiales>
        <trembly>ceriops</trembly>
      </fineryLimbiApiales>
      <reerectMenatAlfin>
        <erian>claesKiltsIkra</erian>
      </reerectMenatAlfin>
      <reengeUreideWitless exposal="90684" unwellPunnersBessera="cots">
        <lariatsAgromSunk>barelyGuiroFarced</lariatsAgromSunk>
      </reengeUreideWitless>
      <unbodyShookPodial>
        <facund>cigua843</facund>
      </unbodyShookPodial>
    </wotlinkCorrode>
  </voteen>
  <lathHorsey idler="blattidWettishAcarida" gutsyAngelicLibbra="sliptVingolf" statism="dogalHexerCaducei" />
  <chicly utickEvea="shooing" ligatesSomatenImperia="cebidTarefa" jeffreyFossedYanan="633" startyEthical="mbdPipiriVandals5" />
</feintEjooYapocks>