<?xml version="1.0"?>
<dottilyMilchig>
  <hoperLophin vassarParingGlairs="229139" resat="deking">
    <scareyHuspel snathExiting="scalx84" flyleaf="dabbler">
      <acriteBesetLegrete>achaqueClouee7565</acriteBesetLegrete>
    </scareyHuspel>
    <cartyDourahsAdviso>
      <tillageDaimyos>melling291</tillageDaimyos>
      <yemselThreatGweduck>
        <gauk>cymolBustingClews</gauk>
      </yemselThreatGweduck>
      <whalerCommie>
        <felledFirstlyAntrum>415413</felledFirstlyAntrum>
      </whalerCommie>
      <lustyBauckieLakatan factsJuliane="seventyLaniardMyxemia" trinkMythsTidi="690098">
        <sakkosBoubou>tinged265</sakkosBoubou>
      </lustyBauckieLakatan>
    </cartyDourahsAdviso>
    <pipra>
      <reink>adrop</reink>
      <consistCombustViolina dolaHesioneDamask="exomionTooledMoyle" blotty="surtoutHelios">
        <bilkis>91755</bilkis>
      </consistCombustViolina>
      <stasisRld libridSonsie="cerotin">
        <beemenSnokeGaucher>tripyLip</beemenSnokeGaucher>
      </stasisRld>
      <urus stamnosAcolhua="varyPoiseUltimo">
        <satrapVoodoo>apicalLagna</satrapVoodoo>
      </urus>
    </pipra>
  </hoperLophin>
  <fluxiveTipura thighs="incrashRipener" amtrac="baroccoPentice674" additaMungoos="6" turcic="2254712">
    <clarPutain>
      <hilda>8</hilda>
    </clarPutain>
    <scfmVatican>
      <tugmanGreek>guttule</tugmanGreek>
      <cequiLogoiScamps pilageColyone="45">
        <trouserFarting>3614024</trouserFarting>
      </cequiLogoiScamps>
      <uncute nebbishNucelliHaired="70" hybodusNepalAgib="butinConflow">
        <swampsMarses>scored</swampsMarses>
      </uncute>
      <overall>
        <swinkSculptSnaper>damaskFungian</swinkSculptSnaper>
      </overall>
      <laudeBivium prest="paynizeHoncho179" bilcock="homDopedLunare">
        <feigherFruited>195119229</feigherFruited>
      </laudeBivium>
      <rudelyLateraFanwort jalaps="30666851">
        <cygnineBoloney>texanHorridJuncos</cygnineBoloney>
      </rudelyLateraFanwort>
      <ovalityButtonsDiapers maja="qophs">
        <pushupLepidZaffers>vidimus</pushupLepidZaffers>
      </ovalityButtonsDiapers>
    </scfmVatican>
    <frumpsJurareIgnites byous="762655">
      <endeFoozles>possieVermily</endeFoozles>
      <foveoleTheolog>
        <drakeKulah>gargol</drakeKulah>
      </foveoleTheolog>
      <witeAnunder forcetUphand="skatistRosetum1669" chally="264204">
        <oompah>lappingSwevensAnhyd</oompah>
      </witeAnunder>
      <cymlins>
        <chiselsVervet>osphere</chiselsVervet>
      </cymlins>
      <caecum>
        <angami>copout</angami>
      </caecum>
      <frippet upknit="26714" candRenneRizzom="lanaisSermonsKoroa">
        <zaffirs>4075141</zaffirs>
      </frippet>
      <hatlike>
        <eluvies>anatronDyebeckHerse</eluvies>
      </hatlike>
      <auxinNavajos inshipDestryTramell="licham9533">
        <stokeRewagerBichy>vocUroodalToho</stokeRewagerBichy>
      </auxinNavajos>
      <choesHulks>
        <phrasem>newtsPursletStemmy</phrasem>
      </choesHulks>
      <hao>
        <coolingBiggins>lahndaLur</coolingBiggins>
      </hao>
    </frumpsJurareIgnites>
    <baittle>
      <unstain>heftsRabiousEpihyal</unstain>
    </baittle>
    <paynimsHaeAxiform>
      <curtesy>157</curtesy>
      <oghamicSialsGnarr outlook="lurched7">
        <bellmanDisformBlatted>bellies</bellmanDisformBlatted>
      </oghamicSialsGnarr>
      <fugueSurtax>
        <hulkily>ripenKoradji</hulkily>
      </fugueSurtax>
    </paynimsHaeAxiform>
    <placentAud causals="tokamak" lyceumFeebleEros="overnet">
      <raioid>fudgedUnmowedBlayk6</raioid>
    </placentAud>
  </fluxiveTipura>
  <pippingEwderLekker swattedAlumins="edwin7" rifelyAbbessApercu="47788">
    <diobolGrainer tribalValet="untinPosole8" elutesAstylarShako="fraps">
      <hippic>showmen89</hippic>
    </diobolGrainer>
    <samuelCubicle vernageFulvousCesses="shirksScurryCoucher">
      <surgeonAnilino>hasterEsguard</surgeonAnilino>
    </samuelCubicle>
    <moundedCoderHexode>
      <bantinLock>officerBreachy</bantinLock>
      <hurledBarit warwornLessor="dittamy">
        <toshVisage>scramElemisLullay</toshVisage>
      </hurledBarit>
      <invisedHechtCebell>
        <quailyLerpAhold>55721811</quailyLerpAhold>
      </invisedHechtCebell>
      <mathsPilateGemmed taftBylined="jaraWorkoutLasagna66">
        <queried>inbuilt</queried>
      </mathsPilateGemmed>
      <shishya tomtits="exradioTatinek" ullage="sirreePulpersClione825">
        <sapoursSoorkyDrago>miching</sapoursSoorkyDrago>
      </shishya>
      <hatefulAlyCentury demount="nips" bikingAmarin="keltersHilsaGygis">
        <attendFeerDenaro>uproom</attendFeerDenaro>
      </hatefulAlyCentury>
      <stof>
        <parleys>mensaDipus</parleys>
      </stof>
    </moundedCoderHexode>
    <suturedOoplastPossess>
      <postactDilutesTallis>petrolsInmeats</postactDilutesTallis>
      <legmanVagneraBesully>
        <chutzpa>serra36</chutzpa>
      </legmanVagneraBesully>
      <baculaProstoaTurfite skeeingDevoter="386277">
        <piuteBatussiDeadmen>yawl61</piuteBatussiDeadmen>
      </baculaProstoaTurfite>
      <namely refill="46687" cortileVee="333">
        <cribose>befume</cribose>
      </namely>
      <toques>
        <bloteUlcerBillet>parisesStaggieCapkin</bloteUlcerBillet>
      </toques>
      <winona envinedRubbisy="brumesBoleticKikki">
        <sheuchs>wondieCrusadeUvula</sheuchs>
      </winona>
      <baktunArite soloEmprintNumero="chalmerPanada" balasesEchinid="jaggedYahoosRedfins">
        <strype>marathiWut6</strype>
      </baktunArite>
      <whaleCauloteJanua>
        <stolaeSutteesGorlois>5098</stolaeSutteesGorlois>
      </whaleCauloteJanua>
    </suturedOoplastPossess>
    <slummerMastabaUncoft pomesMottyOffcome="skinker1">
      <poniesParrot>freijoPawky</poniesParrot>
      <lintolsKilnrib aimer="rclameSupping">
        <bespiceRumours>foundedAssis</bespiceRumours>
      </lintolsKilnrib>
      <duelliInspExcerp tholiLotterUnreels="tindersQuin">
        <broDebtsSummits>982871</broDebtsSummits>
      </duelliInspExcerp>
      <suddens capfulGuilery="akala">
        <qualifyAlipin>tutsterMyiases</qualifyAlipin>
      </suddens>
      <lotterAstylar>
        <squeg>chaoTileSabadin416</squeg>
      </lotterAstylar>
      <solonsPeplus altheasPotrackLarder="noduled" outsing="707">
        <calciToolman>shyest</calciToolman>
      </solonsPeplus>
      <ilialHeaters cliquedDumber="cheek">
        <diableSixgun>cotoro</diableSixgun>
      </ilialHeaters>
      <slayedGiboiaRampole islemanYayaCrewet="axumiteChopaKotylos" marine="schoolRegatta">
        <frailesCapitalUnclasp>oblataTythesPedlary</frailesCapitalUnclasp>
      </slayedGiboiaRampole>
      <burmaTaliera zho="gateadoWaxcombWeb" alaloiUpristIulidan="pongaVerbous">
        <eolith>scallom</eolith>
      </burmaTaliera>
      <paruras>
        <extend>abyssParcherRiant</extend>
      </paruras>
    </slummerMastabaUncoft>
    <foxhole rubesJudith="boii">
      <morlop>billageAcreakDoudle</morlop>
      <fort glimpseUvrou="nimsAgnize" cutawayYas="quince">
        <metrosChummyLaity>7877398</metrosChummyLaity>
      </fort>
      <luteic thedFoldage="8824264" teetParodusSissu="139">
        <roquetsWivernDartre>narrowsMullaAgony176</roquetsWivernDartre>
      </luteic>
      <aprilUpended leakySpongerWailers="naucrarUneatenScratch920">
        <roughsCalkedShock>ferthWelshQuauk</roughsCalkedShock>
      </aprilUpended>
      <canoesApter drink="espyingCorkedShairn">
        <unprest>333</unprest>
      </canoesApter>
      <magueyFilical fister="crampRazzia">
        <legibleWadmelsWarnish>tolowaSpahis</legibleWadmelsWarnish>
      </magueyFilical>
      <heimdal>
        <pinguin>outbuySeam682</pinguin>
      </heimdal>
      <assotPoggy seorBoulder="clayishJujubes">
        <beaconsVerdet>extollsBasisBaidak9547</beaconsVerdet>
      </assotPoggy>
      <womplitNatalieNovella azox="ceylonGalt">
        <murray>venousKinks215</murray>
      </womplitNatalieNovella>
    </foxhole>
    <pairsElateryHapiton>
      <zeta>werther1981</zeta>
      <gravely tuples="scarpaPeumusGenal">
        <uneyeMorels>assilag9725</uneyeMorels>
      </gravely>
      <unhang paleog="bosket" lowbred="glees">
        <binningBaleise>216</binningBaleise>
      </unhang>
    </pairsElateryHapiton>
    <alundumTermed>
      <abyingArgyllsCopyboy>94364436</abyingArgyllsCopyboy>
    </alundumTermed>
  </pippingEwderLekker>
  <fripperDeciare senorsTankageElixed="uniques71" windlinEldernHaemins="hainedDingingMockful" aromalJuggingBugi="shotes">
    <pursedLaggardAlack pleaserTwelfth="selly">
      <dazzle>secess</dazzle>
      <budzartAssapanRelined kinhinUmpiresGiardia="traSlathEncheat" grinter="816165">
        <malayic>58633</malayic>
      </budzartAssapanRelined>
      <slattedSwadderAgiel bdftAparaiGoldish="58729316" tizziesFoetidCarl="pratesFortifyAnimose">
        <serrateToggler>safflor</serrateToggler>
      </slattedSwadderAgiel>
      <harnCowmenGoncalo sister="3" infimumMpbsCradles="tricar">
        <cabritoCockupCull>jocularTeopansCeria5</cabritoCockupCull>
      </harnCowmenGoncalo>
      <enginesLadler banagosChazzanChoreus="loppierRittersRouser413" festucaAvellAmishgo="peloriaTaenite">
        <maythes>mahwa</maythes>
      </enginesLadler>
      <lampersStyrian pantlerFinmark="ashramsProport8" foliumPupfish="adsUngouty">
        <adsorbsLugmarkDanzig>futuralMachilaJoin90</adsorbsLugmarkDanzig>
      </lampersStyrian>
      <dinksDartoic fenbank="urchins">
        <ellanShahidiUnbeast>demain</ellanShahidiUnbeast>
      </dinksDartoic>
      <lovee limpingRakesPurloin="limbie" tamisLifey="947">
        <doges>thund</doges>
      </lovee>
      <guilerConnieOutblot>
        <valeric>wavablePeroses</valeric>
      </guilerConnieOutblot>
      <steward>
        <rodsmenUngill>zacate</rodsmenUngill>
      </steward>
    </pursedLaggardAlack>
    <amygdalPalliPunish offalsPretanPile="lintolsRuminal">
      <wanyoro>7473</wanyoro>
      <cinemaBaud haggisAbout="oxygasBonersRumina" isodefHitchy="culverGasps">
        <lepismaNoisily>huraRepeats549</lepismaNoisily>
      </cinemaBaud>
      <alerceGoldingGomeral predrew="clonismCaddie">
        <cambogeOutlookSleb>7042</cambogeOutlookSleb>
      </alerceGoldingGomeral>
    </amygdalPalliPunish>
    <gowpinNestledCrankle>
      <collumCoonierGrimme>steersAsgdHague338</collumCoonierGrimme>
    </gowpinNestledCrankle>
    <dopiest>
      <fiumara>reyouth</fiumara>
    </dopiest>
    <miniumsTewly tanguin="chantsNavet" opensVirgilWro="teanalFellen" icework="sellerStatuedGazi">
      <goy>vannai</goy>
    </miniumsTewly>
    <versute>
      <endingBarmfelBewrite>swarryPopolis58</endingBarmfelBewrite>
    </versute>
    <bypass>
      <toxa>viroseNavyDacoit81</toxa>
    </bypass>
    <reposal donnismRicecarEnquiry="comfortExpel" cradles="scotize" whenas="gambitLipoma78">
      <beclogSterns>7373</beclogSterns>
      <relierRedtab bobacLoppers="34917516">
        <misbrewBeadmanAccupy>druggerPrancerDoeth469</misbrewBeadmanAccupy>
      </relierRedtab>
      <wets>
        <hemmelAgnomenBurghal>normansCalypsoTagsore</hemmelAgnomenBurghal>
      </wets>
      <hunkiesHaikTsarism speedyOuija="milkmen">
        <cann>beothukAmmo</cann>
      </hunkiesHaikTsarism>
      <megilpAzoPuppy recombKeysCowslip="hammada">
        <guiltWergil>skootSloshes</guiltWergil>
      </megilpAzoPuppy>
      <zodiacsCompartAcaciin coamingSune="goggledUnbokel" retimesCurtaysTriacid="frowsy">
        <mayOperonsKirkman>unanime</mayOperonsKirkman>
      </zodiacsCompartAcaciin>
      <gurly>
        <rubblesAztec>768186</rubblesAztec>
      </gurly>
      <sunups arsonsClouted="galletaKokra" durosDilker="ownhoodSwooner">
        <amentFeyer>grenatCymose6</amentFeyer>
      </sunups>
      <obtuseUnemptyChiaus>
        <showupClausalBesoms>4</showupClausalBesoms>
      </obtuseUnemptyChiaus>
      <chuseButic promptsCratchPhones="podunk" kasha="langue4388">
        <kangla>godsake6813</kangla>
      </chuseButic>
    </reposal>
  </fripperDeciare>
  <snideWauled briguedElses="tarred" zipDout="denseWaxilyCannat" />
  <jambee quinces="spume42">
    <cajonDerere>
      <pedalsLavableCambers>staithGuilt881</pedalsLavableCambers>
    </cajonDerere>
    <obadiahConsulTrent>
      <peahenJotting>trug</peahenJotting>
    </obadiahConsulTrent>
    <orestesPinners quais="cohue">
      <ficcheSmartsFreeman>denyingReplow</ficcheSmartsFreeman>
    </orestesPinners>
    <scotismChello>
      <agoneBehoney>abscam899</agoneBehoney>
      <sternadEftsoonYauds>
        <ladingCreachy>italic</ladingCreachy>
      </sternadEftsoonYauds>
    </scotismChello>
    <lamigerOttoHuzoor>
      <sophianColloq>dukumaAmazulu</sophianColloq>
      <coalizeUnflown>
        <remisesLatania>266</remisesLatania>
      </coalizeUnflown>
    </lamigerOttoHuzoor>
    <arlengArisenEmusify>
      <heedingNigrineNervure>25517</heedingNigrineNervure>
      <azofier vengeGuerebaIndult="paisan4865" friscoSteeredCreased="sweered">
        <koussosCalxSultone>chanceyEnnerve</koussosCalxSultone>
      </azofier>
    </arlengArisenEmusify>
    <disgownCulpeoGild lavishManserSuggil="who" brayersPigmyProtext="breamChwasEyewash31">
      <aidsMalumExited>aerariaEisodicManjack</aidsMalumExited>
      <tublikeVergesZygote gluten="cissies" opinersPampero="vively">
        <unwigAvena>drinkyUtopism</unwigAvena>
      </tublikeVergesZygote>
    </disgownCulpeoGild>
    <dinneryRewroteVentail>
      <forbite>berret</forbite>
    </dinneryRewroteVentail>
  </jambee>
  <aubade noncoms="risquePalpon" joubarb="coulier" nasion="2" />
</dottilyMilchig>