<?xml version="1.0"?>
<kins>
  <tandemApochae />
  <therevaTroubly>
    <brichenKedged amtrack="ramjetSpeedyRewraps" bloats="cuppersRascetaAmixia" hyrseSaging="59551">
      <greasyPaleae>196082888</greasyPaleae>
      <jangles>
        <howkingSnooded>reenge</howkingSnooded>
      </jangles>
      <grasni belchesMarchenLupoma="reamsWooraliInburnt">
        <adagialFete>marriesDubbin</adagialFete>
      </grasni>
      <cartistDiluviaArsyl barbuteGink="625">
        <ethizeChiningSlub>meilePincian</ethizeChiningSlub>
      </cartistDiluviaArsyl>
      <lawine alamoPoonsFraming="248752" bugan="357">
        <emydeaCougarOundy>pomfret</emydeaCougarOundy>
      </lawine>
      <cornUndewyOedema shardy="92086521" entrantJubarb="doughty">
        <wittingForts>716430930</wittingForts>
      </cornUndewyOedema>
      <hangarPurging vakilsTenthlyBultey="6696" disomusOilcakeChunari="miltosMedusae">
        <lufberyDotty>surfacySemball</lufberyDotty>
      </hangarPurging>
    </brichenKedged>
    <cuzcenoShay devanceMullen="jaspoidClabber486" weeversApices="875945026">
      <wavicleQatWaffies>366967465</wavicleQatWaffies>
      <khedivaRagerSemikah wezenStooryThiasus="dolvenFomentsWives8658">
        <protium>swingerHurlock</protium>
      </khedivaRagerSemikah>
      <densusLimo outfireOccursMend="monnionReladenPagina" lampers="flaxBromol">
        <grysbokGootee>guaymieSaluter</grysbokGootee>
      </densusLimo>
      <endemicCaderBlintz>
        <kittensGallous>meliola</kittensGallous>
      </endemicCaderBlintz>
    </cuzcenoShay>
    <lobsRecableTovah wanterNoyade="laicise" vaudismOrtho="outrivePasengDorsad" thester="shark">
      <tictocNacry>recanesCoggieLarks</tictocNacry>
      <weewawSpankyLuxates slabby="bashedCarvenTeabowl" lollSertingAmpere="batches">
        <dewless>starrOvers</dewless>
      </weewawSpankyLuxates>
      <flutingRboundTouses>
        <benison>mudee</benison>
      </flutingRboundTouses>
      <ephorusSnafuEskars>
        <pantoumLunies>turkismCaserioWidths</pantoumLunies>
      </ephorusSnafuEskars>
      <risker frillyStellio="sparth" reabuseNaledSuey="costiveMarshyDupers35">
        <bar>pokiest2</bar>
      </risker>
      <maximumTentieLooting costars="kafResp" sirupsEtymon="muclucMizens561">
        <seafarePeptic>mealyErrataHalma</seafarePeptic>
      </maximumTentieLooting>
      <abasersEmpairBriolet benumbs="hoarsenPoorWold" tuneTussis="rebed">
        <alcohol>gyppedUnbladeVimful3</alcohol>
      </abasersEmpairBriolet>
      <mannessReoilsDeflow ejectorTorydom="634673704" infirmsAuca="mamey7">
        <kudzus>drama</kudzus>
      </mannessReoilsDeflow>
      <typic salicyl="quohogFadoFields265" oenoneNobberNonpaid="fuirena">
        <parapodMidweek>annetAkaakai</parapodMidweek>
      </typic>
      <hilaryJasmoneUnheedy agogicsSeethesCamass="padesoy">
        <renegesCookeryDicot>manumit</renegesCookeryDicot>
      </hilaryJasmoneUnheedy>
    </lobsRecableTovah>
    <cadweed>
      <aminDishing>halkahsUnsolveStine</aminDishing>
      <invitee coatiGummasGiggled="tidying" teats="azonic">
        <lewUnsoftHernsew>gust</lewUnsoftHernsew>
      </invitee>
      <maidism basherLeaked="chahar">
        <testingMombinRemixed>986794013</testingMombinRemixed>
      </maidism>
      <weysValva heavityFados="teem" toolman="marconiAccumBestirs">
        <petrolDivides>jiltersMisaims58</petrolDivides>
      </weysValva>
      <mocoan lunuleMeubles="matronTeiid">
        <alix>18</alix>
      </mocoan>
      <ains>
        <reallow>fogSkewersRosing</reallow>
      </ains>
      <melamed>
        <boche>nightlyMocking</boche>
      </melamed>
    </cadweed>
    <okeyBalder cazibiIceman="biens" lunyMowhawk="deposit">
      <leeshyyNavel>kebUnsadly</leeshyyNavel>
      <outpullUnpale altaianPotheen="49" shinto="gablingCottiseEjector">
        <archgodAlbifyFlytime>laudeBotasWarmed73</archgodAlbifyFlytime>
      </outpullUnpale>
    </okeyBalder>
    <cuteGelInca>
      <dumpledRemissRood>1</dumpledRemissRood>
    </cuteGelInca>
    <hableGoats>
      <cabane>5</cabane>
      <nanmuErickRaft folacinAreasonShocks="3" abietin="cystine">
        <tombolo>duxesFretum</tombolo>
      </nanmuErickRaft>
    </hableGoats>
    <aphodus>
      <foresinPealikeLoammi>gamey9</foresinPealikeLoammi>
    </aphodus>
    <draweeStunter>
      <palemanPaula>8585</palemanPaula>
      <hircine chequesAbowTorts="28812683">
        <terrain>haze</terrain>
      </hircine>
      <lavMinicarLabia>
        <bettasOpsinWheeze>huzzahsOvalityPreser</bettasOpsinWheeze>
      </lavMinicarLabia>
      <impost overtFlaggy="itoubouJamlikeLucked" sprucyTing="prexGutturHallel">
        <ruthAnzac>2715</ruthAnzac>
      </impost>
      <thrummy cupful="rhosOsmosisSubdeb">
        <salviasMatanza>wheeshtSlightsGuergal</salviasMatanza>
      </thrummy>
    </draweeStunter>
  </therevaTroubly>
  <pilosin>
    <saxtuba>
      <tegQuatersArcade>roofmenDaimyoPattu</tegQuatersArcade>
      <niloticCoolestBirlie malledTarairi="renownsKalanWriter" beltir="boobiesTzolkinPearter">
        <uretersRevoltsOtaria>snubs</uretersRevoltsOtaria>
      </niloticCoolestBirlie>
      <manfishQuechuaHyke ziffsTalcumYum="wolffiaMawed">
        <todiesBudgetsToilful>489316</todiesBudgetsToilful>
      </manfishQuechuaHyke>
      <arcedWrible>
        <libbardDatismGio>seancePeised</libbardDatismGio>
      </arcedWrible>
      <deafensNogal imines="rakishDarkfulJotisi">
        <bemaBiznagaEnvaye>havenedCymlin</bemaBiznagaEnvaye>
      </deafensNogal>
      <bemockPreformDariole>
        <frousyCowpoxSnappe>591</frousyCowpoxSnappe>
      </bemockPreformDariole>
      <inbreed ichthus="douckerElviraTweeds" recrateCentums="pitiful">
        <roquesRadian>sdeathHygrinMaco</roquesRadian>
      </inbreed>
      <rashesKiowan ctimoFaculae="admiLassuPilafs">
        <widowedUtricul>labileMaccoIsobars8</widowedUtricul>
      </rashesKiowan>
      <sozinesGists sdsWarsle="1903137" corninGlazerGaggers="5974">
        <regalerBejel>845939</regalerBejel>
      </sozinesGists>
      <cowrySpeaveOutpeep talis="kieUnkistHuskers620">
        <undamBanters>thinkerNudists</undamBanters>
      </cowrySpeaveOutpeep>
    </saxtuba>
    <ozaena>
      <mudflowOviductGobby>legesDoddies</mudflowOviductGobby>
      <hespera abba="barbionTenters" baelMozettaLiamba="gamyPhotic">
        <sublate>mystesMonethSarin80</sublate>
      </hespera>
      <statera prisereBatlingSubfeu="mekbudaScion354">
        <spiffy>dial</spiffy>
      </statera>
      <tiswin rammishDamone="779580">
        <bunsArctiumTroat>331</bunsArctiumTroat>
      </tiswin>
      <subringTorusesMach biblosWytedPileup="opesAtaxiteBlake">
        <driers>braemanChillis47</driers>
      </subringTorusesMach>
      <methodStarkerSalmine derbiesSiskinsIters="kerned" mungTurshaZakkeu="arkabLuraCravens">
        <adornedLassies>mes</adornedLassies>
      </methodStarkerSalmine>
      <moism gumBaul="chevin2530">
        <ambashCoignsAgrias>chati4</ambashCoignsAgrias>
      </moism>
      <thiefly>
        <puisnesPialynThio>unrackKings</puisnesPialynThio>
      </thiefly>
      <avowalsCrewmanTought swow="sloshy">
        <gilding>15748</gilding>
      </avowalsCrewmanTought>
      <rookletBanigSouters prestly="fillet" taskit="swabsBoreismPierage">
        <nondaVexil>percoidSeafareFeodary</nondaVexil>
      </rookletBanigSouters>
    </ozaena>
    <cookee nomarch="odeumSunbirdDevote" adletSairly="palgatSepdWhoops">
      <nashAulae>succubiShammerEnscale</nashAulae>
      <beamishCuminol filtreSystem="rial86">
        <rouches>azoximeSatoriiApatite</rouches>
      </beamishCuminol>
      <dioptreDhooras votaryCharmer="mirkerRescoreSpninx1104" nixon="614">
        <paulaCaisseUnpave>natalSpuffleReclass</paulaCaisseUnpave>
      </dioptreDhooras>
      <truismArgive>
        <puddle>mulderQuerreEff</puddle>
      </truismArgive>
      <hesperaPores teruah="thesiumAlloy">
        <aullay>scraye</aullay>
      </hesperaPores>
      <tres acridic="dried" jounceTarianaDaghesh="vivificSeweryKavaic">
        <colima>meuAmorism</colima>
      </tres>
      <winrow buffaloWoibe="palmaryUnfrailReplevy" chloredBedullLludd="skiffleWanned">
        <lanchaFrisky>tariffAspFroust</lanchaFrisky>
      </winrow>
      <ane>
        <caribalAnkhs>iffiestHimati</caribalAnkhs>
      </ane>
      <vampeyThinglyDef anurousRisserKegful="haplyAverseHelio" odorateShowedBamoth="160813896">
        <chatterKronerMorlop>thrummy</chatterKronerMorlop>
      </vampeyThinglyDef>
      <lotsAmpules koumysBlarina="capcaseSpirlieAdroit" anxietyCamelry="mahzorBlungedMnium">
        <rekhti>pekansAvowterDogmata</rekhti>
      </lotsAmpules>
    </cookee>
    <coninsChucker>
      <deter>redunca92</deter>
      <onfallUpset>
        <gunny>674</gunny>
      </onfallUpset>
      <iberi>
        <wraple>anopiasPrisonsMewler</wraple>
      </iberi>
      <nebbishTale bolomenCoilSepsis="hummaul">
        <mokumOmbreUpbuilt>roscidBaconicChop</mokumOmbreUpbuilt>
      </nebbishTale>
    </coninsChucker>
    <moseyHeumite>
      <roomierBoswellUnarch>73708</roomierBoswellUnarch>
      <platoon>
        <cindersBigged>kecks97</cindersBigged>
      </platoon>
    </moseyHeumite>
    <tuffetKatuka>
      <lessesAccededSwards>795632579</lessesAccededSwards>
    </tuffetKatuka>
    <stops>
      <brichenStop>nauset</brichenStop>
    </stops>
    <galerusScillas jouncyBundhAsak="420" oslo="2">
      <preboilYoreWikiup>paleronLyraHaubois</preboilYoreWikiup>
    </galerusScillas>
    <brackerPithier>
      <dwtMuffler>bralessRaneeUniters930</dwtMuffler>
    </brackerPithier>
  </pilosin>
  <hazzanJinglerOppida chleuhSmatch="mostingPaleaStichic" clotterOcote="280" embody="huswifeBeewiseBambuco4092" />
  <battueClastJessant sten="eskerGonotylNutseed" connerLooey="expositArneLocate" poiser="holtFrithFanwork" werooleRetinol="bachel">
    <gotta witingEmerantRestudy="46099439">
      <fimblesEnosPhoned>bangkok</fimblesEnosPhoned>
    </gotta>
    <matraNizamsEntasia chevauxDogblowBreek="begrettGauchosYukata">
      <legatedThai>wimplesPlaguy</legatedThai>
      <euterpeSoud unshakyEvicted="23" chittyFogged="maleficBiker">
        <instyle>mrsUnroveClowns</instyle>
      </euterpeSoud>
      <upreachTrioecsComics ursus="516" sozzledKebar="gemlikeAthymiaSeamus">
        <turcian>adjBagge7</turcian>
      </upreachTrioecsComics>
      <anoesisInutileFelid>
        <hobbiesGuazumaKit>748</hobbiesGuazumaKit>
      </anoesisInutileFelid>
      <fardeSponges diapsid="newcalShaikhiPariti">
        <searerAbroach>cymarin</searerAbroach>
      </fardeSponges>
      <asperseHejirasIlpirra resift="42344">
        <poales>osideCookdomInsures74</poales>
      </asperseHejirasIlpirra>
      <sconce>
        <tutworkFreresHieron>oakesiaSnudgeDaybill</tutworkFreresHieron>
      </sconce>
      <deniersRecrew balsamy="joblessGowany">
        <erriteLints>defade8493</erriteLints>
      </deniersRecrew>
      <teases>
        <skirret>coronerPhysaFotmal</skirret>
      </teases>
    </matraNizamsEntasia>
    <zanyBeanie>
      <jaghirKinbotPutons>wailakiGiroNorit4</jaghirKinbotPutons>
    </zanyBeanie>
    <gybeRoxy>
      <nontax>neckingDiseme</nontax>
    </gybeRoxy>
    <mantelSubbankMaras>
      <diploicMosques>soupsLabralEntiris</diploicMosques>
      <secesh obitsPretaImpave="deftlyHackeryAlevin" haysuckRuinateJawn="icaria2">
        <layboyAlumnalEnsile>pieletEmbush</layboyAlumnalEnsile>
      </secesh>
    </mantelSubbankMaras>
    <gemaraOre>
      <wagwenoParteDropout>tarascoDiacoca</wagwenoParteDropout>
    </gemaraOre>
  </battueClastJessant>
  <vistoEffectPapish ambittyFagoter="rippledBalaraoLeukoma37" gonne="caroneDustin" boguing="diseasyUnopedFumago">
    <faitorMink bicrons="amphib726">
      <doebirdUpgushFalcons>56402800</doebirdUpgushFalcons>
      <kinbotSparge giddea="amtrackSperon1552" hentingJocularCoveted="cooTarge">
        <hoondi>temiak</hoondi>
      </kinbotSparge>
      <lituusBubingaMoksha toorooCornuaGiller="dintedEurope">
        <sleeperKiaughLagers>shallonTunna</sleeperKiaughLagers>
      </lituusBubingaMoksha>
      <bespiceTyp lowyGothite="jamieSaveloyShanti885" corixaCulpas="58770169">
        <tylionPoniedCountry>mnesticRavened</tylionPoniedCountry>
      </bespiceTyp>
      <elliceLimneryRattish>
        <brahmLentic>drueryAfrosAmidst</brahmLentic>
      </elliceLimneryRattish>
      <hydria>
        <nothusOilcase>eveckComidaRfz2</nothusOilcase>
      </hydria>
    </faitorMink>
    <schuyt educingAromalUnneedy="pugaree">
      <wallow>57</wallow>
      <dunst>
        <usher>gooseOmitted</usher>
      </dunst>
      <setoffStymieUpwarp outbeg="claik" gladlyDeboss="minnowsTinmenAuf">
        <moror>ungulpRancors</moror>
      </setoffStymieUpwarp>
    </schuyt>
    <abord>
      <sulfasHavWandery>bumpity</sulfasHavWandery>
    </abord>
    <vestalKiaki>
      <rapicSeisins>gadite3</rapicSeisins>
    </vestalKiaki>
    <acreageGas>
      <caplinsLumpersMaters>donatee8817</caplinsLumpersMaters>
      <forsay>
        <inwardsPioxeCuragh>pycnidUvverFlarer</inwardsPioxeCuragh>
      </forsay>
    </acreageGas>
    <beglicGalahsDingies>
      <visite>lowmanUnplug</visite>
    </beglicGalahsDingies>
    <wauchleDistaleCartful>
      <indeedyBenni>khadiPriapusLeonis</indeedyBenni>
      <corulerSoorkyHeliast>
        <leosResinsIts>hoiTriobolCohol6697</leosResinsIts>
      </corulerSoorkyHeliast>
      <leggierAscaron sowse="trackedCulponFoxiest" songbagChinkyPiaroa="tenio">
        <fanniesCon>3940</fanniesCon>
      </leggierAscaron>
    </wauchleDistaleCartful>
    <evector>
      <apparelPottersWintled>edemaDemotedAtaxics6</apparelPottersWintled>
      <uplyingTambooToucher harpa="palaceBeparseScrin">
        <decaneSand>knappanGivey</decaneSand>
      </uplyingTambooToucher>
      <mexitlTippetAddice anticlyUparch="upspeakKeeper">
        <fossedRetookIngest>selfedAbdalWhizzle</fossedRetookIngest>
      </mexitlTippetAddice>
      <adsKrapfenAvitic swickFarceBlocky="renerve">
        <secessTirlScincid>bushelBinomy</secessTirlScincid>
      </adsKrapfenAvitic>
      <opaloidRaconFinetop>
        <overlip>hookahsKind</overlip>
      </opaloidRaconFinetop>
      <weepButeneGlegly saffron="worePout">
        <tramaTizaUnships>857</tramaTizaUnships>
      </weepButeneGlegly>
      <tettishAntihum>
        <liberalShadine>3829293</liberalShadine>
      </tettishAntihum>
    </evector>
    <vagantRudolf>
      <inodesLooryOvolos>38837</inodesLooryOvolos>
    </vagantRudolf>
    <yonnieDreeghLarder>
      <panisc>3</panisc>
    </yonnieDreeghLarder>
    <authPeptizeCrimpy>
      <marsha>bowssen</marsha>
      <mavisesPerdureMaimer rickedHomy="6855951">
        <gemmulaWonnot>cteJowQuashey</gemmulaWonnot>
      </mavisesPerdureMaimer>
      <ancressCowbarnSimurgh>
        <collat>sundang</collat>
      </ancressCowbarnSimurgh>
      <hallageMajaguaSauch pulu="9882980" forpassAndamanSilages="noggedEdgySynodic">
        <shipper>jhvh</shipper>
      </hallageMajaguaSauch>
      <codaSienese>
        <bifilarAmbush>avidlyFonsRoosed</bifilarAmbush>
      </codaSienese>
      <depressNatica>
        <titivilRecoalsLarky>boosterKebbies</titivilRecoalsLarky>
      </depressNatica>
      <archseeAscotsRemoter>
        <betting>5204</betting>
      </archseeAscotsRemoter>
      <haysCotta>
        <sawmontImbedPooped>fidelioScopula</sawmontImbedPooped>
      </haysCotta>
    </authPeptizeCrimpy>
    <foalyWildern succulaDuikerMoutan="folatesMedia5069">
      <canalerForesee>susFykeJotunn</canalerForesee>
      <guppiesComakeSlipped roakCantorsShu="nectars8112">
        <incher>gittiteJaunt</incher>
      </guppiesComakeSlipped>
      <wartier piezoSpumoneWoom="outgun" dys="thirls6138">
        <cannier>scrupleRantize</cannier>
      </wartier>
      <haems tekya="4">
        <casuary>solaniaDonging</casuary>
      </haems>
      <sufflueSulphid>
        <psyllaAditsBlubber>trickie761</psyllaAditsBlubber>
      </sufflueSulphid>
      <windlinWilley>
        <neptuneIgnitorDicotyl>uptuckScendsSlopes</neptuneIgnitorDicotyl>
      </windlinWilley>
      <seawayCrofts gyrosynTsurugiKand="bramia" motetsCardo="533386140">
        <thegnChoice>oweniteRockers97</thegnChoice>
      </seawayCrofts>
      <crooner>
        <apotomeHedeBriers>octofidDecernsLabara</apotomeHedeBriers>
      </crooner>
    </foalyWildern>
    <woevineKorinFerrets>
      <pained>macabi</pained>
    </woevineKorinFerrets>
  </vistoEffectPapish>
  <ottarElkhorn bruits="spadgerEngirds" jadeUnamiAle="32458" carapaEloineEuripus="acctsAntefix1595" />
  <puberalSoryPyral marconi="geigerIsopach" variosRaglans="2" ismaticAnagogeGlomi="bracken" />
</kins>