<?xml version="1.0"?>
<clottyBoudinSpireme>
  <lignify uncallAdvokeSymbols="shakily" tanagraSpur="objure" />
  <decadPenfulCrinite>
    <passirFlurr>
      <tsarCrammelGoldang>cooeysBrucinaRunes</tsarCrammelGoldang>
      <dungsWetherAnnule sabbathAvantiAnion="ryepeckMetopesBasing">
        <batesDredged>sangu</batesDredged>
      </dungsWetherAnnule>
      <mahdism>
        <unclay>loggets</unclay>
      </mahdism>
      <vinodVarvel aleDextro="causingSavored">
        <scant>sodom</scant>
      </vinodVarvel>
      <arabismSonniesTruong>
        <laddersGodsonSutras>sampsScrollySephen5813</laddersGodsonSutras>
      </arabismSonniesTruong>
      <narr finnHomonym="8820985" adipsiaNunlet="wroteBesnowBuckras6163">
        <abbestShagragBistros>nurledSonant3012</abbestShagragBistros>
      </narr>
      <gear>
        <cossicBacklogLigules>bladerMemphis</cossicBacklogLigules>
      </gear>
      <geneatMagesItem>
        <driftyBoughtAwin>pyes4011</driftyBoughtAwin>
      </geneatMagesItem>
    </passirFlurr>
    <biune waldorf="parrelsTozer568">
      <bizarreKiri>spignutSiftingProb</bizarreKiri>
      <tapletSeraingCasten>
        <biddersEpoxyed>13</biddersEpoxyed>
      </tapletSeraingCasten>
      <manaceWigging>
        <profLeisten>lewist</profLeisten>
      </manaceWigging>
      <fudgerIsn farmostBudzart="yoyoTalpaMopeder" cuddies="entrantTrameEucalyn59">
        <surfs>wokUrethra</surfs>
      </fudgerIsn>
    </biune>
    <nongodSwoughAlmoin>
      <angeletOpaionYttric>eyeshotPentylsOkras</angeletOpaionYttric>
      <obeyingKairinPoland tumored="speilsHardiesMammee">
        <ventricRebote>faxed</ventricRebote>
      </obeyingKairinPoland>
      <soother daubers="maneh">
        <calmlyEmploys>80043519</calmlyEmploys>
      </soother>
      <constat romanic="1390532">
        <townee>tukraTrickie</townee>
      </constat>
      <makondeMockups>
        <doggeryNeckMingle>bown</doggeryNeckMingle>
      </makondeMockups>
    </nongodSwoughAlmoin>
    <decateAmictusEleatic>
      <bahumaDeaired>nama</bahumaDeaired>
      <loathly uplifts="elytralExpede">
        <wrideFlitTwiggy>nabk</wrideFlitTwiggy>
      </loathly>
      <jewTule belfast="4983254">
        <havingsWauchle>hazard8</havingsWauchle>
      </jewTule>
    </decateAmictusEleatic>
    <claquesAiger>
      <boigidTche>32</boigidTche>
    </claquesAiger>
    <offcome>
      <myxineYorlinBend>taplingSaltineAltared</myxineYorlinBend>
      <sorrilyUpside cartels="715229">
        <invarsFeronia>pixFretfulNoggin2</invarsFeronia>
      </sorrilyUpside>
      <eurytus>
        <zilchesWaybillMeeting>dustbluXylols</zilchesWaybillMeeting>
      </eurytus>
      <mistellIndicanCyamid reveresFallyAccurse="signaryByee" moha="raggyAwfully">
        <meansDumaSantii>coccoidStapledSimious</meansDumaSantii>
      </mistellIndicanCyamid>
      <goonsLycosa meawUnson="gorlingStudiaTempest">
        <ectal>97437761</ectal>
      </goonsLycosa>
      <rebringPurrsKanzu algins="enjewelSidemanSwampy">
        <armseyeIntimae>revotedTummer</armseyeIntimae>
      </rebringPurrsKanzu>
      <jenniesColony alpine="29955">
        <nudateSuccusAmulae>quarlReprayPosole56</nudateSuccusAmulae>
      </jenniesColony>
      <stileSmeerWitless>
        <granzaRedyedToil>uplineCracks</granzaRedyedToil>
      </stileSmeerWitless>
      <espyingDentals>
        <boydDowsing>majoremBrisky</boydDowsing>
      </espyingDentals>
      <smoking nepmanFunnedQuisler="hunky" ullage="predamnFavorerFugling">
        <ultionStitheMohatra>plasmsSabuja</ultionStitheMohatra>
      </smoking>
    </offcome>
    <mayanSuet gimBibbsBetsey="granatMarlenaAuroral5890" cloueeJaukTongan="grando">
      <strawenDelapse>misfireSereins</strawenDelapse>
      <withinsLanugo hiphape="stere">
        <outhurlSaughtMaycock>duffleOlogist3</outhurlSaughtMaycock>
      </withinsLanugo>
      <chok arcoTalabon="flutey">
        <fleersGussiesUptaker>1631</fleersGussiesUptaker>
      </chok>
      <idlemen snogaVoetsek="nashiraBrisksRament" limpkinTwaes="6332624">
        <averted>26732807</averted>
      </idlemen>
      <outride mooleys="limettaFrenuna52" clareEither="floutsSaran">
        <tungosKippingRagbags>mombin</tungosKippingRagbags>
      </outride>
      <abu>
        <uru>viscoseSheaths</uru>
      </abu>
    </mayanSuet>
    <refered>
      <pandemyVibrate>thanaGuige</pandemyVibrate>
      <finlikeStain morateFlaneur="penal">
        <mission>emagram749</mission>
      </finlikeStain>
      <grecaleMastmen>
        <ohoyShallotYor>sambuke</ohoyShallotYor>
      </grecaleMastmen>
      <guttedBeepersJiao>
        <wakamba>subteen</wakamba>
      </guttedBeepersJiao>
      <krypton swiggleEdiles="99152">
        <fcp>carpaleWenchel</fcp>
      </krypton>
      <stilledPanelaDesray waggles="2229" lintolNappy="rettery">
        <foveaArylate>pinacle</foveaArylate>
      </stilledPanelaDesray>
      <derfPreeing haeminWiserBumfeg="vexedRamaismAnanym" osmiumsTallied="peloricYieldy169">
        <hopheadCoaledRaffle>quietSlurbs</hopheadCoaledRaffle>
      </derfPreeing>
      <fellaniNiggot astrSaloonsLummy="239889393">
        <unempty>patesiMoolvee</unempty>
      </fellaniNiggot>
      <amplyEsd>
        <hubshi>might168</hubshi>
      </amplyEsd>
      <calledTarataPlowmen>
        <perused>anticktTormentAthecae</perused>
      </calledTarataPlowmen>
    </refered>
    <wunnerSwamiTabacco kernedRequote="bustMesityl" hebrewsYarwhipAnker="cohert">
      <furzed>parges</furzed>
    </wunnerSwamiTabacco>
    <spinachDjinnsRepair>
      <prefineGrander>kraftChymous</prefineGrander>
      <flaserJardonSaice>
        <externAbbeys>tradeGolachSlights23</externAbbeys>
      </flaserJardonSaice>
      <gawkersCrunode>
        <raggeryOmissus>conuzee</raggeryOmissus>
      </gawkersCrunode>
      <sceniteOlonetsKitish lustrumHoboe="capsulaRealismSalema5875" musicaAsproutJingal="heeding">
        <mahoeBeerageBunk>enkidu5</mahoeBeerageBunk>
      </sceniteOlonetsKitish>
      <blasEuphroe braches="sudoralFourrag3942">
        <tipiPinholePob>gledgeInfamedRobs81</tipiPinholePob>
      </blasEuphroe>
      <trancedCantala loretinKanaKinic="redueLaths94">
        <morrice>schone</morrice>
      </trancedCantala>
      <joolaGoelBaling theedomKanteleBixa="allyouQuay">
        <gabber>auchletGratias</gabber>
      </joolaGoelBaling>
      <ownnessAnzacIpr>
        <possesOralist>cneorumDillue</possesOralist>
      </ownnessAnzacIpr>
    </spinachDjinnsRepair>
    <beaveryTonies>
      <yeelins>desires2909</yeelins>
      <divergeSemnae dressy="instilsFlnerieCuadra2">
        <picaras>hederaThroedEating255</picaras>
      </divergeSemnae>
      <hardsNestler>
        <proas>furphy</proas>
      </hardsNestler>
      <sonars avena="gender15">
        <muffing>timefulBeyondsOutkept</muffing>
      </sonars>
      <eideticMourneSealery dragmanSabikSamp="liviers" contesBowelsMimosas="geezerElchee">
        <wiserLyditeBister>nymphidPinned6</wiserLyditeBister>
      </eideticMourneSealery>
      <killowTapholeKniazi bedkeyFlylessMouton="261" mawaliCello="ludgatePetaryUraline">
        <giggleGooder>pishedExeat</giggleGooder>
      </killowTapholeKniazi>
    </beaveryTonies>
    <thiasoiAnguses general="blushyKuneste" minesDecanIller="mallow">
      <deckingOvaloid>adatomCamataFurtum</deckingOvaloid>
    </thiasoiAnguses>
    <fuhrers>
      <subplotBelordEyeroot>paseosSucces</subplotBelordEyeroot>
    </fuhrers>
  </decadPenfulCrinite>
  <cancelSperminGarsil>
    <addnTungate>
      <ceruseTewingBarely>bostonButtonsFavored</ceruseTewingBarely>
    </addnTungate>
    <absalomPerter>
      <hysons>198</hysons>
    </absalomPerter>
    <tummock>
      <aslake>libitum</aslake>
      <djehadCoral spugHonkiesPiefort="9249573">
        <furtherSelina>magyarsAnnealsBonser</furtherSelina>
      </djehadCoral>
      <hoodingDroseraChugged asmearBowheadHaraya="outcome2" destiny="11749667">
        <zibetum>knell</zibetum>
      </hoodingDroseraChugged>
      <gazelleSwankerWaget>
        <elishaRais>yakalaSpelder</elishaRais>
      </gazelleSwankerWaget>
      <waliesEmfLucid cortaroCoomy="bionicsNosher87" itenCapa="79">
        <tankedBlit>daffedGrivoisTearoom</tankedBlit>
      </waliesEmfLucid>
      <azilianNitella hyrcan="5061" checkerUncloud="rappelBullion">
        <zinzarTotumPipiri>cnemisFlorida</zinzarTotumPipiri>
      </azilianNitella>
      <cubists innageShiningHexers="54649002">
        <bpiSchmoeUnwiped>biribaPossiesSirple</bpiSchmoeUnwiped>
      </cubists>
      <twittyStacey>
        <thirdsMitred>yowlingRayat</thirdsMitred>
      </twittyStacey>
      <halteVegas shekelDreidl="lemurid" menfolkRansel="callout">
        <bagdi>putamenNora</bagdi>
      </halteVegas>
    </tummock>
    <cyanicCatsosCobweb>
      <cundumsEmigresBecater>203911094</cundumsEmigresBecater>
    </cyanicCatsosCobweb>
    <mondesKusaCafuso>
      <congoSertumSter>displayVanish</congoSertumSter>
    </mondesKusaCafuso>
    <jilted desmoma="bouncedSegouDjuka" dearsMandlenVibices="chigoeFucksDeblock">
      <frorenBenzylGharris>profit</frorenBenzylGharris>
      <tracesScillasKamboh viewingSpleeny="4296">
        <acaciinOncesAgendas>billerDacoity</acaciinOncesAgendas>
      </tracesScillasKamboh>
      <uncalkCastleValeria discept="48382">
        <scatulaApteriaVermily>delayedAnils</scatulaApteriaVermily>
      </uncalkCastleValeria>
      <docetaeUnlock apologyBeacons="chirr">
        <tenets>veridicTetricReevoke</tenets>
      </docetaeUnlock>
      <maftirs thurlsUrareYavapai="oppidum9929">
        <caproin>koupreyKoshers</caproin>
      </maftirs>
      <eoithsBistersUptill>
        <filmsetBenchy>6</filmsetBenchy>
      </eoithsBistersUptill>
      <sapbushDenials thorned="tripsis" ladronMiscues="ball">
        <emeerPlaces>90087259</emeerPlaces>
      </sapbushDenials>
      <hammockTerrageExhort cgmSuccula="munshiDebtor">
        <gashesRetial>wirierOsela</gashesRetial>
      </hammockTerrageExhort>
    </jilted>
    <porismSensileNutcake>
      <ooidalSiskin>9188</ooidalSiskin>
    </porismSensileNutcake>
    <pomato>
      <pinnasMormyrGutti>8997662</pinnasMormyrGutti>
      <variers gamboneMuzarab="tippleTowns">
        <nectaryUnshellThreave>doughtyAguaraFilches</nectaryUnshellThreave>
      </variers>
      <cooly diabaseGrab="kha" krepisVolvellEtuvee="ooraliRefilm">
        <drunksMicell>alureTeioidOpacity</drunksMicell>
      </cooly>
      <stale globalKnifingUnrests="dreidel">
        <halluxCzardomBogus>mycolHyphemaQuandy1</halluxCzardomBogus>
      </stale>
    </pomato>
    <ansuKippers>
      <ateleneStrassPuzzles>hackbutBawdsSnakish</ateleneStrassPuzzles>
    </ansuKippers>
    <bowl>
      <powerAptian>bedded</powerAptian>
    </bowl>
    <stabJuiseMegilp trollop="stirred">
      <admittyChirrCultic>abscamRadialsEthnog</admittyChirrCultic>
    </stabJuiseMegilp>
    <mah>
      <premoldForcepsMiskal>bubberThyrseCadency</premoldForcepsMiskal>
      <amylum munich="firer49">
        <cirrhusFoppish>sizar</cirrhusFoppish>
      </amylum>
      <forfarePaletotHalberd misesTerbia="holiesLambackRedhoop">
        <leptome>bisectsEngouee</leptome>
      </forfarePaletotHalberd>
      <tsetsesSpootRhetors bosk="suavify">
        <switchyTearyFinick>arsesBigotry</switchyTearyFinick>
      </tsetsesSpootRhetors>
      <malellaHibunci dnieper="desizeJayBodeful405" deduces="zebra6">
        <landers>80</landers>
      </malellaHibunci>
      <steleSurbateOboli>
        <kildeeJetsam>regave</kildeeJetsam>
      </steleSurbateOboli>
      <augrim>
        <alightOutdrewCulgee>trigoHethen</alightOutdrewCulgee>
      </augrim>
    </mah>
    <unhexFleam>
      <maytideBorsTinety>dafferyEyeable</maytideBorsTinety>
      <inkish endouteSockeye="carboMooseKelpie">
        <cirriSoths>deveins</cirriSoths>
      </inkish>
      <cavesCarcelIch shanksZeroedDiluent="vallums">
        <buicksCrepingGlove>borscht841</buicksCrepingGlove>
      </cavesCarcelIch>
      <jibbah roarerBassine="coadaptParergy">
        <burbankEnlayYarwhip>95881</burbankEnlayYarwhip>
      </jibbah>
    </unhexFleam>
    <urf>
      <afghaniStaider>flaunch</afghaniStaider>
      <witword reoilCanstGooiest="16">
        <slicerSkaffie>mowchtAwesomeBortzes</slicerSkaffie>
      </witword>
      <lunetsGoury marlHelicinTopau="clinoidUpsoak" morticeTrismicTroft="songhai">
        <avesWyver>gerbByrriSoddite333</avesWyver>
      </lunetsGoury>
    </urf>
  </cancelSperminGarsil>
  <boyunaDyedAdorsed kvarnerHumbird="acrabSchoWaxed" volupty="conableModular10" kamik="moellon" />
  <lendScornKathal olioMizzledArmill="loweiteBaloch" truestCastoffRotonda="adenSilene" scliff="monistsMarmion" goringPopulum="manyemaToddies" />
  <belfast divorce="dagoes" />
  <beloidLimaceaToyish penseCongrioTeleses="1578" />
  <septicsSubjee surgersPrado="enigua" flotasResinerCoudee="orlando" obelion="reshareLutes">
    <aggies clausHaec="optimumBlimpShes" wynnsRagerMenhir="misledSpicose">
      <unnobly>queenCanada</unnobly>
      <ozonidGurnetUptrill>
        <tawnleGteCanine>449323</tawnleGteCanine>
      </ozonidGurnetUptrill>
      <byardFoalsHooflet onefoldRealist="4">
        <ungualsGaumedAlkines>601</ungualsGaumedAlkines>
      </byardFoalsHooflet>
      <debosh rejail="distPantileLogo" payorsUncurbsBiotech="bidding">
        <hiney>egyptOblated</hiney>
      </debosh>
      <weedful pochardDuykerAeric="29">
        <stramHyoids>stanesAccederCsardas95</stramHyoids>
      </weedful>
    </aggies>
    <phaetonPeculiaFadding>
      <douglas>3659500</douglas>
      <cortins reheels="untreedAvdpCauked" hide="styFohatPanada">
        <lilacinEmperor>creepUnlocksAglow</lilacinEmperor>
      </cortins>
      <acyesis unsternUtahite="forbarUvrou">
        <fretizeTrock>achtel</fretizeTrock>
      </acyesis>
      <melamedSqueamGaleche plaidieLegatosIdo="dotsPeelsShouse" scurfyAssocie="limmockFlysch">
        <menta>8860869</menta>
      </melamedSqueamGaleche>
      <looperRerig>
        <lignumsJewedOverdid>327019383</lignumsJewedOverdid>
      </looperRerig>
      <obsideIvoryCost inviterFlammedUnaxed="muraena" cresset="amido41">
        <beduckDragon>580</beduckDragon>
      </obsideIvoryCost>
      <quality posseTwainAsse="unhardy" harmerMarcan="metamer">
        <barbera>cutaway</barbera>
      </quality>
      <eeling fawny="yutuDirglerMidden1" thurnia="cape">
        <hotpotBisextTrinity>418094</hotpotBisextTrinity>
      </eeling>
      <caraho tertiiHippi="unturf" thoom="antiliaAmidoxy">
        <deleble>sarkarBiggies</deleble>
      </caraho>
    </phaetonPeculiaFadding>
  </septicsSubjee>
  <undewyElainLeanly dryopesWinkingKlutz="marledRopy" tourismSavile="collumGermon" />
</clottyBoudinSpireme>