<?xml version="1.0"?>
<kyl>
  <screwedFlagletSublid huntsProsalCosting="indiaGothish" nabakShrub="kayaker" lycidCoseierCarve="whilie" />
  <boxtopTinterUnsay haarNooserKoklass="angler" rippersMurlackTapped="knevelMiggles" billon="jobbedLigaseHandles" />
  <bufaginChoy topmaulEvolute="emeroid" subfixOverinkTypikon="myalgicTreaderGulf" stalinJonval="stonier">
    <cyclist silkineUncrownBrandi="dufterYenite" tunfulZakuskaEmpaler="newelty" teemingBoneenGregory="44038">
      <boteinMatanza>673865</boteinMatanza>
      <import shapsCravens="13202" militiaNontaxAnour="3">
        <ratten>ecclNancy</ratten>
      </import>
      <flinchVoitureBowls chutes="siping" sirreesPapains="couvadeJamb145">
        <amarin>bullism93</amarin>
      </flinchVoitureBowls>
      <lobbed>
        <posternAffreux>chutingScathesUncart</posternAffreux>
      </lobbed>
      <podagry ruticMarkeryEndued="curbLunched7261">
        <sialidSaddensVenator>swangyLaicize</sialidSaddensVenator>
      </podagry>
      <xylylsZonitidCoin>
        <kramaAlsoShell>revivedIbises</kramaAlsoShell>
      </xylylsZonitidCoin>
      <opposes easiestArrhaPiman="recusalSniderLookee" daedalCatfoot="upstepBritDrawl">
        <blunketLoessicRapiner>lagurus</blunketLoessicRapiner>
      </opposes>
      <solaninCoojaSowse sennitUnrebel="neiRibstonAmhran76">
        <estuateTrustlePurre>xinaHods</estuateTrustlePurre>
      </solaninCoojaSowse>
    </cyclist>
    <knifer alignerSynusiaGimlets="berryBalkierSpume" neriteWheyeyCoercer="bodhiZebroidGilts">
      <unworkBestows>oecusBettas</unworkBestows>
      <rokeage>
        <duologs>lechea</duologs>
      </rokeage>
      <clagSubadar>
        <borghiDysury>cheveysDemise</borghiDysury>
      </clagSubadar>
      <chaboukRubian>
        <inanity>auburnEnse22</inanity>
      </chaboukRubian>
      <skittleMeresSaucery lurgReata="knotsIncreepUnrufe">
        <potency>tarveBothriaTingis</potency>
      </skittleMeresSaucery>
      <chunchoAjaxTrout priersGappySiol="75838430" unshale="44108">
        <faluns>2012</faluns>
      </chunchoAjaxTrout>
      <dovenedAgena gluier="178744523" theorbo="mockageDips">
        <endnote>mottledVantage</endnote>
      </dovenedAgena>
      <canso>
        <pompousNapkinAmomal>ingotsMulmSunfoil</pompousNapkinAmomal>
      </canso>
      <arracksFriggedCowedly danaiteShrewAmbreic="angarebShrugPanjabi">
        <wishmayAntony>6490</wishmayAntony>
      </arracksFriggedCowedly>
    </knifer>
    <miskept>
      <bedgownHijacksConn>ingang</bedgownHijacksConn>
      <croakedLooked tedescoRoupy="73310">
        <franksDriptOblated>mummickNamaquaLindane</franksDriptOblated>
      </croakedLooked>
      <burpTools tacts="dimetryBlooper45" mioses="osmosesBested">
        <tamisesSpere>leagueStageseSight2</tamisesSpere>
      </burpTools>
      <gulley petered="grievesPalmira5">
        <fitoutFacto>3</fitoutFacto>
      </gulley>
      <unstoic prodigySendersMazame="varing" thrawTeslaDictum="splunge">
        <piazin>anisolChevies</piazin>
      </unstoic>
      <abaiser erenachRabbler="absistLecticaGuld">
        <natterSawlikeFabling>leuk</natterSawlikeFabling>
      </abaiser>
      <tareaJulies>
        <alidadaBombs>dougScowmanCurage</alidadaBombs>
      </tareaJulies>
    </miskept>
    <headed stills="schanse" bambaraLuriBadju="raffeGaudEgers211">
      <voiceChamite>92334</voiceChamite>
      <maidyVangloe rumblesSiegeCumara="hogskinKelpieWhun" maliVeriest="32168">
        <sked>wenonahSornareGedrite</sked>
      </maidyVangloe>
      <poufCautio myoneme="9500" unhomeBuscarl="listelAirifyApiolin">
        <tientaFelix>ethynes</tientaFelix>
      </poufCautio>
      <nibung restesWaked="5549" indolin="glovesVisaing">
        <tappetSuckeny>recopy</tappetSuckeny>
      </nibung>
      <omegaTheezan axoid="statesChowse4046" perdyRadulaHotta="enstarAcquitsDjerib">
        <buoyageSicularRoans>pugmillAquadagPrittle</buoyageSicularRoans>
      </omegaTheezan>
    </headed>
  </bufaginChoy>
  <chuana ming="7" kelownaCodgerFlouted="mastmenBaccar" />
  <altos gogletsAggrace="mildBattaDusken" rampant="adjuror" cowalUnhelm="meekly" />
  <domCholtry snaggleGesten="quantsPudicProtome" general="doupionPacify" inswellCuvee="6904751" goumierSarsensEthnize="atoniaGanev" />
</kyl>