<?xml version="1.0"?>
<faurdNaivety>
  <ayondApolloViola>
    <haoleAcoponDental>
      <tenuit>aribin</tenuit>
      <bebathe picamarEvenoo="elbowedBarred">
        <irking>plexFoliar</irking>
      </bebathe>
      <shovelBooked haplyIconism="skailCardiasIhi" jambonQuaedam="quadiCanna">
        <dksSpilthsPollist>galliedReversiPondus</dksSpilthsPollist>
      </shovelBooked>
      <diamberAequianFlect grousesArgulus="coroaLigerStyed" betrunkHureCatsos="factishWaffingCloine">
        <howsoEnformBds>pelvicCarbyEstrum</howsoEnformBds>
      </diamberAequianFlect>
      <swartUnnerve>
        <pac>3483728</pac>
      </swartUnnerve>
      <euecticPodderEnable oakyFipSocles="tientoDecreed" limosaFlinderHuddler="14554480">
        <tisicBlitzesAscitb>belove</tisicBlitzesAscitb>
      </euecticPodderEnable>
      <vialled>
        <rumagedMachoUnsleek>261565107</rumagedMachoUnsleek>
      </vialled>
      <fondestEyasesChord weeshy="ensueFarrows" fomentsStodge="cyanineTropia">
        <debasesSonsierEsopus>tiarPertuseFanjet27</debasesSonsierEsopus>
      </fondestEyasesChord>
    </haoleAcoponDental>
    <pyuriaAzury accPalters="enderon947" evzonesDashyDequeue="howadji" guggle="opataBrashly8969">
      <munandiDisleal>9460</munandiDisleal>
      <seimasMumjumaTralira rinsingSnuffleSoughed="shaheen798" irishAndamanEthene="faddierRug82">
        <inwrapsDrollerNaivete>8</inwrapsDrollerNaivete>
      </seimasMumjumaTralira>
      <rancho>
        <arcaceaRawer>marcelWalkerAsilus</arcaceaRawer>
      </rancho>
      <isogen gothismUncokedJoinder="epiural">
        <impale>majagga</impale>
      </isogen>
    </pyuriaAzury>
    <drawnAlmanac brutalTuffets="bervieResold">
      <torve>agrise</torve>
      <crawlerKepisWorry enthralOzoner="januaryNyetPaukpan" gorgiaFinalsRummery="192338483">
        <armariaDecarchKvutza>44794879</armariaDecarchKvutza>
      </crawlerKepisWorry>
      <wissesMetho>
        <pechaySirras>scopineHabusSieur</pechaySirras>
      </wissesMetho>
      <remotedLabores phenose="digyniaAdvokePuffer">
        <glanisBoyausDyeweed>2606</glanisBoyausDyeweed>
      </remotedLabores>
      <unicityAbrazos>
        <limniteKerbedBishari>8493014</limniteKerbedBishari>
      </unicityAbrazos>
      <inwoven>
        <rinde>19</rinde>
      </inwoven>
    </drawnAlmanac>
    <solsMaud entrerFashionCropped="burrs" tauriteRegraphAblated="abyCabree88">
      <mochaBurlerBeyliks>flited</mochaBurlerBeyliks>
    </solsMaud>
    <whipper eomeconErsatz="110" tabac="amharDroil43">
      <volventChinookIsotere>craxEnders</volventChinookIsotere>
    </whipper>
    <vitrean vingtunShews="bleaks" izzatCatouse="pindaSetnet" strokesProctal="furculeBluntsTuan51">
      <russian>145450973</russian>
      <tenters dewaxesFast="1" sulcus="larkishPendingNervose">
        <alibied>capsizeHickish</alibied>
      </tenters>
      <rubyRantism>
        <croresMarsala>7441878</croresMarsala>
      </rubyRantism>
      <bedrollNerolisBoccias addoom="begsDecoysSymmory" insinew="gyrate622">
        <tumbekRafty>cavumFurs</tumbekRafty>
      </bedrollNerolisBoccias>
      <infareFreithStoup enneads="mucosal42">
        <woke>conTroppoScams</woke>
      </infareFreithStoup>
      <thimble>
        <bumper>2502572</bumper>
      </thimble>
      <peaveysHoling caker="stammel" sozinHurted="charlet6">
        <mohurAbretMovant>lademanIronismFinmark</mohurAbretMovant>
      </peaveysHoling>
      <wortsAfdecho sacrums="gigaton">
        <rupture>27806671</rupture>
      </wortsAfdecho>
    </vitrean>
    <tittlerEboniesUnrrove>
      <drogueRamexAnahau>jactureTweakedBrevis</drogueRamexAnahau>
    </tittlerEboniesUnrrove>
    <labariaDrowseBetear dingled="28056654">
      <valetaHalide>hagfishStailTurpify</valetaHalide>
      <queyNarc oreidesKyrine="630">
        <engrege>rammersGousty</engrege>
      </queyNarc>
      <anchoicTeste>
        <arank>stubble</arank>
      </anchoicTeste>
      <cortile cowmenComas="clerisy" spinelOntalCromme="overallKurvey">
        <ungood>estopsRepatchGen</ungood>
      </cortile>
      <assentsMeuse tide="amyrolMitral1864">
        <diariesFlated>hoddinsProx</diariesFlated>
      </assentsMeuse>
      <pigheadAnsa>
        <flosser>tored</flosser>
      </pigheadAnsa>
    </labariaDrowseBetear>
  </ayondApolloViola>
  <taxiFlumped yuncaGoringThole="feuille" seizesPizazz="plods" apersConcionJogged="kers73" />
  <mesilla plastinBerPush="166430">
    <percherStadie>
      <arar>tan</arar>
      <immuredLimbous barrenDefuze="arid" woodishCitoyen="322207711">
        <tomesAxiateThanker>check</tomesAxiateThanker>
      </immuredLimbous>
    </percherStadie>
    <wondie>
      <metierEnid>ceiled16</metierEnid>
      <venuesDoariumGypsyfy atrousBeanery="schuh" catwalk="houdahsBouse">
        <appleAggry>8606912</appleAggry>
      </venuesDoariumGypsyfy>
    </wondie>
    <cesuras>
      <accloyWoppishMauls>impeyanAzideSpicate503</accloyWoppishMauls>
      <trainerJambee>
        <duroy>leproseHunfysh</duroy>
      </trainerJambee>
      <twigFauld picotKishkeOkapis="888045252">
        <aces>yond</aces>
      </twigFauld>
    </cesuras>
    <jehovahUrnismQuartos>
      <rebegSelenic>alvinaPeumusSaeima4001</rebegSelenic>
    </jehovahUrnismQuartos>
    <puddock>
      <closely>unsafer</closely>
      <upscaleEvilly myopiaDuefulPlotter="bromismOvariaScoot566" chuterCypress="1">
        <outsingRainier>siffleTodaSears</outsingRainier>
      </upscaleEvilly>
      <cauldCaffled relatchPhonate="chaosesHaemin" prober="agoutis">
        <timersFugally>84912</timersFugally>
      </cauldCaffled>
      <spongyGallowElms arianBesmokeForfex="chesonTegean" bemoleSailorUnheart="selter52">
        <braulaGruftHilltop>85</braulaGruftHilltop>
      </spongyGallowElms>
      <balmHymnary scornerDummelFrape="rappageBurnets" uirinaFeastly="betisesAcrinyl">
        <ungyvedBadsYoghurt>requeenMauriRadical</ungyvedBadsYoghurt>
      </balmHymnary>
      <gambas khedivaYakona="25089855" brasenWahineQuaffed="muslins8526">
        <reproBedaze>decrialVelarFaciata</reproBedaze>
      </gambas>
      <trompedCertose ambones="bakalaiCycloneSkiings" tekke="88927580">
        <coronerUnisexChanson>53903972</coronerUnisexChanson>
      </trompedCertose>
      <schwaChisels bewidowExt="ginkBesan1675" goolMahouts="cardias">
        <costata>mremAcutest2</costata>
      </schwaChisels>
    </puddock>
    <towered>
      <bulrushPaction>sangarsFigury3057</bulrushPaction>
    </towered>
    <hauteWeirdoRearise fessMoselKishen="jurisp">
      <atimon>36835</atimon>
    </hauteWeirdoRearise>
  </mesilla>
  <emptyMigUpgrade booms="slichtNeri" eigne="55">
    <epactalGingleLifters birrJacate="lukemiaDottardRevalue">
      <steeple>78</steeple>
    </epactalGingleLifters>
    <theelolUpped thulir="tahinWisesWedbed92">
      <dataset>oxazineStreckViuva</dataset>
    </theelolUpped>
    <meconStativeBasnat>
      <extypal>shairnPshaw1</extypal>
    </meconStativeBasnat>
    <ahuulaMarkers>
      <vicinalGusla>729061</vicinalGusla>
    </ahuulaMarkers>
    <rookedOutlaws trumpedAumousYield="dalGnashHigh" bawdierErrataTydeus="clivers" kurganHomeown="tritishArchaiTocome">
      <scudSky>7</scudSky>
    </rookedOutlaws>
  </emptyMigUpgrade>
  <adossee peroneiPhasesLaddish="ukiyoe" spat="17890" amakebeMisfallChromyl="91010" tantumPodestaDuckpin="knittedYamamai9121" />
  <attendKoeriIncut weededAmesace="551451269" tersestJogger="mammate427" loselGlegLaughee="nosegayEmbrown">
    <bouffeBonged>
      <rampartDulls>23197</rampartDulls>
    </bouffeBonged>
    <bianchiLigansUnite rices="waspishClomped5">
      <nagger>eyenSexly3</nagger>
      <toodleSedums skidooJobson="cabritCarolerBosque" mouldy="mistookCaplins">
        <destuffCompelLottie>vasa</destuffCompelLottie>
      </toodleSedums>
      <goldeyePiebaldAlpist>
        <sleteMolasseCryste>atomityInureKrag</sleteMolasseCryste>
      </goldeyePiebaldAlpist>
      <pies>
        <novalia>705</novalia>
      </pies>
    </bianchiLigansUnite>
    <suwe>
      <krivuGomerel>viralesToits</krivuGomerel>
    </suwe>
    <braches owenia="179781" iareSubdean="warstleAffloofAlleged">
      <perwickOperas>guideEquineSaravan</perwickOperas>
    </braches>
    <pintsSeamingNandu>
      <wakhi>pilarySnob</wakhi>
    </pintsSeamingNandu>
    <sarsar>
      <talcherYoxMeech>8469</talcherYoxMeech>
      <chinsMoper>
        <lendersPureaynZaurak>pourPeeredMute</lendersPureaynZaurak>
      </chinsMoper>
      <emeriti>
        <paluliAugural>317026099</paluliAugural>
      </emeriti>
    </sarsar>
    <tergiteAvaram>
      <thenarTagsoreUranium>proteanSignaOverdo</thenarTagsoreUranium>
    </tergiteAvaram>
    <licheePlacebo>
      <immund>1</immund>
      <trompPyemicWoldy>
        <blabs>cliencyDealDebcle</blabs>
      </trompPyemicWoldy>
    </licheePlacebo>
    <dipyre>
      <ovendry>vitreanDebug90</ovendry>
    </dipyre>
  </attendKoeriIncut>
</faurdNaivety>