<?xml version="1.0"?>
<rupees>
  <tsubaPenniesCaurus>
    <convell crumpedTwankleStaup="272990083" cladsPrimary="maxixe" illusorWansRelessa="7028">
      <cwtUnrindSqualm>balkedMelismaAngaria</cwtUnrindSqualm>
      <queanIsolexWanga upbray="everardAppeal">
        <subdieReceiptOcypoda>7</subdieReceiptOcypoda>
      </queanIsolexWanga>
      <yeaned>
        <mohawksOsmund>soboleKambohAsker</mohawksOsmund>
      </yeaned>
      <squirtyGowf>
        <abakaCumenylGuised>tauliOnlepy</abakaCumenylGuised>
      </squirtyGowf>
      <baleiseMergedAntrin>
        <deleing>carus</deleing>
      </baleiseMergedAntrin>
      <lokshenInsist>
        <grouf>diddiesNunnifyTrigram</grouf>
      </lokshenInsist>
    </convell>
    <amend>
      <bixin>8444</bixin>
      <mopanPours imbuesSoots="summing">
        <redocksGonagia>underfoLlanoPurreic</redocksGonagia>
      </mopanPours>
      <wanes>
        <gaurs>brittNeeseJutties</gaurs>
      </wanes>
      <killdeeGregau>
        <rastleBonnnesPannel>lionise16</rastleBonnnesPannel>
      </killdeeGregau>
      <swoonerUnlustyBothway bogeyedCongaed="poreEndent">
        <riskierCarkedSwirl>sillsHackieShields19</riskierCarkedSwirl>
      </swoonerUnlustyBothway>
      <reframeLapful wagTattyRepayed="perca">
        <sevum>nimrodMellitVisaya</sevum>
      </reframeLapful>
      <lenaeanCrit>
        <retar>outdareAnnelid</retar>
      </lenaeanCrit>
      <dulbertAgeable>
        <rheenSignTorana>andreasGuimpe4420</rheenSignTorana>
      </dulbertAgeable>
    </amend>
  </tsubaPenniesCaurus>
  <weskitBoxfulLegatos />
</rupees>