<?xml version="1.0"?>
<gnide>
  <ondingRootletDemoid incorpWolvers="8" furzedLeerishJonnick="impair83" patataPachuco="4087480" javahaiRakija="finnackDivinerOrbitar">
    <imerRewish arakeEyr="sittee" cargoes="bancos" soonestDiktatScuddle="scouthNoritBumming">
      <backletCagitDoctus>platie</backletCagitDoctus>
    </imerRewish>
    <drivageHichtUnvoted>
      <strafeAngariaNogs>stratalLuteum</strafeAngariaNogs>
      <douxTelingaBancal>
        <nodularGarousAlgins>hunchedLarkers</nodularGarousAlgins>
      </douxTelingaBancal>
      <alerion>
        <nylghau>28584087</nylghau>
      </alerion>
      <cong>
        <ruttleAneuch>zlotychJockos</ruttleAneuch>
      </cong>
      <lingoumRedcoat tutlerRezonedChocker="clavialBowedMiao1">
        <cohenCreases>52049104</cohenCreases>
      </lingoumRedcoat>
      <nidgetCep shutedDhauri="whydahsCressetJezail">
        <redearsClaxonsJunius>600620483</redearsClaxonsJunius>
      </nidgetCep>
      <pester salse="hivedScups" agistorSyconesNapped="flickyFuselNettion7121">
        <bobbins>follilyWireway</bobbins>
      </pester>
    </drivageHichtUnvoted>
    <ferulicPated mattsGabions="lessensResorts486" carbonaLegs="abrazo8" injectMutsjeDoormen="spliceCrap">
      <brinLayer>roupingSoloSuppage9693</brinLayer>
    </ferulicPated>
    <gingalsVatful slowfulPaesano="okia" wives="nervine">
      <sunnaAnthropUnvenom>cookedTawkeeFidged13</sunnaAnthropUnvenom>
    </gingalsVatful>
    <leopard oolite="ozias">
      <tumbek>brokingGulchAnthrax</tumbek>
      <volesLusty>
        <heptaceGaes>whopsFaggery</heptaceGaes>
      </volesLusty>
      <holidam>
        <gruntleSergingPadlike>adamsUnrivenStrand</gruntleSergingPadlike>
      </holidam>
      <burntly creagh="keenlyRinsingTries6578" sugaryAutreTayir="auxAsartaTenpins">
        <edoniOutroop>casasiaCafhMoulin</edoniOutroop>
      </burntly>
    </leopard>
    <lamaicMatlo>
      <fainantRodded>paw750</fainantRodded>
      <moeblePorgiesJibbers>
        <beeferLurkersNows>28663369</beeferLurkersNows>
      </moeblePorgiesJibbers>
      <armbone inhaulsFondant="360230">
        <lexiconCouldst>drongosNoilageTrek</lexiconCouldst>
      </armbone>
      <bogletSpann>
        <edwardEntea>valyl</edwardEntea>
      </bogletSpann>
      <cudgelsKnock inwritQuesalRoosa="55058">
        <peach>10498081</peach>
      </cudgelsKnock>
      <titbits>
        <mitrateObrizeBemix>recaned</mitrateObrizeBemix>
      </titbits>
      <dabbing tactusPuggish="subdeanSommite" rameshPremenEadi="digoxinLeviedHowf">
        <pyrenesLokaose>tenuous</pyrenesLokaose>
      </dabbing>
      <evernia tittieUmbellaAlkanet="attaste" pugmillPosca="bruet">
        <melinaeSnorer>echtGlebes74</melinaeSnorer>
      </evernia>
      <howling>
        <screeGryllosMonolog>clipse</screeGryllosMonolog>
      </howling>
    </lamaicMatlo>
    <bevinedMuckersBoce>
      <sklentJawholeLegato>esses</sklentJawholeLegato>
    </bevinedMuckersBoce>
    <tactus epigyneNylast="connive">
      <encystsBougeDozy>uspokeToccataAcoupa</encystsBougeDozy>
    </tactus>
    <deodateHynder foroldBezants="dimeterFusibly">
      <drizzlySquirms>ableLovedayMatapan</drizzlySquirms>
      <traduct antaeus="waifs">
        <doggieAmirs>aeonistSiroccoUnframe</doggieAmirs>
      </traduct>
      <dryableHalasPeatery intitleCache="bolters" heroins="nausity">
        <clasheeAskrCopping>85661589</clasheeAskrCopping>
      </dryableHalasPeatery>
      <lairmanWaying ironedEpsom="scruftUnceded9" shanteyWhooped="devasFatuate">
        <skiwearOnciaNicer>schizzoPodicalOsmics85</skiwearOnciaNicer>
      </lairmanWaying>
      <flexo>
        <huffle>trichiOlona2</huffle>
      </flexo>
    </deodateHynder>
    <wienersDeliria>
      <emulate>gwineDeflow5</emulate>
    </wienersDeliria>
    <tonguyFlotsamDolmas>
      <wedbedLoomer>renewedRarelyPaeonin6</wedbedLoomer>
    </tonguyFlotsamDolmas>
    <bantyEysoge tetany="wopsyRefront" basatAffines="succisaLarchesFlutist" konradCawlLegible="icosian">
      <wendicFerineRibbing>basketsLevo</wendicFerineRibbing>
      <browdenAmenityDuskish>
        <cosmosArecaRatches>teaingSophoraFingall</cosmosArecaRatches>
      </browdenAmenityDuskish>
      <sravakaBotulinElleck extirpReneged="octylRarety49">
        <tarnsSunfoil>tobiraToughen</tarnsSunfoil>
      </sravakaBotulinElleck>
      <organyAmalicOgee beardomLibeled="wudge" bucraneTuyere="originsLierre">
        <dolourBondageEld>25071</dolourBondageEld>
      </organyAmalicOgee>
      <firked virusesUsneoid="alation404" deniersBarbe="79">
        <shilfEarthed>habitanDaised3</shilfEarthed>
      </firked>
      <prio writs="tabard7">
        <pridingEirRosehip>chontalPinardsScotal</pridingEirRosehip>
      </prio>
      <pochoteGothaBurundi>
        <afrownHopsageBxs>cathSandmenDisagio</afrownHopsageBxs>
      </pochoteGothaBurundi>
      <enzym crimpedPodsol="penning">
        <orignal>145892</orignal>
      </enzym>
    </bantyEysoge>
    <enderon>
      <paddlesUpdrink>falloffDustboxCeinte</paddlesUpdrink>
    </enderon>
  </ondingRootletDemoid>
  <tinhornTemplumMonachi ptisanJobbersKethibh="576442" />
  <whoneMoneyedFibre>
    <recenseOda>
      <cowhageGuarico>genuIngramShauls</cowhageGuarico>
    </recenseOda>
    <jasperyBalneaeLithol juraneTempter="gerim" door="624408260" gloomySbloodMickey="galen6823">
      <securer>gambiaPanfulOstiary5</securer>
      <caama>
        <batemanTaker>sexpots</batemanTaker>
      </caama>
      <merlingWeave decalinRimpleIngang="fitter" kwatumaUsherer="chowseDimna">
        <festoon>776</festoon>
      </merlingWeave>
      <ruddish askariRomaikaThooid="8557">
        <legendsColones>mistionUnhorse</legendsColones>
      </ruddish>
      <ecurie abkhasIrking="pequot">
        <meddle>alwiseAphasic</meddle>
      </ecurie>
    </jasperyBalneaeLithol>
    <hemeraDossalRebused>
      <clips>hayzLactam</clips>
    </hemeraDossalRebused>
    <boniestCeltuce>
      <cadencyYarnDingman>8</cadencyYarnDingman>
      <brass>
        <cudden>9390048</cudden>
      </brass>
      <ceruses>
        <flanken>amnionBaronneKnublet</flanken>
      </ceruses>
      <sebkha>
        <kneed>cullageSwedruChuvash</kneed>
      </sebkha>
      <handjarSnooperWoolder murtherRasty="smouseCloakedRittock843">
        <dogwood>zillsOverfed</dogwood>
      </handjarSnooperWoolder>
      <oarlop kiddier="grape" adorersMalleinDoghole="populiOversee">
        <unrebelExtreme>chalcusUngird</unrebelExtreme>
      </oarlop>
    </boniestCeltuce>
    <origans>
      <knopperItalicFrumpy>olioAtelo</knopperItalicFrumpy>
    </origans>
    <sitcoms alargeTuques="kernoi">
      <plumetPesky>swaysSlinte</plumetPesky>
      <tiffin scruffYillsGrewt="contectErriteRother" juralPukateaLunts="bhavanTessSleeks">
        <finnipArs>quatresSipidPocosin2</finnipArs>
      </tiffin>
      <patin inoculaBewrapt="5060" racket="waefulLokaose">
        <nephite>meetingToprail</nephite>
      </patin>
      <knurs flumpsLungedBoyla="kays">
        <ubussuPur>43738471</ubussuPur>
      </knurs>
    </sitcoms>
    <heptaceNectars toheroaMusal="wailfulAssis">
      <loangeMutateMispart>yangtaoPangamyCakra</loangeMutateMispart>
    </heptaceNectars>
    <thruTiringGlyoxyl>
      <sheersCameoedScoria>dmarche</sheersCameoedScoria>
    </thruTiringGlyoxyl>
    <lingcodWhoopla avowter="395056269" epenlaKeuper="4071" epigoneUnmovedSwans="sodomProart">
      <sipapuErrandScoter>37141328</sipapuErrandScoter>
      <dogy talked="partakeRelace" indicHeeding="beknitScaurArgante">
        <plantArmit>cuitle1180</plantArmit>
      </dogy>
      <cate porkolt="9">
        <dater>mummed</dater>
      </cate>
      <colorin punjabi="hounceDunnage" uvid="mele">
        <rabato>unaddedPallorLeef5718</rabato>
      </colorin>
      <innlessKnived reedyLapith="locatio2">
        <safrolsProcess>ascape</safrolsProcess>
      </innlessKnived>
      <pillage wrangleAwat="betulaBoasterUval">
        <bionicAbsmho>unpayBegodChianti</bionicAbsmho>
      </pillage>
    </lingcodWhoopla>
    <ionogenApologAurar>
      <culledUnedge>stond</culledUnedge>
    </ionogenApologAurar>
  </whoneMoneyedFibre>
  <matalan />
</gnide>