<?xml version="1.0"?>
<wonnotStoutenLusory>
  <relictiCatella mackled="norfolkSchmoeZoom" taxmanKimonosChoring="5983140">
    <puckrel>
      <unspell>22942927</unspell>
    </puckrel>
    <agilelyGunsman>
      <sanghCraaled>honkiesMarquesBullose</sanghCraaled>
      <skelpsXylic anticClochePlights="askesesConcord" phanic="fluidicMesonJilter">
        <doubty>funksAlcaicKetimid</doubty>
      </skelpsXylic>
      <stirk kittledFeudist="cistoriPunto">
        <trammedJabotEngland>yakkaPuja</trammedJabotEngland>
      </stirk>
      <fetsDiswood>
        <sixthlyCubdomPeisage>grown</sixthlyCubdomPeisage>
      </fetsDiswood>
      <insea>
        <kevil>705865482</kevil>
      </insea>
    </agilelyGunsman>
    <ditties>
      <laeliaRetuneAnacid>spark24</laeliaRetuneAnacid>
      <eyessDinted>
        <jibmenPairial>aurar</jibmenPairial>
      </eyessDinted>
      <chilion>
        <daffs>detteToucanUnchair</daffs>
      </chilion>
      <lenoraGargetsGoran flunker="youngly2" hornistEchoizeMimbars="bidiStinge538">
        <dorsBarth>surestStowpBathos</dorsBarth>
      </lenoraGargetsGoran>
      <jackingOrby tressedWhelksToryfy="lapilloShoed">
        <armpitSwageSoleus>burgallLeavy569</armpitSwageSoleus>
      </jackingOrby>
      <pitiesSteelyVouge bivaneAmongst="salten3" banffSubdue="54209">
        <mossyNarcoma>simling951</mossyNarcoma>
      </pitiesSteelyVouge>
      <ozonerAfootSeise calpOxshoeAdoring="cornell">
        <buckism>bermudaWarseAerator</buckism>
      </ozonerAfootSeise>
      <blowsyCheep>
        <timarLow>guyotsRibozaGramma7</timarLow>
      </blowsyCheep>
      <curly acetifyKolsunTrigs="mahajun">
        <lassock>mesh5317</lassock>
      </curly>
      <shoringUnited werefox="levanceGlycolsTricksy" whir="moroseWhitter8">
        <royaleFizgigs>flannelAnguishSumner6</royaleFizgigs>
      </shoringUnited>
    </ditties>
    <squaxonPompeii novemSecs="yeahRhenic">
      <posMercat>beckonMizzlesParker</posMercat>
      <dwarfer>
        <halibiuSpignetOakboy>26</halibiuSpignetOakboy>
      </dwarfer>
      <naviAedegi>
        <beladleExtolAftergo>camenes8</beladleExtolAftergo>
      </naviAedegi>
      <codeina wiper="chandryTomcats" dassyStillerLimners="precopyAbadejoRedsear">
        <urease>pictury</urease>
      </codeina>
      <meleEobiont leadmanWeirdsRhoecus="foragesInures" henyardMyoneme="compoedScobs">
        <tunebo>recency</tunebo>
      </meleEobiont>
      <throwsCoollySamites>
        <pilon>1329214</pilon>
      </throwsCoollySamites>
      <kinderLexemicSegetal tantrum="lorelSairSereins517" sou="nemosLilting">
        <lapfulsBriskedChore>acrylGelantsPoppied</lapfulsBriskedChore>
      </kinderLexemicSegetal>
      <ansarShowing caseineManger="766362">
        <dunkard>methidTudelSpeirs854</dunkard>
      </ansarShowing>
      <topeesToroids stealth="43573" stumbleJewless="tongas">
        <stupidsBlowoutTowbar>ordeals</stupidsBlowoutTowbar>
      </topeesToroids>
    </squaxonPompeii>
    <cawedMesopic>
      <taxiwayBeam>806</taxiwayBeam>
    </cawedMesopic>
    <demihagGrovelBeekite>
      <cloudyBowpinJotas>badawi</cloudyBowpinJotas>
      <foobarPawnie>
        <gezerah>ghee2184</gezerah>
      </foobarPawnie>
    </demihagGrovelBeekite>
    <hollQuinsy>
      <weznTiremenColors>hydatic</weznTiremenColors>
    </hollQuinsy>
  </relictiCatella>
  <manbaDeinos lemnianRoust="khojaAnthemy7355">
    <padeyesCogonFatly spinateShreeve="torousIslandyRediae" quadrelBrighidJunky="nows">
      <paprica>peakierBakula</paprica>
    </padeyesCogonFatly>
    <bolero missile="wichtJuneOfferee">
      <chronBijasal>amueixaProwledDeifier</chronBijasal>
    </bolero>
    <tepaFream>
      <peltaeBayok>retailsUnked</peltaeBayok>
      <manumit purineBedcord="vasclaPortato">
        <unfearyWharfeAgnails>23</unfearyWharfeAgnails>
      </manumit>
      <dooziesWaying>
        <airmail>chieflyKioea</airmail>
      </dooziesWaying>
    </tepaFream>
    <haganahImmov aineeWaxlikeChamsin="569" balds="567425">
      <myoses>bummleDrumly3</myoses>
    </haganahImmov>
    <cit>
      <denayUsurpsBallup>ehuawaElks</denayUsurpsBallup>
    </cit>
    <deturn>
      <exuviaeVillas>cro</exuviaeVillas>
      <pandionTinamou>
        <nimEgypt>waniganGranateAndes</nimEgypt>
      </pandionTinamou>
      <moffle attidMethineLard="beezerAnotiaSpiting">
        <pilmBerberAnsae>52550</pilmBerberAnsae>
      </moffle>
      <sopsSoldierComes pobTeasersHammed="237" prepn="capitanGapaHissy">
        <inshipTauli>halflyLademan</inshipTauli>
      </sopsSoldierComes>
      <eeriestAbohmGooey hunSulfate="6723" hoarier="annealsHerbals">
        <needleVisarga>branWainageOdour</needleVisarga>
      </eeriestAbohmGooey>
    </deturn>
    <reglair>
      <packagePitaya>creakedTmesesCobbles</packagePitaya>
    </reglair>
    <madzoon>
      <myitisAnasaUplinks>cryptsSlatsBiotics2358</myitisAnasaUplinks>
    </madzoon>
    <wamusPaints mateys="parried" probataSickbed="madrierFolia">
      <undeify>naleHoghead8176</undeify>
      <tracingUroxinBiacuru raven="cuddled">
        <caulome>34158</caulome>
      </tracingUroxinBiacuru>
      <reroof sibbensCrissumCaproic="manhole" mushilyLimning="kaibabChichis">
        <haughsOblongs>8</haughsOblongs>
      </reroof>
      <frowzeSpital>
        <bailieWesting>spugRiggalBepelt</bailieWesting>
      </frowzeSpital>
      <trialsSpill astroidTweilPintail="holloosIrelessBombs7">
        <salianAureousTofile>sufism</salianAureousTofile>
      </trialsSpill>
      <smouserBarbersOrnis bergRyes="7001">
        <anaryaCongesCormac>gommier</anaryaCongesCormac>
      </smouserBarbersOrnis>
      <thanah>
        <kennetCondueWilgers>midbody</kennetCondueWilgers>
      </thanah>
      <borableNjaveHeths>
        <obconicEloigns>siftageUncrazy</obconicEloigns>
      </borableNjaveHeths>
      <odoursAspatiaDummel yeelinLoggie="18">
        <unlacedDeerlet>ormers</unlacedDeerlet>
      </odoursAspatiaDummel>
      <looped marrockGuns="tzitzis">
        <almsman>mowingSauces</almsman>
      </looped>
    </wamusPaints>
  </manbaDeinos>
  <mascle sepionStonkerAnquera="4258" shorlsFixity="daddiesAdesmyRaad" sabirChassisNastika="cobusCarefox">
    <beatus>
      <snuffer>prelawDraffsStaved</snuffer>
    </beatus>
    <piemanSpikesProxysm>
      <lowery>morvinStrand3</lowery>
    </piemanSpikesProxysm>
    <fowlpox>
      <plenaryDavyumPersalt>necktieHubcap</plenaryDavyumPersalt>
    </fowlpox>
  </mascle>
  <albee swelled="analogs" invitalCheslep="avantiRevoke222">
    <calloBawneen saeInsolesUrohyal="umest">
      <swither>internePedesIllure</swither>
    </calloBawneen>
    <yukataYashtLall>
      <smerkPotling>porcTskedDermic</smerkPotling>
      <dardani skimo="fraile" ristoriSioning="phylaScultPean">
        <althea>33055</althea>
      </dardani>
      <gromiaAvailerGarston>
        <teddy>cinuranJubhahsSpitkid</teddy>
      </gromiaAvailerGarston>
      <festonBidi jctn="owserThouDisazo778">
        <rabannaTrusion>salviaHookletLupulic</rabannaTrusion>
      </festonBidi>
    </yukataYashtLall>
    <thriftBoonsGrazed>
      <endarchHungaryDippier>testaeKhamiBattled</endarchHungaryDippier>
      <reflownQuench guaka="36" freith="128">
        <jaglessPyaemiaConule>matrons</jaglessPyaemiaConule>
      </reflownQuench>
      <backbar despose="5180414" seeding="ketubahReblow">
        <gambir>niteryPeoplerCypraea</gambir>
      </backbar>
      <tallero birrusMirableAmylose="aurigal" treaclyAcedyStoreen="poteye">
        <fontfulTchickDididae>fudder</fontfulTchickDididae>
      </tallero>
      <detailsScry scarted="vitasti" beanoBucolic="capetteCroton">
        <turrionWonkTweeny>1532590</turrionWonkTweeny>
      </detailsScry>
      <chebecs shugSemaise="478248765">
        <seedierTarapin>zaffers</seedierTarapin>
      </chebecs>
      <tearletAlmachRestis atekniaAmbulia="768017">
        <zestedYgapoShauri>snedded</zestedYgapoShauri>
      </tearletAlmachRestis>
    </thriftBoonsGrazed>
    <haleniaFacings hadbotePus="1965105" bowlers="thooClichedSoord" hutzpasDirityStroot="larumFinkedZinced">
      <yellersSiketGemmily>edictal</yellersSiketGemmily>
    </haleniaFacings>
    <lippyUpcloseTartufe firIntort="carve" obusDogtrotPewing="wheemCajeput6932">
      <jural>933434577</jural>
    </lippyUpcloseTartufe>
    <subersBakshi>
      <wasn>48</wasn>
    </subersBakshi>
    <coolishPaxes nougatIyarBoscage="bewigs" mingledLug="mantalDeprive" ceresKenyteGauby="carrieJammyMxd598">
      <thuliteTerrePoorer>hungersSombre1358</thuliteTerrePoorer>
      <skoot mentaEthanalTurbos="skips" mucigenCados="778375938">
        <unarkYeomenReeling>succahSlimier</unarkYeomenReeling>
      </skoot>
      <metrosMamaScrub>
        <smearedQuinolRevuist>arcaded</smearedQuinolRevuist>
      </metrosMamaScrub>
      <naysayFusainKnolls brassic="3257805" lounger="bouts">
        <agists>artifexJimper9</agists>
      </naysayFusainKnolls>
      <inlayerDielErose>
        <tamableSchmitzWyes>tot</tamableSchmitzWyes>
      </inlayerDielErose>
      <towieBegin apexedUngag="sakHalyardAgible">
        <rallyesScantsTriads>ubietyTorvous197</rallyesScantsTriads>
      </towieBegin>
      <subrailLooksMoody unjust="5233">
        <harlotStratig>16</harlotStratig>
      </subrailLooksMoody>
    </coolishPaxes>
    <jasmine zoeal="coalers" vineityPlanaea="funster" toherGlikeMismaze="ameivaWoald">
      <alemiteNazism>6866930</alemiteNazism>
      <boosy>
        <magiricEmpiric>cibolanEnchyma</magiricEmpiric>
      </boosy>
      <macuta corbleu="suling">
        <hamzahsVidya>flybyAnaudiaGraddan</hamzahsVidya>
      </macuta>
      <sitheMastax whinerMuidOpianyl="craveTalent">
        <cinchaTaquaCimex>mirabel</cinchaTaquaCimex>
      </sitheMastax>
    </jasmine>
    <cooling poruleCentredMeasure="dinkeyBrutesSimson" bulkierSioniteHawky="totesDwine" pansiedDungs="paintsOttawas252">
      <modena>9993</modena>
    </cooling>
  </albee>
  <bipolar visierAtrocha="lakhs" squirt="canikinCokersCecity">
    <nickingMahiAglee sufismFcsLansa="obovateChanoyuGazon" grownGuyana="beataAcmite">
      <nossel>weenongCanzone</nossel>
      <onsetTurcicSnipper lardoon="996738" towboatAbulicTuis="tighter">
        <genesesSulciGogos>hammadaCowingChoko</genesesSulciGogos>
      </onsetTurcicSnipper>
      <mararieSurnayWeakish>
        <thurlsSubclanJoggly>864</thurlsSubclanJoggly>
      </mararieSurnayWeakish>
      <vols nandinVitriolRimed="nouSedums">
        <anounouParraWhr>dopeyPenheadCherub</anounouParraWhr>
      </vols>
      <meander thrumAswingGlibly="fagotReknow" hylidaeEmbryol="didym">
        <conquer>caamAfieldRadome</conquer>
      </meander>
      <screetBinningGalant>
        <statelyRameshDerides>crewelEarlIturite</statelyRameshDerides>
      </screetBinningGalant>
    </nickingMahiAglee>
    <mimical>
      <quiraIraqian>evensDrainsPurey</quiraIraqian>
    </mimical>
    <hdkfDerrire>
      <skirrRathe>hamose</skirrRathe>
      <melonry sagless="6226194">
        <deil>debtful</deil>
      </melonry>
      <reveBayok lalled="soundsPinonMinders">
        <buddage>nuderCroppa</buddage>
      </reveBayok>
      <fruitOutwall importBtlRebels="bimaBismerDuality">
        <ophisBegeck>58097</ophisBegeck>
      </fruitOutwall>
      <bonbons huspelChymesBlowup="3390">
        <cupful>stonenMatzahs</cupful>
      </bonbons>
      <becallHaraceAgings venenePelmataLaveers="longestStigmes">
        <milordsExserts>504392</milordsExserts>
      </becallHaraceAgings>
      <ailuroCapsianDoxies>
        <wingerArchgodFrey>sermoDemalPreship</wingerArchgodFrey>
      </ailuroCapsianDoxies>
      <coffea unwareMuscoviDyas="urophiToug9011">
        <lohochLoamsSuccose>pentit43</lohochLoamsSuccose>
      </coffea>
    </hdkfDerrire>
    <ownedAdvtToeless homagedHoutou="827" irpePiazze="marbledKulakOlein" ccesser="gildenBizonal">
      <nockingStembok>adobosKristinGainful</nockingStembok>
      <nayaritSkunky juicierFloreal="chawingManivaBalawa" zeroLokiSlipt="seeressFolioleGroves">
        <gondolaDehornsGadroon>scopedRibbet</gondolaDehornsGadroon>
      </nayaritSkunky>
      <olafCotidal>
        <mataiBarriosUnrife>brummy</mataiBarriosUnrife>
      </olafCotidal>
      <slone culling="decodedWafdAmebean">
        <unsame>246658362</unsame>
      </slone>
      <macsCoziestIdioms stirred="forhooyDewcap68" lexiconPrespurPlyer="flaconsOnanRooked">
        <ixion>bumblerBlackey</ixion>
      </macsCoziestIdioms>
      <dequeueScranOhmic nisusAngiaShotter="maniasLogilyPrefine440">
        <snotMercFusee>talentOrpheonYarner</snotMercFusee>
      </dequeueScranOhmic>
      <awkly oralsSlushesPotlid="ghostsLefsen30">
        <semper>bogydom</semper>
      </awkly>
      <agons mashie="divise1611" sarlakNaiskoiComus="143">
        <stottPalch>42</stottPalch>
      </agons>
      <piceaMazda kanjisMatraceAxstone="bututFrilled1" noah="lynceanOstlersVocate">
        <dispSchmo>smuttyAdviceOdour</dispSchmo>
      </piceaMazda>
      <uprid copsyNuaduBumbard="tweeDrywall" zenanaSarment="amintaQuinasUkelele">
        <uparchHepcatsArgulus>78648427</uparchHepcatsArgulus>
      </uprid>
    </ownedAdvtToeless>
  </bipolar>
</wonnotStoutenLusory>