<?xml version="1.0"?>
<vergingWoorali>
  <ebriateWarrynCappagh awanyuDizzen="raffsSimasWride" curneyMumms="8054242" camaile="61825" farlsSomet="elemiVas" />
  <impulseDabberSharry corkerPhasm="muskedSidleTsarina" halbert="affrayGillion77" />
  <apodema avoiderUpleadHamzah="heatenHaboubSophs" eczemaGonitis="insnare8" ambreicRusheesBreves="zithern" flodgeTotemicUnberth="357221" />
  <precavaIntoneFleshed leetleAffuseCracks="feedMazucaHates" lumpish="chaffy">
    <novellaDecalsCledde>
      <beezer>sabrinaPeckishPens</beezer>
      <bringer jarviesChapon="yearendSlotman600">
        <unafire>spirts</unafire>
      </bringer>
      <xylomaRoofs hurden="recodesTadpole85" umbrasAcoma="muskierOvis796">
        <godding>alloEyepitUpgale</godding>
      </xylomaRoofs>
      <calciumFoliousCoaid ofaysMandar="52">
        <cichlidMucateFeed>ansarie</cichlidMucateFeed>
      </calciumFoliousCoaid>
      <tangkaSlicken cederHaltingMopery="bodoniChamoix" loghead="3786">
        <lataniaMunguba>boolies</lataniaMunguba>
      </tangkaSlicken>
      <arlesAgedlyMalakin slurbs="edaphonLallsAdjusts15">
        <squads>winchesYangtzeIlluder</squads>
      </arlesAgedlyMalakin>
    </novellaDecalsCledde>
    <bande useablyBinal="sinkageToronja39">
      <tapery>91</tapery>
      <behenZapusGrate>
        <obolaryBrinish>veddoid</obolaryBrinish>
      </behenZapusGrate>
    </bande>
    <cuirassRizzarRosales>
      <peltrySeawallBelick>pawmarkBitternTeeny</peltrySeawallBelick>
    </cuirassRizzarRosales>
    <puppyNainsel lereArvejonJuletta="backsey" stromal="426" warbHyponymCannula="pinfishZohak">
      <sepdTownify>clunterTor</sepdTownify>
    </puppyNainsel>
    <delicat>
      <chnOohingWhiba>sonata</chnOohingWhiba>
    </delicat>
    <riggal>
      <tanquamLeeches>abwabBopyrusSmarmy</tanquamLeeches>
    </riggal>
    <aspicEstroneMasser celling="4" triglotWhissChyle="91" enteredCelomGustier="upfold">
      <crowned>agesTravisConte</crowned>
      <branialUnhumanStagion>
        <compeerWhaled>unusedMeadowEnsear</compeerWhaled>
      </branialUnhumanStagion>
      <banselaClams decoctCrevice="nollWizen" stywardMondes="carotid">
        <azaleasAsoka>zygenid</azaleasAsoka>
      </banselaClams>
      <beroll sikhismTarges="sierUnwoman">
        <ephraimEidola>511</ephraimEidola>
      </beroll>
      <antisPithfulHumeral draconeShahee="coltsAtropinAgonia">
        <targetPotheenPlanate>48134</targetPotheenPlanate>
      </antisPithfulHumeral>
      <cornage behaveBeamer="arckedMozosTougher" ochers="evanidSinopis">
        <amy>dagassaSpilus</amy>
      </cornage>
      <reglossOutpartOntaric>
        <wedelsMushruMille>legsUplakeSawish</wedelsMushruMille>
      </reglossOutpartOntaric>
      <asswageKemp spoonFawny="dottore425" soakenDewdrop="becloutMad">
        <quelt>punties</quelt>
      </asswageKemp>
    </aspicEstroneMasser>
  </precavaIntoneFleshed>
  <sultam />
  <revoirAscellaGodlier era="gasserBolding">
    <pouncer anyoneSarkar="azotateRagbagOsmanli" tournaySmashupDepots="gayyouLeiss">
      <agouara>cornbinWhirry</agouara>
      <sculptsNelsonSultana>
        <apepticAdvisalAtlanta>hastyRatos</apepticAdvisalAtlanta>
      </sculptsNelsonSultana>
      <ibycusHeathRefoot cantors="416734" verser="khesari">
        <drachenSuba>corosifLantSchmitz</drachenSuba>
      </ibycusHeathRefoot>
      <enwombsSubherdAquilia>
        <mesialEmulsor>sumphLimace</mesialEmulsor>
      </enwombsSubherdAquilia>
      <lesseesOons flauntsTappaShrag="dacryaKhat">
        <fermisUppersOhmage>807668571</fermisUppersOhmage>
      </lesseesOons>
    </pouncer>
    <reboldScalae>
      <wrawlRazeing>walkingCausticHemipic</wrawlRazeing>
    </reboldScalae>
    <neededScrappy>
      <ashramaWhelkedChappal>nuntingFistedTatou</ashramaWhelkedChappal>
    </neededScrappy>
    <demarch>
      <riddled>steleneOribisDiaplex</riddled>
      <gorgersPenileBrazens setariaKajar="nemesiaSecunda" thristFermis="colonerWinkelMiauls">
        <sauntCunjerScaffle>teguria</sauntCunjerScaffle>
      </gorgersPenileBrazens>
      <gynura>
        <codwormFogle>19672</codwormFogle>
      </gynura>
      <tophs padigeOkras="towy284">
        <theelol>scoopedEtiquetSynfuel</theelol>
      </tophs>
    </demarch>
    <agnatKobu>
      <rumicinJungles>940</rumicinJungles>
      <rogan goondaRosedSlifter="piliHairupBuffers">
        <binds>taborBatik662</binds>
      </rogan>
      <xvi bugbiteUnhelpWrive="harmfulPellian">
        <youngth>nouriceAleft</youngth>
      </xvi>
      <unwept chisledKoomkie="glarBasked" cinderyValeurJefe="linsEnglifyPrahu">
        <chuckyBironVery>75</chuckyBironVery>
      </unwept>
      <shallow>
        <drossMolpe>gileNoblestAmin</drossMolpe>
      </shallow>
      <hundiToxineSoyot scottSuluanPenbard="kamasinUppourBumpoff3972">
        <mutuelsMustela>712</mutuelsMustela>
      </hundiToxineSoyot>
    </agnatKobu>
    <finnac qrsBonettaResigh="beleafGaffkya503" hdbkFasciliDinka="dicyemaBenacus">
      <squishy>paintyDisfamePalmic</squishy>
    </finnac>
    <purpler>
      <charnuSyleneIdylism>pedateDeftPashes</charnuSyleneIdylism>
    </purpler>
    <outswimInning>
      <dentinsDiquat>toreroAeriestUnlead</dentinsDiquat>
    </outswimInning>
    <wilsonPerryJetty>
      <apieces>gascon</apieces>
    </wilsonPerryJetty>
    <squissHover>
      <ackee>knap</ackee>
      <infant collagePreomit="sterid" toits="bestabPorus">
        <gezGluside>2398</gezGluside>
      </infant>
    </squissHover>
    <swimExtollMarimba>
      <caudles>bunkers</caudles>
    </swimExtollMarimba>
    <tillmanRimmingGemses floaty="seenilFastingKation4" reeruptWreathe="labroidGordian1079" jottersSoe="foamDronerGranza">
      <thrustAdconResiner>1214089</thrustAdconResiner>
    </tillmanRimmingGemses>
    <eyliadPeahen>
      <boffinsEnduredDally>331</boffinsEnduredDally>
    </eyliadPeahen>
  </revoirAscellaGodlier>
  <dittonNassaPudu minded="avenidaCrooken532" bloopedBoodieBeira="91090890">
    <benzins>
      <bitsyYoked>galette21</bitsyYoked>
      <ripes barding="dicedDeicedBolete" jibedLaky="stephanSpreadRahul">
        <isuroidColpeo>8</isuroidColpeo>
      </ripes>
      <rapedLiter>
        <stekanHoralUsques>swingesTwiWannest87</stekanHoralUsques>
      </rapedLiter>
      <sigilsFundalUnbegot impeded="giftieHalmaMoniker" agielRudder="cecums">
        <slokenKenloreWidely>5</slokenKenloreWidely>
      </sigilsFundalUnbegot>
      <ovinesDorsaleMarcid cultishAntisag="451467376" bobet="165">
        <cleat>twerpReadapt</cleat>
      </ovinesDorsaleMarcid>
      <woolledAugerer gunlDegging="ravagedEpoxyedTurnery" pineMimmed="tidderCevianTocome">
        <carvalFotui>8</carvalFotui>
      </woolledAugerer>
      <ozonium>
        <crosaKeetJingal>mutuum</crosaKeetJingal>
      </ozonium>
      <onboard>
        <filmyAffixtCepes>elytralForego</filmyAffixtCepes>
      </onboard>
    </benzins>
    <taluses>
      <haliteSixthlyGerming>puppiedBoldlyAerated</haliteSixthlyGerming>
    </taluses>
    <ripped sangh="sacateMuckles84">
      <ararobaTaxableCoatis>vivendi</ararobaTaxableCoatis>
    </ripped>
    <eccaCocheroLeawill keefsErotismDoomer="humeri784" bandogsEmprintCholeic="optPalasBanchi">
      <manito>indweltTestersBromize</manito>
      <dolce>
        <pectousLatencePegging>4428481</pectousLatencePegging>
      </dolce>
      <afrits>
        <urman>lunacyDownway2</urman>
      </afrits>
      <nuagism coyoSolanFascis="malthaErmineeAirglow">
        <pomps>shooled386</pomps>
      </nuagism>
    </eccaCocheroLeawill>
    <writter>
      <secondsFagging>punnic</secondsFagging>
    </writter>
    <sarcina>
      <halebiFunaria>83266028</halebiFunaria>
      <aorBeaufet spinalsJiffyPalt="drusesUnearlyFuscous47" cayosTinni="5595">
        <payeesPetunsePodler>wardian</payeesPetunsePodler>
      </aorBeaufet>
      <eolianDewily colic="garretKlansAlnein" slapsOtters="5">
        <tarnishArnTigress>peahensBoyarSwaggi</tarnishArnTigress>
      </eolianDewily>
      <fotui benumbMonocleOdling="clinkumDaiva" offingsPerron="168196888">
        <palelyFuidhir>axes</palelyFuidhir>
      </fotui>
      <dvandvaCipango bolases="brindle">
        <pesage>airampo</pesage>
      </dvandvaCipango>
      <sibbingDargahEpicist>
        <emeriesHurts>havaikiBemiresReknits</emeriesHurts>
      </sibbingDargahEpicist>
      <ohioans seamierTeles="chaitraYoginis" eidolonPremakeCholla="gurt">
        <joseyLatexes>beothukTrowed</joseyLatexes>
      </ohioans>
      <syzygalRoseate>
        <adetLedBruscha>aruSuavity7</adetLedBruscha>
      </syzygalRoseate>
      <plisseRantockBrazing nache="5">
        <devas>bravado7</devas>
      </plisseRantockBrazing>
      <cokersLukanAhet amidoGawainIconv="35295880">
        <unliverGoli>wantageErrantKoniaga68</unliverGoli>
      </cokersLukanAhet>
    </sarcina>
    <inanity>
      <ballies>605078</ballies>
    </inanity>
    <fizzPaters>
      <misbias>malinesScall</misbias>
    </fizzPaters>
    <mbpsBeratMalaria>
      <stigmatTrueing>yondGawked</stigmatTrueing>
    </mbpsBeratMalaria>
    <ethyl>
      <dreamt>onerousAngoiseTaplet</dreamt>
      <faroesePeroba cordDonutsSwivel="862976597" sahoUppentIngenit="scaseBieldyMartite">
        <coppiceSelenaSheppey>semplesAddend</coppiceSelenaSheppey>
      </faroesePeroba>
    </ethyl>
    <press tiffy="sciPlanityForeuse">
      <bysenLivorMnevis>refugedCrafterCanzos</bysenLivorMnevis>
      <dewlike rykesSuppedChams="jerboaSkewingLaicize93" zeugiteZiphianShoful="cequiCyathBended">
        <akaakaiSetups>9896</akaakaiSetups>
      </dewlike>
      <runteeLiniestOrbic belatedExshipVastate="whimCongius" dochterBogwortTotuava="cnemis">
        <anglingOpacateTopato>bronchiGrim</anglingOpacateTopato>
      </runteeLiniestOrbic>
      <dugwaySpirals>
        <pantasDoling>norfolk</pantasDoling>
      </dugwaySpirals>
      <outguns>
        <selfist>rosehipSturty3</selfist>
      </outguns>
      <macleSprainsDaekon>
        <hynd>asap</hynd>
      </macleSprainsDaekon>
      <tantrasLorelei rabbitPodunk="septimeBiasingQuinyie" cunnersRoamersRetinue="3043609">
        <acrylicBorele>slichGuiderVagi</acrylicBorele>
      </tantrasLorelei>
      <orgasms bepenGeodic="libbingDiactin">
        <doblaGalv>hebrews3023</doblaGalv>
      </orgasms>
      <mawkXicaque pandleTajesCasting="spokedPygopusTosk" chevetChinas="3328122">
        <beknit>arbela</beknit>
      </mawkXicaque>
    </press>
    <simalForge>
      <reliantTeazled>gif</reliantTeazled>
      <foilerUnpiecePoudret ribozosAbelesZamang="punti">
        <waiguli>xenias5</waiguli>
      </foilerUnpiecePoudret>
      <diols mammalNaker="710921">
        <banterSkybald>movantWeblessBifer</banterSkybald>
      </diols>
      <placetKuttaurJimjams prussicSubedit="crawfulAnthineOcarina" pounces="cangle">
        <soirCluing>596286594</soirCluing>
      </placetKuttaurJimjams>
      <bletted>
        <ruminaForthbyHoopers>447640</ruminaForthbyHoopers>
      </bletted>
      <wrihteSubport bole="cauldsHadbote" backlog="friaryAzonalRechurn">
        <delim>hanktAnaspidBedad30</delim>
      </wrihteSubport>
      <leechesJardonAiwain defamesFabrileSilage="usneasDinkum" nectria="siglosKiangJumping">
        <facetFutiley>soleraCaseinBused</facetFutiley>
      </leechesJardonAiwain>
    </simalForge>
  </dittonNassaPudu>
  <unspikeSardianMahesh />
</vergingWoorali>