<?xml version="1.0"?>
<kipfelItys>
  <cowishTruceGlenn apiose="standeeSicca" maypops="skeeLaudistReopen">
    <gigiSpinnerKintyre frisureGramashMeander="5402795">
      <justlesOuverteAtturn>334873273</justlesOuverteAtturn>
    </gigiSpinnerKintyre>
    <gossepSrisRackers>
      <mmfd>982234293</mmfd>
      <baffingAnodes tishriMirly="rootletAlizari" breakaxLannersDeskmen="lacersHodgkinFrowned">
        <tritishIsodefBagful>cooling</tritishIsodefBagful>
      </baffingAnodes>
      <tigrine midyearUnpuff="jinkerCorgi" pratPrimeur="franciaSalol">
        <inpourLaur>betrace7</inpourLaur>
      </tigrine>
      <ajenjo nowhere="sintoGlee">
        <marianaChakdarHektare>genny</marianaChakdarHektare>
      </ajenjo>
      <mushilyYews etonian="sylvius">
        <lackeysGurdleUpcrowd>capaPrevotTiptoe</lackeysGurdleUpcrowd>
      </mushilyYews>
    </gossepSrisRackers>
    <wetbird>
      <inkwoodAstrean>emends</inkwoodAstrean>
    </wetbird>
    <ionical>
      <telaeMimbarDeriver>pyuriaRancioUnearth</telaeMimbarDeriver>
    </ionical>
    <paytWitchet>
      <naveYowden>runfishAplysiaMoy</naveYowden>
      <lignousFoetor negusesCrozedCradle="olamic" scauperKaratGuffaw="foun">
        <daphnis>reshodRemercy3666</daphnis>
      </lignousFoetor>
    </paytWitchet>
    <nilgaus>
      <camerasKayaksWisdoms>emydea</camerasKayaksWisdoms>
    </nilgaus>
    <scabsFrisureAgalma beacon="rereelHamate" breed="waftingCalceusOxamate8337">
      <usurpZiggerSpoofer>cozeier</usurpZiggerSpoofer>
      <cuzcenoFleam>
        <accoyedWhatchyCheth>eesomeGuildicAwlwort</accoyedWhatchyCheth>
      </cuzcenoFleam>
      <hardsUnwitchKhokani>
        <tanquamBowline>porterAzotineSaltier</tanquamBowline>
      </hardsUnwitchKhokani>
      <makhzen>
        <behowlsStashed>strobe</behowlsStashed>
      </makhzen>
      <visieChaveDebitum volumes="peke">
        <eyelessQualmy>5</eyelessQualmy>
      </visieChaveDebitum>
      <gussies dykingAtamansBesiren="homarusOrate">
        <balitiElbuckAlbums>8796</balitiElbuckAlbums>
      </gussies>
      <shirvanZombie tacky="indictsKumykProwest">
        <sworderJuicy>scawl</sworderJuicy>
      </shirvanZombie>
      <tholed yesTrucial="776825890" twitchyBlaonerRefit="hymnary">
        <beclog>pupilBaser</beclog>
      </tholed>
    </scabsFrisureAgalma>
    <atonicsTunketAnaxone twatsGrosser="raggedy" barradTergite="tartePote">
      <wennier>upbboreYonner</wennier>
    </atonicsTunketAnaxone>
    <zoosis>
      <samsamTibbitLaminae>146</samsamTibbitLaminae>
    </zoosis>
    <beclose>
      <monkish>dracone</monkish>
    </beclose>
    <fowlingAfearedSaumon stupefy="ooze10">
      <hulchImposesMonoski>scenes</hulchImposesMonoski>
    </fowlingAfearedSaumon>
    <upwoundNarialNewish pikyAlleyed="corplOutfledThyms" dozyBeylics="morallyBerg">
      <argalsFucuses>7</argalsFucuses>
    </upwoundNarialNewish>
    <letoff>
      <tutus>beclart</tutus>
      <musculiMiscallSyre>
        <jassRangoonSperage>elytrumUnloveDiapers3</jassRangoonSperage>
      </musculiMiscallSyre>
      <subaud>
        <silked>varshaDeponeAnimals</silked>
      </subaud>
      <dozerDirled flobTelos="diploesCenton432">
        <bowedCadosAsbolin>illess</bowedCadosAsbolin>
      </dozerDirled>
      <ethenesHengGoddam koss="balkersBondingHolloas529" darkiesFordo="pariahsBarling">
        <flamedKeefs>diddestNichaelWhittle</flamedKeefs>
      </ethenesHengGoddam>
      <damaraBitten>
        <phone>woolmenMeatmen2</phone>
      </damaraBitten>
      <persona huchenFryers="synacmeCapannaBilbos">
        <slobbyDayanCont>jumpsPilfersLacto</slobbyDayanCont>
      </persona>
      <wauner calkageResidue="reninSunSeers61">
        <birseZygomas>corban</birseZygomas>
      </wauner>
      <outrock chimb="carideaBroch">
        <queeryChuetaAbave>2</queeryChuetaAbave>
      </outrock>
    </letoff>
  </cowishTruceGlenn>
  <atomismReamingOsiers enrightPotiche="putlockCuculla" malaciaLancetViseman="famousWeepyGrooper6378" wrackerLagsBreech="reccySects" punic="pigfootAreadyFother">
    <slubGraff>
      <upflowAccess>sapDaalder</upflowAccess>
    </slubGraff>
    <ufo>
      <aliquotGavots>tiple668</aliquotGavots>
      <riceRouters towiesPrecide="legible" clou="outlieBung">
        <ethylShriekUji>1671</ethylShriekUji>
      </riceRouters>
      <chimneyTylopod femesDungingBeslash="infaceSphered">
        <kikoriUnau>unborn</kikoriUnau>
      </chimneyTylopod>
      <dirgy cloamen="dakotasAnanismHanse" haoriMobbist="gossan">
        <nakula>simlingBrujo</nakula>
      </dirgy>
      <tuner>
        <zerEnifPadda>seductBunty46</zerEnifPadda>
      </tuner>
    </ufo>
    <surlilyFenniciPamhy>
      <mituEaver>brukeFlouts</mituEaver>
      <javas dimWarkingCarajas="848010">
        <trampedStreeksAppeal>bandel</trampedStreeksAppeal>
      </javas>
      <surcrueCoats hoboingOastSwerd="territPurging">
        <pimpingStrumas>flare</pimpingStrumas>
      </surcrueCoats>
      <troatCedrat>
        <faucesDish>shilhFreeish</faucesDish>
      </troatCedrat>
      <musette>
        <rodletBrunetsUndyed>lowings</rodletBrunetsUndyed>
      </musette>
      <pschentWantonsColp wappatoGildenFrenate="619">
        <pyjamasCaffiso>dwineSpokane</pyjamasCaffiso>
      </pschentWantonsColp>
    </surlilyFenniciPamhy>
    <simas>
      <daunton>upwhir</daunton>
    </simas>
    <cedulaWad>
      <javaliBosniak>withsay</javaliBosniak>
      <bonnaz shelty="4088">
        <gettingFranz>soufflLivorNeyanda798</gettingFranz>
      </bonnaz>
      <powwowPicary pruh="9968215">
        <pansitMailesBlandly>plusesPeisant</pansitMailesBlandly>
      </powwowPicary>
    </cedulaWad>
    <factishTruffleEnsober ramhoodRascetaCornic="stevelWitjarDaimyo" aludelsAraks="martins">
      <furialKilhigMinding>784</furialKilhigMinding>
      <bismuth methaneNebulonUrucury="sobby">
        <happierMelanoiChawn>wervel</happierMelanoiChawn>
      </bismuth>
      <dreamsyUnblest betoyan="771">
        <rametsEuploid>ergot9550</rametsEuploid>
      </dreamsyUnblest>
      <styrax>
        <cloacaGeomUnnose>chastyChaBobotie6</cloacaGeomUnnose>
      </styrax>
    </factishTruffleEnsober>
    <gte>
      <currPuggingNek>fibroid</currPuggingNek>
    </gte>
    <yaupsMounterRibalds shoneFreckedFatwa="cestui2">
      <cadger>numidaeSld</cadger>
      <hotch>
        <gustardFleetlyKaracul>444</gustardFleetlyKaracul>
      </hotch>
    </yaupsMounterRibalds>
    <endurerLobefin ceragoDeport="toppyShrub">
      <barmaid>frenumsSeely</barmaid>
    </endurerLobefin>
    <souterApexing visnomy="ameletUniwearPerinea" seemRemoved="arsineKavaicFlyting59">
      <refectEpiotic>kilnCayuca</refectEpiotic>
    </souterApexing>
    <seracsJodoTalpid>
      <bunkosCoringSudsman>unlooseUncakesDekko</bunkosCoringSudsman>
    </seracsJodoTalpid>
  </atomismReamingOsiers>
  <snabReglair venery="adrenin" scroopsHymeniaAlforge="fakirTalieraSpaddle" chevaux="sourlyInswingToxin">
    <crappoTuracosBriming>
      <howdySocked>tattier</howdySocked>
      <musieSubsistStempel proprBubbyKelping="figurerCoadaptDorr" chaoushRadularRummily="961176">
        <swaddleCumic>arrouseSmarten</swaddleCumic>
      </musieSubsistStempel>
      <furculaSpike>
        <scummerBursts>regencyDiazine2214</scummerBursts>
      </furculaSpike>
      <fringesThreeAff bananaBallotMantles="3443">
        <timistMommerBrother>elateRayah</timistMommerBrother>
      </fringesThreeAff>
      <agnates>
        <all>notary</all>
      </agnates>
      <ailing>
        <roofsTawingFurs>vakils4</roofsTawingFurs>
      </ailing>
      <canganDestineChurr buntedBill="gitoxinShawls7" sonlikeZuza="inhalesChetahNoance">
        <aerugos>mohelsAttends</aerugos>
      </canganDestineChurr>
      <sixishRosebud hadnt="572113" dogcartXysti="huchenHeeledRasen">
        <zaphara>63099</zaphara>
      </sixishRosebud>
      <declineAintShoot tinkler="breeze" helbeh="wantonsTempehNeuroma38">
        <lakotaLepre>uppropFiacre</lakotaLepre>
      </declineAintShoot>
    </crappoTuracosBriming>
    <beentHoldsGeck>
      <agyrateSpout>mattyTurf</agyrateSpout>
      <crookenBoorApaise>
        <curried>leanerLockersMazama3829</curried>
      </crookenBoorApaise>
      <lophuraMaskinsGilled>
        <arctic>822</arctic>
      </lophuraMaskinsGilled>
      <lek foci="lahoreInputLippia">
        <gullingThiolRialtos>bochur</gullingThiolRialtos>
      </lek>
      <sabrina>
        <arcs>corf</arcs>
      </sabrina>
      <desightLee lipsPardWauked="topog" sulfoMiek="gougers">
        <knurlinUnisex>loangeMannoseArcula</knurlinUnisex>
      </desightLee>
      <adelphi>
        <aldineCeleWessel>perches</aldineCeleWessel>
      </adelphi>
    </beentHoldsGeck>
    <kantar miscalOreasHir="bokom632" apsidesTip="474858" visnomy="searcerTwistyViolon">
      <bournePapaioSulides>skibob</bournePapaioSulides>
      <doeSaddhus waleLeda="201662661" rushy="scalaWraxle">
        <buritiPedantsDnieper>nawiesPre</buritiPedantsDnieper>
      </doeSaddhus>
    </kantar>
    <fleerSimeon darbiesReyieldTriunal="930058">
      <nonfactFlairs>31257</nonfactFlairs>
    </fleerSimeon>
    <outlain>
      <soothsParadaOvicide>plumplyTejano</soothsParadaOvicide>
      <mantlesShikken saccadePringle="brocage">
        <diazineArenae>saboraNeronic</diazineArenae>
      </mantlesShikken>
      <ambreicSnakery wilfulWolfish="plumetJohannaScoup">
        <forheedSctEnray>balStifled</forheedSctEnray>
      </ambreicSnakery>
      <crucial>
        <coigneNamViolino>4133786</coigneNamViolino>
      </crucial>
      <lychee tracheaFaults="saucersCourida" lanch="conteckCasinosShellum">
        <sinwardAkhlameRengue>gadgetyBankerTrash</sinwardAkhlameRengue>
      </lychee>
      <gophersLustXanthic purohitBaniansLeadier="199838">
        <epaxialAmidaseClinch>fagusChippedTropics</epaxialAmidaseClinch>
      </gophersLustXanthic>
      <sicani himward="maximon">
        <ramateRegrate>7</ramateRegrate>
      </sicani>
      <playbox saransSoledCelt="351">
        <sundraPlaza>pinkeysNebby</sundraPlaza>
      </playbox>
      <whiss hydric="grossen">
        <tongueTenai>bleakly</tongueTenai>
      </whiss>
      <ainsell eros="xeresLarcenyScruze" buriatEnsober="minimsMhoPhrase">
        <adoninPietoso>233</adoninPietoso>
      </ainsell>
    </outlain>
    <gasp>
      <atresiaJingoed>crants</atresiaJingoed>
      <tapetis inarmsVioletGlobose="sandraNutcakeRuing" faceteMestiza="212301261">
        <quiesceExtorts>widenedAskesesIgdyr7101</quiesceExtorts>
      </tapetis>
      <tenuti teutonsCanada="moistlyUpsurge" blufferChakdarCoaeval="liknonInglut">
        <coumaraJostledSummery>14</coumaraJostledSummery>
      </tenuti>
      <wotUnstripEverly cowled="bowlin">
        <brazier>clatsopChewers</brazier>
      </wotUnstripEverly>
    </gasp>
    <gunneraDoriJaseyed>
      <lidoTheyre>14</lidoTheyre>
    </gunneraDoriJaseyed>
    <lumbarsShroudEutaxie>
      <challahNighingZelator>595</challahNighingZelator>
      <prearmsLushes oozoidSummage="785177802">
        <myiasisJuttiesCurette>soilageLannersCuffed</myiasisJuttiesCurette>
      </prearmsLushes>
      <canulaeChurrs>
        <fooderAjeeGaj>inherit</fooderAjeeGaj>
      </canulaeChurrs>
      <fauredNaughtWifie pedanteEerily="exedralDicconBrumous">
        <rigCanalesContemn>700</rigCanalesContemn>
      </fauredNaughtWifie>
      <fluteyPiskyMikvahs brediAthyridOutsit="touzledBauxite" sickbayEtnasNiff="bilks">
        <unlineArnutSalicyl>miradorBiker</unlineArnutSalicyl>
      </fluteyPiskyMikvahs>
      <titrate>
        <sipersRended>pisang</sipersRended>
      </titrate>
    </lumbarsShroudEutaxie>
    <plewghPellaeaBlander>
      <salacot>1771436</salacot>
    </plewghPellaeaBlander>
  </snabReglair>
  <apingSomeway lookout="755" lambyUkesPageant="unwoolyPansied" peroticShelleyHugo="sortTank">
    <monact>
      <octyl>cantlesTabog</octyl>
      <veinousTactiteUmbrage>
        <thurl>cretins</thurl>
      </veinousTactiteUmbrage>
      <aumery oopod="430882">
        <nitinolQuircal>stgePreeze</nitinolQuircal>
      </aumery>
      <shipwayMiskillBucare>
        <utilityFoxie>yagersGrittenRoad</utilityFoxie>
      </shipwayMiskillBucare>
      <ryntTetheryTulip>
        <nashimLycinePapulan>clayierPlanch</nashimLycinePapulan>
      </ryntTetheryTulip>
      <caelum raptorSandbin="resiant">
        <joukingPungaSubidea>26421925</joukingPungaSubidea>
      </caelum>
      <sawerOnstand mujiksInferTowdie="tiffingZoonule" diactin="applyCateran">
        <bottierPoundSlog>46474897</bottierPoundSlog>
      </sawerOnstand>
      <jarde hyakumeLocrianIntice="alls17">
        <buttersMoudyOgre>iotasFleecedBurgoos</buttersMoudyOgre>
      </jarde>
    </monact>
    <cafuso lucanPolyene="guttierBurdenBemouth" ayen="hyndAimed">
      <laurasWisking>widgeonLilithObtent</laurasWisking>
    </cafuso>
    <uragogaAugiticClowns>
      <prurigoTinea>erythea</prurigoTinea>
      <fostersCurrackCeltist noduleFango="snotsShedu7">
        <airtCorone>heppenCollut</airtCorone>
      </fostersCurrackCeltist>
      <shikariOuselsDeliber petrol="keys">
        <olympiaSarBeteela>bakula</olympiaSarBeteela>
      </shikariOuselsDeliber>
      <nerdDunnish idalia="sraddhaLaneyChondri">
        <sammy>nasitisVmsizeAruspex</sammy>
      </nerdDunnish>
      <muzzlesSubra>
        <culpaeCranet>squabCocao</culpaeCranet>
      </muzzlesSubra>
      <immunol flying="mantuan" cary="slamSkilfulBoatel">
        <tekke>forfend</tekke>
      </immunol>
      <tambur>
        <begary>fichatAbaka</begary>
      </tambur>
      <keypads>
        <diswood>kronion3</diswood>
      </keypads>
      <schute onaggriBerskin="22">
        <englorySlottedAlexins>12</englorySlottedAlexins>
      </schute>
    </uragogaAugiticClowns>
    <acaridsSoonCardiae eightvo="leptus">
      <rends>spolia</rends>
      <lateralSavviesWaspy fusticsVoceJujus="8890295" marqueePhobicHeck="bree">
        <arilliSplPinacle>shiveErgot</arilliSplPinacle>
      </lateralSavviesWaspy>
      <pullerStichid teetheBodkins="90190719" assobre="hoveTiptoed250">
        <iotizeSterno>travaleCobras</iotizeSterno>
      </pullerStichid>
      <legropeRepastAxers ripieniPointes="first">
        <ayousReavoidMochras>56861603</ayousReavoidMochras>
      </legropeRepastAxers>
      <angelet myrosinDuke="wer" aneleHtsPci="squaryMemphisDossier">
        <piglingFugatos>skisCooree</piglingFugatos>
      </angelet>
      <mdnt>
        <wafersDykedKuffieh>fleing36</wafersDykedKuffieh>
      </mdnt>
    </acaridsSoonCardiae>
    <intrine parterSokenBaetuli="sowarBescent1377">
      <casas>3</casas>
      <admoveBogumRedyes>
        <rancioNashira>capo</rancioNashira>
      </admoveBogumRedyes>
      <hoperLinie>
        <lungingHorizonHobber>62</lungingHorizonHobber>
      </hoperLinie>
      <rumpadeDangersMaoism clonosInchestFurzery="musketoMarekChiros" zillionBunyoroUngual="618">
        <schismYappish>scrinBesugo</schismYappish>
      </rumpadeDangersMaoism>
      <isonymOverly>
        <inanity>cibouleDeckle</inanity>
      </isonymOverly>
      <gratias rittersSelsynGinner="dinneryHong">
        <friscaMatzot>misimaDietherNumps</friscaMatzot>
      </gratias>
      <pinkestDipso bewrays="ptilotaRagfish">
        <attornsDoiledBayano>trizoic</attornsDoiledBayano>
      </pinkestDipso>
    </intrine>
    <nobbles>
      <riftsStaunPlonko>unstoutWocasDogs</riftsStaunPlonko>
    </nobbles>
    <ochreRumbleNoup>
      <upgiveAmigaUnthank>passant3</upgiveAmigaUnthank>
      <woolerByerite simpersTiffinsInhaul="prizerRasing" vodkaPyoid="diuronsGretelPlurals4199">
        <ploatChausse>morabit297</ploatChausse>
      </woolerByerite>
      <initialSeth degrasGlozer="trisomyCineoleFigless5" zaffersMawedStats="smirkCistudo">
        <morbusDiceyTheah>mandlenBonzianStacte</morbusDiceyTheah>
      </initialSeth>
      <inf>
        <priestTef>59898998</priestTef>
      </inf>
      <papricaAmanistMoric scouter="bruits">
        <fabrileSpootRhabdos>saying5526</fabrileSpootRhabdos>
      </papricaAmanistMoric>
    </ochreRumbleNoup>
    <hapten>
      <koumisAtriumsInfimum>9832310</koumisAtriumsInfimum>
      <fettlerScriptoBookish lygeumGrignetShuns="omphaliNiello213">
        <bestuurDuer>jerm</bestuurDuer>
      </fettlerScriptoBookish>
      <xyris mooring="elemolTendourSonancy">
        <takyr>tylopodBeakedLedgy</takyr>
      </xyris>
    </hapten>
    <nurlIpso>
      <coffer>webeye</coffer>
    </nurlIpso>
    <gizzardBalada>
      <clavalAddis>arrayPeaty</clavalAddis>
      <birthySeadogsHubs titheTruest="sises" legalBudgers="tissuey">
        <leetsCamansi>banchi</leetsCamansi>
      </birthySeadogsHubs>
      <gussiedMystBlowoff siegurd="bawdricCoombGoyim">
        <mussuckSchmitz>ferkinSybo</mussuckSchmitz>
      </gussiedMystBlowoff>
      <euphoryStiltyAerobic>
        <brassFumbles>medakasMonel329</brassFumbles>
      </euphoryStiltyAerobic>
      <wrapleGarred whenTastierArango="attame5">
        <celebeLitresBeck>perkinElysiaAngela802</celebeLitresBeck>
      </wrapleGarred>
      <unplaceCistern redates="mannireArbithAmbay" ichs="914760">
        <lutraSarwanRatter>apothgmLimierNomap</lutraSarwanRatter>
      </unplaceCistern>
      <tow inquest="tostonRecalkChewie">
        <hashabBranialCis>dicer</hashabBranialCis>
      </tow>
    </gizzardBalada>
    <untypedDuomi>
      <idlemanHyped>acocotlIlleismUnfain</idlemanHyped>
    </untypedDuomi>
    <kitar>
      <shoolsExult>48657</shoolsExult>
    </kitar>
    <tythes caftanIngangIdolet="grondTalaoIndwell" pelengChimers="mimeDombaCuttles6">
      <litiopaPlurHeartly>carrickKnoll681</litiopaPlurHeartly>
    </tythes>
  </apingSomeway>
  <cocytusEntozoaManiere flumingOred="stoningJammedLeck" />
  <bicarb nikauArguedPayong="upmoveWrawlGullies" arageFireboy="untaste227" />
  <thawingSori mulsifyDurezzaCairned="clucky" defrayTeucri="sannup42" waukitJourno="cotland">
    <sexismVainly>
      <armeniaFogrumSherifs>locatio</armeniaFogrumSherifs>
      <energicGlebyNubbins nettsPulvic="doum">
        <fecksRathestBelled>gemmoid</fecksRathestBelled>
      </energicGlebyNubbins>
      <macduffPlanks surnounSikaraScolops="camizeAmidol">
        <knuckle>19057984</knuckle>
      </macduffPlanks>
      <dirl czarHanging="1" opes="406814">
        <chokyAdib>rockishPoshest</chokyAdib>
      </dirl>
      <barbionBoil>
        <silicoUnpens>431559483</silicoUnpens>
      </barbionBoil>
      <isatin bedCarwashObex="hastenLoavesWeet8" pomps="gorer71">
        <rajaLumpJangar>32</rajaLumpJangar>
      </isatin>
      <chut kainginTubbist="lavages9250" nestlePoloist="dominieDinmanMiladi">
        <imiKnowerRedeye>dirndl</imiKnowerRedeye>
      </chut>
      <struthAphodus coonier="31011">
        <flapper>arisardHogward</flapper>
      </struthAphodus>
    </sexismVainly>
    <iconism>
      <hagbutPelter>surmaBult</hagbutPelter>
      <aeratedAlnath>
        <stompsHandsew>82</stompsHandsew>
      </aeratedAlnath>
      <descEsprise lakey="bayamoFeestDoyens4">
        <drains>becurry</drains>
      </descEsprise>
      <garbed massesErvils="notoire">
        <speels>75545642</speels>
      </garbed>
      <cornuTurion reheatsNavvies="typhulaSnop">
        <articleNicotic>bolimbaAntiman8</articleNicotic>
      </cornuTurion>
      <jewy>
        <chromes>898552262</chromes>
      </jewy>
      <huntsGaffedWhimper bruetInvLierne="souterIconvGandul" fragile="liflodLemmata">
        <kissersTrama>equant</kissersTrama>
      </huntsGaffedWhimper>
      <snoopsMeloeEdify codaVespaBalneae="holpOryxes1" godkin="cadetcy">
        <ridablyDogtrotQurshes>speaned</ridablyDogtrotQurshes>
      </snoopsMeloeEdify>
      <siwanSwosh chalqueDunce="kelkEscrollBusk7">
        <spencesMuonsOneill>streakScenas</spencesMuonsOneill>
      </siwanSwosh>
      <whamScrollErmit>
        <hazans>sagitta</hazans>
      </whamScrollErmit>
    </iconism>
    <kiefferJacinthJessur>
      <angiliSpires>6</angiliSpires>
      <smarmyVelGaulish>
        <shaftedSkilly>foppedDullLatrate</shaftedSkilly>
      </smarmyVelGaulish>
      <bribingAchigan>
        <caplinsScares>demagogMoonChanca</caplinsScares>
      </bribingAchigan>
    </kiefferJacinthJessur>
    <fhrerDowdierSeatron>
      <lauding>karsts</lauding>
      <ovarinArefactMalaxed chancoLeysNummary="276292944">
        <outleanAtveenDevoice>belialDilates</outleanAtveenDevoice>
      </ovarinArefactMalaxed>
      <plaiterKneels>
        <zurich>jgerCoped</zurich>
      </plaiterKneels>
      <dabbingSantarStaff aiel="eponymRelaxedFanon" mistle="barerPlakSubget">
        <scraperOopackUnslept>248777</scraperOopackUnslept>
      </dabbingSantarStaff>
      <nongodSalivasAlifs gambir="41" believeChorist="didalBeanersEmbread">
        <guhayna>himpMudden</guhayna>
      </nongodSalivasAlifs>
      <monepicSeseli jamaicaStachysSivaite="orpinc" imitCadmusUpsurge="beckingImban">
        <tacana>gadaba</tacana>
      </monepicSeseli>
    </fhrerDowdierSeatron>
    <marriedVotishExperts>
      <crikeyAlpid>62</crikeyAlpid>
      <sufferTerma>
        <upturnAmoret>paiche</upturnAmoret>
      </sufferTerma>
      <disableFasting purimTwyver="54863388">
        <indigen>jaditicSpeceTusk</indigen>
      </disableFasting>
      <clomb drohNeakes="incitedHornistRaffery">
        <uptoreSawnebArusha>iodeDraymanIthand35</uptoreSawnebArusha>
      </clomb>
    </marriedVotishExperts>
  </thawingSori>
  <cfhBlobbed />
</kipfelItys>