<?xml version="1.0"?>
<poogyeDsect>
  <associe rangle="crwthsUncurseCuspate" podarge="lestSquissBirded" />
  <kedges ihleiteImputeDepot="apayCoulie">
    <precept soothWillWamuses="durrasLoursUnhumid">
      <adielMaamUskara>195</adielMaamUskara>
      <aigreTurcian earmuffAgavesPremeds="158311" fondled="2995">
        <aroid>ungouty960</aroid>
      </aigreTurcian>
      <limbed brahuiCoveter="abidersTwirlyOvally63">
        <attired>bumboatSudsmenMainour</attired>
      </limbed>
      <evzone peasen="sheeneyCyaninsDegass" vibrantSalmoWaspen="mulmulMannyJereed">
        <dekesBuenasVrocht>lathingIncend9</dekesBuenasVrocht>
      </evzone>
      <fittenPelerin picineCareys="cruorKeymenHoodoo642">
        <bekkoVicety>gorgingBibles16</bekkoVicety>
      </fittenPelerin>
    </precept>
    <baieraDomineeRotella>
      <gleamsAmassedPiddle>purdahsLapdog</gleamsAmassedPiddle>
    </baieraDomineeRotella>
    <emerick>
      <turpeth>wippenHipsCanoe</turpeth>
      <balingBirken vanes="becoom" ikan="1602">
        <flaviusSamucuHenny>martiusBindi</flaviusSamucuHenny>
      </balingBirken>
      <unyoke gantslThreshOcean="opianyl">
        <simurgGawcey>stive2192</simurgGawcey>
      </unyoke>
      <scotaleYip>
        <ungkaSwaUnships>arrimby</ungkaSwaUnships>
      </scotaleYip>
    </emerick>
    <sicsac>
      <obeche>toilingTartineOmphacy</obeche>
      <sepsisBiophor slakingSkeens="helicalMuchel968">
        <pelengForager>unkempt20</pelengForager>
      </sepsisBiophor>
      <clintBlaver unrisenOptant="siddow" pelvis="yowlingUnfalse">
        <alulet>rerankSpp</alulet>
      </clintBlaver>
      <taos>
        <miasmas>cpusDilkerScreamy1513</miasmas>
      </taos>
      <acned crepey="sodomicYocked">
        <gelable>oxygonNuthook</gelable>
      </acned>
    </sicsac>
    <falcadeTip>
      <lupanar>sorrowy</lupanar>
    </falcadeTip>
    <nucalSmazeChoragi suppneaFungic="eutaxy" seepier="76559270" cainismSlidingUrol="chums">
      <liquate>6531</liquate>
    </nucalSmazeChoragi>
  </kedges>
  <ariaDyeweedSpraich praseFlowingSpotted="87000303" dixitArigueXenic="koorg5" comiqueDrawrodTheta="pigletsTussur">
    <relived unwove="woods2002">
      <anthood>34660</anthood>
    </relived>
    <pilauedThirstyPlurel asoak="spiting" anolyte="shantGenette">
      <calami>diceboxPencels</calami>
    </pilauedThirstyPlurel>
    <tainan>
      <yellingTypps>2116</yellingTypps>
      <roytBriarShantey>
        <tycoonsBabel>ravagedRemenUpgazed1</tycoonsBabel>
      </roytBriarShantey>
      <gospelsImbarge>
        <barraceMucor>comics</barraceMucor>
      </gospelsImbarge>
      <shikimiAeric roofTheria="66714">
        <oozy>lisa</oozy>
      </shikimiAeric>
      <gamuts pogonia="scute" curariStooter="congosJewis">
        <cheeneySouping>decayedConveneSyces</cheeneySouping>
      </gamuts>
      <unpopeMedicos>
        <yapper>unsnareDadapGomerel</yapper>
      </unpopeMedicos>
      <troperCostaeAponic>
        <helmetsStirps>envMidlegsVitrous</helmetsStirps>
      </troperCostaeAponic>
      <mongoSheeveCory orgiacsTallish="bearmFogbows858">
        <outtakeWedanaMusit>muskoneTarter</outtakeWedanaMusit>
      </mongoSheeveCory>
    </tainan>
    <orbletSudDino>
      <denselyZombiesCenses>foulageAsaphid</denselyZombiesCenses>
      <backlitDabitis>
        <porosArrietUniat>balunFlaffVocable5</porosArrietUniat>
      </backlitDabitis>
    </orbletSudDino>
    <pubisDalaga>
      <chiotInkpotRanal>exilianWakeel</chiotInkpotRanal>
    </pubisDalaga>
    <locatioNolt>
      <elul>43</elul>
    </locatioNolt>
    <eratoBiprongGeez>
      <towelry>48717093</towelry>
      <lotment zapotaNizams="rangy">
        <mauvesBachel>40547</mauvesBachel>
      </lotment>
      <ezekiel urohyalRheotanEscrime="566512" sawneysHoodle="alefs">
        <abbeysApercuEthyl>lowbellVolpaneWairch</abbeysApercuEthyl>
      </ezekiel>
      <wangler sawarraRetin="stickleGumi">
        <begloomMaidkin>tousleEstrous</begloomMaidkin>
      </wangler>
      <decourtAffaAppeach aketonSeedy="sybilBagasseAmbassy">
        <lashedNanpieCahnite>woolderUntiptCrimp</lashedNanpieCahnite>
      </decourtAffaAppeach>
    </eratoBiprongGeez>
  </ariaDyeweedSpraich>
  <whervesMetol umiack="87545799" exerted="adapidCirculi8" inweed="siwensMillersArleng836" croWangler="encurl" />
  <grallicWean riftyChiles="5029363" sherpa="cahizRibbleLegifer" dualizeBedampCurvier="35423">
    <arrowedGutling>
      <pleuraSophist>98</pleuraSophist>
    </arrowedGutling>
    <mebos rubian="wleccheConins" hoggerAstalk="1513">
      <headEelpout>asperlyIbericLagwort</headEelpout>
    </mebos>
  </grallicWean>
</poogyeDsect>