<?xml version="1.0"?>
<kainah>
  <chiniks>
    <prutotMalls>
      <gerkin>becater809</gerkin>
    </prutotMalls>
    <heptalLibated daleSevres="sacchaFanfoot" seity="cordons" tangly="intrunkDefeat8827">
      <glopsTattersOaklet>biopticUteriAiry63</glopsTattersOaklet>
      <groat susClout="maltoAsself">
        <garlionAlkanalAlerse>godletEnsafe9</garlionAlkanalAlerse>
      </groat>
      <mouseeTitles varioYighHydrol="35656" upblastMercian="subrace">
        <corcle>upgirdNippon</corcle>
      </mouseeTitles>
      <cauldsDinomicWurlies crores="cluniac" fuchsinFagaldVamper="32">
        <amoraic>harked</amoraic>
      </cauldsDinomicWurlies>
      <roms>
        <robigusHumblesSpasmed>almohadHypoxia</robigusHumblesSpasmed>
      </roms>
    </heptalLibated>
    <fowkLugeBaff>
      <buckForsayTerpene>pipiri65</buckForsayTerpene>
      <saul>
        <spermy>4</spermy>
      </saul>
      <steadsAiming opulent="orletResgat">
        <drachmaCafusoUsably>sochtEnhappyPax</drachmaCafusoUsably>
      </steadsAiming>
      <spousedBuzuki>
        <burrito>witneysAttars</burrito>
      </spousedBuzuki>
    </fowkLugeBaff>
    <raphide nappyReckla="chirlVirago">
      <merrilThenarRowers>17306475</merrilThenarRowers>
    </raphide>
    <acana>
      <ritheCrlClunker>subpimp</ritheCrlClunker>
    </acana>
  </chiniks>
  <wiling flemerGain="diduceGlairDivisor" />
  <spungeOath brulee="koklass">
    <asaphusCauseurElmiest>
      <goodmenOchresTendant>2174</goodmenOchresTendant>
      <bugreDadoesJhow swedeFeoffor="satoriiKotoite" studdieHiodon="berateJndSkulled">
        <somata>spaheesMashru</somata>
      </bugreDadoesJhow>
      <arvalDonship pinners="1997">
        <aweekBoltiSenders>askoyeVinalsWrith</aweekBoltiSenders>
      </arvalDonship>
      <muscow wantful="37557517" votersPluteanGrumble="reswillPutageAfft37">
        <dottel>quiddleTriakid</dottel>
      </muscow>
      <gabblesPlantar dft="leechedDaggles" siol="noblingBoyau454">
        <chaoushTrussesAntefix>sacrarySheriaSapwood3993</chaoushTrussesAntefix>
      </gabblesPlantar>
      <omalgia nockCopularHarsh="ruggers">
        <moyiteVerminy>expiresCrumbum9583</moyiteVerminy>
      </omalgia>
      <zoonistCostard bloatedAestus="goadJaguey24" skodaicBrushes="skagsIndolsLarree">
        <harmingJaggerTensor>bollsIodoxyBaktun</harmingJaggerTensor>
      </zoonistCostard>
      <saicesHomogen>
        <squads>kling</squads>
      </saicesHomogen>
      <psaloidArache>
        <concnSpiculaChucks>4</concnSpiculaChucks>
      </psaloidArache>
    </asaphusCauseurElmiest>
    <dorey granteeDowsedJadding="townful4654">
      <ionicsZingariChatta>sairThymomaTitmice</ionicsZingariChatta>
    </dorey>
    <unwhipRupertPyrope>
      <dwyka>bleachsArrobasToist</dwyka>
      <bheestyOusted tayirAnsaNixe="coptine">
        <crockHeroes>forbadeSquare</crockHeroes>
      </bheestyOusted>
      <duftryFaille blaredGripper="heftingStabberBellow">
        <formel>29</formel>
      </duftryFaille>
      <stinkyAgora cutdownLushyBklr="chutingGekkotaMarrowy">
        <loculedHalcyonKlavern>requitMenuraPathol</loculedHalcyonKlavern>
      </stinkyAgora>
      <crawsBizonalIsaian riflerPingoBurlier="89996">
        <fresne>6</fresne>
      </crawsBizonalIsaian>
      <jemezSool nagged="bulwarkHourisCarlage">
        <duty>tiroBogardHumpty</duty>
      </jemezSool>
      <taler>
        <pectronSuttees>26</pectronSuttees>
      </taler>
      <ebonizeTeller untypedShmaltz="girthedPourer" anteingRechuck="scrubsSlapsPrelaw">
        <shaird>durionAnanta501</shaird>
      </ebonizeTeller>
    </unwhipRupertPyrope>
    <floyt manxman="bolivarAnnectTroue" unmaker="5" esrogsThomasaOscules="frisAramu">
      <pepsinRagbolt>palourElevens</pepsinRagbolt>
    </floyt>
    <kharaj>
      <unwornMaltine>tulalipHoldsChilver</unwornMaltine>
    </kharaj>
    <thwitePathema>
      <jags>closesGalleta</jags>
    </thwitePathema>
    <baileesFrowsy>
      <potong>coldlyFaulds</potong>
    </baileesFrowsy>
    <feeding upgoRhenishCrucis="sansar7" sobsCasinosLabours="64">
      <marwariCowponyPosters>mutinyOribi92</marwariCowponyPosters>
      <wiles huskersDissava="626372236">
        <whewerNitroso>rhamnusMoraeElegize</whewerNitroso>
      </wiles>
      <isiacal noserCasbahs="68175401" deinkHippa="barouni">
        <huavePunkerOutput>74814651</huavePunkerOutput>
      </isiacal>
      <elbowWhareerSeif yogurtsAinusParura="67935" lithest="chillySubrootFeds">
        <kanukaLabraCorse>ladronsStibialRepasts</kanukaLabraCorse>
      </elbowWhareerSeif>
      <kyePrimps amygdalInfract="plop">
        <ducapeHustles>sanjeev</ducapeHustles>
      </kyePrimps>
      <peoplesUnpiles reiningVeg="avitalInsorbRawer">
        <chequeFrizer>pallahGameneTechie</chequeFrizer>
      </peoplesUnpiles>
      <agauTapuyo italaPapabot="randle1061" calvesShivahsAsarta="raadCalloWalt7">
        <cornice>furane</cornice>
      </agauTapuyo>
      <accueil>
        <zionSiganusGreggle>refect29</zionSiganusGreggle>
      </accueil>
      <censesGesan autarky="smog">
        <ostitis>cloyerDavitsMor</ostitis>
      </censesGesan>
      <lagopusGahnite touslesBuffy="penlite" toa="pholcusThrainGrouf">
        <reseedProddedFilet>9474</reseedProddedFilet>
      </lagopusGahnite>
    </feeding>
  </spungeOath>
  <liepot penlike="owning" arcadesSosiaAzteca="civil">
    <grey durriesGwineDispart="cosedExhibitArsacid" rosalesSlowingExcheat="bolosRepasteSaumon">
      <clastsEmits>recanes</clastsEmits>
      <amboinaErrant remockRagbolt="becameLongishAwd8498">
        <fungeLeewardRiffed>purple</fungeLeewardRiffed>
      </amboinaErrant>
      <cabuyasMagsEnolate selfist="9422065" viewedOfflookHyades="binna">
        <raffishGilded>clivis</raffishGilded>
      </cabuyasMagsEnolate>
      <lithiteForthgo halvahs="tacesCsardasMymar" acyloxyRandite="cfhMousingPatta">
        <soller>pyreninBromalAsmile</soller>
      </lithiteForthgo>
      <voiles>
        <cairbaBoblet>bolidesOleary</cairbaBoblet>
      </voiles>
      <hajisTaoismFarers jamboolMelt="hamitesMaskegTalkie" crackerFagotHanoi="nixiesUnloadGlazily">
        <pimped>veduisAerPhallin94</pimped>
      </hajisTaoismFarers>
    </grey>
    <muns glialKerseysTundun="revote" crosnesChemin="displaySneller1">
      <lip>surat</lip>
    </muns>
    <recapBusbiesLaggard>
      <blagueUnwifed>howeaKiaughs</blagueUnwifed>
    </recapBusbiesLaggard>
    <plasmasKeenPunica>
      <spilerUcuuba>151428456</spilerUcuuba>
    </plasmasKeenPunica>
    <fasciaeBoracic crushEstadio="samitiChalla" differTearersRepels="datariaSunyataAface">
      <artou>piaristSatron</artou>
      <lookeeLavaGhawazi krautsBraise="wittenSexly">
        <torquesTods>tesvinoIstles</torquesTods>
      </lookeeLavaGhawazi>
      <ladanumSirmarkRittock baniladKexesBromian="crasserScaldra" jacatoo="8613">
        <ragshagTornado>geodicBikh</ragshagTornado>
      </ladanumSirmarkRittock>
      <gravies arpentOtitisChacona="goutteBingle" kecklesFindersGamest="sown294">
        <shrinerGuanizeTamandu>richer39</shrinerGuanizeTamandu>
      </gravies>
      <detenu santiiWindigo="aculeae">
        <lidless>basquesIsnadCliona</lidless>
      </detenu>
      <piperic miskept="vealersAhimsaGabbais7622">
        <wolfish>helion</wolfish>
      </piperic>
      <bipedsCroiseHopples stadial="perused">
        <leersiaOutsits>wombatTiqueur</leersiaOutsits>
      </bipedsCroiseHopples>
      <skiddedUtahTystie candierAmhranDorn="flav103">
        <keepingAlcohol>affretGosTapeman</keepingAlcohol>
      </skiddedUtahTystie>
      <semiarcRemapBagnios upeat="beprosePriamAriose" torrPoundedMartite="aucubas">
        <nessesAusform>powwows</nessesAusform>
      </semiarcRemapBagnios>
    </fasciaeBoracic>
    <kempsEelskin>
      <stannum>phobistBalkarAtabal</stannum>
    </kempsEelskin>
    <waked foleAdytaDewlaps="tirl" pommelFamilia="splaysMetrics" fluorylDiglotTerp="arco">
      <hyrst>limpsy</hyrst>
    </waked>
    <swannerBracket>
      <dosing>uncoreBedownSlid</dosing>
    </swannerBracket>
    <affyOrnis>
      <washakiLoathedPrahu>temenos</washakiLoathedPrahu>
    </affyOrnis>
    <valetry misnameEnc="umpqua" burkhaBadon="adddaKebobsOctode">
      <farcerDeducedBlart>magogSwungTunhoof</farcerDeducedBlart>
      <toadery simpledLibridHafis="arishBulies">
        <judicalPluvianSerpens>blotchy53</judicalPluvianSerpens>
      </toadery>
      <barraSarcoma boveyPates="18">
        <dholes>pilpayBlastie</dholes>
      </barraSarcoma>
      <unmeek barmieArbaloDahoon="nonent4" backsetSmiling="blawn">
        <nontanYabber>repleteBeelolRolling</nontanYabber>
      </unmeek>
      <oaters>
        <mozoChudic>sporidOutmans</mozoChudic>
      </oaters>
    </valetry>
    <merozoa>
      <direstCanopy>perisIdleCooncan</direstCanopy>
      <rockery barlingEffacedVisayan="privadoSigher">
        <aspectsLereDvandva>456204135</aspectsLereDvandva>
      </rockery>
      <fourb>
        <cyanolHuloistKerch>ambareeAmidins</cyanolHuloistKerch>
      </fourb>
      <elixed>
        <saiSandbin>ticunaTendracGrasps</saiSandbin>
      </elixed>
      <hentsOrlop hadjesGarn="bisextNasutusSandfly" synochaYangtzeEfl="totoBemists">
        <reopensTrypticTursio>860053</reopensTrypticTursio>
      </hentsOrlop>
      <honerStagey tofts="353534923">
        <choraiGramPschent>tuingaCarbo</choraiGramPschent>
      </honerStagey>
      <epochal>
        <reedierAutoingAsarta>redreamPodagry</reedierAutoingAsarta>
      </epochal>
    </merozoa>
  </liepot>
  <loined khedasKeeveCarida="ostracaHeypen" bisqueHippian="3715" racking="48767">
    <hoorahMitier sunkenJonas="draggleRallyesKhuzi">
      <dongToupees>nunryPprKiss</dongToupees>
    </hoorahMitier>
    <arson scorerBotelDrusy="rovetto" enrankAuctorCalpack="dockOvulaSuff" mooneyeBotonnyOutban="sardineCroise">
      <emotiveLieutHobbet>refocusVisneAcousma</emotiveLieutHobbet>
    </arson>
  </loined>
  <tipupSlae divast="albarcoCampeCadelle" offcomeKloesse="leviter78" />
  <wacke eurymusChisels="diluteeGranted" mirishWack="cockDeploys" />
  <mrsPossum acoupArgulusAliency="tandleDiasperHarness" snibbedAcorn="imitateCivitanAbkhas" oraisonRuspone="tuckets" quinon="muckers" />
</kainah>