<?xml version="1.0"?>
<fizzers>
  <yobboesContent />
  <glaredHowsour napPaction="sidemenPinionsCymaise" fixingUnslate="laves" pechiliBlatelyTauter="kinaRakes8214" imping="45" />
  <spry crankerSubedit="9" inable="vestees" eurytus="nemesicUruisgHoaxee575" />
  <risiblySeasPiacle encheatMucosal="apodes">
    <tablina wenchowSwardCran="paussidCuticleSwarve" flattop="morular">
      <aliyahDelphin>wanapumCentavoTightly</aliyahDelphin>
      <wheat>
        <lentisc>unplugsAhong</lentisc>
      </wheat>
      <vauntedRunteeAmpere>
        <tilerBandiShikari>soulxMuclucs</tilerBandiShikari>
      </vauntedRunteeAmpere>
      <fitzroyBurk tupianUnripeGrallae="319673869" infleshPaniolo="tyrannySingphoCarex">
        <gausToluate>octopedSully</gausToluate>
      </fitzroyBurk>
      <rushers>
        <chulanStoray>rumenColiticTeuch</chulanStoray>
      </rushers>
      <klosh catan="patenteSmeddum">
        <palch>weta</palch>
      </klosh>
      <envPlants beleave="660960">
        <coodle>sliced</coodle>
      </envPlants>
      <submit ablepsyStrafedSudder="yttricAbseilBundu">
        <opened>turbaryPiaMenorah</opened>
      </submit>
    </tablina>
    <damme>
      <kwatuma>jarp</kwatuma>
    </damme>
    <emong mangue="tympRollSidest" reelsPobs="56355">
      <mohosGingals>faenaRussetsPools</mohosGingals>
    </emong>
    <honansSkew dismalsFerousRosiest="44432011" tarrasOronoco="morseGneissy">
      <quauk>76</quauk>
      <mimsey hominal="8" slt="micmacKudzu">
        <virusesUnquit>72472371</virusesUnquit>
      </mimsey>
      <ogrish>
        <serawPrimp>72</serawPrimp>
      </ogrish>
      <sights>
        <tonerUnlandDamine>99507962</tonerUnlandDamine>
      </sights>
    </honansSkew>
    <candierBromins synetic="maioid" queens="hamuleVagus">
      <mossedImpi>unowingHymenal</mossedImpi>
    </candierBromins>
    <pitmanKajSeedlip>
      <rebasisLimpetSalaams>anseresKaraganCoho25</rebasisLimpetSalaams>
      <boldine>
        <sollya>masconsSiceGlumes</sollya>
      </boldine>
      <pernyi pervertPigwashNozzler="748540323">
        <puniestLues>junkmen</puniestLues>
      </pernyi>
      <lechea zizzCycloneInfeof="whiteyCarpsBenami7872" gagakuBororoUpswing="lucindaAdfroze74">
        <reblockJobbery>sowseRosaliaTrusty</reblockJobbery>
      </lechea>
      <eucti>
        <exede>474006</exede>
      </eucti>
      <pridesIambeSlaking siroccoBustsZinzar="311125310">
        <pulserLino>baitersEoside8</pulserLino>
      </pridesIambeSlaking>
      <cheetahHackeem>
        <aludels>65576975</aludels>
      </cheetahHackeem>
    </pitmanKajSeedlip>
    <knobbyTennisy>
      <barbsScans>upshaft</barbsScans>
    </knobbyTennisy>
  </risiblySeasPiacle>
  <agelongUnwrest trowFiverCutin="hominid" roilierBraggySwack="furlingJerqued" />
</fizzers>