<?xml version="1.0"?>
<dyesterMacaca>
  <lumper vulcano="lodha" datums="13">
    <boatmenAndaAtabal>
      <middaysPinko>82335</middaysPinko>
      <belaitEcoleGulfs>
        <bairn>decnetEagled279</bairn>
      </belaitEcoleGulfs>
      <claroTurfmenDaleths>
        <grinnieBulgariLeman>turma</grinnieBulgariLeman>
      </claroTurfmenDaleths>
      <giversJeererMissed drepane="ingle">
        <unsoilExultetCulrage>17133</unsoilExultetCulrage>
      </giversJeererMissed>
      <brawlieYeggmenOoscope kamasin="85880778">
        <nomineeFargood>lodemanMahzorFishers</nomineeFargood>
      </brawlieYeggmenOoscope>
      <yerb rache="50" aedile="sowanPauliadAlerse">
        <cooersParamTimawa>hights</cooersParamTimawa>
      </yerb>
      <mucusesDoocotPhytoid umteenArmineGamba="351" enwebSarsarIrking="tofusWatapes">
        <downierSpitzer>3</downierSpitzer>
      </mucusesDoocotPhytoid>
      <diact galabiaSwithen="baraunaPuppetMockage">
        <larnaxVersusRealter>78</larnaxVersusRealter>
      </diact>
    </boatmenAndaAtabal>
  </lumper>
  <crasser salsa="sabingMythsLester" riginalTipsily="unnasal" batchRefutalEds="poodsDefail" halpaceAdipous="caecal1">
    <senalPsalm senitTapsterExurbs="keek">
      <faltersBendysAntlers>bursterFubbingChimera</faltersBendysAntlers>
    </senalPsalm>
    <shiplapCrappy heazyBencher="echites">
      <scrushSholom>scuteCadmic</scrushSholom>
      <buggingHasteArbalo>
        <morphsSolanum>dawnColportJagath</morphsSolanum>
      </buggingHasteArbalo>
      <oxherdDalle>
        <vocularSuerre>yakan</vocularSuerre>
      </oxherdDalle>
      <rapids>
        <barbets>union</barbets>
      </rapids>
      <ballsy breadPauliad="8592449">
        <litchisEstadalFibro>dizz</litchisEstadalFibro>
      </ballsy>
      <prosalAbound waxmanOnionet="dol">
        <ochry>6051769</ochry>
      </prosalAbound>
      <hyeniaTowery curdyFogo="quelmeNanny" axmenExtancy="woofingDamanSwallow">
        <hacksawPalkee>gazaniaSliestGlosser</hacksawPalkee>
      </hyeniaTowery>
      <spann garnetzMedialsRowen="heckler" kahili="yamensPegmen">
        <mugient>bottineBalls</mugient>
      </spann>
    </shiplapCrappy>
    <afflictTintersSparta>
      <hemmedSloshesMorfond>amoksShiatsu</hemmedSloshesMorfond>
    </afflictTintersSparta>
    <rehide descure="widgeonAnnaryNigget223" boxtreeSympodePloceus="mangabyBovoid7" lor="blastHaggles961">
      <tympani>9</tympani>
    </rehide>
    <toreniaGedecktStooker>
      <sectismNoologyDemode>challisAwl</sectismNoologyDemode>
      <carriesRegentsWafer gumlikeChichis="sarpo">
        <parting>tenezHowes</parting>
      </carriesRegentsWafer>
      <spyrosNetop>
        <goopWayang>vicilin</goopWayang>
      </spyrosNetop>
      <bowlingAahing>
        <calinda>befop26</calinda>
      </bowlingAahing>
      <thiggedAnthill filla="eolian" angariaHeimdal="embedsFoambow">
        <faithed>causse</faithed>
      </thiggedAnthill>
    </toreniaGedecktStooker>
  </crasser>
  <ruderalReticle trivialUncs="tereu" />
</dyesterMacaca>