<?xml version="1.0"?>
<pellard>
  <drawcutBiferCopular illicit="spaeing" yardmenOpiatic="gaucyPurposeIfs" testesInesiteXipe="9" />
  <bursaColeus unwindy="salixDegged" cooba="tearpitCurrans" anviledRigsmalAlthorn="zonnarLitotesCoirs" grammarHattism="somal">
    <dandyOscula>
      <telesm>singRetiresBranks</telesm>
    </dandyOscula>
    <grxCoughed>
      <sniggleModal>arecaSitta</sniggleModal>
      <middaysBhima paleae="stimGobonyCensive">
        <beniHisPholcid>scenaExcyst</beniHisPholcid>
      </middaysBhima>
      <wraggle arjun="25832" revestGangman="82677332">
        <verdSkoals>restake</verdSkoals>
      </wraggle>
      <septuor>
        <pained>terzinaSeizingMiaotze</pained>
      </septuor>
      <hooks ankush="flacianGabonRuntier">
        <kimnel>lorCitreanBadan</kimnel>
      </hooks>
    </grxCoughed>
    <wading>
      <habiri>pinfishCodhead</habiri>
      <caviyaRouenAisled driverIgitur="knuth7">
        <poemletYoginsEdgings>721493</poemletYoginsEdgings>
      </caviyaRouenAisled>
      <quids rikkIridate="ancha" rasionFragorSymmist="gozillInventSnicker">
        <swalletFussockCares>juncatRobleSterns</swalletFussockCares>
      </quids>
      <miauerWongahLytic>
        <carbone>kebyar947</carbone>
      </miauerWongahLytic>
      <acedCrozzleErvils disrumpWorriesTiara="teraiExotica" morguesBunglerArriet="kempts">
        <karayaCountys>pukuGarroteMetump46</karayaCountys>
      </acedCrozzleErvils>
      <rimingTavsSepsid aegagriWifedOxygens="comps">
        <veinerIhp>hallageCatclawProtean9440</veinerIhp>
      </rimingTavsSepsid>
      <beloveSideage>
        <idiotic>therebyFistful</idiotic>
      </beloveSideage>
      <senamAsteam cloam="arduousBlaverFavela" subpimpColpeo="spivBridgetShaping">
        <tornoteCrimperMottler>unwormy</tornoteCrimperMottler>
      </senamAsteam>
      <udomFendCrasher ephydraPinte="709190935" hacklogMoluche="oneidas">
        <jeesGuffawsLeewill>diasQurshes40</jeesGuffawsLeewill>
      </udomFendCrasher>
    </wading>
    <hoddens>
      <torpids>flytailGnosesButts</torpids>
      <casimirPistler eremiteBename="coofsPiculsPookoo853" radiusScliffCuitle="601">
        <glidePossiesBagwyn>sodamid</glidePossiesBagwyn>
      </casimirPistler>
      <lunch>
        <fixureIciestFeature>lithoed</fixureIciestFeature>
      </lunch>
    </hoddens>
    <cuemenSophene celery="leerInferKeld" pleon="87369131">
      <weirTingentTitien>835652949</weirTingentTitien>
    </cuemenSophene>
    <codon wearyInfield="untightBypass2485">
      <cloured>footmanHusho</cloured>
      <spondylEntry iricismSpattle="nasal">
        <stuffsDottel>42773965</stuffsDottel>
      </spondylEntry>
      <enhat kakkeAedesTucks="fancifyRiotistGuha324">
        <chucked>yearockCrith</chucked>
      </enhat>
    </codon>
    <jobnameBackrunAggies>
      <haggaiLabrid>popelerChurred</haggaiLabrid>
    </jobnameBackrunAggies>
    <sidecarFaulxLubric freelyMotleyAillt="667" bizoniaChutes="gitana" pindalFezes="matzahsWalkieOutwait">
      <bifteckSlimmerUranyl>9</bifteckSlimmerUranyl>
      <munify spurtleSlides="cathole">
        <makiPalauDenying>taborVespoid</makiPalauDenying>
      </munify>
      <queueReliner bootleSqd="1422">
        <loftmanGumlah>37577</loftmanGumlah>
      </queueReliner>
      <hogmaceStage uneathCarom="bantuSuckingGynic" awkFleckerGriphus="sciaraShrives">
        <aludraValsaNelly>914249</aludraValsaNelly>
      </hogmaceStage>
    </sidecarFaulxLubric>
    <scarify floors="pieceAmices558" edgarRebankEbonite="tubfulRosabel6" bionicsDopped="chiggaTendre">
      <tallero>hodmanElrageHirstie</tallero>
      <planetKnopite>
        <aggiesRewonBartram>young</aggiesRewonBartram>
      </planetKnopite>
      <sacrums mehariArchin="bladingSpargeEvoking" skolWelsium="849525876">
        <ravelerSkelRaser>noshers</ravelerSkelRaser>
      </sacrums>
      <ghaffirIntnl>
        <waxHootsSunny>chiloma</waxHootsSunny>
      </ghaffirIntnl>
      <thenalSherris smellsBescarf="parsnipWhynessThieved">
        <abientVoidingBobbed>fremt</abientVoidingBobbed>
      </thenalSherris>
      <lowderStrobedRewins gullish="wurrup" palay="barettaHyperon">
        <stalace>ibexesDivellBoiette</stalace>
      </lowderStrobedRewins>
      <warsel retiralFrizer="porgyFloppedBracery">
        <gingallBenacusIniomi>cheerBalawaBecroak</gingallBenacusIniomi>
      </warsel>
      <daukeBedamnBedin damolicSociol="iliumSchultzDislade">
        <alidadsApses>769063392</alidadsApses>
      </daukeBedamnBedin>
      <vestalRoudas>
        <miswendAbricoAssate>88428</miswendAbricoAssate>
      </vestalRoudas>
      <bchAvicula brughOnerierSordor="wanmolPalolosRialto2" permissUmiri="tussars7300">
        <apostemPheneCutters>17431152</apostemPheneCutters>
      </bchAvicula>
    </scarify>
    <thirl>
      <keepnetLilyCracowe>velStagersRegrate</keepnetLilyCracowe>
    </thirl>
    <mayerIotize mammerSank="kebbieMacAgria">
      <plumbetAmbled>urariImpar</plumbetAmbled>
      <smittleInbuiltFermi famishUpframeDecamps="sherifs9" shawny="pollack31">
        <bideryAlada>spoilSmallsBeano</bideryAlada>
      </smittleInbuiltFermi>
      <inadeptRootYanker sjoukeSonshipHuvelyk="ensignsHuskiesYesty5162" catsDingierEpris="besayleKhalsaWhizzer">
        <uswardsSkiddy>thrips</uswardsSkiddy>
      </inadeptRootYanker>
    </mayerIotize>
  </bursaColeus>
</pellard>