<?xml version="1.0"?>
<tarpKoniaShabash>
  <shielTsurugi kalkvis="66" wayland="pomeyStingos" />
  <tallote>
    <stetchRumpsFunnel>
      <licuryObtrectUppluck>95522742</licuryObtrectUppluck>
      <gratin nurserBises="4">
        <ooftish>quiesceConfest</ooftish>
      </gratin>
    </stetchRumpsFunnel>
    <cobbingOverbuyRetenes>
      <beadmanMadiga>361</beadmanMadiga>
    </cobbingOverbuyRetenes>
    <koilSulabaPetrine avnKebby="limy" camballApproveIncarn="48669">
      <sastean>227296522</sastean>
    </koilSulabaPetrine>
    <killeen>
      <pintlesSambar>5411382</pintlesSambar>
      <matterLodeCypseli>
        <alypumObelus>dapsMattersWays</alypumObelus>
      </matterLodeCypseli>
      <uiguricScattedJunta gonadalBorageNamely="flankyCatnipsAsseize" ultrasCoppraMinnow="boun">
        <violatePolygon>meatmenGanzie6</violatePolygon>
      </uiguricScattedJunta>
    </killeen>
    <copras jatoba="kakkakUnwrote595">
      <dehganSeals>alkane</dehganSeals>
      <unwombMatzohThralls>
        <quaighsSlalom>baniyaSchoolKana</quaighsSlalom>
      </unwombMatzohThralls>
      <loqTrinodeJunc uricClaxons="ohmCalices" burniesBesoinDarnel="bulldog">
        <clayenLumpy>bobolShareef</clayenLumpy>
      </loqTrinodeJunc>
    </copras>
    <viscoseKushshu sethead="lotusin6">
      <draymenMobby>trabea</draymenMobby>
    </viscoseKushshu>
    <glistBiz>
      <benim>pungleMididae</benim>
    </glistBiz>
    <piacula ucuubaDenom="tsatleeEutaxie" cookdomSool="3919">
      <sabana>aflame</sabana>
    </piacula>
    <trueingKojangLusky>
      <intl>bygoAlibamu</intl>
      <thomanIlleistStubber anoliCyclane="cupcakeOutpipe" stammelProdigy="methoxy">
        <sloatGalla>rushing</sloatGalla>
      </thomanIlleistStubber>
      <thakurMorsingReleve>
        <tripperUse>rud</tripperUse>
      </thakurMorsingReleve>
      <thallicPunkerAccend padronaMudder="jetter7847">
        <zurliteWorkersLittler>4</zurliteWorkersLittler>
      </thallicPunkerAccend>
      <escapee>
        <woolsey>abluentRaving</woolsey>
      </escapee>
    </trueingKojangLusky>
  </tallote>
  <quaters tropal="resitOctoadNowed" clabberVitrage="excuserSinsArgaile" />
  <vandaMichael sesban="granada742" balsamDeductClangor="runnetChingma">
    <skidLige>
      <miasmas>7293</miasmas>
      <licorneUmbraid woodcut="areng519">
        <prowerNishikiUnalist>ungFateful</prowerNishikiUnalist>
      </licorneUmbraid>
      <unsour dudesScarcyCtrl="doffed">
        <hdkf>sewnBeevish</hdkf>
      </unsour>
      <popal verpaDurham="9440244" porketFettler="rentalsFadingsMeshier644">
        <wendiLagersSoritic>monica</wendiLagersSoritic>
      </popal>
      <fjelds>
        <coots>ranidaeReeded</coots>
      </fjelds>
      <caftan>
        <effacer>untreadCausticWeeped</effacer>
      </caftan>
      <dugdug lyinglyMalheurPutback="insweptSteeplyInswing">
        <fusticsFervid>etrogEvisite</fusticsFervid>
      </dugdug>
      <graniteWairepo siftingIther="51">
        <vesicaeRoomed>bodgeUplongLinja1</vesicaeRoomed>
      </graniteWairepo>
    </skidLige>
    <kauris>
      <tripsDemeter>indoneSubletRadeaux</tripsDemeter>
    </kauris>
    <narcTresses>
      <ursukEthiopsStopped>upbar</ursukEthiopsStopped>
      <cynebotAngoise>
        <junctlyMandyaiFidfad>908</junctlyMandyaiFidfad>
      </cynebotAngoise>
      <fixtNiccolo melindaArbiterPukeka="canakinTippleEdicule">
        <orwellFleuronPsaltes>church</orwellFleuronPsaltes>
      </fixtNiccolo>
      <racistsSok buddledDolsLances="degamesAmplest">
        <effsBahmaniGodful>welsomTututni</effsBahmaniGodful>
      </racistsSok>
      <echoer knacksRepolonInlayed="stichs" abbateThemingShilfa="soldi">
        <crescAshpitHinged>roughie</crescAshpitHinged>
      </echoer>
      <lessnSurcoatRinses>
        <remitalPornosInkling>enticedAsciNekkar623</remitalPornosInkling>
      </lessnSurcoatRinses>
      <pledged toxoidLeporid="mapper" flcheThoft="zeistResgat">
        <daliSmellieIdose>32</daliSmellieIdose>
      </pledged>
      <beevePsyllid scathyShafts="pealikeAouadsPorkies">
        <popeler>trophyCorvesCanaut</popeler>
      </beevePsyllid>
      <tuis heyduck="suavelyTmemata">
        <hegarisYarest>minnowsStounRehoned</hegarisYarest>
      </tuis>
    </narcTresses>
    <tripletKartos>
      <wittingRespondVolant>stumpsBrowd</wittingRespondVolant>
      <tollman>
        <victim>egencyCenter28</victim>
      </tollman>
      <pitlikeBoloing barroom="weeYao">
        <coutilElemin>hurlsPinkeny</coutilElemin>
      </pitlikeBoloing>
      <hoofBemba antaeusFunariaScamped="hearken" acediasSoaksFiel="duckerFavelasArchons">
        <feetagePurlins>blastid</feetagePurlins>
      </hoofBemba>
      <punners encheat="fleuronNorthHanks" melaminKiackKilning="abidiSculler5">
        <jimmer>smokeryPaganry</jimmer>
      </punners>
      <stomped>
        <forsar>settleOstioleIhrams</forsar>
      </stomped>
    </tripletKartos>
    <inrail>
      <lithium>aioliSoorah</lithium>
      <tuschesCustodyPolders>
        <olioNandaWeldors>masaridRimmingLanguet</olioNandaWeldors>
      </tuschesCustodyPolders>
    </inrail>
    <hognutsAceticInsofar>
      <certMoppets>163498</certMoppets>
      <dhoty mangoOrbicle="91">
        <gelidly>2</gelidly>
      </dhoty>
      <alumicZamias sleekyLunes="miredStivyRehonor" egency="palourStuddy">
        <caapebaXosaCtimo>unburyTovetPrimary</caapebaXosaCtimo>
      </alumicZamias>
      <sithens>
        <enfireArgoanBravoes>cogidaNiggetKerned</enfireArgoanBravoes>
      </sithens>
      <typhoonLeafcupSorry>
        <succulaRawin>ronierGhillie7</succulaRawin>
      </typhoonLeafcupSorry>
      <manwisePhaetDedo>
        <languid>blinisDashTaposa589</languid>
      </manwisePhaetDedo>
      <scuddedCurrane fenitePrimaGippy="urethanShrinksDuiker">
        <arboralPunkeys>2</arboralPunkeys>
      </scuddedCurrane>
      <safaris>
        <resiftsSissies>92608990</resiftsSissies>
      </safaris>
      <lavoltaReturns>
        <cadmus>educedLouluUnshot44</cadmus>
      </lavoltaReturns>
      <jewellyRoots>
        <ployed>hiccups89</ployed>
      </jewellyRoots>
    </hognutsAceticInsofar>
    <airshipLawtonIdiotic>
      <lastreGebAflatus>messansOsmoseIncord8</lastreGebAflatus>
    </airshipLawtonIdiotic>
    <acronymReclameWealths>
      <airmail>6757604</airmail>
      <daimonChikeeRumour mohabatTriodesFarfara="skewers" tufasPolingRobur="joutesBokarkBeclart1">
        <nibbed>propomaAmental</nibbed>
      </daimonChikeeRumour>
      <maarAndriasPillory>
        <keck>yonicFlurry</keck>
      </maarAndriasPillory>
      <audiosOnymizeFaldage duhrTrifa="oarweedLoganinSabeing" slainMortalVistlik="yanderArabineBakings">
        <tarredGalecheQuethe>700</tarredGalecheQuethe>
      </audiosOnymizeFaldage>
      <satorii>
        <kurungBadhanJinnee>typeySimoom</kurungBadhanJinnee>
      </satorii>
      <tittlerCreenClumps amitieHaspBemercy="xenopusScents">
        <alnageDidest>805251</alnageDidest>
      </tittlerCreenClumps>
    </acronymReclameWealths>
    <ahoVespUpflare>
      <metisse>senusiCabuyas143</metisse>
      <theer>
        <barretsRougingEeriest>tattled</barretsRougingEeriest>
      </theer>
      <bensonCumaean anted="crummy567">
        <contAulicalSenesce>ritard57</contAulicalSenesce>
      </bensonCumaean>
    </ahoVespUpflare>
    <steres kismet="roadbed">
      <jehadsTaps>odacoidInflows37</jehadsTaps>
    </steres>
  </vandaMichael>
  <adielCutiesHybris wanigan="lichtedMushedBukh" arg="waggishGoranKellion965" />
  <kneepad teams="spasticCalahanLangi" hurrahs="queridoEvickeCarya16" puggyOopod="sondeliDespotUnroast" />
  <bentyBulk greying="gapaTchapanExodos" drinkFluffedMarli="25619962" />
  <glees />
  <curvedMynasApnoeas />
</tarpKoniaShabash>