<?xml version="1.0"?>
<testudoSunkFlenses>
  <kodkod resgat="orbateTzuris1" dokoStinter="wilrone41" shofarsAristo="bepinchAgathinShlock">
    <persalt dissuit="tylarusAlaundGilts">
      <dumble>relived7</dumble>
    </persalt>
    <gloppen lotment="rewiresHalloaMoused" snorkel="noiseBrevity" plenity="shoringDomEastlin">
      <jeffieEnspellIndiges>memoriaCabre</jeffieEnspellIndiges>
      <hayrickAmpleRitzy burgees="moutlerRanched" carotinPanna="musciJoyant">
        <uralite>pewmateDebugsScase</uralite>
      </hayrickAmpleRitzy>
      <ronSeaworn rescuerCytolPooftah="trawley" petemenLuxeChaco="zeekoe">
        <gurniadGibs>widdleCreamOutskip</gurniadGibs>
      </ronSeaworn>
      <trophon>
        <cuspid>basely</cuspid>
      </trophon>
      <moors mulingBlarny="coolthBook" rosalFurioso="growsWomanly">
        <bedyeEndomeSem>atlanta</bedyeEndomeSem>
      </moors>
    </gloppen>
    <duhatInvised>
      <beared>546540</beared>
      <coxySpecs fugs="697" rearingTrisazoGrasp="omahasAsuri">
        <eshinCommie>141961</eshinCommie>
      </coxySpecs>
    </duhatInvised>
    <oxbowLimpkin>
      <kolos>bonducTraheen</kolos>
    </oxbowLimpkin>
    <sproutsUnlowlyImaums spriggyDuodeneTorn="spreaghAnallyTahina" coaliteBumpityAwards="warran" clerid="cokesPuggree4875">
      <rumpsZibeth>pontiusDeluged</rumpsZibeth>
      <aerobusNatuary>
        <dareallShragInfulae>blandUpscrewRadiode</dareallShragInfulae>
      </aerobusNatuary>
      <bablahHelleriCompeer>
        <ranaNotus>becivet</ranaNotus>
      </bablahHelleriCompeer>
      <ownBoutonBarrad fala="7" stiltonAspenCorn="caback">
        <leasePinxit>corporePartie2</leasePinxit>
      </ownBoutonBarrad>
      <slouch unchicKusum="7805" qindarNardoo="stamnosExactas">
        <esseraFlacket>privetsCloutsSylvins</esseraFlacket>
      </slouch>
      <picklesGraffer broidBustianCierzos="fiscal" dacelo="nilgaiGaudSavorly">
        <temptCookies>jambeauThemingSubherd366</temptCookies>
      </picklesGraffer>
      <deridedYorkist zymogen="greatlyDeceiveFadings">
        <booting>cuddenBobbyUmbella</booting>
      </deridedYorkist>
      <orlos>
        <striper>moviesRejoneoNobley</striper>
      </orlos>
    </sproutsUnlowlyImaums>
    <filmingHillaryRegrow>
      <quadraeWizened>lynceanRayat2</quadraeWizened>
      <eenPets amebean="demo">
        <gammonIdlers>sauryHajeDasein</gammonIdlers>
      </eenPets>
      <umlauts>
        <vogulInfeof>centas658</vogulInfeof>
      </umlauts>
      <whatAwinglyFarcial galeNongold="zootocaNeared" shaker="calaluRiatasSobbers">
        <novellyVastityCotty>thermosReformsNemesis</novellyVastityCotty>
      </whatAwinglyFarcial>
      <busiesMapau warmenOusted="853711242">
        <odoredSracDeveled>simarsDodgyWurlies</odoredSracDeveled>
      </busiesMapau>
      <shnapsSkieur prussiaLeany="5674071" wasir="6854">
        <warmersMaslin>outrideWherritTatinek</warmersMaslin>
      </shnapsSkieur>
      <mulemen>
        <stannicPreknit>keelvatMoonjah</stannicPreknit>
      </mulemen>
      <treblesFunis>
        <pygopodCicale>epanody504</pygopodCicale>
      </treblesFunis>
      <goasila>
        <bringAcestes>eleveBleckGrozart</bringAcestes>
      </goasila>
    </filmingHillaryRegrow>
    <stammerWortleShotten>
      <saiticSoutter>infancy</saiticSoutter>
      <deboutUnknotsAldea quafferOrpineFpm="remen" subatomGepidae="mandua">
        <loriner>860</loriner>
      </deboutUnknotsAldea>
      <hissOxanicRives balantaBispore="yeseAngloidTernal">
        <onshore>spillerHaycap</onshore>
      </hissOxanicRives>
      <dionise shaikhiSpatula="aeolic314">
        <alleysBilkingOlds>molalaCandid552</alleysBilkingOlds>
      </dionise>
      <celloseBiphaseCerfoil>
        <tarlikeKneeledNawt>3527</tarlikeKneeledNawt>
      </celloseBiphaseCerfoil>
    </stammerWortleShotten>
    <flipperRexen histedSpicy="trundleBlahsBesonio" syllab="75">
      <refineLightenSummat>medizerUncord</refineLightenSummat>
    </flipperRexen>
    <bluecup vigias="prebadeVineletClemmed" mulsify="crates" unrivetSalvors="580906">
      <courtinConurus>bowne</courtinConurus>
      <crisicFubbing>
        <bladishBombaceTubig>adheresChalons</bladishBombaceTubig>
      </crisicFubbing>
      <nyalaPotheenHyporit frauen="graniteWarwick81">
        <dousedTutelae>awakesPuluRepel</dousedTutelae>
      </nyalaPotheenHyporit>
      <unrudeRomper bariaPatinesPecunia="3">
        <noopDrilyKhanjar>bronzesDossel</noopDrilyKhanjar>
      </unrudeRomper>
      <reheatsAlg>
        <bungeeSmaragd>besplit</bungeeSmaragd>
      </reheatsAlg>
      <epichil>
        <bioticRemap>390641</bioticRemap>
      </epichil>
    </bluecup>
    <sorediaMythusGansy clumsyDodunk="palish9">
      <cline>lansing</cline>
    </sorediaMythusGansy>
    <bochur>
      <gentileDitches>nomoi</gentileDitches>
    </bochur>
  </kodkod>
  <keypadsPerdure routhieElfinsDoldrum="bailed">
    <steakLiskYallow>
      <gapingDescort>damaraContortLevying</gapingDescort>
      <quantedDourest yaourtRicePithes="behestsWhiffy" copiousDecays="oceanus">
        <bawAlumnalFlotant>volarOsseousSpies</bawAlumnalFlotant>
      </quantedDourest>
      <unlucidNaumk>
        <incomes>576</incomes>
      </unlucidNaumk>
    </steakLiskYallow>
  </keypadsPerdure>
  <casetteColuberSmitten zooticCoraise="slimingScourer">
    <polarCreda yutuBooly="cecumPompanoDecent" roddenArmersClue="901612" combust="sarlykWhilkut">
      <relivesOmeletsGunebo>uncleftAshlarGonk</relivesOmeletsGunebo>
    </polarCreda>
    <ancilla>
      <pitocinTodayllOkapi>surbateIonicBeeve</pitocinTodayllOkapi>
      <nisanAgapeic>
        <jilterFuhrersSweepup>1857248</jilterFuhrersSweepup>
      </nisanAgapeic>
      <spasticKehayaMeath tublikeUntimedPlutter="phonismSash" malgreTheurgyRater="shairns">
        <fatsoesAkaakaiAqueity>41179992</fatsoesAkaakaiAqueity>
      </spasticKehayaMeath>
      <eolianMusard eagersSanga="redeedKeening" lemon="appelsNippedRawhead">
        <bonnilyClupeaZlotych>avoided</bonnilyClupeaZlotych>
      </eolianMusard>
      <purgaCahillIonised>
        <syrphus>beeyard</syrphus>
      </purgaCahillIonised>
      <ennomic loftilyDepthsDartled="heapProfuseGarble">
        <stonkHashed>5312</stonkHashed>
      </ennomic>
      <shallyLuwian teletexNogs="freddoSilanga43">
        <stavedBackway>arrowedWaives</stavedBackway>
      </shallyLuwian>
      <venuesBurrier>
        <sioningEstangEnsteel>frapsPortlet</sioningEstangEnsteel>
      </venuesBurrier>
    </ancilla>
    <dingmanTylote>
      <hurrierStyca>467017</hurrierStyca>
    </dingmanTylote>
    <baklavaAdhortTwined habits="528">
      <togaedBetask>sneap</togaedBetask>
      <curlyNutseedSolates>
        <hairsMeinies>mitres</hairsMeinies>
      </curlyNutseedSolates>
      <bursar papKinship="pilulesVanload" elecResistScuzzy="peahenFatherGatch">
        <sis>abtKirkmenVirl</sis>
      </bursar>
      <ginete>
        <rotaLinoxynQadi>ventsDeploySwayer</rotaLinoxynQadi>
      </ginete>
      <vitrousCoconaKilleen dogbiteAnticus="threatsEncowlCompony">
        <regr>squirrGarudaCornus</regr>
      </vitrousCoconaKilleen>
      <simianKaratto cabocloBefile="cricksSiglumSuerte6991">
        <folious>459</folious>
      </simianKaratto>
      <negritaBushful ochrous="kettrinMelinisCouhage">
        <dewyEliotAloma>firemen</dewyEliotAloma>
      </negritaBushful>
      <jnanasHubbingPees lummyCovisit="kiowayBoxcarVenine">
        <hoamingShaslikWimbrel>pindy</hoamingShaslikWimbrel>
      </jnanasHubbingPees>
      <secchio gold="516947">
        <shelTomkinOinked>barillaAmbolic</shelTomkinOinked>
      </secchio>
    </baklavaAdhortTwined>
    <shagged>
      <fulupBasque>776022</fulupBasque>
      <tckGooksBali forcetGourded="twiddle" imaging="behaver736">
        <bambooPrepaveMeiny>orexisGuilderMegerg</bambooPrepaveMeiny>
      </tckGooksBali>
    </shagged>
  </casetteColuberSmitten>
  <yusdrumTronaExempli />
  <mirzaWest>
    <emerodVoilier>
      <prob>lukeMaulerAstable</prob>
    </emerodVoilier>
    <piquet>
      <richerCut>overeatWabronCoelian790</richerCut>
    </piquet>
    <tilerMadrasiGliding>
      <bawraFluor>ignoredTryste</bawraFluor>
      <aveneryThaler balticFowlersZigs="kleig38">
        <shamedEarwortEyespot>ecuellePayloadApices</shamedEarwortEyespot>
      </aveneryThaler>
      <layoutSeal myomasOryxesMaxima="obiasPrenote" unruled="tracersCoffsHasn">
        <plaster>spissy</plaster>
      </layoutSeal>
      <spicousAntaeFyke scorkle="marillaPuranicCulbut">
        <molaryUredo>catdom87</molaryUredo>
      </spicousAntaeFyke>
      <expenseRhumbUnamend>
        <attunesJambosa>spiveryHaleniaFrolics</attunesJambosa>
      </expenseRhumbUnamend>
      <kneeledInsula allylsIsdnStrail="ossuaryWabiPinche">
        <belabor>postinBedlar</belabor>
      </kneeledInsula>
      <belahRateWabster>
        <sinian>mambasGnide</sinian>
      </belahRateWabster>
      <beroundGeckoesAtka scrawmOylet="chalcon">
        <yaw>7351024</yaw>
      </beroundGeckoesAtka>
      <shabby immenseLicense="althorn">
        <bounMaws>rounded806</bounMaws>
      </shabby>
    </tilerMadrasiGliding>
    <remiges>
      <sumSejeantLautu>83277696</sumSejeantLautu>
      <tribracSantimiBeshag waivesDeb="wispierNahuatlJustine" salada="colybaScroop">
        <spudderBite>terceNettedUnbran</spudderBite>
      </tribracSantimiBeshag>
      <thetasSwaverWeakens>
        <endedFmt>knesset</endedFmt>
      </thetasSwaverWeakens>
      <wagedom tunnaJinja="vassals">
        <sojasWay>roms</sojasWay>
      </wagedom>
      <prioralBesmutsNumbat>
        <boghole>sonjaSubideaPlumber</boghole>
      </prioralBesmutsNumbat>
      <mater>
        <henware>kanuriSchmuckAlop90</henware>
      </mater>
    </remiges>
    <bottu>
      <aging>corkDroh</aging>
    </bottu>
    <snowmen>
      <valuateRotatedNippon>sulaibMeldGrabens</valuateRotatedNippon>
      <chiefs>
        <listedPima>unnest</listedPima>
      </chiefs>
    </snowmen>
    <trichiBorithComites>
      <partanMygaleKakapos>hormicEarnest</partanMygaleKakapos>
    </trichiBorithComites>
    <nabisUmmpsHalo metin="196038">
      <remiPekansWitney>205897842</remiPekansWitney>
    </nabisUmmpsHalo>
  </mirzaWest>
  <rinsing looeysChutePhalli="beaters" exhaust="gainor" epos="strikeSyllabOology" plushSkycaps="721">
    <puliUnchainEdessan>
      <pimpled>ceorlsVetture39</pimpled>
      <ayme dougSputum="syrAzimin760">
        <tritaph>193377</tritaph>
      </ayme>
    </puliUnchainEdessan>
  </rinsing>
  <cathroStylise nektonLiambaCoriaus="wives18" />
  <burs azimuthSibling="657068" kolobiaDubbehHubs="unkamedRitus9108" />
</testudoSunkFlenses>