<?xml version="1.0"?>
<sepsSarin>
  <bedouseCahootMors glory="chuterJeepney">
    <escorts>
      <canopus>madigaVeilerBazoos2</canopus>
      <meleeRheic>
        <wooedAsync>prev4554</wooedAsync>
      </meleeRheic>
      <awardee luiginiLeads="luteins" woneganIrrisor="llautu">
        <matres>storerAcrawl3284</matres>
      </awardee>
      <nyala>
        <hyliEnfacedBusty>deeds</hyliEnfacedBusty>
      </nyala>
      <sprintUreasTilmus effeir="squeg">
        <ariusFedDittos>48893</ariusFedDittos>
      </sprintUreasTilmus>
      <strakyBewidow>
        <sprues>bisalt</sprues>
      </strakyBewidow>
      <glutei>
        <witwall>8416</witwall>
      </glutei>
      <outeyeRasters>
        <minicarAnestriFreaked>8</minicarAnestriFreaked>
      </outeyeRasters>
      <pleasSauntOhia trowingEggers="techiesAwkwardGigolo">
        <gillyImpede>660</gillyImpede>
      </pleasSauntOhia>
      <sosquilOutturn tundishTacanan="2">
        <santir>miss</santir>
      </sosquilOutturn>
    </escorts>
    <termorsKadish jole="immane" torve="totted63" sadheWharryHegemon="191180">
      <genesicFrothed>carverRevelerEmoting</genesicFrothed>
      <tabourManning victorSouaggaFlak="latensEwes">
        <chuggerBagmanAsport>2697</chuggerBagmanAsport>
      </tabourManning>
      <corneasChalmer bodies="signoraVidianEquipt" whr="notLivethAraceae">
        <recorkListersMappers>assumpt</recorkListersMappers>
      </corneasChalmer>
    </termorsKadish>
    <soledProctor>
      <squabsCyetic>alkinesNonjury</squabsCyetic>
      <riftUranousLupe longfinBonairDeus="choenixFlathat8769">
        <ghaistPeavine>4</ghaistPeavine>
      </riftUranousLupe>
      <priorsCrinionTrophon unct="duotoneFermalFeceris91">
        <mozette>carton3058</mozette>
      </priorsCrinionTrophon>
      <spinyAmbury>
        <shederTracliaHeinz>yarak</shederTracliaHeinz>
      </spinyAmbury>
      <mandoraSettee ulmariaHeimdalStall="papilioAesopGromet" tagging="unpark">
        <nones>unladenArrears</nones>
      </mandoraSettee>
      <unplumpRoxanaBlocks longaLaosAlerts="subgrinMil" milesBenzolSifflet="cronel">
        <fin>ourie</fin>
      </unplumpRoxanaBlocks>
    </soledProctor>
    <sunrise>
      <kawakaAdeemZonurid>marram</kawakaAdeemZonurid>
    </sunrise>
    <cadusLazary>
      <ophryonCosta>cirsium</ophryonCosta>
    </cadusLazary>
    <dernfulDebitumEnrolle>
      <dolvenVolapie>fardageUnravel</dolvenVolapie>
    </dernfulDebitumEnrolle>
    <chowrySwaggedGingham>
      <repkieDialect>bransPateraAddy</repkieDialect>
    </chowrySwaggedGingham>
    <thysenChurly>
      <fayles>borak97</fayles>
      <carboysLokshenCosting>
        <same>humateSayst</same>
      </carboysLokshenCosting>
      <viroseIhp ohioan="impshipShall25">
        <telesmMediadKazak>jawed2218</telesmMediadKazak>
      </viroseIhp>
      <effusesUngirtRomano fathoms="inlaid236">
        <flongsConfabs>scrobisBlettedXenia</flongsConfabs>
      </effusesUngirtRomano>
      <anaguaHungPodal osarHemolCoptine="istokeTellsSixish">
        <vrilledOuthit>querierTrawl</vrilledOuthit>
      </anaguaHungPodal>
      <axonia percur="abuses" ulna="meshed">
        <inermiQuellioPlacus>slavsMaimon</inermiQuellioPlacus>
      </axonia>
      <acremanCuddie reusedCorah="cabs7">
        <moultNonary>68</moultNonary>
      </acremanCuddie>
      <tetumNybblesFug>
        <stalksPietosoHeifer>3550</stalksPietosoHeifer>
      </tetumNybblesFug>
      <extreme>
        <jetonsBegeckVascla>baar</jetonsBegeckVascla>
      </extreme>
    </thysenChurly>
    <enchyma>
      <lullyTechierFibro>racette</lullyTechierFibro>
      <kippinLaevoSels>
        <tablerSamnaniRegina>cushilyEpacmeFreer</tablerSamnaniRegina>
      </kippinLaevoSels>
      <curial stunted="666">
        <tucketsTriperyWhittaw>ramex490</tucketsTriperyWhittaw>
      </curial>
      <whets serrae="283549842">
        <yen>lestradPopper</yen>
      </whets>
      <vinciKnaw>
        <poindLychnicAlumni>744227452</poindLychnicAlumni>
      </vinciKnaw>
      <burglesBezants>
        <wisureHuzzahsTerek>rooingFatalesMalduck</wisureHuzzahsTerek>
      </burglesBezants>
      <bonged>
        <sorcer>385</sorcer>
      </bonged>
    </enchyma>
  </bedouseCahootMors>
  <selungDropax reindueHastif="ureides" awapuhiAdolph="brisketUdell" />
</sepsSarin>