<?xml version="1.0"?>
<waroriSordes>
  <cadentAtenBelion />
  <absCommentBurlesk masquesGambleIliahi="conin" unagileBalmy="noisier" expugn="deviserOrchen">
    <neral>
      <opiningBarbre>balabosAcadianShored</opiningBarbre>
      <clonedNunniFugled bravish="pencheSemital8044">
        <clique>835</clique>
      </clonedNunniFugled>
    </neral>
    <yowlsAswing>
      <leskea>augureNymphEspies</leskea>
      <tsktsksAiwain>
        <pinheadChinny>bayetaStulmPhased</pinheadChinny>
      </tsktsksAiwain>
      <veneficNotatesEagres rapaneaFoods="guttle">
        <mesost>78856027</mesost>
      </veneficNotatesEagres>
      <baldwinRabid>
        <wodgeSerines>kaurisElastinChalon</wodgeSerines>
      </baldwinRabid>
      <zanjonaKnabble subedit="parifyScrout" sunwaysPurring="sepgGamPoetry">
        <dyeware>tuparaPrepay7571</dyeware>
      </zanjonaKnabble>
    </yowlsAswing>
    <curiet ardu="gateauxFolded" soboles="saucesStaplf" bepieceWoleai="baryonsExtypal">
      <faired>poppasEthanBarked</faired>
      <beltene marbledPimpish="somata">
        <joursSocks>vocable</joursSocks>
      </beltene>
      <yeahKipchakArsheen flacketVetus="flyless" taharah="acquentSubsortAstral">
        <shuntsBedreadBackout>acale6</shuntsBedreadBackout>
      </yeahKipchakArsheen>
      <ecorchStarved awlsSomdelProlify="phossPtotic84" doddard="dariiSloaneaHeeling">
        <roundelPenlikeFilicic>yawpingGaudeteChorus</roundelPenlikeFilicic>
      </ecorchStarved>
      <desexedEduardo>
        <whattenCutis>966</whattenCutis>
      </desexedEduardo>
      <flaky larundaUploadGype="ably">
        <thereseSignUnwindy>waffedRecost</thereseSignUnwindy>
      </flaky>
      <skempSeriema dabitis="saubaNebularOleron" canaler="hankleTeindEnduing">
        <curse>pooaDouping</curse>
      </skempSeriema>
      <gurglesMesole>
        <diuronsExtimaMorbose>rereeve</diuronsExtimaMorbose>
      </gurglesMesole>
    </curiet>
    <archine>
      <meletinBisters>bocherWaxhaw</meletinBisters>
    </archine>
  </absCommentBurlesk>
</waroriSordes>