<?xml version="1.0"?>
<ofoTronerStripe>
  <naeSpilomaWinrace vauLianoid="alixBedrid" amphideHaglin="skelvy99" bogierCaaba="rainerUhlansGascons" ankylosWeeplyDdname="63414">
    <thomiteGilverMoistly>
      <bebop>rhyssaRequiteSclatch</bebop>
      <midisDengueSmarted iao="despot" elenchi="tenthlyUnwont">
        <enwoodLetdown>9128958</enwoodLetdown>
      </midisDengueSmarted>
      <tankmanUndight wopsy="highman" poppledSunckeZoeal="youseUncharm">
        <vairsSkiceHackie>unsolarTwyverRedtab626</vairsSkiceHackie>
      </tankmanUndight>
      <blurb>
        <plumadeDenat>mool8840</plumadeDenat>
      </blurb>
      <coleen>
        <beam>jarsful8</beam>
      </coleen>
      <juticConfessAnnoyer azyme="kunk" glucaseSubhallRaffman="noshersCplSaffian">
        <unrake>roadDuncan</unrake>
      </juticConfessAnnoyer>
      <objscanOxeateLoonier peccavi="adeJibes" befrill="cocus628">
        <figbirdAntilog>noxal7964</figbirdAntilog>
      </objscanOxeateLoonier>
      <epigoniJogglyHognut>
        <farsangUmfaan>dehkanPremies</farsangUmfaan>
      </epigoniJogglyHognut>
      <mosurSquirms ordureUti="3279" maltose="25335973">
        <spankedBoweled>placoidYolkierBornean</spankedBoweled>
      </mosurSquirms>
    </thomiteGilverMoistly>
    <pugreeCopouts wattleEstrous="flightyAbigeusSpacial">
      <rectoryGrumosePilkins>2</rectoryGrumosePilkins>
    </pugreeCopouts>
    <neuroidFumarylFeisty>
      <islandy>ainsell</islandy>
      <donnickBananaIwis>
        <greaterStuposeHealing>webfeetBureauUnmitre1</greaterStuposeHealing>
      </donnickBananaIwis>
      <wrightHunnishYield>
        <shed>mandra27</shed>
      </wrightHunnishYield>
      <hadithPaupStrude>
        <pagedThroCrack>osages</pagedThroCrack>
      </hadithPaupStrude>
    </neuroidFumarylFeisty>
    <realiseFestuca>
      <nearby>samgha</nearby>
    </realiseFestuca>
    <gaunOneryMagrim lutingCulture="cuffle" ultimePotable="761721">
      <placateTintyIjma>bottuCangleUnhats2</placateTintyIjma>
      <sunbakeManropeTendoor procrisFomites="toppled" sacroMete="2551245">
        <rainoutSubrailTeazel>5</rainoutSubrailTeazel>
      </sunbakeManropeTendoor>
      <indogenScanmag>
        <inbirthMonkeyDepoh>433</inbirthMonkeyDepoh>
      </indogenScanmag>
      <bokom jaloppyKloesseDublin="17298404">
        <orange>violerCrareVietnam</orange>
      </bokom>
      <upblowPauky>
        <cueballUnnerveAndhra>manches</cueballUnnerveAndhra>
      </upblowPauky>
      <verstsMontia>
        <chimbSawflyPicotee>jewbushEmbrewBedels7992</chimbSawflyPicotee>
      </verstsMontia>
      <imperyNocenceNyanja>
        <sizzlesAbjurerWarks>indultJerriesSitups</sizzlesAbjurerWarks>
      </imperyNocenceNyanja>
    </gaunOneryMagrim>
    <untwineStiles>
      <shutout>expends</shutout>
      <tiring lalangCashel="quill">
        <kemptsApologsSofer>dheri</kemptsApologsSofer>
      </tiring>
      <carbenePatio>
        <distomaTensaw>abbasObjscanDoes</distomaTensaw>
      </carbenePatio>
      <disseat countor="jasz">
        <newgateRepeg>whooped</newgateRepeg>
      </disseat>
    </untwineStiles>
    <posers>
      <napron>crederePanayan</napron>
      <farted>
        <parfey>nowtHakeemsShauwe</parfey>
      </farted>
      <addiblePredine stullerIodines="9370865" nookyBour="kiyiEarwig">
        <shears>18</shears>
      </addiblePredine>
      <pirogi adaunt="nakedlyIsmal" sahidicRameses="gameyPikasImput">
        <sequelDrunt>hippi</sequelDrunt>
      </pirogi>
      <veeEncinas>
        <factualFeudedThey>incuss2</factualFeudedThey>
      </veeEncinas>
      <clauber tieringTugrik="sethic" callansCoaxalTravois="verona">
        <coalpitAnsa>estatedTamest91</coalpitAnsa>
      </clauber>
      <wigwamsPsycho salaams="pielet" poddingPulseDeriver="golfdom">
        <stream>pompanoSium</stream>
      </wigwamsPsycho>
      <brace metisseTarsier="maythesGuardee">
        <rodingVexerManship>neossinDaffishChrysin</rodingVexerManship>
      </brace>
      <yamelPondman enroughCurpinQuokka="gossSorbile">
        <tirage>1151904</tirage>
      </yamelPondman>
    </posers>
    <belyForedo>
      <prexes>sourlyPeerlyAbaser660</prexes>
      <rigs commaRegUnlook="choutRefectsSpinous">
        <lislesPorkpen>xmas524</lislesPorkpen>
      </rigs>
      <fingianVivant mariErneUpheave="psoae">
        <frabous>logworkCurtana</frabous>
      </fingianVivant>
      <blite auxesesEmigateAngaria="cyanusSpannelEndured6" assi="cardedYondGaucher">
        <clapCougarsMots>cutlet</clapCougarsMots>
      </blite>
      <rechipTutees stiteHussarSears="gucked">
        <loosestElevatoMonest>adead52</loosestElevatoMonest>
      </rechipTutees>
      <tony smuts="unmiterHookumRearray" garad="yoghsTanakaDopier">
        <sundae>overtlyResendsTampala2838</sundae>
      </tony>
      <soberly visierKeitloaPasquin="therapTansies" psylla="swealShouts">
        <festaAnilFosite>16843270</festaAnilFosite>
      </soberly>
    </belyForedo>
    <redealtMer>
      <outreRepique>juncite389</outreRepique>
    </redealtMer>
    <rets godsentNaiviteGays="snider" ruggersLauhalaBalkish="chaja" schmalzDomine="5">
      <swaggiChetif>523962</swaggiChetif>
    </rets>
    <hernant tangham="egrid1264">
      <adverbsNebbuckGuglets>1247947</adverbsNebbuckGuglets>
    </hernant>
  </naeSpilomaWinrace>
  <nuchalPoditic wikiup="sutteeKankrejRobbers" pharosChindee="87755382" faerie="1036" mudirFaunist="slaggedTumored" />
</ofoTronerStripe>