<?xml version="1.0"?>
<extund>
  <karluk maryArgyrol="hutia" gamingsCoshersKetubah="kremlinOrvieto91" ensued="awarn73" />
  <talcedLounger foisted="avocet" guglet="abpAmarthRua" />
  <separteAbsurd ampullaCashelTramell="repruneSumo" bsf="coucalTabiRacisms" ureticDone="17193" besting="dagoBah">
    <epoxyVagantiAntlike dicktyBretonHeptite="atomicsScout5" boards="henismGainstParte">
      <encystsEschew>grosserSepiaPrep</encystsEschew>
    </epoxyVagantiAntlike>
    <roupilyPlashedGringo>
      <meropic>leaversRipgutCoss</meropic>
      <parkerEdeagraFanweed syllabiWalnutAuloi="uramil">
        <estive>quetch</estive>
      </parkerEdeagraFanweed>
      <slapped situps="rajas" thammuzMilrindMellite="thetic">
        <compsTummerSmokier>evangSeizedOras</compsTummerSmokier>
      </slapped>
      <solazziThence>
        <arjunNunnariFoolish>spokaneRheenCautivo14</arjunNunnariFoolish>
      </solazziThence>
      <fitly snare="354565" twirlerScrobFlowed="445">
        <eschews>skelpitAutistSapling</eschews>
      </fitly>
      <unsonsyShacko>
        <pardieu>sightenKuldip</pardieu>
      </unsonsyShacko>
      <boscage>
        <inradiiCerthiaThetin>puffyAboilHeikum</inradiiCerthiaThetin>
      </boscage>
      <glaivesPenitis kreaticFolky="greying" giliakAftwardDayward="701">
        <ledgersPignutLir>ejectsVicaPekin3</ledgersPignutLir>
      </glaivesPenitis>
    </roupilyPlashedGringo>
    <onymizeCoaxer englynAdeemsRebuts="etymons" teheran="hasan">
      <moueMisdid>3066</moueMisdid>
    </onymizeCoaxer>
    <crawls shakaPiddlerGingely="6">
      <uncomptLiningsTripped>57258456</uncomptLiningsTripped>
      <monadic rays="8528703">
        <forbore>90869141</forbore>
      </monadic>
      <inulinsHaughKhet throuch="blayneImpeded">
        <bettedVolcano>flawnCrea</bettedVolcano>
      </inulinsHaughKhet>
      <restfulJungly>
        <chartae>villageMidbodyByrlaw</chartae>
      </restfulJungly>
      <shapierRowdily resnubCaribe="tomrigSuppleClick">
        <shoaledKurusReplans>malmseyBounden</shoaledKurusReplans>
      </shapierRowdily>
      <carty>
        <goggles>651</goggles>
      </carty>
      <outseekAmens morganYerks="maureen865">
        <hellers>3841</hellers>
      </outseekAmens>
      <dispartInures raifPulsar="439" plutonsCommandCestoda="perplex3">
        <cowroidSirship>meetsOsierBisque</cowroidSirship>
      </dispartInures>
      <cologsPeisingUnlit kloesse="scalage" pechanKeelvatFeyest="meaderSwacked">
        <bassesBegums>woadwax8427</bassesBegums>
      </cologsPeisingUnlit>
      <flyboyCotted doubterCliveKomarch="pegaFaylesScrive">
        <capsian>41</capsian>
      </flyboyCotted>
    </crawls>
    <zuluAbmho>
      <simars>doc</simars>
      <palinalDeceits masora="181953169" punchyBikhMotley="percipiDulled">
        <iceni>flagmanForlay41</iceni>
      </palinalDeceits>
      <tunnage likestMureProto="mootersCrackle" basteFevered="bivalvePresulUnpoled7">
        <secours>unrebelOaklingMisenus8593</secours>
      </tunnage>
      <closishBracae>
        <nappeDaubingTenon>4590044</nappeDaubingTenon>
      </closishBracae>
      <polyadFlavourWhereis murals="bitterDefoams" cofoundIdol="rodsmanDebiteAga1">
        <flumpsQuondamMoulder>98</flumpsQuondamMoulder>
      </polyadFlavourWhereis>
      <armlessLactifyBeiges>
        <vespaEyeflapCouncil>342</vespaEyeflapCouncil>
      </armlessLactifyBeiges>
      <phobiaSwamies duomoAnomiteDower="citoler">
        <appalKeel>psoitis20</appalKeel>
      </phobiaSwamies>
      <zonesRiftyBeworn termal="apar">
        <kibbehAleyardLensman>slathBonksCentums</kibbehAleyardLensman>
      </zonesRiftyBeworn>
      <gaatchStreeksRameous matzoonPodex="9">
        <escarp>ailanto37</escarp>
      </gaatchStreeksRameous>
      <anomerDecantMachogo addyNummary="readied">
        <nucelli>petkin</nucelli>
      </anomerDecantMachogo>
    </zuluAbmho>
    <quintinHurtyRebuked unseenSwarveBonny="canzoni" eliaSeponeUnangry="95">
      <slatyFreir>scaleneSory</slatyFreir>
    </quintinHurtyRebuked>
    <clapnetBesses daurnaExsecVowels="wanderSchmo9" erratum="corbe">
      <misplayRavagerDuly>156</misplayRavagerDuly>
      <rarioraTalpifyBpi>
        <laxatorWasAfore>unpuredHype</laxatorWasAfore>
      </rarioraTalpifyBpi>
      <dixyFriezer bluethGulph="25912">
        <jawanGadbushGleit>542159022</jawanGadbushGleit>
      </dixyFriezer>
    </clapnetBesses>
  </separteAbsurd>
  <amasClavers rehears="modioli" wonnerTysteSlakin="ungreatSheitanSlosh" />
  <tristGrew mailedLepteneScorify="clickSouush" />
</extund>