<?xml version="1.0"?>
<rerack>
  <tortureFiascoBandies accoyAgarum="141765048" mannish="179518327" upbend="lalaqui" publHawiyaBabudom="col" />
  <disemicUnplied facts="capanna36" spavins="2036436">
    <peacingPyrazinAerogel>
      <lemnadAndhra>2305171</lemnadAndhra>
    </peacingPyrazinAerogel>
    <embodyPatrixAquas valutaEspies="splints" sinapicPulperStander="ideVrbaite">
      <calvishGrobian>consarn82</calvishGrobian>
      <lnr>
        <coarserSeaterNyanza>gigget</coarserSeaterNyanza>
      </lnr>
      <taxerFogbows oleicHexers="poaBealaLantana6979">
        <shacklyFacaded>mellaySpiesAurist</shacklyFacaded>
      </taxerFogbows>
      <koosinTorts hardenHumoral="hersirJewellyDents">
        <round>vagrateIvywortStythe</round>
      </koosinTorts>
    </embodyPatrixAquas>
    <wrive gallnut="65576" campagiYules="pulsive">
      <bagdi>cubane</bagdi>
    </wrive>
    <unswung ductingGladiusEtagre="ordainTeutonUnduty" somersWhims="siryanVomicae">
      <amapaVentilDhoul>wentleDiemParrals</amapaVentilDhoul>
    </unswung>
    <heavyMedine cornilyLepas="7808" shew="storgeBattuteGamins" niacinsGaursBedroll="ajowanNought">
      <miamiaHemera>latrialPolyped</miamiaHemera>
    </heavyMedine>
    <pipper>
      <slakeEnate>509595433</slakeEnate>
    </pipper>
    <memoryGunatedAmylose>
      <cunilaPards>bookful</cunilaPards>
      <wrayAddendsCaro canardsSandhis="neozaFennish">
        <conveysStylli>betrapLogways</conveysStylli>
      </wrayAddendsCaro>
      <smokier piezoPairt="abrimUnsolid" beheldBoyau="boundsMumness">
        <restyToutedIdeist>mallum</restyToutedIdeist>
      </smokier>
      <asthenyRimLoggats khatIntake="tailor" baryeBattues="dislimbSeeking">
        <turquetDearly>coigue4</turquetDearly>
      </asthenyRimLoggats>
      <desuvre graciasReringDeiced="leapful">
        <asylumsMachogo>wrigley81</asylumsMachogo>
      </desuvre>
      <baying leucine="mobcaps" swarveLateralPooris="goniac">
        <candilDurax>106</candilDurax>
      </baying>
      <podagraWooliesHocky aubreySliteWorts="swiften" instepColorer="showdUreasAlders">
        <guenepeFlawnTinkled>589</guenepeFlawnTinkled>
      </podagraWooliesHocky>
    </memoryGunatedAmylose>
    <weetyMitredSprig>
      <epoxiesGibier>crisisRivals17</epoxiesGibier>
    </weetyMitredSprig>
    <heatingPiquantVerre>
      <fotchEpidermFenite>gratia</fotchEpidermFenite>
    </heatingPiquantVerre>
    <faciasAzulite>
      <bipont>longedScraily</bipont>
    </faciasAzulite>
    <chablisTepee exosmicMillet="celledLubrifyOat">
      <passkeyForwent>shovel</passkeyForwent>
    </chablisTepee>
    <shuggy>
      <pazareeWeneTorfle>15</pazareeWeneTorfle>
      <joshers enterConvert="2324601" vienna="mauled1104">
        <silvae>ulonataGliosa</silvae>
      </joshers>
      <minbuActious>
        <zaqqumCwms>curupayGaper</zaqqumCwms>
      </minbuActious>
      <bilkerBlindlySulfion salliesOvertax="nurl" dolphusCoopee="pencelsLoanTerms">
        <realgar>chillerBookfulContact</realgar>
      </bilkerBlindlySulfion>
      <russellGazabos madonnaOriolus="oracleDoubled" howfsSutures="acclaimMeasleThumby54">
        <threadLumpAspasia>gashlySeguingFibdom</threadLumpAspasia>
      </russellGazabos>
    </shuggy>
    <hushedEldAnoles sementEsteemsAdaw="deposeArcade" xyz="trumper" cabaaLhiambaHeitiki="7283501">
      <quesalJudgersElogy>romauntTaky</quesalJudgersElogy>
    </hushedEldAnoles>
    <friesicWeapon macusiBeamageLambies="tracesGypsiedParks">
      <wivers>quinseArgle</wivers>
    </friesicWeapon>
  </disemicUnplied>
  <kisang grolier="ump" />
</rerack>