<?xml version="1.0"?>
<gorgonUpwafts>
  <torpors kochiaGlazilyProach="83898" togsGloppy="cutawayGogoArmings" pintado="orielsDesert8" />
  <euripiPoultPhenyls induesLargeHexapla="pomey">
    <locoed>
      <grittieAmbroid>uncoked</grittieAmbroid>
    </locoed>
    <burrockGainsay>
      <agileLymphad>7224231</agileLymphad>
    </burrockGainsay>
    <dosa>
      <pistia>62228</pistia>
    </dosa>
    <macumbaJustus>
      <scapulaQindarsSeeking>litterGeek</scapulaQindarsSeeking>
      <arrisGannets>
        <deisticKneed>bowerlyPattaraAnciens</deisticKneed>
      </arrisGannets>
      <bazigarSlakesRedying pepsine="baviusEidolonRethaw">
        <epimersBokomUncheck>1932</epimersBokomUncheck>
      </bazigarSlakesRedying>
    </macumbaJustus>
    <iddatRhesian>
      <talaje>410684170</talaje>
      <patta>
        <nucule>preactsGlomeliMugient</nucule>
      </patta>
      <mahra embaysSqualor="66630132" atteryIndeed="graBaizedReshunt">
        <thacker>jenkinSergt</thacker>
      </mahra>
      <esslingDikerRowels matacanAvertinDravite="81" fermacyWhample="inferno">
        <matricSlartYahwism>sectileLenthLaiose</matricSlartYahwism>
      </esslingDikerRowels>
      <cabret vesicae="bairns">
        <sagraWairLibri>2711</sagraWairLibri>
      </cabret>
      <shotterRiverlyLangite>
        <smalterCreakyAsquint>disrayChauth</smalterCreakyAsquint>
      </shotterRiverlyLangite>
      <mohism burlersGoodbyeGloboid="gluonParens3" arointsDuncesCortes="decklesJaping">
        <pilloryConc>nipmucSwineryBasify862</pilloryConc>
      </mohism>
      <psychosErodentEss>
        <iodalOrarionSwotter>sets</iodalOrarionSwotter>
      </psychosErodentEss>
    </iddatRhesian>
    <heighDreeOverdye>
      <tenendaSkiff>conchsWishers</tenendaSkiff>
      <helve boyarCavilsEndotys="basting">
        <rockabyDissour>3821</rockabyDissour>
      </helve>
      <ashine surpassJudogiEloin="pindaTolanesLava" charily="846">
        <wolfdomSerau>932378142</wolfdomSerau>
      </ashine>
      <sowable stangedPomposo="enfumeTallitTarsias595" kuanCuspalEnvine="97388">
        <favorDodd>ancientBrewst</favorDodd>
      </sowable>
      <followWallachTingis zaribas="52" fitches="viggleAsklent57">
        <recentSmokos>bruchusEvade</recentSmokos>
      </followWallachTingis>
    </heighDreeOverdye>
    <murkily>
      <hogmaneCreelTriller>808969410</hogmaneCreelTriller>
      <chinosDexShtchee spilthRenish="burrers">
        <soldansCogmen>misdrawQintars</soldansCogmen>
      </chinosDexShtchee>
      <noosedShahi puddlesLenoraDespite="potable" twinyReshoe="prorsadWallise">
        <stridDiseur>wyveTurtle634</stridDiseur>
      </noosedShahi>
      <pterinCaseinMoaned>
        <loge>unbelts59</loge>
      </pterinCaseinMoaned>
      <ephaKebabBisalt kapa="nada" thrummy="kentonPortate">
        <askTerraTheists>57</askTerraTheists>
      </ephaKebabBisalt>
      <looselyMartens mucaro="cindie">
        <airfoilPassay>gunport</airfoilPassay>
      </looselyMartens>
      <caboclo>
        <thrallsSpicier>alerseMassula</thrallsSpicier>
      </caboclo>
      <deedMatsuriMazut firetop="girlandDecadic" pursilyNabisLown="tiptoeJinchao">
        <subways>sansarsReuniteUncast</subways>
      </deedMatsuriMazut>
    </murkily>
    <scornerBlokesPauser>
      <direcly>petuneTrypsinTrends</direcly>
      <garbing nicherAdversaSoon="193926">
        <libraeBaronet>lifer</libraeBaronet>
      </garbing>
      <tuppingFreezesBottier mewingBombesOrthose="waapaSkewers">
        <washesJazzers>petrineFeralSeeping</washesJazzers>
      </tuppingFreezesBottier>
      <unleftFaintlyVirus losersWhitenAix="strowedSommite8868" biancoLithateBricked="manboteSwither">
        <lurdans>jaggsClammerChimlas</lurdans>
      </unleftFaintlyVirus>
      <adoptLogionCerebri bossesCampa="oryxesRipieno" theelolTrident="geldedCobbersScones">
        <jacamiSabino>rattrapNumac</jacamiSabino>
      </adoptLogionCerebri>
      <ghatsSquama eggroll="vallotaZonic">
        <vausWalapaiResplit>hattedYawpedPhoney</vausWalapaiResplit>
      </ghatsSquama>
      <iofWinceLimby tautaug="zincidOyers" binderPeganumThecla="2">
        <thete>shinersSigh</thete>
      </iofWinceLimby>
      <synodalPloveryBlahs>
        <aery>pacesNervous924</aery>
      </synodalPloveryBlahs>
    </scornerBlokesPauser>
    <hint>
      <deavePhotogJogged>270727</deavePhotogJogged>
    </hint>
    <escheatCoolerConvert bermes="sondes">
      <epinaoi>nornReliqueTwitted</epinaoi>
    </escheatCoolerConvert>
    <sopites>
      <exogenyAmia>jackashBepinchAnnulet</exogenyAmia>
      <dyinglyForme>
        <cogueOvestReships>cariedGoggaSieva4</cogueOvestReships>
      </dyinglyForme>
      <rhagoseCiters>
        <presageWinraceTaunt>opusVenta</presageWinraceTaunt>
      </rhagoseCiters>
      <topsail anosiaLovably="khankahSnowl" glumBrawlys="78703190">
        <outfledErr>7000073</outfledErr>
      </topsail>
      <virileDowserRumpot sculshPecksTabi="coweredUrushiSacaton">
        <gordianUndoseTutelar>marqueeGillot</gordianUndoseTutelar>
      </virileDowserRumpot>
    </sopites>
    <spikedCanchas spurtFrijoleCraaled="233" creel="nuthookSuedesFeaked">
      <jayvee>quarred</jayvee>
    </spikedCanchas>
    <nestersPinnula>
      <totemMuraled>uncomeEmlen</totemMuraled>
      <pegmanAbesseQuashey punky="66">
        <shirts>bursas</shirts>
      </pegmanAbesseQuashey>
      <skimoStrewRarebit synuraDowryGingle="awaitedCressetReapply" boroniaBownSissu="sapotePortato">
        <penniesUnsaked>roamBemottoKayaks</penniesUnsaked>
      </skimoStrewRarebit>
      <rackersCanela>
        <chikaraLordan>elatorHanged</chikaraLordan>
      </rackersCanela>
      <bildersManjelSylph calombaChaouaAminase="confineAmelu">
        <wypeBoukHouhere>versingGars</wypeBoukHouhere>
      </bildersManjelSylph>
      <aways zealotsHiatal="kaibab">
        <thronosVolyer>pickoutPimelea</thronosVolyer>
      </aways>
    </nestersPinnula>
  </euripiPoultPhenyls>
  <carotteSnoozes pectensPercheHerbid="giloSilence" kichel="myopies" colmose="odalComital" />
  <sirmarkCrumbly noah="corinthRatlinsGigger">
    <pintailKnell effatum="approve" vougeSaggard="gumshoeIckierDoblons" druxeyCrepon="okta">
      <lubraFerther>chromedAinsell</lubraFerther>
      <lunierSluer cedesKharaj="osminOxskinQuest" utinamTomial="upholdSawwayLacto">
        <drapeKorait>dumperKharCliffed</drapeKorait>
      </lunierSluer>
      <marok linderAnconeiTatuasu="anele" joie="temacha">
        <unshoedDhoti>randellMpg</unshoedDhoti>
      </marok>
      <ackeeWhissonNorn enroughTrap="myops" engrossTetras="gloams6">
        <dinkVss>morosis</dinkVss>
      </ackeeWhissonNorn>
      <akoasmaOchreaStooled gajKrithiaTeuton="securedEyebree1981">
        <wheezerBiogas>alphardLikersCrepis35</wheezerBiogas>
      </akoasmaOchreaStooled>
      <mangour>
        <royale>dumbed</royale>
      </mangour>
      <succiMasha leftism="painingIkona">
        <yazataBuzzier>46309</yazataBuzzier>
      </succiMasha>
      <slabbedSavarinCollops premold="regin">
        <bearcatStopgap>pondokVienna</bearcatStopgap>
      </slabbedSavarinCollops>
      <themesVawntieJactus risqu="tearletCausesSupple" skyphoiDylan="396">
        <invoked>sacrumZiplessOutheel</invoked>
      </themesVawntieJactus>
    </pintailKnell>
    <whestenJoyanceHonk>
      <guileDey>103318992</guileDey>
    </whestenJoyanceHonk>
    <reeled>
      <parkin>4706640</parkin>
    </reeled>
    <mammetPummelsKinsen>
      <sekaniTripyShorty>wobblySorrierCerago</sekaniTripyShorty>
    </mammetPummelsKinsen>
    <relink>
      <becharmLaith>rewarn11</becharmLaith>
      <cit truestDennet="grigSlickImpis">
        <dyak>trocheeMink</dyak>
      </cit>
      <idlesetMistilyHumor hellyZoniteTypier="lesserRevokes" yakonaUnkist="mozosNiveousAmphib">
        <formismQuinize>atwitch</formismQuinize>
      </idlesetMistilyHumor>
      <jocoseChelloPosted curaraSayableYacare="986" scarfedStouten="relimeTalckyBequote97">
        <chitlin>bedded5454</chitlin>
      </jocoseChelloPosted>
    </relink>
    <mirishAidlessLoos>
      <pink>bemealGuipure</pink>
    </mirishAidlessLoos>
    <axmaker>
      <sugarsStollen>8583</sugarsStollen>
      <beray slipedStutter="towson173" bajoccoTared="antipotGlashan">
        <sheikRume>glazerOlivile</sheikRume>
      </beray>
    </axmaker>
    <coifs conveySarsensEctype="thowt">
      <ariose>squills1</ariose>
      <mensk gepeooMayflyTakosis="ictonyx489">
        <sagiestCentiar>1294448</sagiestCentiar>
      </mensk>
      <beant>
        <pocosin>axleDourade</pocosin>
      </beant>
    </coifs>
    <mech>
      <diobely>rapid</diobely>
      <cotidalChaute swarferAtman="tupaiaOmentaSlope" akroter="707539542">
        <yamLanders>decanol555</yamLanders>
      </cotidalChaute>
    </mech>
  </sirmarkCrumbly>
  <loathed artiste="beira" sorbinKokamaAcmes="91023">
    <dardanJetsomJuice hoyPyropes="39130285" aleuron="deafishMicastIndusia" unluckGotched="threePugdog">
      <unethicPatacaoBandura>eyeful</unethicPatacaoBandura>
      <rarely chirrsSunn="tute">
        <imagine>sittee</imagine>
      </rarely>
      <mammeyGelated>
        <churnTauriniSheng>churled</churnTauriniSheng>
      </mammeyGelated>
      <iodism>
        <mesallyOctuply>plisse</mesallyOctuply>
      </iodism>
      <tabaretNidEthan flexity="juniperCheng9" detroitBicronsRoulade="famulusBelookGritty434">
        <basely>operon</basely>
      </tabaretNidEthan>
      <jesperHoulet luxatesLeewillIdiom="ferioTampur" ghettoMajosSones="23">
        <liquify>cyrillaSpikesAlpieu</liquify>
      </jesperHoulet>
      <gittiteTurfdomArmlet dackersFaiteryRiggot="roamer">
        <robles>kennyRelies</robles>
      </gittiteTurfdomArmlet>
      <depucelAnepiaGros>
        <futhorkPlies>samsonGimbriImpose</futhorkPlies>
      </depucelAnepiaGros>
      <fracheQuintes roost="parial">
        <abbessTampala>pampersNonaneDuskly</abbessTampala>
      </fracheQuintes>
    </dardanJetsomJuice>
  </loathed>
  <bodicesCumular tubas="infloodBaizaEdwards" />
  <shareef abhorsCalmed="reedenParidae" paeonia="foetorPeweeKudu2" />
  <fredOvules oursFetalHallali="lairds" />
</gorgonUpwafts>