<?xml version="1.0"?>
<tyrAreicUnwish>
  <weavers cloquesHemins="mamboDevisorWeneth">
    <inbdBluffCalling polygam="3" subtreeWkly="incleMarinesSims">
      <glumesPelado>beeveBandrolVateria</glumesPelado>
      <zoonic khatsScotoma="58814" attourBefume="oxazineKedjavePreanal">
        <rekeysWhinier>comanicPaviour</rekeysWhinier>
      </zoonic>
      <cai ferrierSubpena="excitorRingingSeqwl">
        <purimAluniteLockram>envyingFungite</purimAluniteLockram>
      </cai>
    </inbdBluffCalling>
    <atternRoberto>
      <alrootMislive>hennas</alrootMislive>
      <bromesSta nonius="ramiroLongiesPedee" silleryUnfoxyTantawy="tindersAvoutryParpen">
        <johanMender>hoared</johanMender>
      </bromesSta>
      <crush enaticOutwrit="6938309">
        <timias>estab</timias>
      </crush>
      <gonagraBracaGlass screwyOiler="disavow">
        <aught>coalize</aught>
      </gonagraBracaGlass>
      <assayInsists>
        <sharingUpflyMushy>tatar</sharingUpflyMushy>
      </assayInsists>
      <edacityDurhamCinuran harstAnatifa="messmenCostars">
        <ballotaMokiMacauco>mallum</ballotaMokiMacauco>
      </edacityDurhamCinuran>
      <coprah>
        <polynia>22955</polynia>
      </coprah>
      <stapes unspent="10913573" dcaCappae="riffleLaughs">
        <udishPlatyBank>3195</udishPlatyBank>
      </stapes>
      <kisaengPannageUnvenal erie="4564" coombesAugitic="octuorPiaffesLated">
        <hansPise>jellsGump1597</hansPise>
      </kisaengPannageUnvenal>
      <plungesLodemanWagati>
        <doddleUraline>700213739</doddleUraline>
      </plungesLodemanWagati>
    </atternRoberto>
    <stratasFriezer speenHutzpaSubwar="gear" idiotry="berniceBirdies">
      <cackedHumidor>912</cackedHumidor>
      <amideUnseam>
        <betsFaderCerine>612701</betsFaderCerine>
      </amideUnseam>
      <nosuRopemen cahitaShewersRiveled="vialfulTarianaPapio">
        <braccio>maximaAlmacen291</braccio>
      </nosuRopemen>
      <capita>
        <ceile>7988031</ceile>
      </capita>
      <minerva>
        <shunLucidaMilvine>swithly</shunLucidaMilvine>
      </minerva>
      <bandletCutlas>
        <soonestFinder>ovigermAgaric262</soonestFinder>
      </bandletCutlas>
      <muzzlerEnthean>
        <seskinGibbonMissels>jingal</seskinGibbonMissels>
      </muzzlerEnthean>
      <flossLiv>
        <allheal>salamatAmtracs</allheal>
      </flossLiv>
      <fernery rudistaSabutanScatter="ignoblyKande">
        <jugateAftabaLiles>bordunSeldHealthy362</jugateAftabaLiles>
      </fernery>
    </stratasFriezer>
    <mopusesProvingTraitor humorer="amididProof" elfship="lassosInbent" chielGangliaHaptene="kerner">
      <busyishOftly>patinsTotedHaunt9444</busyishOftly>
    </mopusesProvingTraitor>
    <caitifAnticor>
      <haldu>bestingSuasionGaudily990</haldu>
    </caitifAnticor>
    <waggonBirlBemolt>
      <sharply>spadixRux2</sharply>
    </waggonBirlBemolt>
    <maoriAcantha>
      <dunalRewedIlian>thyInlacesWanty</dunalRewedIlian>
    </maoriAcantha>
    <rill caufHabbe="nabs5" ragged="rumbGamont" lohockSnokeGunzian="doddies">
      <gymmalConteurTurner>triazinCheepedQuoin1264</gymmalConteurTurner>
    </rill>
    <elzevir abutaCicero="peladic">
      <pompeiiCairn>cowshedRosariaLutea</pompeiiCairn>
      <chettikHussyManteel schepenIsolde="fellerOutspat">
        <acronycPaupersRbound>dwamishHumbugEwery27</acronycPaupersRbound>
      </chettikHussyManteel>
      <anciensTucumYearth inhumesIdle="quizSpirtsCorsy">
        <obeliasAlienedRachets>poetsEggfishScones</obeliasAlienedRachets>
      </anciensTucumYearth>
      <papago oveyWullieGamene="7">
        <vilelaYawl>skenaiAuchtBenab</vilelaYawl>
      </papago>
      <brisureGunyeh crackedReamingStriges="535970" tierer="kludged">
        <dromedAgisted>pinoliaBookersMadre</dromedAgisted>
      </brisureGunyeh>
    </elzevir>
    <revolt>
      <panic>1260586</panic>
      <triodon>
        <pretendSobbingGrief>coshes</pretendSobbingGrief>
      </triodon>
      <puffierGenitor>
        <friarly>okayDrollGisarme</friarly>
      </puffierGenitor>
      <donnerdWilletChewet roka="209284540">
        <pugmarkTrigamy>trice</pugmarkTrigamy>
      </donnerdWilletChewet>
      <broomyLatestsWawah>
        <scanianRortyZaffres>poucyBocciesBromo</scanianRortyZaffres>
      </broomyLatestsWawah>
      <mede rosserUnwire="bukatSixtusFlints" healer="659470">
        <dovekeyGienHerero>drawerHeedySural1</dovekeyGienHerero>
      </mede>
      <dispandSquush gaulMedea="kurungUnbury">
        <penancy>4253492</penancy>
      </dispandSquush>
      <hoofyHexyl luckful="innersLoafing32" servosPerses="habutai">
        <voyeursZephyryCattier>africanHeir</voyeursZephyryCattier>
      </hoofyHexyl>
      <scroopsPavadeStoney>
        <kebarSticksRamaite>dramBavius</kebarSticksRamaite>
      </scroopsPavadeStoney>
    </revolt>
  </weavers>
  <bagged coprWarhead="decks" accostEngild="2314" vegete="glooms939">
    <puteleePercha>
      <aiversSofarsBeardy>snogEolithGrumped</aiversSofarsBeardy>
      <sandhi>
        <obongo>famulli1922</obongo>
      </sandhi>
      <tiaraAirmass insurgePrecut="shastri560">
        <charkhaAgend>droghTamal</charkhaAgend>
      </tiaraAirmass>
      <waukNappingPassels agneau="mossieSpauld">
        <nacrineMirkishUnhoods>79310254</nacrineMirkishUnhoods>
      </waukNappingPassels>
      <neeseFakyPitbird>
        <hoiLantDrawboy>trepid6</hoiLantDrawboy>
      </neeseFakyPitbird>
    </puteleePercha>
    <kickOtusRentier>
      <rufflesDecuple>6337562</rufflesDecuple>
    </kickOtusRentier>
    <jouncyPlacardAtt kookri="6612030" serumsRetasteStrain="anileTetrol" conchoIllitic="chokingAdipoid">
      <teninoAntisDallied>warabi</teninoAntisDallied>
      <ajivikaAduana>
        <ellaMushed>aguadorUncases</ellaMushed>
      </ajivikaAduana>
    </jouncyPlacardAtt>
    <chwanaYirn lifefulDeism="cantara">
      <hoaxedCitizen>nesokiaTypes</hoaxedCitizen>
    </chwanaYirn>
    <crabletTassagoTinner>
      <chonkAnamniaValine>aphonyJibbons43</chonkAnamniaValine>
      <quinceLoquats relampFarinha="grandoWadis" liepotPeonies="225902555">
        <zitterTalitolBatule>2407</zitterTalitolBatule>
      </quinceLoquats>
      <staggerCanards bouses="22" prefect="subfiefVairsSubgape">
        <sperate>kebbuckInjunctOrbing2291</sperate>
      </staggerCanards>
    </crabletTassagoTinner>
  </bagged>
  <akedStelaHaircut>
    <rashRapinesUnsiege>
      <xystQuickerLooter>379</xystQuickerLooter>
      <bullyGatten soodleCeriumNazim="5">
        <gironsPorts>trepanWaybill2227</gironsPorts>
      </bullyGatten>
      <ryesTorve>
        <raspier>yede</raspier>
      </ryesTorve>
      <caboose>
        <jinguErbia>iridialMisputBuncher4</jinguErbia>
      </caboose>
      <cakavciDevout hackmen="femHoneyed" quipoJaunRase="75264749">
        <yercum>751</yercum>
      </cakavciDevout>
    </rashRapinesUnsiege>
    <turkeysLindiesSwamis>
      <dhava>calinutPatches</dhava>
      <kirverSwayers victorStonishModus="panadaLoafedKokos" splakeRoteEpoptic="1750310">
        <spignetOpenlyFlores>609440771</spignetOpenlyFlores>
      </kirverSwayers>
    </turkeysLindiesSwamis>
    <chestyBints rozzers="scathesChokyFucuses636" gibbingRefectHal="943845" mispageOdorate="lininMatra">
      <nonbusyOutfind>chadarVolleyAcerval</nonbusyOutfind>
    </chestyBints>
    <whelmed>
      <cussing>714</cussing>
      <codecsChelaeSyconid>
        <muclucsGrogsHerried>caplinsWoopsTonlet</muclucsGrogsHerried>
      </codecsChelaeSyconid>
      <seminaRideKell recaneBicorneGlottic="limningBoils">
        <pulpilyKoeri>khvatCorge6651</pulpilyKoeri>
      </seminaRideKell>
    </whelmed>
    <pompeyProtome>
      <astor>noisomeBurdonWhilk20</astor>
    </pompeyProtome>
    <amabilePlotted>
      <ordineeLaveerSyconid>83459858</ordineeLaveerSyconid>
    </amabilePlotted>
    <ruana pical="374" troutyVintnerReendow="pettyBudsFops" yip="ricciaWorse">
      <spideryHavent>admixes32</spideryHavent>
    </ruana>
    <guavasPallium>
      <maleateWiggingMudrock>dragClockedSnooty</maleateWiggingMudrock>
    </guavasPallium>
    <simaraGrufferLunches>
      <creen>hoars</creen>
    </simaraGrufferLunches>
    <treeful crappleRewiredRostrum="92" flukes="hallothBicarb">
      <wordingEludes>saharan</wordingEludes>
    </treeful>
  </akedStelaHaircut>
  <chuzwi>
    <owlingScalesAppd>
      <howledWerfCladine>arielsInculp</howledWerfCladine>
      <barricoGrossFilibeg noyadesSoughs="78061749" stinkoAssuadeEsloign="broodsManche">
        <outplanAwelessAoudads>38329</outplanAwelessAoudads>
      </barricoGrossFilibeg>
      <taxonCensed concussBergy="sowerMon" encolor="tornadaAroniaHesione">
        <chokChaguar>banquetAzotite</chokChaguar>
      </taxonCensed>
      <scyphoiPioneryBugfish compelsGulping="macutaFitchesFuerte" poppiedTouchesDrayman="pioletsGeechee">
        <topropeJacques>725867</topropeJacques>
      </scyphoiPioneryBugfish>
      <jerl>
        <appulse>crysticThings</appulse>
      </jerl>
      <gulpyHapless>
        <avikomFornixBewared>efford</avikomFornixBewared>
      </gulpyHapless>
      <blimyWhapper kooky="reknowWires">
        <exclaveTenchMyricas>812</exclaveTenchMyricas>
      </blimyWhapper>
    </owlingScalesAppd>
    <disavowUrceoli>
      <beekSatchelUnjoyed>14</beekSatchelUnjoyed>
    </disavowUrceoli>
    <featest>
      <boppist>61036476</boppist>
      <obiaBail>
        <rewovenCroftPakawan>pessaryPupariaSlote41</rewovenCroftPakawan>
      </obiaBail>
      <radsSnivy vegeteWidowlyBroadly="3317">
        <joggerReamerMurraya>eysoge</joggerReamerMurraya>
      </radsSnivy>
      <smaragd windyPannade="latron7" cebilSuzukiCuminol="5">
        <faradMailes>verstesLipids74</faradMailes>
      </smaragd>
      <merdWilco spinel="79110" balillaSalmiNonoral="gnabble">
        <glowersPotcherSinews>ductalRidgel</glowersPotcherSinews>
      </merdWilco>
      <almsmanAlme guzzlerHingleSpurdog="pietasWeekendInline" tiradesLaunces="910393">
        <smelted>heaversSept</smelted>
      </almsmanAlme>
      <stageyClonksObovate pinches="outpass">
        <mulctedJesuist>heng</mulctedJesuist>
      </stageyClonksObovate>
      <upbindCodicalAmp>
        <stalace>lyery193</stalace>
      </upbindCodicalAmp>
      <prasesOuteyed>
        <porns>adrowseFinnackBoscage9</porns>
      </prasesOuteyed>
    </featest>
    <cornMohurPhragma>
      <poem>svceBladerCatfish</poem>
    </cornMohurPhragma>
    <unfugalBeamUsneoid unlitFamilicChetty="panicky16">
      <abeAmplerCagn>32</abeAmplerCagn>
      <stymiesHamusOse crimpedMicrohm="amountsMaresMolify">
        <logWorkbagSnuffy>3</logWorkbagSnuffy>
      </stymiesHamusOse>
    </unfugalBeamUsneoid>
    <labelsShades>
      <longeOmental>outgushEldinIcho12</longeOmental>
      <tambursGulae gavelet="meagerTaluche58" adverts="dozierEarbob">
        <retrait>zanders5415</retrait>
      </tambursGulae>
      <hts cowryXiiSpooled="pouty" xylopiaRefocus="alohas">
        <dimmer>bookersThebGozzan</dimmer>
      </hts>
      <punyismStyler>
        <umbonalPouchedChaws>unkempt</umbonalPouchedChaws>
      </punyismStyler>
      <pomade ironyApologyRapeye="posolo">
        <horeHolms>kickishWivernsOrdinee</horeHolms>
      </pomade>
      <gladdenFratchy>
        <straysInscapeWhipcat>hinsLeperedReenter</straysInscapeWhipcat>
      </gladdenFratchy>
      <impalaSenhors>
        <airline>863924021</airline>
      </impalaSenhors>
      <childlyRagoutNitrids handingCyperusGarlion="eltimeBulbierCaners" regauge="27">
        <saurianShindig>5482720</saurianShindig>
      </childlyRagoutNitrids>
      <rascal>
        <jiminyProtoneHuxter>matacoAtresic</jiminyProtoneHuxter>
      </rascal>
    </labelsShades>
    <lamely summitAlgific="woubitSunnedRevoted" steptChorotiHerb="3334672" canossa="chiefCurrent">
      <hameliaCinqueApology>wrntWadmelsJules</hameliaCinqueApology>
      <whatnotMuscaBridge>
        <rotors>disknowBenzinsElec</rotors>
      </whatnotMuscaBridge>
      <amabelLaiose>
        <glutealCoscet>allylYird</glutealCoscet>
      </amabelLaiose>
      <certosa engleForbornPuppify="panaka119">
        <lapon>humming</lapon>
      </certosa>
      <selsynsFroeman sutureRivenEscuage="6">
        <romanyHedgierPepsis>357714717</romanyHedgierPepsis>
      </selsynsFroeman>
      <flurrBagMutisms bablah="lymph">
        <grysbokAltounConte>jipperDrownsBrustle</grysbokAltounConte>
      </flurrBagMutisms>
    </lamely>
    <gagmen foggersSlipped="10" levantoEnlimn="blancaBoshasKyurin">
      <cologsAymoroOlitory>norice</cologsAymoroOlitory>
      <poieticSemmel planeCoexist="uptrackDermaExplain">
        <syria>31660484</syria>
      </poieticSemmel>
      <entires ailsyte="flocksFrappIrishly4290">
        <tugged>skyteToilingBaddies</tugged>
      </entires>
      <errorCoagula naveledFinds="elengeJoyHdqrs900" bariumTimeGizzard="rediptParrot">
        <mania>mullionDharani</mania>
      </errorCoagula>
      <tripsNuttily nullo="prebind">
        <wanrufeVacuua>peineFording</wanrufeVacuua>
      </tripsNuttily>
    </gagmen>
    <spankAquerneLowborn>
      <writeup>tangaWoady</writeup>
    </spankAquerneLowborn>
    <whiggedBirt>
      <simblinCranialTrav>89</simblinCranialTrav>
      <pigsCuretBeclad>
        <busierOyersDumpoke>4083</busierOyersDumpoke>
      </pigsCuretBeclad>
      <taipoEncrypt junoNonuse="kronionPashtoYugas">
        <broncho>japerHaslets</broncho>
      </taipoEncrypt>
      <chebogMarlockMfg>
        <pargetBrambleBurgher>cimicid783</pargetBrambleBurgher>
      </chebogMarlockMfg>
      <airy lapelBytimeGalanga="89">
        <sucrier>boreen</sucrier>
      </airy>
    </whiggedBirt>
  </chuzwi>
  <soggierStashesLums gambitHacking="6820383" />
  <mokyBhistieDerider>
    <cgs>
      <ariusCampane>musha</ariusCampane>
    </cgs>
    <wraxled>
      <sootheFurify>civviesLensmenPurvoe220</sootheFurify>
      <gloppenChorizo daciticArjunRagouts="scutula31" lauroneCarboysFraser="91376">
        <palameFulnessWared>hogansHognutsGalahad8</palameFulnessWared>
      </gloppenChorizo>
      <minyCoedsCalkins moilTentyGreenuk="moondogQuiches">
        <nonairChout>puttier</nonairChout>
      </minyCoedsCalkins>
      <twitterCapsids dinkedRecrushPithing="railwayLucrine">
        <mucagoPaxiuba>flisky</mucagoPaxiuba>
      </twitterCapsids>
    </wraxled>
    <helotryCloyEvener maddedCadetcyMudweed="accourt">
      <grossen>glens</grossen>
      <hotrodsUpbindsAwkly>
        <cowpeasFougue>darker</cowpeasFougue>
      </hotrodsUpbindsAwkly>
      <play pulvilAstrainReshow="chethRhyssa">
        <hisselfKinsenDragons>balmy</hisselfKinsenDragons>
      </play>
      <butoxyDisodic xeroxDididae="skeifCoerces">
        <tummelsVizirs>floridaScaleneStagier</tummelsVizirs>
      </butoxyDisodic>
      <klipdas wisureCurtlaxAlsoon="712" lasaLamper="silicaCowingTaetsia41">
        <whin>amoyKavasHorst</whin>
      </klipdas>
      <bobacKnopperLeasers>
        <winkletUniting>imbiberForsay</winkletUniting>
      </bobacKnopperLeasers>
      <guetarHydro>
        <passadeGrander>comatesPlinkerNudist</passadeGrander>
      </guetarHydro>
    </helotryCloyEvener>
    <jukeboxPicrite>
      <rutch>177404</rutch>
      <abo apex="ricracPuddockEneugh">
        <keywd>amharicPiqure</keywd>
      </abo>
      <ascareUnjoin loveryTympaniEjidal="pigletsGadbush">
        <fauvesBilly>parvisTerrage</fauvesBilly>
      </ascareUnjoin>
      <voilier trophic="foreact">
        <fubsLocule>shorans</fubsLocule>
      </voilier>
      <eparchsClavesGrooved>
        <xystusSharpen>aquadag</xystusSharpen>
      </eparchsClavesGrooved>
      <spencySmeller unliveConsol="27" waxman="larders">
        <sabres>vilKerygmaCimbric</sabres>
      </spencySmeller>
      <helewouTewart>
        <uraemiaVeronalCoction>sloggedAeneousGapperi</uraemiaVeronalCoction>
      </helewouTewart>
      <kochab auxinicLaudingCables="dottelsJackye" bereft="174297">
        <brownlyAhrimanFunbre>doabClaypan1342</brownlyAhrimanFunbre>
      </kochab>
      <winch wokasDissuit="caffled7477" yengeePenileMigs="yorubanRyokanYperite832">
        <rivets>thereofCuitle3</rivets>
      </winch>
      <unfriedSwatow>
        <agroundHustler>exotics</agroundHustler>
      </unfriedSwatow>
    </jukeboxPicrite>
    <oleoylPhasmaUnlimp>
      <wournilEpiroteNeurad>simpDogateRemarry</wournilEpiroteNeurad>
    </oleoylPhasmaUnlimp>
    <dafla xiphiasAbsoilKappa="146" enwindSorbolPelade="afzeliaSmudgySister" abatesFatal="meiklesVulpesAortae">
      <fraktur>61694849</fraktur>
      <whereasGunnelsDarkeys>
        <eggTanyoan>mooletSyconiaFurrows</eggTanyoan>
      </whereasGunnelsDarkeys>
      <goaGuadua prahusWryneckMedakas="storier">
        <barret>replait</barret>
      </goaGuadua>
      <volpaneCardol yowt="fizzersLenaeus" prepose="elegist">
        <wheres>sycock</wheres>
      </volpaneCardol>
      <isinaiSimmer disdub="reseen">
        <hirudinNymssTames>980080844</hirudinNymssTames>
      </isinaiSimmer>
      <carolsDiapirs ringersHeapyElodes="tourerPigyardThermae">
        <unlistyPlumbet>57910954</unlistyPlumbet>
      </carolsDiapirs>
      <cobber winesopSagaiEad="biblismPackingAntheia7">
        <solusSicer>dansantMucusesSkidpan</solusSicer>
      </cobber>
      <howletsVetchAtelic adeem="faciataPilulesWagon">
        <zekLamaicWricht>79165301</zekLamaicWricht>
      </howletsVetchAtelic>
      <fumier aptateSupremoBabbit="maskegsWagger117" synedraYoupon="anoil">
        <twankPenliteTovaria>vahines</twankPenliteTovaria>
      </fumier>
      <petites>
        <campooRetwistUrutu>48023097</campooRetwistUrutu>
      </petites>
    </dafla>
    <mucificCupman>
      <bebrush>newgateAcetla8642</bebrush>
      <stion feriaePlotterBourock="debatedLaglastJaghire" purrs="1425">
        <kiyiScopet>coshersTipoffLogania</kiyiScopet>
      </stion>
      <tobiah>
        <begirt>mayansHolloos</begirt>
      </tobiah>
      <soudanGavial sivvensCoth="hexsub">
        <cecalIcilySystyle>maioid</cecalIcilySystyle>
      </soudanGavial>
      <templesAlaeMim unproudAssurge="653916891">
        <arsSiecle>33</arsSiecle>
      </templesAlaeMim>
      <scuffy tiqueur="hermelePorticoPunalua8550" mendingTownful="gleedsSixainArmy">
        <fobsSannupsBed>showmenMuspikeSahidic</fobsSannupsBed>
      </scuffy>
      <frogbit>
        <agene>ladakhiTersest</agene>
      </frogbit>
    </mucificCupman>
    <abcissa>
      <bayheadDelian>79</bayheadDelian>
      <dissait melton="oldiesPredrawDicebox" rowerGiponMockers="alpacas1606">
        <limitsOrchilBodied>sudsy325</limitsOrchilBodied>
      </dissait>
      <dodletStrikerLit ticchen="tiamFjorgyn">
        <amated>kainynSdeign</amated>
      </dodletStrikerLit>
      <photoYarely eastlinOleine="pyrenicStrych" pyemia="vivaryBazigarBhokra">
        <agoutyInrunBollies>idyllic</agoutyInrunBollies>
      </photoYarely>
      <astirHeughsMashmen pancakeCheated="milkmenSmatter" podiaDeasFarmage="1764">
        <baueraRedcapsPoppled>gabonHabbeOuroub</baueraRedcapsPoppled>
      </astirHeughsMashmen>
    </abcissa>
    <ungraceDawties geezersGradeIrater="expdt" blautokOxerAtinga="didieAphemia">
      <berime>swati</berime>
      <seyAggest cancrumResellsBuild="beking4163">
        <daoine>gonersWreaths</daoine>
      </seyAggest>
      <demurs carneau="feeingBimorphAcorus" calicutGwen="kalends">
        <embayXeniumNoughts>moongSwarmsDiapirs</embayXeniumNoughts>
      </demurs>
      <moatedResailCooker gennyDoghole="389307" eitherAbiegh="swopPoops">
        <syngamy>huia</syngamy>
      </moatedResailCooker>
      <dipyre ruffin="erneGeonoma51" runtierAleutic="manikin">
        <swalesLeech>calderaStilesBatarde</swalesLeech>
      </dipyre>
    </ungraceDawties>
    <chamiseDolmans maunna="baftaHarmanBonnie" comely="205715741">
      <tunnitAceratePunier>sensoryUnwrungKernels</tunnitAceratePunier>
      <niata miaousUnskillGerund="2854">
        <betulaSequent>nonegos</betulaSequent>
      </niata>
    </chamiseDolmans>
    <cecityChuddarIller>
      <prutoth>malwaSarus20</prutoth>
    </cecityChuddarIller>
    <hubber reelectCoachy="instalHirersPorett" absciseChica="shapooSpray" amplexCartsMetonic="hau">
      <ritling>beqweteAwadhiMugful</ritling>
      <disamis duplon="warnelAceFostell">
        <umpyEnfolds>charms</umpyEnfolds>
      </disamis>
      <grittleBermuda>
        <apiiBrokeryWhereso>amiceFlywire</apiiBrokeryWhereso>
      </grittleBermuda>
      <sciaenaShinily amate="mochelSorrierBailors">
        <peplus>mabyerShandryDurain</peplus>
      </sciaenaShinily>
      <acrylicCallo>
        <dip>jaglaNatesSakeen</dip>
      </acrylicCallo>
      <sowableIffier bashful="mathaWhoosisLaun">
        <mapuchePretold>defamerCastled</mapuchePretold>
      </sowableIffier>
      <anlace>
        <prpPrevise>98</prpPrevise>
      </anlace>
      <wang>
        <latenedDanaan>addendsCotty</latenedDanaan>
      </wang>
    </hubber>
    <blewitsHallali triliteMedalet="toitingCuculla9" weightVaticalHulloes="doabMikrkra">
      <alts>hacklesWendyMealy</alts>
      <wandyQuartzySkene>
        <tankardBchsWiry>russellSaltily</tankardBchsWiry>
      </wandyQuartzySkene>
      <aglets decurt="rodgeLiza">
        <whiskSkurry>gypsBulkilyEmbryon384</whiskSkurry>
      </aglets>
      <parodi>
        <jocelynRatiosNymphid>guloseHawedSingles8557</jocelynRatiosNymphid>
      </parodi>
      <cabasaMinos>
        <xebecs>fallerAvidlyCarious</xebecs>
      </cabasaMinos>
      <koalas georgeAutonym="43816">
        <bowker>bundaFumageMimly</bowker>
      </koalas>
      <gise unspilt="uprendEchucaNoncock8" farlesScrawlsCusks="12927071">
        <bellingAliyothMillers>craps</bellingAliyothMillers>
      </gise>
    </blewitsHallali>
  </mokyBhistieDerider>
  <shoqDammerBeswim laeliaAniceBatan="papionYew9423" />
</tyrAreicUnwish>