<?xml version="1.0"?>
<refootSuits>
  <jiggersLide whoopeMense="pedicab" heep="hotchedCaraipeGweduc" />
  <curvetsDebite>
    <warbNotreLowball>
      <decibarPurreUndecyl>moore</decibarPurreUndecyl>
      <cyaneanCyathos erinnicBathtub="bliautAnagep">
        <hovenLaynerPenni>empearlMooned</hovenLaynerPenni>
      </cyaneanCyathos>
      <nopalWreckerFats zestsFranks="jundiesKristiOak" afer="dolous559">
        <chenaDefiers>218193</chenaDefiers>
      </nopalWreckerFats>
      <curatelUncasteChollas>
        <shadowsDriedMorian>prinMartyryPayout</shadowsDriedMorian>
      </curatelUncasteChollas>
      <kvarnerHansard pavior="alloverVises" uncoolThesean="bugdom9">
        <tendedGastfulBeriber>8745867</tendedGastfulBeriber>
      </kvarnerHansard>
      <chaconaScobExterns irianHaemic="outlipBartend">
        <trustenCropHaptera>hedger965</trustenCropHaptera>
      </chaconaScobExterns>
      <beshade>
        <theres>91518630</theres>
      </beshade>
      <grinds cohuneJewbirdRuer="suzette">
        <koaliBrimsFiances>logeum</koaliBrimsFiances>
      </grinds>
      <mgalDarking cornage="6472">
        <amylanCharukKiki>vicudaLump</amylanCharukKiki>
      </mgalDarking>
      <unsnib keekersBegashCorbel="684718520">
        <tuthPickersDrapers>peshito</tuthPickersDrapers>
      </unsnib>
    </warbNotreLowball>
    <strewn>
      <yielderPygmoid>4</yielderPygmoid>
    </strewn>
    <woolmanZitzith>
      <latishPodiumsTibey>dinette</latishPodiumsTibey>
    </woolmanZitzith>
    <sendleBulloseUshers tamiseAnnieAgeings="93130775" nielled="lamistaUnrealProlegs">
      <kidderKilotonUnfew>filetedSlidderLatooka</kidderKilotonUnfew>
      <unfaceVineityTanghan jerseyRaids="talasSkyphoi" deposal="wolfenIos6242">
        <mammaePiroqueTearcat>nimmerBrolly</mammaePiroqueTearcat>
      </unfaceVineityTanghan>
      <udderedPicote>
        <osseter>rectors</osseter>
      </udderedPicote>
      <swounAvastBurbolt atokousGalopsVeily="angelonEcitonWelders" demivol="czechsDerrick18">
        <beaks>deodarsUrsineDriegh</beaks>
      </swounAvastBurbolt>
      <sawpitTorchetWoofs cynics="gaietyAbuseEnripen" aeriedBoden="6607773">
        <stalagsWauchtsRefrig>wheretoDeino</stalagsWauchtsRefrig>
      </sawpitTorchetWoofs>
      <lawsuitAchuete atbashGuniterCompute="47993" solgel="ancilia581">
        <cloutsWheatenClinks>cagmag</cloutsWheatenClinks>
      </lawsuitAchuete>
      <hebetic foot="laqueiHutmentMarish" anilSoteres="lilacCorersJaunder">
        <workoutMimingBloat>303</workoutMimingBloat>
      </hebetic>
      <soss sootheTaulaBurbot="fillsPicklesGawain" oaringTernsAged="sonable">
        <kinkleAlicantGips>chacate</kinkleAlicantGips>
      </soss>
    </sendleBulloseUshers>
  </curvetsDebite>
</refootSuits>