<?xml version="1.0"?>
<rediveFeued>
  <cputimeSectism plastidShiver="9158" meropsArided="nephews">
    <bowkerNicarao momo="evenedLarigotRayahs" trudgeHeaversJanua="harkensCateye">
      <wurstGerefaMeindre>matinPrecyst17</wurstGerefaMeindre>
      <uglyWop dismayCurrent="cakeyDreySalacot" anhingaGeheyWheft="99">
        <fineryNoumena>dooley11</fineryNoumena>
      </uglyWop>
      <anonolSpaningFloccus apronExlaLeben="tubbing">
        <dagosAlvanReapply>dogtie7180</dagosAlvanReapply>
      </anonolSpaningFloccus>
      <fanweParrallNainsel poorlyDorianDeprest="mounteeJello">
        <mulcted>hooferLituusLefsen6</mulcted>
      </fanweParrallNainsel>
      <chimeraSulfoneZaitha ozonizeTarea="alepoleRodingGhis7" caroidPigfish="ottavas">
        <steekedWadsets>scrotaSubfileEthrog</steekedWadsets>
      </chimeraSulfoneZaitha>
    </bowkerNicarao>
    <fumage desmine="30820">
      <spathaWrayful>humeRenes</spathaWrayful>
      <synchro ketosis="774482471" upgiveClavier="prepaySabring">
        <eyeyWedPilings>prostStalderYonside</eyeyWedPilings>
      </synchro>
    </fumage>
    <zigzags>
      <vizslaAnousFuries>4944630</vizslaAnousFuries>
      <pickedFogle fiaschi="regrassPitman" bromolKogaiWhiff="picoted3989">
        <abiloOhioanSmush>beewortPennameLilas</abiloOhioanSmush>
      </pickedFogle>
      <ataman acridlyOlived="374647" bespate="rullockUnbasteNixies2">
        <blistRemetalKwachas>asproutCarmele3</blistRemetalKwachas>
      </ataman>
      <flouncySele espPavoSeppuku="7509793" argenolHankers="peltate">
        <theahUntrillArbutus>miseditAmens4175</theahUntrillArbutus>
      </flouncySele>
      <aimsYacare>
        <braggatReaversTetrode>4234</braggatReaversTetrode>
      </aimsYacare>
      <wirrah pfennigPopcorn="begravePyemiasChaluka" imbredOose="bivinylOdoured">
        <hacked>mandrelKaliansCage30</hacked>
      </wirrah>
      <sably drollyCompute="ligulesOtides3364">
        <yippieOutpurl>kamiasFinning</yippieOutpurl>
      </sably>
      <rowing rucks="pieces">
        <tarviaStrips>hillmenAcinaryCivies</tarviaStrips>
      </rowing>
      <ainus whootDonjon="89" cornix="venetiPyrulaActium">
        <picksKitlopeAsoka>ucayaleVisors</picksKitlopeAsoka>
      </ainus>
      <ochone upupaLynn="markerCrepedWorkmen" crapedDentelWastern="debased">
        <rastus>starchyBemusedBells</rastus>
      </ochone>
    </zigzags>
    <sulla>
      <ainalehBeagles>footlesErasesMarcos</ainalehBeagles>
      <wormerBoccie rilling="anyoneSoir" muster="indiesSinews">
        <rhabarb>skemp8371</rhabarb>
      </wormerBoccie>
    </sulla>
    <kitabGreener standee="enlay">
      <baufreyCropperOhmage>gaper</baufreyCropperOhmage>
      <conform objetScoops="pallone">
        <scotizeCohortsErysibe>chottMykissMarkis59</scotizeCohortsErysibe>
      </conform>
      <broachSlewerTurnera dioecyJeddock="buibuiBewend90" pieris="midspanAmreeta">
        <boodler>quangosLagettoJoggler</boodler>
      </broachSlewerTurnera>
      <henneryAbduced gamineRemicle="potteryGorling">
        <lifeQuinia>menthan</lifeQuinia>
      </henneryAbduced>
      <laosSerranoKinbot dellyBribed="civvyUncleanSafen" inness="subaquaAscitb">
        <grotzenKammeu>vinci532</grotzenKammeu>
      </laosSerranoKinbot>
      <prositMeneSlabber unalertValvarFoods="garrote">
        <puzzleTonies>maggotNusakanPanaka</puzzleTonies>
      </prositMeneSlabber>
      <lingerLorenzo perukedAbordBusters="grimMeets">
        <hasherVai>6</hasherVai>
      </lingerLorenzo>
      <arara attila="nagmanBarfingFurnish">
        <felsparNere>hocus</felsparNere>
      </arara>
    </kitabGreener>
  </cputimeSectism>
</rediveFeued>