<?xml version="1.0"?>
<ungatedBlesseHelipad>
  <deadishDecast bazar="inbyOneratePreside" alison="lathersEnchaseAfeard">
    <distortBesneer>
      <cabiriAfeared>ungraftGeswarp5</cabiriAfeared>
      <poseTatesCobble precide="idoseSepal">
        <aliasBantamsLindera>pushedSistentAcocotl</aliasBantamsLindera>
      </poseTatesCobble>
      <ziphiusBivium tollmenLiqueurSunward="36">
        <oddsbudYakman>moutPeck</oddsbudYakman>
      </ziphiusBivium>
      <bizonalWastage unpeelDrearlyBibiri="70381431">
        <ceboidsCymbiumThames>fianna</ceboidsCymbiumThames>
      </bizonalWastage>
      <pass minionsNunhood="squires">
        <loudensUnsinTula>6</loudensUnsinTula>
      </pass>
      <spokanDismail>
        <suez>morphoFarers512</suez>
      </spokanDismail>
      <amtmanCrownPerch fargiteChilies="piemanDrostdy">
        <aneurin>cgmElegiacReuben</aneurin>
      </amtmanCrownPerch>
      <mileFogo sawmanWinnelTussor="uvella" wasteDeterRegears="60166688">
        <donnyCalabar>foolerGleans</donnyCalabar>
      </mileFogo>
      <cutweedCannetGolilla epongeTanjibRocks="festino" micrifyBaleens="aldide11">
        <sexternWauks>layfolk</sexternWauks>
      </cutweedCannetGolilla>
      <awarderHeiredProg>
        <soxhlet>coitVoltes</soxhlet>
      </awarderHeiredProg>
    </distortBesneer>
    <knowsQuotid pia="loselTookenFamilia">
      <typedStamnos>topsmenUsuries970</typedStamnos>
    </knowsQuotid>
    <squeakyFinable>
      <fausantAslake>triterTownsChop</fausantAslake>
    </squeakyFinable>
    <bathicVenges>
      <jigmen>betoya98</jigmen>
    </bathicVenges>
    <ommatea>
      <acopic>palluBleatsQueers</acopic>
    </ommatea>
    <judosDoctor>
      <redates>bastIncher</redates>
      <flymanThof pyrryl="cohos140">
        <sepiaryManty>502600152</sepiaryManty>
      </flymanThof>
      <jewis exactasDewaterGawsie="shafiiCymbid120">
        <platlyYeah>moonwayHijacksThrown</platlyYeah>
      </jewis>
      <matieMinow>
        <pyemiasMaggyUpstay>lensmenTurkoisPaster</pyemiasMaggyUpstay>
      </matieMinow>
      <marplotYips miserEgards="trochee" claviol="642864">
        <ourarisUpdelvePerbend>raymondBluish96</ourarisUpdelvePerbend>
      </marplotYips>
      <oilwellFogging>
        <suppCanjac>fjeldsShargar</suppCanjac>
      </oilwellFogging>
      <hocking>
        <cladeReclang>stibbleCristaeMargin19</cladeReclang>
      </hocking>
      <toyotasCollunScivvy>
        <unmad>dryrotMismate</unmad>
      </toyotasCollunScivvy>
      <gooderPood caiqueAgral="knapper" flecksRhodian="expededCabuja">
        <tureen>gotra2</tureen>
      </gooderPood>
      <kissesLabrums comdtGimpy="kota" ccittMechlinNett="napalmsPotoos">
        <sachemsPelerin>aruminCorbans</sachemsPelerin>
      </kissesLabrums>
    </judosDoctor>
    <strentDeadly>
      <whar>wariedServian</whar>
    </strentDeadly>
    <ulnas>
      <nopalsAbuttalVacated>simonyRammassOverbig</nopalsAbuttalVacated>
      <orthiteMealmenLangate giltyKuveraRooti="organyClastsZenaida" eogaeanHandel="711488">
        <zee>neocene</zee>
      </orthiteMealmenLangate>
      <ahiDagger danubeExacum="striper">
        <teraticChicly>11098028</teraticChicly>
      </ahiDagger>
      <justlesBelaceEnsurer hencoopFarouk="419">
        <mufflin>aurigaTela</mufflin>
      </justlesBelaceEnsurer>
      <softestVesigiaHamburg punkeyRaioidUmbrose="morfondRegrasp" ileum="eurousStupex">
        <pechs>37264871</pechs>
      </softestVesigiaHamburg>
      <hamfatSem poinado="pilmSlopingMootman" teapoysDistale="thyineRodolphAbvolts5">
        <sortied>thawerTrevisYummy</sortied>
      </hamfatSem>
      <usance brember="mediums">
        <cadwal>chadButleInsnare</cadwal>
      </usance>
      <onerateCrainFicins>
        <apyreneExcept>blens129</apyreneExcept>
      </onerateCrainFicins>
    </ulnas>
  </deadishDecast>
  <lanyard scye="refulgeRakuWoidre" fondest="figent" showBoarishEmgalla="atmWelcher" subduePize="warmthCorvoid">
    <borize>
      <misstepChampaToeless>confirm</misstepChampaToeless>
      <reticleOunds cirsoidSepsid="3">
        <uparchPorosis>flawy</uparchPorosis>
      </reticleOunds>
      <bumble tweezed="tonetteImpreg">
        <suppneaTopo>metumpsAlcoate</suppneaTopo>
      </bumble>
      <emplane corynidCendreSepti="angrite554" outbatDrillet="vivantsDatesSkiff">
        <krausenGibbals>strings8455</krausenGibbals>
      </emplane>
      <arsinePrick celeryGrindleUnray="screak">
        <nereisBulged>562</nereisBulged>
      </arsinePrick>
    </borize>
    <sectorsMightyMygalid>
      <plaid>cordelBolt</plaid>
    </sectorsMightyMygalid>
    <tormentDesueteSayyids nile="sumassBustiGapped">
      <gauds>hex</gauds>
      <requins wordsApothgm="sittersAcharneAddn637" curdyLubbers="nostrilSmetheHeathen">
        <strawyWurrup>wattmenFatorKachcha</strawyWurrup>
      </requins>
    </tormentDesueteSayyids>
    <summed>
      <achyBirksPoesies>832695595</achyBirksPoesies>
    </summed>
    <buildup>
      <reiverKummelsFratery>226157</reiverKummelsFratery>
      <druery zambian="teiidaeAlferesCoaming" ionic="cathy9565">
        <hawokForstHinney>fermiBroth</hawokForstHinney>
      </druery>
    </buildup>
    <previze infoundRejudgeWrister="ferrelsAmianth193" gyvesKindlesJow="kvassAgrace">
      <attacco>campionDobraoAssobre</attacco>
      <ohmagePulsantIdeals ghetti="grabbleYakkerSoutar">
        <mutusBeauishWakes>gosletComics</mutusBeauishWakes>
      </ohmagePulsantIdeals>
      <zaxesMoronic wraxled="shiksesUighurLanas">
        <tabiraMerlinAtwixt>buzukia</tabiraMerlinAtwixt>
      </zaxesMoronic>
      <dragnetPeonageLocoed famulusJunctlyYclad="mangledNaira">
        <drubbleBariaTelopea>outsee</drubbleBariaTelopea>
      </dragnetPeonageLocoed>
      <tartaneEmpiryRehouse>
        <liquorsShroffNoghead>63</liquorsShroffNoghead>
      </tartaneEmpiryRehouse>
      <rumours>
        <croat>376833</croat>
      </rumours>
      <unsungFrolic rajasWindersFlasker="ovulesAnicut" lagoonsSics="mantrapRabiticBeltian">
        <coaledGougesRemnant>isogoneUrbianBonnaz</coaledGougesRemnant>
      </unsungFrolic>
    </previze>
    <odistPelotaRousing>
      <sewed>decoctCullen</sewed>
    </odistPelotaRousing>
    <lucivee evolate="untrothCrushDeictic">
      <leporis>induced</leporis>
      <revigor kephir="usureSultany">
        <copsy>jimmied</copsy>
      </revigor>
      <graff absurdsSciage="ullerThraveDaisy">
        <todditeUnslow>mucro</todditeUnslow>
      </graff>
      <rondo>
        <donackVance>14</donackVance>
      </rondo>
      <jingbai>
        <rebukedBludgeKipuka>adjoin2866</rebukedBludgeKipuka>
      </jingbai>
    </lucivee>
    <pyeMaoist>
      <skerSeven>sephira</skerSeven>
    </pyeMaoist>
    <oxidicUnguals diluvySubnectCablets="beachDernSilency" waxenHydraul="flenserSudanic">
      <estrualGasser>1441</estrualGasser>
    </oxidicUnguals>
    <phoma>
      <rabiesCurly>254193</rabiesCurly>
    </phoma>
  </lanyard>
  <cottonyCuddyDandles miniateAlmainePawkily="taboredWoolert70" ostomy="4">
    <sacsBlisses banabaRetalkEnos="mussBatzen6231" airlock="stripyUnpope42" fringesDep="well29">
      <tardiesCacan>4</tardiesCacan>
    </sacsBlisses>
  </cottonyCuddyDandles>
  <elephasBorated tugrikAviatic="permissDottardCared542" youl="laystow" pwtSenator="rayaBushingEtrogim" mnemEntireLamia="deathyFermate">
    <skulksShrunk>
      <retund>161615269</retund>
    </skulksShrunk>
    <brazilThighs>
      <freeingVamper>epizoonMincingYallaer873</freeingVamper>
    </brazilThighs>
    <gundeck>
      <didderDronishVivid>repulse993</didderDronishVivid>
      <haulmSuckled ghazis="553644222" gladder="620">
        <nookingScudiTrady>perunSpanemyTald</nookingScudiTrady>
      </haulmSuckled>
      <dharaniSpyhole teleost="touzlesPayni" swithenPreeingDory="ging">
        <breathsVesture>anlaute9</breathsVesture>
      </dharaniSpyhole>
      <defaces bawbleAbiddenSharps="kawakaDrevelHadji">
        <hockers>active</hockers>
      </defaces>
      <bonbons krakensSolumFunebre="curlers">
        <spicsGrotty>61</spicsGrotty>
      </bonbons>
      <taxingSwerverTarots cootDaoineGirted="yakutat" aisle="trilobeDrib">
        <panelsTewerVote>jollity</panelsTewerVote>
      </taxingSwerverTarots>
      <acheneFumade>
        <subband>4</subband>
      </acheneFumade>
      <scafferAmtmen packs="claggum">
        <manufExodoiSacra>7961648</manufExodoiSacra>
      </scafferAmtmen>
      <tembuExtUrinant>
        <roriGeltElbuck>1888</roriGeltElbuck>
      </tembuExtUrinant>
      <prangs skewedMoy="refugedRevets">
        <pigfaceSubjee>reginae9</pigfaceSubjee>
      </prangs>
    </gundeck>
    <massigEgoists ronniFrenzy="outblewUndweltTuilzie">
      <enstarSozine>risenCooner</enstarSozine>
    </massigEgoists>
  </elephasBorated>
  <lituusGnetumAmort>
    <abs>
      <thrawViminal>wrampLoggish</thrawViminal>
    </abs>
    <alveoleMasonicFoxfeet gazee="268530" luchuanAplentyLurers="polaxisResignQuayage">
      <ventrad>jctnPulpar5</ventrad>
    </alveoleMasonicFoxfeet>
    <censerCrated portorHayingSpise="totaledShemu" forlaneSlurp="truncal">
      <oculusUru>4244081</oculusUru>
      <hood tjaele="mograbiBoatie" cretinsZebrass="dinger778">
        <tarsier>809020</tarsier>
      </hood>
      <saynayLipidsCymose lench="keltieKinked">
        <davenedAptiana>figboyBathyl66</davenedAptiana>
      </saynayLipidsCymose>
      <crumbum>
        <alephs>roleoTalter4</alephs>
      </crumbum>
      <deploreTsardomChalet>
        <lazarySaltus>bargeesFurdel</lazarySaltus>
      </deploreTsardomChalet>
      <tampingUncask>
        <lampedMonemeMinoize>arcato</lampedMonemeMinoize>
      </tampingUncask>
    </censerCrated>
    <curious scrumpyEozoonEffund="63" derekDusting="cablet">
      <doolee>shacklyReliver</doolee>
      <babydomResiledFridays upspin="adviseeScraigh" strungOmasa="diadic">
        <ratlikeLoop>kettrinSmouser</ratlikeLoop>
      </babydomResiledFridays>
      <psizeRobigusReifs>
        <feagueSkilletBride>unblentCajoler5</feagueSkilletBride>
      </psizeRobigusReifs>
      <nanoidDrippyGigeria>
        <flexile>jelledLicitly493</flexile>
      </nanoidDrippyGigeria>
      <opensDentaryMayvin>
        <introsCaburnKiddos>iudLustfulArgyles</introsCaburnKiddos>
      </opensDentaryMayvin>
      <blellumMatted uvealSwirlyLeonist="irvingCertie3">
        <cissyCossack>instepsRuttleWird</cissyCossack>
      </blellumMatted>
      <pousyInstop manaOctaneTriose="cunnyLocaUvres" gigolosWeenessChased="fogmenAlation">
        <norskMiscoinAffying>dimmockContour</norskMiscoinAffying>
      </pousyInstop>
      <choricAuxesisCohen arachneBricksMarital="122159">
        <rankishEscopetOdalisk>lowsest</rankishEscopetOdalisk>
      </choricAuxesisCohen>
      <sturts statant="771" darst="eyelineTolter">
        <bedurAbandum>611</bedurAbandum>
      </sturts>
      <splore ptyalinBagsful="9271255" funkersGringoCartway="statant6009">
        <parleParapodDauk>typableTries</parleParapodDauk>
      </splore>
    </curious>
    <durLongusZlotys>
      <cygnidToluide>joltersLactoTubaron</cygnidToluide>
      <loathes miradorMought="tektiteRepick6799">
        <swangSnyeFigboy>launce</swangSnyeFigboy>
      </loathes>
      <oddishHizzie technicKrapfenCabocle="alae47" lativeLuciusSemmel="33076422">
        <neela>wilco</neela>
      </oddishHizzie>
      <anconaHelmetStumer alkiesJinnies="galaxPurinSeacock989">
        <genomGatterHilus>cicadid</genomGatterHilus>
      </anconaHelmetStumer>
      <vales cynic="eyries" dirtenPallu="abobraUnliked">
        <diocSulcusOutcull>63381</diocSulcusOutcull>
      </vales>
      <sung ferriedAgamasFei="oreticFallenPlumose852" gobbetSanggauIngenie="pukhtun">
        <hurrahsSubrail>17097</hurrahsSubrail>
      </sung>
      <agyria>
        <upfoldsFrotton>encoilImprimeUnsin</upfoldsFrotton>
      </agyria>
      <folsomJarls>
        <boshbokOnlaid>argoletVerziniFives</boshbokOnlaid>
      </folsomJarls>
      <remitsMeshy trishnaSherifMurkest="sebificMullahDoxa">
        <ceylonHont>bouroutFrib93</ceylonHont>
      </remitsMeshy>
      <bulled>
        <tristanCanneleLidless>swankMimosis</tristanCanneleLidless>
      </bulled>
    </durLongusZlotys>
    <tensiveGrysbok ogeesMottoedLagarto="neeldAriosoHumism" zatMiswend="45164" kelchyn="anionTraguleIncog986">
      <sapajouDecern>girsleCibouleSubdean</sapajouDecern>
      <dumpler lingyQuernsTrusts="covetedWash" kenya="rawishDetermaPricier">
        <haikaCorium>84336570</haikaCorium>
      </dumpler>
      <beguessCeps idlesseBounce="296142900" carpent="bulwark">
        <inhellAgnuses>3780</inhellAgnuses>
      </beguessCeps>
      <dogyGym nookingSangaAscebc="fersAtaraxy58" resweepMonkey="steleUphelm">
        <jostlesLimacel>plodder203</jostlesLimacel>
      </dogyGym>
    </tensiveGrysbok>
    <wireway>
      <arpanet>jagir925</arpanet>
    </wireway>
    <bluntedEcus>
      <chefdomApodesJink>storedGeoticTreadle</chefdomApodesJink>
    </bluntedEcus>
    <entierCsect>
      <foxship>oversayFumblesFracid</foxship>
      <abampsPalealBotch offcome="abiosesTipcartSabed273" offersActineAcrylic="overseeSultaneIrma">
        <enruin>72730</enruin>
      </abampsPalealBotch>
      <sonoranLingulaTylote dolmanCompel="banjara">
        <maltedEtrier>200</maltedEtrier>
      </sonoranLingulaTylote>
      <jibbersScarpAgleaf metonymChalehWarrin="zoccoMishnah" zincidUncoatPillule="yerdRhagoseSnarer">
        <boyerJucunaCaapeba>louieYode</boyerJucunaCaapeba>
      </jibbersScarpAgleaf>
      <bennets>
        <sewing>mysticsEtaerio</sewing>
      </bennets>
      <dissertBaske>
        <skidsMewler>millesJigger</skidsMewler>
      </dissertBaske>
    </entierCsect>
    <kente>
      <lepClarinoDoffers>818612048</lepClarinoDoffers>
    </kente>
    <gongsVanessa conyBufidinAmidism="88382091" misy="norice">
      <bemixedNiddick>roscidSeafowl</bemixedNiddick>
    </gongsVanessa>
    <eulogicEnateInring>
      <unbain>3238214</unbain>
    </eulogicEnateInring>
    <acinoseChiniks>
      <natrajSnorker>muckman</natrajSnorker>
      <garsil>
        <senecanCoggerJenson>abroach</senecanCoggerJenson>
      </garsil>
      <iulusGoldneyTacca>
        <redame>demergeZinging</redame>
      </iulusGoldneyTacca>
      <capling vifdaPratty="426">
        <wajangSweetStyca>futtahNitric20</wajangSweetStyca>
      </capling>
      <guttidePeccant unrosed="redbillTorchonCompact97" crumpySoakerSycite="pickoutExude">
        <hogcoteAcerblyBycoket>781524052</hogcoteAcerblyBycoket>
      </guttidePeccant>
      <gullish quiveryGuyer="ecolGirosol" becolmeRafts="6672967">
        <defyingGambist>aljamaLoinedVarier20</defyingGambist>
      </gullish>
      <citeeCrinel wran="forefitBrakierTamber8" debate="balkarSidySamir">
        <seccos>7983</seccos>
      </citeeCrinel>
      <mungeyIlissusChymic>
        <mysidaeFatterKarbi>revisesTrickieRepiece706</mysidaeFatterKarbi>
      </mungeyIlissusChymic>
      <oogoniaBothie hombresWauchtLipemic="2557">
        <flanque>artemonProsWeighty</flanque>
      </oogoniaBothie>
    </acinoseChiniks>
  </lituusGnetumAmort>
  <ceasmicFrisker beinkedDiobolsOrale="amazesAlmeh" venite="191">
    <refordGloriesSeder>
      <mooter>1947704</mooter>
    </refordGloriesSeder>
    <butsu>
      <dipware>598443</dipware>
      <ropers gruidae="5684806" reflag="waukedAlkalin">
        <basad>naipkinKnocker</basad>
      </ropers>
      <bataviToadeat rattailSatd="itchy1" lapfulUnfixt="wallBegrainDaphnes772">
        <pkwy>palalaVamosesTought</pkwy>
      </bataviToadeat>
      <taigLaun>
        <bermeEggcupAtroce>amelusRagule</bermeEggcupAtroce>
      </taigLaun>
    </butsu>
    <yarnFeuAhem obelism="bathicKeith" furilDidosUnscrew="49">
      <fawnerDank>spurl9592</fawnerDank>
    </yarnFeuAhem>
    <redustTalaricChunk lushesLoofahsBeamers="romerosCavea">
      <herboseCotesBugfish>monericEunuchPossies1</herboseCotesBugfish>
      <valsesGlinseNizam taigas="sylvin">
        <sokaUpbeltEnteral>aspasiaAwokeSextar14</sokaUpbeltEnteral>
      </valsesGlinseNizam>
      <dooredKoilonInset wos="68">
        <quaeresAuftakt>rantersRoachOarhole</quaeresAuftakt>
      </dooredKoilonInset>
      <stupp herbarTwifoldRevue="aldrinOweniaLexicon" tearyBrightsBailage="651">
        <beltingEndome>enquire</beltingEndome>
      </stupp>
      <gadiCoronaeParts rusinesPips="parianPoojah7" budwormNotch="modern">
        <agoroth>lueticTerass</agoroth>
      </gadiCoronaeParts>
      <impaleSemesUncurl citalSorosilWan="canasta" etouffeSlop="nonairRobust">
        <resweptGlitchLetch>26562</resweptGlitchLetch>
      </impaleSemesUncurl>
      <slushyDistils>
        <redoesDefuze>escalop</redoesDefuze>
      </slushyDistils>
    </redustTalaricChunk>
    <hernialChalky>
      <bendee>tatouayCramSlashed8666</bendee>
      <obtuserBeltman redoQuoad="purelyBryon">
        <pentolDismalScorify>gougingCurios</pentolDismalScorify>
      </obtuserBeltman>
      <mustersStrollsRowena weringTiqueurGrisset="iwwortPledges">
        <climbSattieBise>tyumDickiteGorgets</climbSattieBise>
      </mustersStrollsRowena>
    </hernialChalky>
    <brineKieye wattledFudderPotboys="andesSpilth" weetStraussQatar="450568070" ladang="infidelTumoralDevide1767">
      <cowmanBoccaleLurkers>dubhe</cowmanBoccaleLurkers>
    </brineKieye>
    <pycnidAmphidDeled carlo="74">
      <goelism>cathect</goelism>
    </pycnidAmphidDeled>
    <ccmRoupy>
      <ucayaleChompsReaved>rocheDallied</ucayaleChompsReaved>
    </ccmRoupy>
    <duarchyEudistCrudded>
      <carolanStormer>korNarkIsthmus</carolanStormer>
      <spiteKegCongees>
        <slottedDraggerUncrown>jamesonGarrya</slottedDraggerUncrown>
      </spiteKegCongees>
      <mostraNorroyGates>
        <stripeMidisGowpen>19277</stripeMidisGowpen>
      </mostraNorroyGates>
      <boluses ovariaRefine="nox">
        <karanda>vasterUtero</karanda>
      </boluses>
      <fentCycleneDrove>
        <whidder>spurry</whidder>
      </fentCycleneDrove>
    </duarchyEudistCrudded>
    <felidsSavins raddlesCancanGroan="whistsCurchyJerks" llamas="iterumReadiesMinims">
      <ulpanMewlDisseat>fulgent817</ulpanMewlDisseat>
      <diadicCreekyWried skaselyPottingTataupa="viewedJulidan" tappet="fosiePanadas1307">
        <olea>misfallSinges</olea>
      </diadicCreekyWried>
      <clause straikeWeekwam="ahu" tawnVinerGorrel="6027">
        <tyrJacquesSoogeed>ariste</tyrJacquesSoogeed>
      </clause>
      <bowers longed="volingModge29">
        <piuriKniveScogger>boolianAnySolacer</piuriKniveScogger>
      </bowers>
    </felidsSavins>
    <apicalPennersAiger>
      <commend>545865</commend>
      <taxi>
        <afghanVoled>binous</afghanVoled>
      </taxi>
      <preknitBlindedDomer>
        <gougersGiglet>nomesFinspot87</gougersGiglet>
      </preknitBlindedDomer>
      <welderCampine edictum="5281211">
        <impartSugganIgnote>9465971</impartSugganIgnote>
      </welderCampine>
      <evertorKickyPapered>
        <nothing>canelaPicrylIntra</nothing>
      </evertorKickyPapered>
      <balundaKorec adripPulasanPataca="451">
        <charelySprout>gymnureMarchetRefered</charelySprout>
      </balundaKorec>
      <varioleRebear bebeastAntlidLamp="domiticChorogi">
        <fleeterPiline>murex</fleeterPiline>
      </varioleRebear>
      <metholUnpawedReknead workfulFramers="kpuesi">
        <mercButtingBreaden>bylinyKookaBedsick</mercButtingBreaden>
      </metholUnpawedReknead>
      <chirmed>
        <tunker>druckenDwaleIncept</tunker>
      </chirmed>
      <incisalAlepoleAgnus>
        <diluviaCoheadAtrophy>52412</diluviaCoheadAtrophy>
      </incisalAlepoleAgnus>
    </apicalPennersAiger>
  </ceasmicFrisker>
  <finderMoi chargesTithe="phossDizain">
    <crinoseOwenHatred>
      <uniform>boiloff</uniform>
      <ribatAdonaiJerome huntBromius="29" imbondoGrillsCurded="lieusYear">
        <whilterAngo>grunchPsoae304</whilterAngo>
      </ribatAdonaiJerome>
    </crinoseOwenHatred>
    <snipper>
      <ixoraFaintedNibs>chorotiAmbling8972</ixoraFaintedNibs>
    </snipper>
    <cinerinMoet>
      <dustsBurets>salivanFaverel</dustsBurets>
      <stubJumpBoers anisolUrsolic="catteryLeperBrasse1850" suers="354">
        <fouty>5869004</fouty>
      </stubJumpBoers>
      <upprickVolapuk>
        <ovineLimerScarcen>scrimerSauls</ovineLimerScarcen>
      </upprickVolapuk>
    </cinerinMoet>
    <hornito>
      <benthicRentesCosy>797523</benthicRentesCosy>
      <putonsNorkHalenia>
        <reprobePaiking>tonsilsSambos</reprobePaiking>
      </putonsNorkHalenia>
      <wilter>
        <moruleEnolase>7</moruleEnolase>
      </wilter>
      <fraenum sinlessInstil="50" culbutPulish="heuauFormel">
        <toasted>6</toasted>
      </fraenum>
    </hornito>
    <robaloDozing orchis="rulers4977">
      <depermsCesarMeropic>indolylWarluck</depermsCesarMeropic>
    </robaloDozing>
    <allyingSpart>
      <lor>thawier1</lor>
      <vosgianBudzart>
        <dunRockoon>bawly</dunRockoon>
      </vosgianBudzart>
      <wooable twinly="tarenteGuywireCharet">
        <refrainClayen>58026163</refrainClayen>
      </wooable>
    </allyingSpart>
  </finderMoi>
</ungatedBlesseHelipad>