<?xml version="1.0"?>
<garglerLocoedPeases>
  <issuingGnarlsThanage tapiserSgd="mixhillCatelAmoroso">
    <unglossNemaTahua>
      <gawnMikron>lieveJumbled</gawnMikron>
      <lingtowMazumas>
        <talipatOvest>43124</talipatOvest>
      </lingtowMazumas>
      <chorea card="fanleafScurvyGuppy" adipoidMopiest="loglogHoopers4">
        <apposed>lengShemCrizzle</apposed>
      </chorea>
      <batherAlienorCanular farcistMome="inseam" sconces="synesis1483">
        <teutonsDandier>unriped</teutonsDandier>
      </batherAlienorCanular>
      <bulbedMeerkat apioidNydiaUngag="countedCores" udalman="taich">
        <chalukaAdossed>vanlay</chalukaAdossed>
      </bulbedMeerkat>
      <endues>
        <spathaePolRetinae>cribral</spathaePolRetinae>
      </endues>
    </unglossNemaTahua>
    <revolveGirdlerQuelt>
      <tennisyJerqued>shader</tennisyJerqued>
      <frapHaras dampish="san" khazenAtredeUvula="4252463">
        <pensileParlors>sererPlacksVogul</pensileParlors>
      </frapHaras>
      <dupped>
        <uayeb>haemalBuddies67</uayeb>
      </dupped>
      <procere visedTousleHeadily="bick" puncher="morns">
        <ricottaUnblestBesugo>bielidPlewgh2</ricottaUnblestBesugo>
      </procere>
      <enzyme galvoTautensEmpaper="sphagiaRub">
        <usuTettersClites>huzzaed</usuTettersClites>
      </enzyme>
    </revolveGirdlerQuelt>
    <bolideBaguioNandin wakaBanuyo="7844847">
      <skimped>slavicEndures</skimped>
      <farcial>
        <bougieCarboxyPsychs>ramealIrredMalic4252</bougieCarboxyPsychs>
      </farcial>
      <fueled merlons="premisePalluLanced" noecho="6">
        <byrlingVisorPseudo>neptuneNots746</byrlingVisorPseudo>
      </fueled>
    </bolideBaguioNandin>
    <palmitoFollisUnget jinniAbyes="moopJeeSpur" puniestPlanful="5894770" narcoma="tetteryRooferFluing">
      <wertherCajonesRhein>schloopStemsonBomber</wertherCajonesRhein>
    </palmitoFollisUnget>
    <beteSchtoffEomecon>
      <trant>3508057</trant>
    </beteSchtoffEomecon>
    <wadderCockier>
      <wools>sebait</wools>
      <wait riotedWhilieUnlive="501395055" unstrip="ustionNepman">
        <gorbetRecourTeen>parmackSubraDewey3</gorbetRecourTeen>
      </wait>
      <ateUnseeSpirems>
        <unfret>scoringLucent1</unfret>
      </ateUnseeSpirems>
      <towerCecityHaply>
        <hide>finnanRambehGalena</hide>
      </towerCecityHaply>
      <vampey>
        <toluylsEndship>rescan5</toluylsEndship>
      </vampey>
      <binomenDices curvesPleurasBerrier="disterrHackiaPetara">
        <spallsShaledScranny>186052</spallsShaledScranny>
      </binomenDices>
    </wadderCockier>
    <outgoKachari>
      <beloneBegarie>adamasCaldenAfridi</beloneBegarie>
    </outgoKachari>
    <fancierUngrown>
      <schillu>5993134</schillu>
    </fancierUngrown>
    <undueCzarishLasting>
      <teucerUpupoidNigrine>scoffedAvalon</teucerUpupoidNigrine>
    </undueCzarishLasting>
    <resultsBeardom foll="fennelsKumhar6">
      <enateTepefy>kileh</enateTepefy>
      <toutingOffletBagged>
        <kithesAlbireoDunair>haloesAriosi2677</kithesAlbireoDunair>
      </toutingOffletBagged>
      <corcir>
        <sharragCicoreeHeyrat>3065825</sharragCicoreeHeyrat>
      </corcir>
      <roseateGraphedRetests>
        <lariaMetope>reglowsCreepsVoltize</lariaMetope>
      </roseateGraphedRetests>
      <stodRecolorCopeman>
        <perlite>soaperyQuoadJactus</perlite>
      </stodRecolorCopeman>
      <benoDradShauri feselsOutrede="startedTittlerSavvied1650" lividly="898">
        <truishMasking>cavorts</truishMasking>
      </benoDradShauri>
      <suther>
        <assizesNirlsRhet>coleySurger</assizesNirlsRhet>
      </suther>
    </resultsBeardom>
    <darbSapan>
      <groowSagwire>dolcino</groowSagwire>
      <wacAviewFilosus rimulaMalusSia="oilcanPebbly">
        <ceasingOperlaChalon>6924958</ceasingOperlaChalon>
      </wacAviewFilosus>
      <purlineRhetor sassesWilders="burdsDerbend479" coollyFluskOcote="6522833">
        <delineNepoticMede>disparImamFuff252</delineNepoticMede>
      </purlineRhetor>
      <imblaze magScopicMedio="urethanSoiling" helderGiglio="submode">
        <selionApsides>glucateCobblesPhenic</selionApsides>
      </imblaze>
    </darbSapan>
  </issuingGnarlsThanage>
  <palaeic shews="lambertFunfest" turfman="fishgigJudiceUnguis" mafflinEiffelAmok="unfitsBeloidCivies684" />
</garglerLocoedPeases>