<?xml version="1.0"?>
<lanierUnurn>
  <dartedChubbedUpgird corsnedBldrHerbal="2915591">
    <enorm alfionaSmuglyWit="glacialIshmaelAmable" tankmanOyelet="budgersVera" propupa="polyolWud">
      <sillies>tauter</sillies>
    </enorm>
    <ecteneAlfalfa>
      <naifsYehBabydom>ranchEscudosSeeping</naifsYehBabydom>
      <oraonRevellyTronk bisext="schleppSnoozes">
        <cushingAptoteKyrial>2</cushingAptoteKyrial>
      </oraonRevellyTronk>
      <letticeDamaged baume="2496006">
        <char>goujonNovas</char>
      </letticeDamaged>
      <saletHumificEmerods oxonianFenrirAcetum="dewily">
        <hempenSunsImpi>comaCanakinRuth28</hempenSunsImpi>
      </saletHumificEmerods>
    </ecteneAlfalfa>
    <dksRechurnRuckus kitersEmpPoetry="faonLaciest">
      <bugging>stay</bugging>
      <gasherSkrupul coringKevanBowden="garrooSands">
        <talkful>ism4224</talkful>
      </gasherSkrupul>
      <acrylicLaudedPyruvil>
        <aesopicKalonFewness>trompsPaulin21</aesopicKalonFewness>
      </acrylicLaudedPyruvil>
    </dksRechurnRuckus>
    <wintunFeedyAgathis>
      <rixy>wacksPenochiIcefall</rixy>
    </wintunFeedyAgathis>
    <coalpit>
      <deutziaFugieAramus>cupeledTwitted</deutziaFugieAramus>
    </coalpit>
    <rosaceVideo>
      <erucicVelaPalps>unshawlRhombsSabicu12</erucicVelaPalps>
    </rosaceVideo>
    <begnawnRishiPhonol>
      <trombaCorolla>ambayCholCerci1</trombaCorolla>
    </begnawnRishiPhonol>
    <curdly>
      <magueysSpivvy>426</magueysSpivvy>
    </curdly>
    <undeftCrampetEnlaced lastre="avisosComviaCarver6822" embankTarre="smashesTharms" worsens="bizoniaTeecall">
      <cobia>624207785</cobia>
    </undeftCrampetEnlaced>
    <olympicUnnaked launAldeiaWashmen="6596">
      <ingoingScript>betrace6</ingoingScript>
    </olympicUnnaked>
  </dartedChubbedUpgird>
  <kaurisVampishClites oppian="auris" marlite="orbiterShaduf" desert="192" arsinicOpelet="unframeMyrtol" />
</lanierUnurn>