<?xml version="1.0"?>
<alanyls>
  <thraces nahoorUnknown="599661058" foullyGwantusTempete="aspalaxTintack" lutist="22953987" gitanoBaccate="sothisSchnell34">
    <shitaAhom>
      <pilies>5545430</pilies>
      <rakeInhibitSculch mandom="lychnicAlkyls73" jerboasValvae="89222">
        <sugannWatch>cheeks</sugannWatch>
      </rakeInhibitSculch>
    </shitaAhom>
    <bemasEveningStake>
      <wiseGoraccoWhitney>wharfeClover7</wiseGoraccoWhitney>
      <stasisRasper>
        <louversCreosol>613922401</louversCreosol>
      </stasisRasper>
      <schnookDoupNemo tunerColder="635159843" vaurien="furoicSwotCashoo">
        <girkin>loomSoaperLychnis</girkin>
      </schnookDoupNemo>
      <pryersSnakery troversLillPompist="gripped">
        <aswough>genet</aswough>
      </pryersSnakery>
      <neusticJointly>
        <exonianClipperOpinant>256954125</exonianClipperOpinant>
      </neusticJointly>
      <tirls>
        <quamashSkepMorbleu>filariaInnless</quamashSkepMorbleu>
      </tirls>
      <revestsCoctionCurite>
        <mucusesClocher>887</mucusesClocher>
      </revestsCoctionCurite>
      <metes likenedFowlpox="pumpersBasque" umauaOgtiernUnthank="4">
        <ensteep>imbaseDobroesWabunga</ensteep>
      </metes>
      <woolmenShudderSidest decadeItea="rinkite1" equablyTalieraGrassed="73077153">
        <skey>cercis</skey>
      </woolmenShudderSidest>
      <recomb>
        <malate>bottom</malate>
      </recomb>
    </bemasEveningStake>
    <prender>
      <acomousPsyched>seq</acomousPsyched>
    </prender>
    <gigots khlystiMorianAlbums="radulaOutwearEnzymic">
      <exilerViolous>uspokeEricius</exilerViolous>
      <cerisesTretElkwood>
        <marinedGaumyTocsin>royale</marinedGaumyTocsin>
      </cerisesTretElkwood>
      <ohmTaxwise muringDibholeHort="albanUnmeted" karroo="undearExtanceSateen680">
        <axerUtterSpinout>lanistaLithoidYoky</axerUtterSpinout>
      </ohmTaxwise>
      <exine>
        <acerval>tiffySkulker</acerval>
      </exine>
      <latino reliqueFoldQueet="rimpledBoozy">
        <sasteanUppuffCaudex>cecilGrasperNegrine</sasteanUppuffCaudex>
      </latino>
      <consulsIngatesTiou castedLanner="layoff">
        <hummeriRecusal>curship</hummeriRecusal>
      </consulsIngatesTiou>
    </gigots>
  </thraces>
  <bambucoBostryx poligarLading="endorse" egoizeSeewee="carolynAngareb" waybackFecalVepsish="diesLowman23">
    <intisyRoupitStereo caufPianola="niallBarken" toughAmnios="adroopCadgeMisaims">
      <bowk>saltingFlagger9812</bowk>
    </intisyRoupitStereo>
    <stoater>
      <warworkAtmDualism>pughOutholdAunty</warworkAtmDualism>
      <disladeOkro machoPolsFoot="zanjeroPewmate">
        <coneyDidyPase>8808557</coneyDidyPase>
      </disladeOkro>
    </stoater>
    <leadmanPakawaDynam>
      <hombresSenores>reawardSlackenTappet</hombresSenores>
      <kashimaVauxite>
        <fingentLinsang>dotting</fingentLinsang>
      </kashimaVauxite>
      <bournNitrianMoreens circusyTeucriAcritan="editedVangeli">
        <twillyWhiled>100196869</twillyWhiled>
      </bournNitrianMoreens>
      <patternStylistThrenos fasciliManikinWibble="funorinMusimonPostin">
        <copingsCakile>bensVaconaPerfin</copingsCakile>
      </patternStylistThrenos>
      <outrave queasyLurkerShop="weaky" retires="larnTendent">
        <noctule>beloved</noctule>
      </outrave>
      <flativeSenses>
        <idoistWracker>jewshipAggurNombril</idoistWracker>
      </flativeSenses>
    </leadmanPakawaDynam>
    <strewnTacked>
      <gullet>jharalPupfish</gullet>
      <koelSpeerSunniah opaiHaring="gridder" hosannaAvolateAliipoe="areas">
        <linjaSeenil>spatter8</linjaSeenil>
      </koelSpeerSunniah>
      <spoutyClaimBran lesseePeatman="cars" camaca="grinterFeud">
        <beclad>addendChosing</beclad>
      </spoutyClaimBran>
      <riggerBye bittingCurvedStruth="620">
        <sinned>silksTaelsSeconal</sinned>
      </riggerBye>
      <bomos>
        <sucuri>34205517</sucuri>
      </bomos>
      <backingQintars bedellsNatch="explodeAprilis" serosalCamlet="hogpenPenuryGudame">
        <atterStgMueddin>bitchesFeyUller</atterStgMueddin>
      </backingQintars>
      <moreenHaoriAgamas>
        <pulpifyGodfulSonde>abduceNoritic</pulpifyGodfulSonde>
      </moreenHaoriAgamas>
    </strewnTacked>
    <tyste>
      <lockets>lenseMurmurKurtas</lockets>
    </tyste>
    <bizetWitStreamy>
      <smicklyDodunkOchers>resell</smicklyDodunkOchers>
    </bizetWitStreamy>
  </bambucoBostryx>
  <leers />
  <dittoedSizingMalkin />
</alanyls>