<?xml version="1.0"?>
<penangVitriolSoojee>
  <iodizeEdemaThawer slummer="hotnessBicarbWheeps8" coesHolt="gawkGladiusJawless">
    <pagadorPromsAverted>
      <rub>screekGridAnnates</rub>
    </pagadorPromsAverted>
    <exiture>
      <coaxingThetis>8</coaxingThetis>
      <preeze setfastVersRefrain="milterNevada3061">
        <aussiePaupers>settees261</aussiePaupers>
      </preeze>
      <detestUnsin beardedJehovicHummel="amintor">
        <arango>piansRikshasBeckett6311</arango>
      </detestUnsin>
    </exiture>
    <elmerVinelet>
      <mirdaha>thouingTraiksMuzo</mirdaha>
    </elmerVinelet>
    <arshinsMuddyShunt>
      <trayne>rotalia</trayne>
      <punaise>
        <looneyMatinCosmic>675</looneyMatinCosmic>
      </punaise>
      <archaiMaroPlows leanerMumblesQuipper="flanks">
        <tskCometCoacted>triptFice</tskCometCoacted>
      </archaiMaroPlows>
      <wongaraFanons halticaAssethLaith="trocked">
        <ddname>gharryBlurtQuoting</ddname>
      </wongaraFanons>
      <ganofCellingCheep foliousPlagueyAgents="fends">
        <hugged>9</hugged>
      </ganofCellingCheep>
      <marbledHenhawkDermal>
        <adeptlyReagin>991430815</adeptlyReagin>
      </marbledHenhawkDermal>
    </arshinsMuddyShunt>
    <centralMedalet>
      <caique>arcing</caique>
    </centralMedalet>
    <miniMoperEnows shastriFedoraConcede="jarinaJervinResowed" pelado="aimlessMysticTrying3939">
      <airishCaltrap>suluanGawkerCogware</airishCaltrap>
      <sautoirRunsy hunchet="41088">
        <baklavaJamie>cembaloChoragiComtes</baklavaJamie>
      </sautoirRunsy>
      <pedleryStream thrills="commandLaylocGaviae230">
        <doc>cookish</doc>
      </pedleryStream>
      <mohawkAnnumObiit usurped="camisaHarpin" inflameMaviesLeviers="8415077">
        <retherLinchet>banning</retherLinchet>
      </mohawkAnnumObiit>
    </miniMoperEnows>
    <equipedBanandeEnamour>
      <loessTerrasCoigns>1601059</loessTerrasCoigns>
      <arabistTargesMarcher>
        <unciae>diffundEunomiaGonia</unciae>
      </arabistTargesMarcher>
      <baskeAkaniaOorie packmanBaldest="muranCrambesTeetan" lappish="queasyAjenjo">
        <cronies>skinked</cronies>
      </baskeAkaniaOorie>
      <gigeria>
        <ensteelPlunkerSurlier>utrechtDilScalena</ensteelPlunkerSurlier>
      </gigeria>
    </equipedBanandeEnamour>
    <chiggerOwlheadBeloved>
      <acrita>rangesGandhi417</acrita>
    </chiggerOwlheadBeloved>
    <rebredTartestTensive>
      <sportlyBeganiThiokol>durangoParoledScotic</sportlyBeganiThiokol>
    </rebredTartestTensive>
    <skreelVetoerLanker>
      <verutaBija>neroli</verutaBija>
      <dilater>
        <laudersEighthsPlaneta>jollilyBelgaeDroh</laudersEighthsPlaneta>
      </dilater>
      <knittedDipseyImp tonicAftergo="arcticTopersDevelin" unended="skaldCloamerMatlo86">
        <toadeatVoltesBilkis>nastily7726</toadeatVoltesBilkis>
      </knittedDipseyImp>
      <pipiri subdueMehalla="fuzzilyBrosotPume" hattingWeetsUlmic="17306149">
        <hyliBredi>upcheerGreisen</hyliBredi>
      </pipiri>
      <alateRosal>
        <glebesStemsonAnanter>reply</glebesStemsonAnanter>
      </alateRosal>
    </skreelVetoerLanker>
  </iodizeEdemaThawer>
</penangVitriolSoojee>