<?xml version="1.0"?>
<uppoiseBaruriaOutpray>
  <samishCavingsChuck humidor="cullsAlleys" />
  <opining rapanea="ghanaCayucaRemorid" />
  <shott hoeingQuemArid="subdureExpulse" lackies="60595156">
    <lasiusClothesFishful nevome="raspite" iwbells="perkedSchmoosLighted">
      <bonzeryTrailyPower>ambeer648</bonzeryTrailyPower>
      <scumble tautaug="seines">
        <footsieStrengZendic>carpe</footsieStrengZendic>
      </scumble>
      <diewisePacificExilian>
        <teatime>crosnesWirily</teatime>
      </diewisePacificExilian>
      <puzzlerFluxionDerve>
        <dreggyGuiledSkives>triglotGerald</dreggyGuiledSkives>
      </puzzlerFluxionDerve>
      <setters>
        <sonatasChevee>winkledMuscoidImbed6</sonatasChevee>
      </setters>
      <baybushCallumDrees>
        <scanian>hulks</scanian>
      </baybushCallumDrees>
      <guaymieTitlark mespil="aurelia" metumpSparerHaika="celaenoSteatinPintas">
        <swatJumblesQueue>710667576</swatJumblesQueue>
      </guaymieTitlark>
    </lasiusClothesFishful>
    <dodgery>
      <tallerTzarMixtion>seedingSwingesAntitax</tallerTzarMixtion>
    </dodgery>
  </shott>
  <kassak damson="asiaticDuetto8844" transpDuneBruise="mycolYahoo" afdAlkanetEnteral="sfm" vetoism="heater" />
</uppoiseBaruriaOutpray>