<?xml version="1.0"?>
<catchupSergioYea>
  <galapee pelikaiPrussicVoting="laugheeCered" betossCoupesSlumped="shogs" soloedCanulas="violetsMinionsGodhead" spoornAlexicCantrip="cations">
    <xylitol duvet="enzyms">
      <poldersBehaved>uitspanMelissaCorial</poldersBehaved>
      <foetor hyemal="seeling">
        <conicle>redodidBuissonHulky8578</conicle>
      </foetor>
    </xylitol>
    <cadenzaSeggromShammes>
      <rit>crozle</rit>
      <leporisRisserFootle>
        <souganTarten>liederAdyton4397</souganTarten>
      </leporisRisserFootle>
      <monadal>
        <nevoMadreEchards>236822</nevoMadreEchards>
      </monadal>
      <dismastBitserMagnon pigherdTarazed="broomerDicemanCulled">
        <brickleForcutBiaxal>435</brickleForcutBiaxal>
      </dismastBitserMagnon>
      <shrivedMidtap backerConic="9123" joseph="pelecan">
        <fikeyHookahBaluchi>earlishBacquetPettle</fikeyHookahBaluchi>
      </shrivedMidtap>
      <growse womerasSowerNaphtho="672747321" hameliaHalmStagey="tipply">
        <stylate>prolegVigor</stylate>
      </growse>
    </cadenzaSeggromShammes>
    <erianFangotSita beverAmulet="demeritIncise94" pimpingDebunk="agudistDetrayRobbin1208" twistyRagulyWheesht="meninx8">
      <ferie>5318</ferie>
    </erianFangotSita>
    <conicPesanteSimilar maunche="712285142" jules="unamissDolmanEchar269">
      <navarAlthingLineary>seraphs</navarAlthingLineary>
    </conicPesanteSimilar>
    <hummusAlco>
      <damasksPangaeaPlace>flyboatBedene116</damasksPangaeaPlace>
    </hummusAlco>
  </galapee>
  <debonedVaunty piaroan="odsTailers" insurgeOutsees="embowedAbroma" ranis="pomponJumbyCesious">
    <adman>
      <unoral>blewKhedah50</unoral>
    </adman>
    <caddishFilmdom>
      <hernialCabal>diviNuraghRials</hernialCabal>
      <axonicWhities>
        <umphCooers>7247</umphCooers>
      </axonicWhities>
      <fondlePoohed>
        <imdtly>7</imdtly>
      </fondlePoohed>
      <crabit unaptWhory="bellonLicense" golemsSavoys="deedyUnfated">
        <fennigCithara>paridae</fennigCithara>
      </crabit>
      <hern ochersChowseUncast="jackrodExactsRiga" taxpaidDuncifyCloner="85171079">
        <proximoStentorJackbox>studierEpopeeWant</proximoStentorJackbox>
      </hern>
      <marimbaPalisseUnfound nific="5955222" taxemePimbina="sareSwards">
        <elainsBerserkCashboy>305312010</elainsBerserkCashboy>
      </marimbaPalisseUnfound>
      <stoory stid="horal">
        <overgodSchlepsOctagon>202168090</overgodSchlepsOctagon>
      </stoory>
      <lor pinnelSulkers="farmeryWeepersCaball1" argalasWelfare="trinil">
        <moarianWindowySulfide>9292862</moarianWindowySulfide>
      </lor>
    </caddishFilmdom>
    <colleenThank>
      <aiwainWinkerDryad>propine</aiwainWinkerDryad>
    </colleenThank>
    <boyos>
      <yowlFleming>succoryPeacesBeira</yowlFleming>
    </boyos>
    <specklyResidueMiao>
      <asconia>havered</asconia>
    </specklyResidueMiao>
    <henryPdl>
      <womerasCicharOlla>gulaAlibleMopey</womerasCicharOlla>
    </henryPdl>
    <aesc hypoxisManning="sinless" galereBumfs="conatus">
      <mills>briskerItchierKlop</mills>
    </aesc>
    <unkentEnduesMesitae wiremenKinkerDrachma="badassAxingEscrows" calxesBlown="65344">
      <pantile>5850</pantile>
      <inlyingOutfleePonces>
        <galaticEntices>luniesCouniteCraniom</galaticEntices>
      </inlyingOutfleePonces>
      <thoneLimose inwallsAgunahDidest="conky35">
        <feasingGleeFatling>ratifia5</feasingGleeFatling>
      </thoneLimose>
      <yark>
        <redskin>maille</redskin>
      </yark>
      <goolLstPanty lilyfyLobtailPocan="hicOutwale9" burgulWarmers="precoce817">
        <lionly>23757</lionly>
      </goolLstPanty>
      <sieursSpeightPuppied horahJobbedFoambow="driverTzarinaIdylian" dacoit="935">
        <colobin>livetinSumo626</colobin>
      </sieursSpeightPuppied>
      <overcapBalante>
        <gravelsCigalaBabiana>5</gravelsCigalaBabiana>
      </overcapBalante>
      <dirndlBizant peccaryRoncos="sengi">
        <daisied>coadmitHonkyHearty</daisied>
      </dirndlBizant>
      <phonos chaumer="scruffy" keepers="mahajanIdler">
        <patoisRotuladInkhorn>fenianIdic</patoisRotuladInkhorn>
      </phonos>
    </unkentEnduesMesitae>
    <lacepod>
      <traneenZonularAnsae>47290137</traneenZonularAnsae>
      <caunchSilenic>
        <bch>9482224</bch>
      </caunchSilenic>
    </lacepod>
    <magnusTogoButin tabanusPurim="4" sleekitTimo="yapp">
      <agersScreeny>demureVegaMohock23</agersScreeny>
      <marramsDrazelAyne curby="totoMadridReshare5507" eponymsPectora="stamensFrieseTook5658">
        <tappish>267</tappish>
      </marramsDrazelAyne>
      <ramesesFarawayPinnula>
        <cygnetsMorellaMezail>645</cygnetsMorellaMezail>
      </ramesesFarawayPinnula>
      <lan reactsIrido="6032428" hideousEyr="5">
        <remitalHedgerBigwig>germalOaringModify</remitalHedgerBigwig>
      </lan>
      <esculinKozoSordino>
        <trabesTectona>linage</trabesTectona>
      </esculinKozoSordino>
    </magnusTogoButin>
    <vampersTwinier>
      <ajhar>poaceaeDefiant2370</ajhar>
      <lannersGillie eide="stapes369">
        <kulmetOnwardPaves>2673178</kulmetOnwardPaves>
      </lannersGillie>
      <lucTwier spanuleKojima="calor">
        <disrootSquaredLusky>shoppeCraton</disrootSquaredLusky>
      </lucTwier>
      <downcrySerapic regulusBimbos="shutedStifles" acerataBus="unbated">
        <anginal>58677739</anginal>
      </downcrySerapic>
      <shirpit>
        <kitar>angary</kitar>
      </shirpit>
      <asinineGreeneyUntoxic>
        <lancetBraw>19661</lancetBraw>
      </asinineGreeneyUntoxic>
      <balr balarao="zoacumBibbsMawger" molly="infern">
        <horns>nabal</horns>
      </balr>
      <denies flintsSoldado="catsMactraAche">
        <ivinCandroyDurene>peckers</ivinCandroyDurene>
      </denies>
    </vampersTwinier>
  </debonedVaunty>
  <upfieldDotchin surfacy="stavedJugloneGaffkya" feinterPrebindCrural="fikingSortes" />
</catchupSergioYea>