<?xml version="1.0"?>
<raquetRadicesHure>
  <dradgeDisrobeSkunk bewash="rareyfy" gaffkya="845541299" petaliaPaven="tutlyAztecanEmpty" />
  <abrook bewhiteUnarmsVicus="bandelWallahs" quangos="iceniScholaeArake6907" bossilyCrim="impvCreased" hawing="trooliePsiaVerdure" />
  <heedingJacuaru>
    <trilobeOpenestCalpac>
      <cycasin>hemule</cycasin>
      <holmicMohalimDubby>
        <scoopFalerno>26082937</scoopFalerno>
      </holmicMohalimDubby>
      <dimityTreflee pyloriGimmalsStarchy="1657369">
        <bipack>elleConnex</bipack>
      </dimityTreflee>
      <robinet>
        <argyric>adc</argyric>
      </robinet>
      <onliest beingWaivery="nightsQuedful" canions="mitt">
        <daphne>sags</daphne>
      </onliest>
      <puddeeDiluterEryngo>
        <dangledGoop>tensasQuattyUnhouse</dangledGoop>
      </puddeeDiluterEryngo>
      <geoside>
        <udderProvola>meetingOzs</udderProvola>
      </geoside>
      <shohetSitrepUnbud jehadBrach="925969114" gweduckMime="alismal">
        <dottelKames>sermoShapelyBermes</dottelKames>
      </shohetSitrepUnbud>
    </trilobeOpenestCalpac>
    <hardies>
      <kiranti>fartOsphereStuart</kiranti>
    </hardies>
    <gurtPlatterChekmak>
      <trichyAxones>guttulaNeil</trichyAxones>
      <winiest>
        <resile>youngRestiveVicarly</resile>
      </winiest>
      <plewgh teresFornentAmulae="pierisPatlyThurnia1" backerTrinil="sampans">
        <froust>pranavaBolomen</froust>
      </plewgh>
      <kinks emcee="curses" antihumMochyKidling="airlift8">
        <nubbleCrowersPelerin>eelierCrimeanKegeler60</nubbleCrowersPelerin>
      </kinks>
      <specterBatussiFourgon hustle="sirenicEsker">
        <zetetic>accumbCube</zetetic>
      </specterBatussiFourgon>
      <celtist tetchyKabs="chokierSporont" diffameCortex="hotbox436">
        <swinkedEtonUnsheer>libridVinalTipburn</swinkedEtonUnsheer>
      </celtist>
      <covenMournSpical>
        <bawKike>unkeyParlourGlacon</bawKike>
      </covenMournSpical>
      <elatingFeistsSaj catonicDeputesOut="hutchRefeelKaver" postinBlunted="serrulaSails1189">
        <pipDightedHyper>trysterMidmornTamales</pipDightedHyper>
      </elatingFeistsSaj>
      <kanwarGoidel>
        <ewhowLobeTopos>716921</ewhowLobeTopos>
      </kanwarGoidel>
      <pienaar>
        <lyanceLagunasKogai>overinkEidolicTertial</lyanceLagunasKogai>
      </pienaar>
    </gurtPlatterChekmak>
    <fanteegLetitiaFerk>
      <crureusAfloatTarter>blursGogglyNotches</crureusAfloatTarter>
      <printerNeurolBalkis cowherdWhyeverDurity="recase" boraxSatine="115118652">
        <conyger>divvyHohe</conyger>
      </printerNeurolBalkis>
    </fanteegLetitiaFerk>
    <rosilla courche="420242138">
      <turkeys>kbpsPassing</turkeys>
      <floggerResex barocoOped="aortalBraxies">
        <fishAsap>hamusChildreOsprey</fishAsap>
      </floggerResex>
      <myelCrimps gnawersImpubicWaterer="tutulusRoomerHemol">
        <missaryHonkersCsp>devata</missaryHonkersCsp>
      </myelCrimps>
    </rosilla>
    <sesamesOchreKvases>
      <paviaGrannomHieron>garblesCabrieAbsmho</paviaGrannomHieron>
      <whereupRainer masculyPerks="6924633" marageSwag="moldRagworm">
        <dem>spirems</dem>
      </whereupRainer>
      <aitchesSare>
        <ellanSubtleBirks>echoedVallums</ellanSubtleBirks>
      </aitchesSare>
      <funker>
        <clangedLopedHafnyl>57</clangedLopedHafnyl>
      </funker>
      <triketoMurmi>
        <oillessBanjaraHexanal>towawayEmbraveMauley</oillessBanjaraHexanal>
      </triketoMurmi>
      <inhoopInspake bealaThemeBps="704544069" soubiseCylices="nurserySkibob167">
        <incantKnell>myelin537</incantKnell>
      </inhoopInspake>
      <albuca ophrysHerdmanDiquats="tournayMaculas" lullianLittenZaps="82">
        <nebackBajochi>5921</nebackBajochi>
      </albuca>
    </sesamesOchreKvases>
    <assacu>
      <seamierPlaudit>kenosisHeddlePhysic</seamierPlaudit>
    </assacu>
    <shivyRoucheFasted>
      <goerCatoism>979</goerCatoism>
    </shivyRoucheFasted>
    <bettorsSoftyVandas irene="waggleGlob1998">
      <prieOutblot>azoxineZowieGaveler</prieOutblot>
      <rebloomNomismaDerrid estadioWisureSandfly="yusTreetopTalcky">
        <louk>barmierVellalaAmiant792</louk>
      </rebloomNomismaDerrid>
      <bktGunjaWailed milFixes="claryJwaharPoetito" drawls="mileBancal">
        <waxedRfz>groupAvanyuIdlest</waxedRfz>
      </bktGunjaWailed>
      <gamgee kiaughs="scliff" prelims="chimbHinters">
        <olpeThinglyCantred>1</olpeThinglyCantred>
      </gamgee>
      <caprateProdigyGurlet>
        <pyropus>zeaDibatagTailed</pyropus>
      </caprateProdigyGurlet>
      <unsortWaxen luckfulCatpipe="jowlsTrogonMooress" pilikia="93545">
        <iowaMatster>hundredTermino</iowaMatster>
      </unsortWaxen>
      <jeez kingcupUmbraeBalon="scuffed1712">
        <pilcornMartynExtg>calmsBagwigsAdm</pilcornMartynExtg>
      </jeez>
      <flangerFending>
        <bunty>9139</bunty>
      </flangerFending>
      <benshBiblist retinaeDucksUnweal="aseityBrendaKang" pobAbp="neifsDeltalRepress">
        <craccaHamburgPortify>pilchDisturn8904</craccaHamburgPortify>
      </benshBiblist>
    </bettorsSoftyVandas>
    <tubateUpsey>
      <zagaieRamackCoxwain>33311979</zagaieRamackCoxwain>
      <orduBuffyBirky fellenThurlsPasang="crombec8949">
        <spleniiSuggestCoorg>6464347</spleniiSuggestCoorg>
      </orduBuffyBirky>
      <dowressTuth framersRedan="tyranni" queliteVoiderDodos="anointUnkeptScalet">
        <dhutiSudser>55337</dhutiSudser>
      </dowressTuth>
      <peins archean="mimmestSmartDeckers" midgut="faqir">
        <lehr>deedsLapsLobaria</lehr>
      </peins>
      <seeweePastorsSanche>
        <peel>89955503</peel>
      </seeweePastorsSanche>
      <wurzelRobandsSotting untiledTendronPumpmen="ricottaTubulet">
        <glucatePetting>lysSoulxStife</glucatePetting>
      </wurzelRobandsSotting>
    </tubateUpsey>
    <pard>
      <digestsChorogi>29</digestsChorogi>
      <imogen stawn="rackingUnbenchGreing">
        <talwar>wifedomCedrine158</talwar>
      </imogen>
      <pirogen apiinMucosalLodged="daylilyFlytime">
        <farrelMoperPeggle>elianicLooms9</farrelMoperPeggle>
      </pirogen>
      <zosterCopulas potus="ulamasPomadeDeepens" sinder="748">
        <salterPorgerChukkar>320</salterPorgerChukkar>
      </zosterCopulas>
      <minifyDekare>
        <rowsCyclism>shiplap</rowsCyclism>
      </minifyDekare>
      <contgZambac grays="amylumDizzenLinage" zonure="43">
        <furrowKaha>blaugasApices</furrowKaha>
      </contgZambac>
      <lividlyBereanLask donaNoetianSynced="amanteAscii" effigyCuttle="457">
        <sham>thioElkslip8943</sham>
      </lividlyBereanLask>
    </pard>
    <staleMaker voyeursTriary="chaluka" alumish="slashedTiangue">
      <guysStandee>83</guysStandee>
    </staleMaker>
    <coaidDarnersCanfuls caribChininRiling="vilhelm73">
      <caroleHeckledTutory>vimpaUnusedJaguey</caroleHeckledTutory>
    </coaidDarnersCanfuls>
  </heedingJacuaru>
  <hoovenWanty />
</raquetRadicesHure>